v 0.0835766044374025 -0.1481519992242832 0.0321713398787874
v 0.1119604109373313 -0.1483783874856530 0.2035857644970667
v 0.0857695172194680 0.0212948005658331 0.0283296163571708
v 0.1000861678285226 0.0251857628466054 0.2134734024739038
v 0.0554698003423332 -0.0974421289849182 0.3746244341153081
v 0.0554698003423332 -0.0425389869881765 0.3746244341153081
v 0.0197226537490570 -0.0989140652991220 -0.0976495369424794
v 0.0208198253399434 -0.0367904856413314 -0.0997643278943760
v 0.0000000000000000 -0.1814470281039158 0.0291177115805298
v 0.0000000000000000 -0.1775816479717551 0.2081396620268076
v 0.0000000000000000 -0.1870547451103368 0.1199037506043095
v 0.1008759135130823 0.0301731815184106 0.1192006541327892
v 0.1368617443036739 -0.0672305467359035 0.2104093212547081
v 0.1101990937592624 -0.0664883068262388 0.0311620828545277
v 0.0000000000000000 0.0782159064573607 0.2356272680947282
v 0.0836638038041755 -0.1248290569195930 0.3220080061122080
v 0.0000000000000000 -0.0961280867922530 0.3828973708840764
v 0.0000000000000000 -0.1448887623535302 0.3228225087147790
v 0.0836638038041755 -0.0058467588036632 0.3233580833744230
v 0.0638610201638220 -0.0721840209223465 0.3828973708840764
v 0.1134980906226984 -0.0671536627516352 0.3228225087147790
v 0.0000000000000000 -0.0412554233123518 0.3828973708840764
v 0.0000000000000000 0.0245396072865111 0.3283512786604307
v 0.0000000000000000 -0.0733818431387921 0.4000000000000000
v 0.0569898751082256 -0.0023021182981820 -0.0525443578640006
v 0.0000000000000000 -0.0318582748966914 -0.1106106087519832
v 0.0497765344303399 -0.1313624075827689 -0.0509640412642808
v 0.0243475211104303 -0.0677935190514800 -0.0994072781212800
v 0.0669979967527176 -0.0645264311045918 -0.0513598768755944
v 0.0000000000000000 -0.1066585794067830 -0.0996787789888037
v 0.0000000000000000 -0.1554096272777224 -0.0513598768755944
v 0.0000000000000000 -0.0606184965811384 -0.3175649645597842
v 0.0311219216319760 0.0701341481110128 0.0226402015213126
v 0.0000000000000000 0.1127509818524914 0.1736684044647726
v 0.0297107773053333 0.1016073429018821 0.1219126369624912
v 0.0447948923727374 0.0203889724434872 -0.0647913301273124
v 0.0000000000000000 0.0099729118055427 -0.1271790385925967
v 0.0142196034904504 0.1333314077952658 -0.0074521073982611
v 0.0000000000000000 0.2210245375442100 0.1344398575376907
v 0.0166229500756118 0.2032562224106499 0.0921424980693042
v 0.0228347633891946 0.0654289583045362 -0.0876229851479123
v -0.0000000000000000 0.0473198229330209 -0.1243595007079791
v 0.0071876209908406 -0.0960257581978064 -0.1535063704363888
v 0.0086219542973540 -0.0466014321877070 -0.1573987081014951
v 0.0000000000000000 -0.0331487154941859 -0.1601439752320789
v 0.0114562913174050 -0.0743313534675846 -0.1533990904583400
v 0.0000000000000000 -0.1068698384404792 -0.1604520613228859
v 0.0085795924598680 -0.1167225416552338 -0.2023187604486229
v 0.0118074269378649 -0.0241831076671487 -0.2125048568259293
v 0.0000000000000000 0.0077007768858410 -0.2429861244351469
v 0.0152606594005112 -0.0559785228234715 -0.2288004104146853
v 0.0000000000000000 -0.1424581831585564 -0.2325387050343881
v 0.0000000000000000 0.0338140989272690 -0.3952494225105028
v 0.0274101719299187 0.0190691536366193 -0.2904726439494437
v 0.0000000000000000 0.0732405911676944 -0.3572255472138496
v 0.0288627153250136 -0.0045742532178836 -0.3007770233794706
v 0.0000000000000000 -0.1268566485047165 -0.3283424762006934
v 0.0186133237606584 -0.1132799546673324 -0.2153243947105470
v 0.0198165374836931 -0.0840618400304235 -0.2201822521780931
v 0.0000000000000000 -0.1712898147976225 -0.2936167725368758
v 0.1212115210444119 -0.1591047348293389 0.1231164751100135
v 0.1654015193870738 -0.1602817887423417 0.1263496845899876
v 0.1680639883807532 -0.2147244520640737 -0.0072056385256155
v 0.1916752112418414 -0.2143145875325536 -0.0035171328188021
v 0.1900522577277688 -0.0969720226195708 -0.0128026275342316
v 0.1708758241131006 -0.0970903056722913 -0.0157643801589807
v 0.1487585437155595 -0.0859254858029391 0.1120504986112057
v 0.0000000000000000 0.0767219639938135 -0.0922096168248015
v 0.0000000000000000 0.1479297371159153 -0.0149507027870100
v 0.0000000000000000 0.2268011517468413 0.0838002419301044
v -0.0835766044374025 -0.1481519992242832 0.0321713398787874
v -0.1119604109373313 -0.1483783874856530 0.2035857644970667
v -0.0857695172194680 0.0212948005658331 0.0283296163571708
v -0.1000861678285226 0.0251857628466054 0.2134734024739038
v -0.0554698003423332 -0.0974421289849182 0.3746244341153081
v -0.0554698003423332 -0.0425389869881765 0.3746244341153081
v -0.0197226537490570 -0.0989140652991220 -0.0976495369424794
v -0.0208198253399434 -0.0367904856413314 -0.0997643278943760
v -0.1008759135130823 0.0301731815184106 0.1192006541327892
v -0.1368617443036739 -0.0672305467359035 0.2104093212547081
v -0.1101990937592624 -0.0664883068262388 0.0311620828545277
v -0.0836638038041755 -0.1248290569195930 0.3220080061122080
v -0.0836638038041755 -0.0058467588036632 0.3233580833744230
v -0.0638610201638220 -0.0721840209223465 0.3828973708840764
v -0.1134980906226984 -0.0671536627516352 0.3228225087147790
v -0.0569898751082256 -0.0023021182981820 -0.0525443578640006
v -0.0497765344303399 -0.1313624075827689 -0.0509640412642808
v -0.0243475211104303 -0.0677935190514800 -0.0994072781212800
v -0.0669979967527176 -0.0645264311045918 -0.0513598768755944
v -0.0311219216319760 0.0701341481110128 0.0226402015213126
v -0.0297107773053333 0.1016073429018821 0.1219126369624912
v -0.0447948923727374 0.0203889724434872 -0.0647913301273124
v -0.0142196034904504 0.1333314077952658 -0.0074521073982611
v -0.0166229500756118 0.2032562224106499 0.0921424980693042
v -0.0228347633891946 0.0654289583045362 -0.0876229851479123
v -0.0071876209908406 -0.0960257581978064 -0.1535063704363888
v -0.0086219542973540 -0.0466014321877070 -0.1573987081014951
v -0.0114562913174050 -0.0743313534675846 -0.1533990904583400
v -0.0085795924598680 -0.1167225416552338 -0.2023187604486229
v -0.0118074269378649 -0.0241831076671487 -0.2125048568259293
v -0.0152606594005112 -0.0559785228234715 -0.2288004104146853
v -0.0274101719299187 0.0190691536366193 -0.2904726439494437
v -0.0288627153250136 -0.0045742532178836 -0.3007770233794706
v -0.0186133237606584 -0.1132799546673324 -0.2153243947105470
v -0.0198165374836931 -0.0840618400304235 -0.2201822521780931
v -0.1212115210444119 -0.1591047348293389 0.1231164751100135
v -0.1654015193870738 -0.1602817887423417 0.1263496845899876
v -0.1680639883807532 -0.2147244520640737 -0.0072056385256155
v -0.1916752112418414 -0.2143145875325536 -0.0035171328188021
v -0.1900522577277688 -0.0969720226195708 -0.0128026275342316
v -0.1708758241131006 -0.0970903056722913 -0.0157643801589807
v -0.1487585437155595 -0.0859254858029391 0.1120504986112057
v 0.0573738824142671 -0.1695777363787093 0.2086656089961139
v 0.0957157465689319 -0.1379364696222301 0.2664853910114507
v 0.0459785481305432 -0.1400883959511436 0.3224153949519269
v 0.0000000000000000 -0.1646222266234521 0.2669032327721078
v 0.0523787615901919 -0.1579053996901259 0.2668432660151471
v 0.0689405895860024 -0.1093716625439521 0.3576769483522552
v 0.0324241355193692 -0.0968397106466438 0.3801452268318228
v 0.0000000000000000 -0.1192983614358737 0.3605493009952969
v 0.0382882241656403 -0.1174303144334895 0.3592121523458212
v 0.1328117875938958 -0.1104956266216641 0.2112934183045775
v 0.1279283479777380 -0.0657887313386134 0.2671736333321643
v 0.1062531161051316 -0.0989589028284091 0.3224153949519269
v 0.1204476325853306 -0.1051959957060501 0.2671433748768171
v 0.1272439567331596 -0.0204024512099600 0.2091590968951386
v 0.0945084342005819 0.0125294762055072 0.2707369790645874
v 0.1062531161051316 -0.0348311131191722 0.3225760398421334
v 0.1197929496423657 -0.0254286557199828 0.2673686628307197
v 0.0689405895860024 -0.0270026455517664 0.3578378683193285
v 0.0612013019388105 -0.0564642279727041 0.3801452268318228
v 0.0915766649543132 -0.0697848004901870 0.3605493009952969
v 0.0862082648220012 -0.0466821672481104 0.3592311326496298
v 0.0612013019388105 -0.0865499102905568 0.3801452268318228
v 0.0862082648220012 -0.0921980635963962 0.3592121523458212
v 0.0538209896027821 0.0626677367156785 0.2262796060074037
v 0.0000000000000000 0.0568787440540416 0.2836716434948791
v 0.0459785481305432 0.0158744109056975 0.3263690747583278
v 0.0518621672343566 0.0436654267576896 0.2786655195961321
v 0.0000000000000000 -0.0107373504183575 0.3612075599375301
v 0.0324241355193692 -0.0418646910646094 0.3801452268318228
v 0.0382882241656403 -0.0149515280176104 0.3596828088649022
v 0.0000000000000000 -0.0612842376141483 0.3957099011855125
v 0.0327451502229154 -0.0732258195399477 0.3957099011855125
v 0.0319774106876990 -0.0605278037381571 0.3917677746075169
v 0.0000000000000000 -0.0825348333274880 0.3957099011855125
v 0.0319774106876990 -0.0835500595197571 0.3917677746075169
v 0.1040409479423906 -0.0187772970809531 0.0293817853726501
v 0.0900997772565071 -0.0642141088300362 -0.0146637976149460
v 0.0637548404932403 -0.0283147622063640 -0.0513499741083899
v 0.0733068846925913 0.0115832117837428 -0.0149355735593365
v 0.0854146680613064 -0.0212670178022871 -0.0148500246537642
v 0.1043317041905898 -0.1114190596634847 0.0323743466064798
v 0.0673203868405978 -0.1428152329316523 -0.0144965508799365
v 0.0628960505151158 -0.1012398402078481 -0.0511618215315042
v 0.0847676872706117 -0.1072450432867835 -0.0144960007262030
v 0.0331924252083192 -0.1141238904946501 -0.0758667500149573
v 0.0235921600342196 -0.0854930649683421 -0.0984981490765326
v 0.0435438427825676 -0.0661082881347657 -0.0770424285436262
v 0.0412554783277252 -0.0928549471542954 -0.0764510132800235
v 0.0237091502256662 -0.0499058755731055 -0.0987751514813921
v 0.0369634539751702 -0.0199081380803348 -0.0805900948946421
v 0.0417027533131289 -0.0394379629457707 -0.0770162962412809
v 0.0463930889687987 -0.1725901031469481 0.0303528067124257
v 0.0000000000000000 -0.1724432121000813 -0.0149072406420569
v 0.0274383673087648 -0.1495342604799129 -0.0511618215315042
v 0.0371851659298045 -0.1649889040868858 -0.0147366929846459
v 0.0000000000000000 -0.1292679723190149 -0.0770748876139076
v 0.0112164517972491 -0.1052721919981515 -0.0986904278064202
v 0.0184745474813618 -0.1258806757813387 -0.0764738446599672
v 0.0000000000000000 0.0875591673148165 0.1958222700855970
v 0.1009105731982981 0.0306917014123134 0.1643845602105438
v 0.0611432607199174 0.0665845562219293 0.1246702000290206
v 0.0210892081155928 0.1087975771229573 0.1593286473989075
v 0.0495495960152365 0.0735197941874883 0.1764100955960881
v 0.0955735318288004 0.0271283556798903 0.0736653098500212
v 0.0571587723044358 0.0466764181415944 0.0280512385679773
v 0.0295284013426502 0.0895358696795836 0.0729803684517092
v 0.0602869464335940 0.0588232624253940 0.0756059771452385
v 0.0505572025782955 0.0084800696494627 -0.0566108191857862
v 0.0410557725224342 0.0436038095395282 -0.0220248545702990
v 0.0569106529705895 0.0284192914157450 -0.0157203678602940
v 0.0136826534464724 -0.0320101723425340 -0.1053390356767819
v 0.0000000000000000 -0.0118241791190526 -0.1131250863913285
v 0.0282589216024053 0.0104551215530290 -0.1068877184368207
v 0.0280790213315233 -0.0101506114614903 -0.0949067455036967
v 0.0186173398829135 0.1545104010001795 0.1079114169965870
v 0.0110600705984779 0.2179139683345265 0.1238663429011944
v 0.0000000000000000 0.1675633484831918 0.1538499414430120
v 0.0122075812559872 0.1649008794895123 0.1415767268466082
v 0.0190165589396887 0.1033397770089379 0.0078333639356348
v 0.0152430269733499 0.1726360409837024 0.0443143330864518
v 0.0178209648458641 0.1332299044314196 0.0594457613749442
v 0.0348855233234237 0.0430473290380081 -0.0771219257581291
v 0.0195002816099424 0.0949012439663608 -0.0518585912350882
v 0.0291215626566649 0.0697253838869599 -0.0369474995168963
v 0.0000000000000000 0.0306295340404184 -0.1305426785197289
v 0.0153333347087177 0.0506793367071511 -0.1141332431081210
v 0.0229912546187125 0.0319999669907760 -0.1137423588804097
v 0.0113012855029677 -0.0444483780436396 -0.1251709774650154
v 0.0038233483869149 -0.0359953759578692 -0.1579020987677245
v 0.0000000000000000 -0.0385705630617156 -0.1287819114953935
v 0.0066055033253355 -0.0394491585742491 -0.1270563543100075
v 0.0135724301459489 -0.0693293557218395 -0.1259131348516201
v 0.0115942973814745 -0.0611141850950975 -0.1529589674714728
v 0.0133259887809900 -0.0554072533643620 -0.1252130642256346
v 0.0110875232697837 -0.0932705883000181 -0.1244808096062344
v 0.0098348232184131 -0.0860737522341399 -0.1528241798067448
v 0.0131596773073276 -0.0828630000295708 -0.1250480181055594
v 0.0000000000000000 -0.0999824638497420 -0.1274153296211710
v 0.0037873683327385 -0.1037048040111709 -0.1576297726696004
v 0.0063344700884854 -0.0986114807456509 -0.1260897342001006
v 0.0078825476794172 -0.0378863643709439 -0.1832696874232794
v 0.0062780793307930 -0.0028220135764188 -0.2316859667473330
v 0.0000000000000000 -0.0188416650677824 -0.1969190015534966
v 0.0034916056855638 -0.0245541863604511 -0.1911808981122162
v 0.0159196060349114 -0.0873616621244599 -0.1794241128255277
v 0.0211723638524240 -0.1002641425613370 -0.2197393784225580
v 0.0161763627823750 -0.0622399646801303 -0.1798532327377232
v 0.0175473733941528 -0.0747441338138926 -0.1788959652412871
v 0.0071911694824222 -0.1046230105925225 -0.1803676264786241
v 0.0132373865221963 -0.1167142893492300 -0.2080101008225486
v 0.0118267373339137 -0.0961971310858178 -0.1783128022836882
v 0.0000000000000000 -0.1220741620986715 -0.1967402015900818
v 0.0049765256278801 -0.1319540979232384 -0.2203803075221833
v 0.0033724698945562 -0.1158519233718372 -0.1901823690857615
v 0.0217550866870361 -0.0020683029614088 -0.2522699686893757
v 0.0185523392192906 0.0519224090681840 -0.3308896879871870
v 0.0000000000000000 0.0461320410222132 -0.3010878602389456
v 0.0125773395803290 0.0291746524919557 -0.2829217839560043
v 0.0155578249397066 -0.0434339220665975 -0.2059772827769560
v 0.0237725554434617 -0.0316101830705318 -0.2612072160914466
v 0.0321804174153915 0.0058200763475844 -0.2919910682541353
v 0.0263000992339797 -0.0243869396254416 -0.2400813127218237
v 0.0092797456089136 -0.0603645731254027 -0.2839175622137912
v 0.0000000000000000 -0.0134644624757331 -0.3560317136119725
v 0.0199164178940253 0.0176170228568246 -0.3564003166134737
v 0.0143797532422966 -0.0219717647350081 -0.3193199549699169
v 0.0000000000000000 0.0670414588976707 -0.3939428073932410
v 0.0217731867448710 0.0451893525997171 -0.3578142117087844
v 0.0154358833646577 -0.0712429279456778 -0.2188261232248087
v 0.0130962170741587 -0.1120748429139168 -0.2888359365920314
v 0.0000000000000000 -0.0967822195814843 -0.3171633523342680
v 0.0099871882949292 -0.0885574212644046 -0.2806248921182913
v 0.0133909069215529 -0.0538326446096281 -0.1876159019185924
v 0.0000000000000000 -0.1633590736511434 -0.2646071661649952
v 0.0121925345513737 -0.1507987888365555 -0.2659220335882609
v 0.0084964367230368 -0.1466784124488787 -0.2448621486666681
v 0.0000000000000000 -0.1555898026254711 -0.3187037827883030
v 0.0139871360303245 -0.1361503955261499 -0.2830785777700757
v 0.1519931725921662 -0.1726057825283553 0.1252052410395430
v 0.1444673445936049 -0.1429222378328344 0.1709778776306804
v 0.1100937393192810 -0.1586723139947419 0.1677341712174696
v 0.1383922719905044 -0.1535732141150193 0.1624645236803359
v 0.0979592734944871 -0.1499014880970801 0.0831667399058824
v 0.0595604684283965 -0.1760934821224106 0.1245715574645890
v 0.0000000000000000 -0.1860108284008613 0.0753938928809419
v 0.0540462775566848 -0.1753620527336108 0.0789247795430836
v 0.0000000000000000 -0.1846244409922297 0.1612357553163762
v 0.0593926715396534 -0.1750641444868751 0.1645564832522888
v 0.1534362258353569 -0.2005486408108166 0.0479794572595880
v 0.1821517750366368 -0.2359416809534715 -0.0171529681825465
v 0.1836944061056061 -0.2004504383693718 0.0526150526187662
v 0.1695213456210170 -0.2230546048211347 0.0502493915643553
v 0.1684246141531174 -0.1596601150233918 -0.0219382053572595
v 0.1834762701502401 -0.0799648726841107 -0.0295267508814494
v 0.1957070128784112 -0.1593047157114967 -0.0177011963780629
v 0.1867119993343140 -0.1650703268394562 -0.0437925122701475
v 0.1272995222602516 -0.0222064053023817 0.1203597180187038
v 0.1265906491745287 -0.0727778018470036 0.0796509824714144
v 0.1180189789284243 -0.0200990414258884 0.0760227185984284
v 0.1429970587406018 -0.0730386847474691 0.1666093819091573
v 0.1296186953241747 -0.0204239072055698 0.1625044098260207
v 0.1647185035268293 -0.1258190585631773 0.1228128810244413
v 0.1475385778113372 -0.1149117106411423 0.1711079889886730
v 0.1362843579602775 -0.1258281360997814 0.0962818547607897
v 0.1204795415018784 -0.1159006119772594 0.0811496012416970
v 0.1790942956622441 -0.0830248002426178 0.0354769385870264
v 0.1857156709227935 -0.1435213552487073 0.0478218382149162
v 0.1610729098112354 -0.0830353081789293 0.0321911454131964
v 0.1520657928849993 -0.1437791022728914 0.0404932403298447
v 0.1751177844758995 -0.0586021831475533 0.0096879321715462
v 0.0000000000000000 0.0592507318763887 -0.1133525749601654
v 0.0115387043466959 0.0755358325442066 -0.0912922354740503
v 0.0095372725716042 0.0605268134614366 -0.1099837085725643
v 0.0000000000000000 0.1073553491103670 -0.0590645048375706
v 0.0079602018789125 0.1461315596376963 -0.0140589035848705
v 0.0099136327407490 0.1058347241907411 -0.0581707800973635
v 0.0000000000000000 0.1917285761539990 0.0367329395607985
v 0.0105657299611660 0.2238358231228239 0.0842433907625062
v 0.0092557313984427 0.1893846461720647 0.0375727492351144
v 0.0000000000000000 0.2402964228316550 0.1150734008234426
v 0.0085531575729693 0.2368689650714271 0.1112512077593683
v -0.0459785481305432 -0.1400883959511436 0.3224153949519269
v -0.0957157465689319 -0.1379364696222301 0.2664853910114507
v -0.0573738824142671 -0.1695777363787093 0.2086656089961139
v -0.0523787615901919 -0.1579053996901259 0.2668432660151471
v -0.0324241355193692 -0.0968397106466438 0.3801452268318228
v -0.0689405895860024 -0.1093716625439521 0.3576769483522552
v -0.0382882241656403 -0.1174303144334895 0.3592121523458212
v -0.1062531161051316 -0.0989589028284091 0.3224153949519269
v -0.1279283479777380 -0.0657887313386134 0.2671736333321643
v -0.1328117875938958 -0.1104956266216641 0.2112934183045775
v -0.1204476325853306 -0.1051959957060501 0.2671433748768171
v -0.1062531161051316 -0.0348311131191722 0.3225760398421334
v -0.0945084342005819 0.0125294762055072 0.2707369790645874
v -0.1272439567331596 -0.0204024512099600 0.2091590968951386
v -0.1197929496423657 -0.0254286557199828 0.2673686628307197
v -0.0915766649543132 -0.0697848004901870 0.3605493009952969
v -0.0612013019388105 -0.0564642279727041 0.3801452268318228
v -0.0689405895860024 -0.0270026455517664 0.3578378683193285
v -0.0862082648220012 -0.0466821672481104 0.3592311326496298
v -0.0612013019388105 -0.0865499102905568 0.3801452268318228
v -0.0862082648220012 -0.0921980635963962 0.3592121523458212
v -0.0459785481305432 0.0158744109056975 0.3263690747583278
v -0.0538209896027821 0.0626677367156785 0.2262796060074037
v -0.0518621672343566 0.0436654267576896 0.2786655195961321
v -0.0324241355193692 -0.0418646910646094 0.3801452268318228
v -0.0382882241656403 -0.0149515280176104 0.3596828088649022
v -0.0327451502229154 -0.0732258195399477 0.3957099011855125
v -0.0319774106876990 -0.0605278037381571 0.3917677746075169
v -0.0319774106876990 -0.0835500595197571 0.3917677746075169
v -0.0733068846925913 0.0115832117837428 -0.0149355735593365
v -0.0637548404932403 -0.0283147622063640 -0.0513499741083899
v -0.0900997772565071 -0.0642141088300362 -0.0146637976149460
v -0.1040409479423906 -0.0187772970809531 0.0293817853726501
v -0.0854146680613064 -0.0212670178022871 -0.0148500246537642
v -0.0628960505151158 -0.1012398402078481 -0.0511618215315042
v -0.0673203868405978 -0.1428152329316523 -0.0144965508799365
v -0.1043317041905898 -0.1114190596634847 0.0323743466064798
v -0.0847676872706117 -0.1072450432867835 -0.0144960007262030
v -0.0435438427825676 -0.0661082881347657 -0.0770424285436262
v -0.0235921600342196 -0.0854930649683421 -0.0984981490765326
v -0.0331924252083192 -0.1141238904946501 -0.0758667500149573
v -0.0412554783277252 -0.0928549471542954 -0.0764510132800235
v -0.0369634539751702 -0.0199081380803348 -0.0805900948946421
v -0.0237091502256662 -0.0499058755731055 -0.0987751514813921
v -0.0417027533131289 -0.0394379629457707 -0.0770162962412809
v -0.0274383673087648 -0.1495342604799129 -0.0511618215315042
v -0.0463930889687987 -0.1725901031469481 0.0303528067124257
v -0.0371851659298045 -0.1649889040868858 -0.0147366929846459
v -0.0112164517972491 -0.1052721919981515 -0.0986904278064202
v -0.0184745474813618 -0.1258806757813387 -0.0764738446599672
v -0.0210892081155928 0.1087975771229573 0.1593286473989075
v -0.0611432607199174 0.0665845562219293 0.1246702000290206
v -0.1009105731982981 0.0306917014123134 0.1643845602105438
v -0.0495495960152365 0.0735197941874883 0.1764100955960881
v -0.0295284013426502 0.0895358696795836 0.0729803684517092
v -0.0571587723044358 0.0466764181415944 0.0280512385679773
v -0.0955735318288004 0.0271283556798903 0.0736653098500212
v -0.0602869464335940 0.0588232624253940 0.0756059771452385
v -0.0410557725224342 0.0436038095395282 -0.0220248545702990
v -0.0505572025782955 0.0084800696494627 -0.0566108191857862
v -0.0569106529705895 0.0284192914157450 -0.0157203678602940
v -0.0282589216024053 0.0104551215530290 -0.1068877184368207
v -0.0136826534464724 -0.0320101723425340 -0.1053390356767819
v -0.0280790213315233 -0.0101506114614903 -0.0949067455036967
v -0.0110600705984779 0.2179139683345265 0.1238663429011944
v -0.0186173398829135 0.1545104010001795 0.1079114169965870
v -0.0122075812559872 0.1649008794895123 0.1415767268466082
v -0.0152430269733499 0.1726360409837024 0.0443143330864518
v -0.0190165589396887 0.1033397770089379 0.0078333639356348
v -0.0178209648458641 0.1332299044314196 0.0594457613749442
v -0.0195002816099424 0.0949012439663608 -0.0518585912350882
v -0.0348855233234237 0.0430473290380081 -0.0771219257581291
v -0.0291215626566649 0.0697253838869599 -0.0369474995168963
v -0.0153333347087177 0.0506793367071511 -0.1141332431081210
v -0.0229912546187125 0.0319999669907760 -0.1137423588804097
v -0.0038233483869149 -0.0359953759578692 -0.1579020987677245
v -0.0113012855029677 -0.0444483780436396 -0.1251709774650154
v -0.0066055033253355 -0.0394491585742491 -0.1270563543100075
v -0.0115942973814745 -0.0611141850950975 -0.1529589674714728
v -0.0135724301459489 -0.0693293557218395 -0.1259131348516201
v -0.0133259887809900 -0.0554072533643620 -0.1252130642256346
v -0.0098348232184131 -0.0860737522341399 -0.1528241798067448
v -0.0110875232697837 -0.0932705883000181 -0.1244808096062344
v -0.0131596773073276 -0.0828630000295708 -0.1250480181055594
v -0.0037873683327385 -0.1037048040111709 -0.1576297726696004
v -0.0063344700884854 -0.0986114807456509 -0.1260897342001006
v -0.0062780793307930 -0.0028220135764188 -0.2316859667473330
v -0.0078825476794172 -0.0378863643709439 -0.1832696874232794
v -0.0034916056855638 -0.0245541863604511 -0.1911808981122162
v -0.0155578249397066 -0.0434339220665975 -0.2059772827769560
v -0.0154358833646577 -0.0712429279456778 -0.2188261232248087
v -0.0161763627823750 -0.0622399646801303 -0.1798532327377232
v -0.0133909069215529 -0.0538326446096281 -0.1876159019185924
v -0.0159196060349114 -0.0873616621244599 -0.1794241128255277
v -0.0132373865221963 -0.1167142893492300 -0.2080101008225486
v -0.0071911694824222 -0.1046230105925225 -0.1803676264786241
v -0.0118267373339137 -0.0961971310858178 -0.1783128022836882
v -0.0049765256278801 -0.1319540979232384 -0.2203803075221833
v -0.0033724698945562 -0.1158519233718372 -0.1901823690857615
v -0.0185523392192906 0.0519224090681840 -0.3308896879871870
v -0.0217550866870361 -0.0020683029614088 -0.2522699686893757
v -0.0125773395803290 0.0291746524919557 -0.2829217839560043
v -0.0321804174153915 0.0058200763475844 -0.2919910682541353
v -0.0237725554434617 -0.0316101830705318 -0.2612072160914466
v -0.0263000992339797 -0.0243869396254416 -0.2400813127218237
v -0.0199164178940253 0.0176170228568246 -0.3564003166134737
v -0.0092797456089136 -0.0603645731254027 -0.2839175622137912
v -0.0143797532422966 -0.0219717647350081 -0.3193199549699169
v -0.0217731867448710 0.0451893525997171 -0.3578142117087844
v -0.0130962170741587 -0.1120748429139168 -0.2888359365920314
v -0.0099871882949292 -0.0885574212644046 -0.2806248921182913
v -0.0211723638524240 -0.1002641425613370 -0.2197393784225580
v -0.0175473733941528 -0.0747441338138926 -0.1788959652412871
v -0.0121925345513737 -0.1507987888365555 -0.2659220335882609
v -0.0084964367230368 -0.1466784124488787 -0.2448621486666681
v -0.0139871360303245 -0.1361503955261499 -0.2830785777700757
v -0.1100937393192810 -0.1586723139947419 0.1677341712174696
v -0.1444673445936049 -0.1429222378328344 0.1709778776306804
v -0.1519931725921662 -0.1726057825283553 0.1252052410395430
v -0.1383922719905044 -0.1535732141150193 0.1624645236803359
v -0.0595604684283965 -0.1760934821224106 0.1245715574645890
v -0.0979592734944871 -0.1499014880970801 0.0831667399058824
v -0.0540462775566848 -0.1753620527336108 0.0789247795430836
v -0.0593926715396534 -0.1750641444868751 0.1645564832522888
v -0.1836944061056061 -0.2004504383693718 0.0526150526187662
v -0.1821517750366368 -0.2359416809534715 -0.0171529681825465
v -0.1534362258353569 -0.2005486408108166 0.0479794572595880
v -0.1695213456210170 -0.2230546048211347 0.0502493915643553
v -0.1957070128784112 -0.1593047157114967 -0.0177011963780629
v -0.1834762701502401 -0.0799648726841107 -0.0295267508814494
v -0.1684246141531174 -0.1596601150233918 -0.0219382053572595
v -0.1867119993343140 -0.1650703268394562 -0.0437925122701475
v -0.1265906491745287 -0.0727778018470036 0.0796509824714144
v -0.1272995222602516 -0.0222064053023817 0.1203597180187038
v -0.1180189789284243 -0.0200990414258884 0.0760227185984284
v -0.1429970587406018 -0.0730386847474691 0.1666093819091573
v -0.1296186953241747 -0.0204239072055698 0.1625044098260207
v -0.1647185035268293 -0.1258190585631773 0.1228128810244413
v -0.1475385778113372 -0.1149117106411423 0.1711079889886730
v -0.1362843579602775 -0.1258281360997814 0.0962818547607897
v -0.1204795415018784 -0.1159006119772594 0.0811496012416970
v -0.1790942956622441 -0.0830248002426178 0.0354769385870264
v -0.1857156709227935 -0.1435213552487073 0.0478218382149162
v -0.1610729098112354 -0.0830353081789293 0.0321911454131964
v -0.1520657928849993 -0.1437791022728914 0.0404932403298447
v -0.1751177844758995 -0.0586021831475533 0.0096879321715462
v -0.0115387043466959 0.0755358325442066 -0.0912922354740503
v -0.0095372725716042 0.0605268134614366 -0.1099837085725643
v -0.0079602018789125 0.1461315596376963 -0.0140589035848705
v -0.0099136327407490 0.1058347241907411 -0.0581707800973635
v -0.0105657299611660 0.2238358231228239 0.0842433907625062
v -0.0092557313984427 0.1893846461720647 0.0375727492351144
v -0.0085531575729693 0.2368689650714271 0.1112512077593683
v 0.0289933768367398 -0.1754272459510405 0.2084416964265452
v 0.0551782188635337 -0.1645284254118760 0.2366769614184064
v 0.0267081482581789 -0.1629263777396796 0.2669164364617138
v 0.0000000000000000 -0.1719015857493678 0.2366596315757985
v 0.0279758675064763 -0.1699898015251637 0.2367644358620462
v 0.0846400516044202 -0.1607474938778205 0.2077949907127173
v 0.1023365716757476 -0.1434228777303958 0.2354415912096437
v 0.0759003093927059 -0.1496167835399504 0.2665987226805691
v 0.0806748185696141 -0.1557875828926946 0.2360035732484996
v 0.0898125970075763 -0.1317662204232195 0.2960641314207239
v 0.0663760479569010 -0.1338441510749660 0.3221375673164670
v 0.0493463142106772 -0.1497609238181494 0.2962649375334820
v 0.0712600377267923 -0.1423123924191566 0.2961279492538196
v 0.0235075463899944 -0.1437180352084635 0.3226929475105200
v 0.0000000000000000 -0.1556494943055650 0.2964357602677599
v 0.0252234758850426 -0.1541877358354325 0.2963845959705365
v 0.0421720344478760 -0.1290047237574950 0.3432472411509491
v 0.0196236535846986 -0.1189063769006952 0.3601419121555779
v 0.0000000000000000 -0.1324129261370474 0.3440422132959779
v 0.0215712803246457 -0.1316157533770843 0.3437910681165969
v 0.0765847006372843 -0.1171403834158908 0.3424324634715114
v 0.0550382047383366 -0.1144449051981963 0.3581833648640192
v 0.0608326989373093 -0.1242833044158777 0.3426935114180970
v 0.0613679985200865 -0.1023497753653537 0.3684008200041399
v 0.0460899542615940 -0.0972545265617661 0.3773105597195316
v 0.0348032753402529 -0.1064019326900661 0.3711914748177444
v 0.0496508243022159 -0.1052292800069319 0.3694054007216642
v 0.0167009068596606 -0.0963652030514277 0.3821439353459333
v 0.0000000000000000 -0.1067889658416424 0.3732119144043314
v 0.0179105848890649 -0.1067675098460326 0.3726290265235992
v 0.1253434506604939 -0.1298291291272705 0.2095563078907862
v 0.1265188541122960 -0.1080653225035571 0.2377382079704898
v 0.1104681189349849 -0.1228507040936252 0.2667725712603816
v 0.1171879717138458 -0.1270434256972683 0.2366387257339223
v 0.1365278009873884 -0.0895333939877825 0.2112760884619696
v 0.1329050386517382 -0.0660619101750245 0.2376053458438292
v 0.1261769335668736 -0.0859205344193368 0.2672525803929336
v 0.1316240056830881 -0.0875385365498071 0.2379420399287826
v 0.1215773732772452 -0.0662172460817020 0.2964627178007054
v 0.1117158676027532 -0.0834373605274324 0.3226929475105200
v 0.1139082302310852 -0.1021629981728019 0.2962949209119624
v 0.1197013490457240 -0.0845919131527316 0.2964181553482851
v 0.0969541426232293 -0.1129966254945366 0.3221375673164670
v 0.1040148156400454 -0.1181532164394188 0.2961455541732943
v 0.1339374021328085 -0.0439838557386880 0.2094567300650075
v 0.1242208619671159 -0.0222848022094174 0.2374081157303394
v 0.1258693976298002 -0.0454889113076535 0.2670839582735900
v 0.1305468046727307 -0.0441627932405362 0.2372400437647295
v 0.1161657860768469 0.0028690517206402 0.2102525274406367
v 0.0980085122536429 0.0196889018175016 0.2416316459430632
v 0.1094291536091117 -0.0059688929325188 0.2684464139948107
v 0.1135129447735052 -0.0008576896706573 0.2386817216235862
v 0.0896918382630546 0.0039402010399281 0.2986814878082494
v 0.0969541426232293 -0.0197029307377080 0.3227000995090566
v 0.1138427619367887 -0.0296664899297798 0.2965782500847581
v 0.1039108365843981 -0.0123039131747378 0.2972263311829200
v 0.1117158676027532 -0.0507938787144833 0.3227091770456607
v 0.1196705404366433 -0.0477650073342370 0.2964275079617561
v 0.0969585438530980 -0.0406962195498505 0.3433140848295795
v 0.0902612473773140 -0.0580733176126904 0.3601438376936456
v 0.1034203745309080 -0.0684052074801652 0.3440422132959779
v 0.1018373071625202 -0.0543535659245781 0.3437976699613999
v 0.0765847006372843 -0.0164911332410450 0.3429949956641009
v 0.0792383671712264 -0.0361028759974115 0.3582504836195164
v 0.0886077603310275 -0.0279103992121799 0.3429278769086037
v 0.0613679985200865 -0.0362475114139707 0.3684167744624139
v 0.0583091437613598 -0.0486606301048249 0.3773105597195316
v 0.0742685534188960 -0.0521506128368746 0.3711934003558119
v 0.0691955858415186 -0.0433538471906743 0.3694120025664672
v 0.0631532473855663 -0.0644111738974060 0.3821439353459333
v 0.0782846756740587 -0.0711064348043757 0.3732119144043314
v 0.0772767940341329 -0.0615576365120528 0.3726293016004660
v 0.0969585438530980 -0.0955666549071306 0.3432472411509491
v 0.0792383671712264 -0.1017729391756909 0.3581833648640192
v 0.0886077603310275 -0.1073853324888474 0.3426935114180970
v 0.0902612473773140 -0.0813422375715114 0.3601419121555779
v 0.1018373071625202 -0.0823540253029456 0.3437910681165969
v 0.0631532473855663 -0.0796058423575738 0.3821439353459333
v 0.0742685534188960 -0.0891039989987202 0.3711914748177444
v 0.0772767940341329 -0.0804197948064112 0.3726290265235992
v 0.0583091437613598 -0.0928202874690797 0.3773105597195316
v 0.0691955858415186 -0.0967016220595143 0.3694054007216642
v 0.0787256238915262 0.0457323543347644 0.2192618449818071
v 0.0534485355251458 0.0546027580582049 0.2522933502230529
v 0.0749556954321423 0.0295523330300611 0.2744623450715509
v 0.0775430684411875 0.0387432013033142 0.2465739520087145
v 0.0272782725722919 0.0740355633127232 0.2327084274611987
v 0.0000000000000000 0.0694318768700929 0.2594117893818954
v 0.0264945785788016 0.0532876155580725 0.2821708241096622
v 0.0272362133193594 0.0654061269245925 0.2572414329029069
v 0.0000000000000000 0.0415751176469375 0.3070903125492130
v 0.0235075463899944 0.0222275862211247 0.3277557372438261
v 0.0492945997597204 0.0305307814452401 0.3038672369010115
v 0.0252021299201796 0.0385913588728450 0.3061308444378426
v 0.0663760479569010 0.0062571734889168 0.3247252154023790
v 0.0711656863614826 0.0185825426592643 0.3011161931562251
v 0.0421720344478760 0.0004071137628521 0.3448944014292994
v 0.0550382047383366 -0.0199705805290966 0.3584914509548262
v 0.0608326989373093 -0.0069209339684858 0.3437715376590546
v 0.0000000000000000 0.0067820201507559 0.3463457069784938
v 0.0196236535846986 -0.0118258295802533 0.3607446055707192
v 0.0215712803246457 0.0051109281849947 0.3459003575311576
v 0.0000000000000000 -0.0270672886154625 0.3732776577754947
v 0.0167009068596606 -0.0414506178570274 0.3821439353459333
v 0.0348032753402529 -0.0292805295779840 0.3712385129619658
v 0.0179105848890649 -0.0276504515730615 0.3726892683574266
v 0.0460899542615940 -0.0422813775024258 0.3773105597195316
v 0.0496508243022159 -0.0319077887327140 0.3694362093307449
v 0.0316968322835712 -0.0521680527102292 0.3869365995960496
v 0.0470521731416323 -0.0591308533778408 0.3869365995960496
v 0.0458476115419503 -0.0511949407862660 0.3829367068760277
v 0.0000000000000000 -0.0525388288189781 0.3903635072025439
v 0.0161763902900617 -0.0611454888425384 0.3947102718515905
v 0.0161966909628309 -0.0524979523965728 0.3894675818474025
v 0.0000000000000000 -0.0680468373381087 0.3989255497583106
v 0.0164743810598574 -0.0733623952043099 0.3989255497583106
v 0.0324783256621272 -0.0674144356213539 0.3947102718515905
v 0.0163534297615290 -0.0679253633937333 0.3978681542823623
v 0.0486085580539412 -0.0728678069978180 0.3903635072025439
v 0.0481486295326650 -0.0663155310462067 0.3894675818474025
v 0.0324783256621272 -0.0783861240225315 0.3947102718515905
v 0.0470521731416323 -0.0847448558906679 0.3869365995960496
v 0.0481486295326650 -0.0789202957901549 0.3894675818474025
v 0.0000000000000000 -0.0778989078760696 0.3989255497583106
v 0.0161763902900617 -0.0828015203498428 0.3947102718515905
v 0.0163534297615290 -0.0780300920338427 0.3978681542823623
v 0.0000000000000000 -0.0882806939364119 0.3903635072025439
v 0.0316968322835712 -0.0894285897015347 0.3869365995960496
v 0.0161966909628309 -0.0886014335630913 0.3894675818474025
v 0.0458476115419503 -0.0906686362170329 0.3829367068760277
v 0.0964667064152739 0.0029356203224038 0.0286773135167958
v 0.0952439897423836 -0.0194801184756065 0.0066282521822192
v 0.0801194383755611 -0.0029188406335295 -0.0149124671025260
v 0.0799021276507954 0.0169535374541223 0.0062384682619750
v 0.0887576772234291 0.0005319986603757 0.0063520750079600
v 0.1085868682429947 -0.0424002382165666 0.0302683581143206
v 0.1006624538644518 -0.0649434476346484 0.0073616071090865
v 0.0888542292036731 -0.0421393278084145 -0.0147625502101244
v 0.0992493839997414 -0.0417494888727969 0.0069905284157842
v 0.0787864158790872 -0.0641314207238785 -0.0344068895752057
v 0.0660861169393022 -0.0457888001078301 -0.0513155895000409
v 0.0748269594584837 -0.0241935605880868 -0.0343956114236672
v 0.0777004124089925 -0.0435067624209240 -0.0343964366542676
v 0.0605427679197106 -0.0133904667985660 -0.0516852928090093
v 0.0657480474700149 0.0051695195576214 -0.0346954452084704
v 0.0706738489236586 -0.0075239024604938 -0.0344726329463690
v 0.1089056823316065 -0.0897108185668633 0.0318984636269297
v 0.0949796408733966 -0.1094706902159972 0.0078691239283177
v 0.0888239707483260 -0.0862258697414759 -0.0145686210190360
v 0.0993434602881843 -0.0877987592657923 0.0076691430461600
v 0.0960356609650109 -0.1310777030256392 0.0324962056584687
v 0.0757512177309047 -0.1461623682467770 0.0077868759451469
v 0.0776825324126511 -0.1263991956752415 -0.0144654671939890
v 0.0872293501515330 -0.1291835237209098 0.0079213885330082
v 0.0585677160161443 -0.1379389453140312 -0.0342300151498584
v 0.0575372780731416 -0.1175312676436022 -0.0510270338667761
v 0.0739788974781641 -0.1045616684512278 -0.0343100625180949
v 0.0676876144577650 -0.1225676499976962 -0.0342522963760686
v 0.0660002929568631 -0.0833006473246368 -0.0512968842730991
v 0.0776189896564221 -0.0847927192654898 -0.0343719548131231
v 0.0518297081640751 -0.0971882330368692 -0.0648523971917403
v 0.0430126693527923 -0.0798406479710674 -0.0768537258130069
v 0.0550547093503441 -0.0652336812368006 -0.0652328284985136
v 0.0542800928934579 -0.0816004797340557 -0.0651117946771251
v 0.0412285207947796 -0.1230842443535315 -0.0644725160387006
v 0.0380544088288671 -0.1044997761561997 -0.0760502262851075
v 0.0475354831965857 -0.1112614406188129 -0.0645929997063555
v 0.0259348521702533 -0.1056705033012663 -0.0864811410738588
v 0.0221908359517213 -0.0929817575898865 -0.0978984815069261
v 0.0316753762879615 -0.0887774827578381 -0.0872392529187375
v 0.0294780622760273 -0.0981166174622921 -0.0867135810262981
v 0.0242149615683232 -0.0769347909656505 -0.0991129458738126
v 0.0330975236892759 -0.0670087247505225 -0.0880226718353610
v 0.0327927385208704 -0.0782193724258823 -0.0877712515791132
v 0.0525165751004546 -0.0335937073415953 -0.0652716143367312
v 0.0396242725076489 -0.0283175129750320 -0.0780208769588052
v 0.0469990833063414 -0.0107896150230480 -0.0679918494724370
v 0.0499396550123475 -0.0205240351850820 -0.0660597095600902
v 0.0430566816514790 -0.0523435242435558 -0.0769117670319000
v 0.0543485870332891 -0.0488723292615080 -0.0651538814377443
v 0.0242195003366253 -0.0585755502053105 -0.0991539323269646
v 0.0319300974666108 -0.0451449001780435 -0.0877074337460174
v 0.0328152948239474 -0.0557366991738754 -0.0878235161838036
v 0.0226360478606241 -0.0424292588260132 -0.0988015588606041
v 0.0281227585533433 -0.0290684728213740 -0.0903264405947437
v 0.0303849907058404 -0.0359999422338580 -0.0883249813119654
v 0.0667116417343872 -0.1621248037498479 0.0313606883523515
v 0.0419448209559059 -0.1695848883772459 0.0070268385622007
v 0.0535747958070033 -0.1557248653670660 -0.0146005299355839
v 0.0603738707235003 -0.1597085285519473 0.0074482563221260
v 0.0237721703358482 -0.1791600390334074 0.0294909908887665
v 0.0000000000000000 -0.1776864522580029 0.0065096940526318
v 0.0190332010901296 -0.1705732395596294 -0.0148552511142332
v 0.0214810551123380 -0.1756310779093333 0.0066659377129697
v 0.0000000000000000 -0.1651924609683119 -0.0344313714163502
v 0.0140379427276210 -0.1539594220359952 -0.0512968842730991
v 0.0322907232389751 -0.1584294211213646 -0.0343339942055058
v 0.0165213091733321 -0.1635084403898114 -0.0344005628072695
v 0.0395637555969546 -0.1420351149374303 -0.0510270338667761
v 0.0465570347814067 -0.1499185428628212 -0.0342657751425414
v 0.0227952348434366 -0.1381942166464141 -0.0648545978066746
v 0.0265378206622613 -0.1211933659712036 -0.0760626047441132
v 0.0328295988210206 -0.1320371711370096 -0.0645943750906894
v 0.0000000000000000 -0.1428820766102828 -0.0652361294209151
v 0.0094720518464879 -0.1284754758657873 -0.0768839842683540
v 0.0116702461043958 -0.1417457340735652 -0.0651148205226598
v 0.0000000000000000 -0.1165368647701492 -0.0881357284276125
v 0.0057776319870384 -0.1063870785392593 -0.0993660165912612
v 0.0145802842781880 -0.1143282726066765 -0.0873193002869739
v 0.0074917459747658 -0.1160541048689293 -0.0878766060190945
v 0.0159777297768645 -0.1029145081728776 -0.0980016353319731
v 0.0208623797312361 -0.1109904899050228 -0.0867564930175176
v 0.0000000000000000 0.0965497796290451 0.1833524855601837
v 0.0235124152505366 0.0841966276951516 0.1911921762637547
v 0.0319446765405508 0.0900007495844620 0.1667681012612962
v 0.0115418952383507 0.1115277150258675 0.1699268089226683
v 0.0173659051851302 0.0944525935966232 0.1790502833635574
v 0.0527385621319558 0.0677376784475212 0.2017570534866337
v 0.0000000000000000 0.0829282482623738 0.2137416024190260
v 0.0263751402032405 0.0789577887670986 0.2099975311851206
v 0.1007716593805682 0.0288308064084658 0.1879657996931517
v 0.0783061316696684 0.0524343271172838 0.1697463584980528
v 0.0785028116294247 0.0502205084933421 0.1939484464690102
v 0.0815701937710219 0.0498846396389891 0.1218884852135869
v 0.0580117856683577 0.0698134084843333 0.1491148232734285
v 0.1012241608264410 0.0309458724372292 0.1416731687961055
v 0.0802088383572685 0.0518203555506042 0.1456702557320861
v 0.0269962912761435 0.1055912811636302 0.1428106116402902
v 0.0431810163952690 0.0825904538699533 0.1248585589135564
v 0.0398943979908386 0.0862467755833521 0.1475895220470670
v 0.0615217664886232 0.0630569704821891 0.1001366169258922
v 0.0430718108791525 0.0729993487555179 0.0755033734739251
v 0.0301074381472473 0.0963550252073564 0.0982193036566655
v 0.0437848101178773 0.0783209858204752 0.1005298393069713
v 0.0989456991388031 0.0289199313133064 0.0965008159467561
v 0.0786802362085055 0.0443602709232061 0.0745031939862695
v 0.0809234880571940 0.0474383810626082 0.0981314716130989
v 0.0910757499798850 0.0246394601891566 0.0508798677430424
v 0.0721078246302451 0.0353055656990150 0.0283783049625930
v 0.0584840926486395 0.0534933730544329 0.0514528528565701
v 0.0755165771635311 0.0403994391182686 0.0511901544487838
v 0.0428533998469197 0.0575664362210215 0.0264409385897772
v 0.0293930635241885 0.0808841520652427 0.0473894173803192
v 0.0423313039537486 0.0662173286047620 0.0505500505797589
v 0.0653585386266375 0.0213833753169401 -0.0149969157006311
v 0.0570355378681130 0.0381223528149647 0.0057037188329314
v 0.0689392142016685 0.0288948993184283 0.0062541476433821
v 0.0535885496503429 0.0041896957581084 -0.0541378781533265
v 0.0552593665392373 0.0182959125640671 -0.0364243033162579
v 0.0605224122315680 0.0130540477904795 -0.0351892081843620
v 0.0479178400414266 0.0133142705064647 -0.0601020947791099
v 0.0449079489649889 0.0307835770858219 -0.0432550120724360
v 0.0486247875890819 0.0350736759003094 -0.0178227803531849
v 0.0501242315899649 0.0234871631941651 -0.0389308037264663
v 0.0356549133198408 0.0572528485928787 -0.0003199143960791
v 0.0455059660733946 0.0468433897997372 0.0037812066109223
v 0.0415619139573315 -0.0005322737372424 -0.0763021966950890
v 0.0287389307349573 0.0007190509297942 -0.1007441516938890
v 0.0388254492864850 0.0137354131895231 -0.0869121865241219
v 0.0403845849674618 0.0056283477714304 -0.0814887710184515
v 0.0336721592640043 -0.0146929557628260 -0.0854870132772727
v 0.0440615374458700 -0.0049931952860077 -0.0714690961455542
v 0.0180246867734102 -0.0334747365967077 -0.1020656209619576
v 0.0195127976073814 -0.0228773177804873 -0.0999478041645262
v 0.0249247424077066 -0.0249016084432094 -0.0942526127144654
v 0.0000000000000000 -0.0228239528683296 -0.1094385062225826
v 0.0135947663875324 -0.0115845871680768 -0.1084286990445893
v 0.0073838883352967 -0.0317402669208377 -0.1088682718777228
v 0.0105412481200215 -0.0226558809027198 -0.1063832274631242
v 0.0148326673034696 0.0097547758501766 -0.1214557893021231
v 0.0000000000000000 -0.0008222047548412 -0.1202520529330415
v 0.0148450182547886 -0.0007847943009575 -0.1147782983607482
v 0.0149620359539219 0.1349009963971807 0.1508332284602779
v 0.0064958026708588 0.1669713830658555 0.1506818811681689
v 0.0000000000000000 0.1377923293440311 0.1638759430838455
v 0.0080655838265805 0.1370259651931487 0.1604886465461692
v 0.0220304936460682 0.1265815716379246 0.1158518683564639
v 0.0163987624291763 0.1609348212241058 0.1270890802048497
v 0.0196661254529313 0.1315577121581912 0.1356287122482789
v 0.0174789892850683 0.1813999899596944 0.0995290271425221
v 0.0147671164861131 0.2124792746773176 0.1104785993636097
v 0.0113866693624200 0.1941280716630253 0.1323306231385033
v 0.0153728907621624 0.1893623649458546 0.1183272300653514
v 0.0059045249456895 0.2204358730492752 0.1318280577028743
v 0.0000000000000000 0.1969968483067988 0.1439258832890116
v 0.0060396977180311 0.1964219376552035 0.1409729331239998
v 0.0215705101094187 0.1103919226428835 0.0672109062476146
v 0.0186889698990262 0.1451696158345248 0.0848689155575911
v 0.0222373239422091 0.1195354776950484 0.0925776696725691
v 0.0234862829481913 0.0859788507150967 0.0160413825638402
v 0.0174509589523422 0.1191377165456672 0.0332361624301391
v 0.0214976422474055 0.0991927181651823 0.0412122912596389
v 0.0163739229881050 0.1198972037748799 -0.0004940380527584
v 0.0141133412968086 0.1534508049092969 0.0180750258400332
v 0.0163537598537691 0.1549959116700673 0.0512814799685587
v 0.0155553767555921 0.1380976646661702 0.0250080631906578
v 0.0164618100470450 0.1896500953485190 0.0695691402266221
v 0.0174384704625899 0.1697205012725744 0.0766730003115246
v 0.0346308021447743 0.0556953633731026 -0.0287815676493100
v 0.0234970384536829 0.0864137472414948 -0.0154452909935020
v 0.0285152932422554 0.0709940383966045 -0.0071220151581107
v 0.0403513006665800 0.0307951303142272 -0.0707252882977487
v 0.0336606060355991 0.0547708300238148 -0.0572979611990326
v 0.0393901820940089 0.0417426394588138 -0.0497212439801147
v 0.0288841713206234 0.0552304834682242 -0.0830611103890344
v 0.0221281184260927 0.0785611279251846 -0.0707588476754973
v 0.0241905347425521 0.0835188382953762 -0.0451104055389478
v 0.0278597850686901 0.0677497818296600 -0.0647294378322843
v 0.0163858888318104 0.1134807607800905 -0.0307978810828951
v 0.0197405337453985 0.1013102598857468 -0.0238252326634524
v 0.0262067381453905 0.0210939944530750 -0.1112485120060737
v 0.0310182176531955 0.0357234074596720 -0.0966490823779570
v 0.0355811927195406 0.0241663279782744 -0.0920962851556832
v 0.0000000000000000 0.0205798757890408 -0.1305102194494474
v 0.0121894536904656 0.0307282866355967 -0.1258743490134024
v 0.0138453339054932 0.0204096032084966 -0.1251024833251842
v 0.0000000000000000 0.0396872651101442 -0.1281885706937232
v 0.0081879655246163 0.0479877095655917 -0.1216830027940933
v 0.0191782216143023 0.0421893642904839 -0.1146206793160764
v 0.0101940185910700 0.0401183105604072 -0.1244940132958404
v 0.0204443179090857 0.0562746752545664 -0.1024146935059166
v 0.0257633692514952 0.0469215116299061 -0.1002091271879786
v 0.0094761504918031 -0.0373859720425626 -0.1145222017977649
v 0.0034340045896575 -0.0387053507264436 -0.1282199294565375
v 0.0000000000000000 -0.0370279870081196 -0.1173951045945401
v 0.0050267271560697 -0.0370014420904742 -0.1164557170944456
v 0.0152173072863048 -0.0417499565034704 -0.1114418910434285
v 0.0092710256722363 -0.0412419170381924 -0.1259337656166295
v 0.0128592933687907 -0.0387891116323818 -0.1126791867902587
v 0.0090467555027408 -0.0457145568614830 -0.1403667737403371
v 0.0059087336217514 -0.0398553645834408 -0.1566725051731644
v 0.0048230052285235 -0.0388208555028096 -0.1419091297324396
v 0.0070707133224540 -0.0415012595082038 -0.1409986253033582
v 0.0018842600329129 -0.0338338769539913 -0.1594040184604086
v 0.0000000000000000 -0.0370795914283298 -0.1434668900290825
v 0.0024427513463293 -0.0374533108595533 -0.1429456193665117
v 0.0174756883626668 -0.0531068900565902 -0.1114251113545542
v 0.0126170881875804 -0.0493102791411275 -0.1249753978127263
v 0.0166896012004354 -0.0466613989446676 -0.1111261028003513
v 0.0178366992426446 -0.0684090860639870 -0.1121892748905022
v 0.0135760336529039 -0.0622231574835693 -0.1256625398259726
v 0.0177860300837815 -0.0605365236748344 -0.1119238257140480
v 0.0114729059601592 -0.0711161725254601 -0.1398820883010496
v 0.0117831926659006 -0.0678378339347201 -0.1531322658975517
v 0.0113154244539208 -0.0577107030345792 -0.1393833739415558
v 0.0115763348620730 -0.0643967323618994 -0.1396471726568093
v 0.0106823350449991 -0.0542844253541099 -0.1537099273178149
v 0.0104922294223592 -0.0513331669118289 -0.1396141634327943
v 0.0174318136024135 -0.0834802725186519 -0.1112584147732782
v 0.0134795366880333 -0.0763224973678582 -0.1256223786034210
v 0.0177852598685545 -0.0762004732697493 -0.1118831143377628
v 0.0147811178986328 -0.0948459535161357 -0.1104560155528461
v 0.0124250020114996 -0.0886220643281007 -0.1245482034385984
v 0.0165169354511501 -0.0898337779263193 -0.1106656241253415
v 0.0085777219371738 -0.0937948848081236 -0.1390543820088726
v 0.0086237147893014 -0.0912787567075775 -0.1527746659707222
v 0.0106644550486577 -0.0837058905647947 -0.1391443321443136
v 0.0098242052513549 -0.0891645159094144 -0.1388246928251013
v 0.0107895049923013 -0.0804211976984319 -0.1531900320395781
v 0.0111851480498082 -0.0776222355634503 -0.1396259917380663
v 0.0084709370974852 -0.1001494355078847 -0.1116748811496012
v 0.0090075295415363 -0.0965489543984447 -0.1251052340938521
v 0.0120311744613135 -0.0981983152917293 -0.1108889865411766
v 0.0000000000000000 -0.1012670728176605 -0.1127801400003714
v 0.0032660701624810 -0.0996815297574716 -0.1270032644747167
v 0.0043705037826508 -0.1010541633227635 -0.1124324428407463
v 0.0000000000000000 -0.1020884523419013 -0.1433758395861743
v 0.0019178799275723 -0.1060168250765573 -0.1595993230358309
v 0.0047817436985048 -0.1000121721513555 -0.1415399765772048
v 0.0024524863166451 -0.1015691072173981 -0.1428138575473184
v 0.0055600736930926 -0.1002644176382038 -0.1553356316005554
v 0.0068645707184801 -0.0974201228355749 -0.1401038002556839
v 0.0033494459608057 -0.0313367841726272 -0.1741013754531032
v 0.0016957856160931 -0.0203966745957573 -0.1951750142180356
v 0.0000000000000000 -0.0272216067377328 -0.1777791531621118
v 0.0016197323639625 -0.0282894551346192 -0.1766183287842497
v 0.0078915151852746 -0.0424205939047093 -0.1709875053210181
v 0.0054973836751507 -0.0306299191480319 -0.1866008682801301
v 0.0053298343555877 -0.0361486487880457 -0.1715816713532888
v 0.0090018629580803 -0.0320345716606184 -0.1967236969780743
v 0.0091831386132963 -0.0130757788629560 -0.2217446887814714
v 0.0044040631603994 -0.0152285304224699 -0.2100704265548204
v 0.0066645348209490 -0.0231169097314631 -0.2029679418542519
v 0.0031858302404378 0.0047222445722176 -0.2396604451156321
v 0.0000000000000000 -0.0074028686391053 -0.2183804987006057
v 0.0021905443702425 -0.0095864288076999 -0.2159103084368138
v 0.0141148817272627 -0.0666474938090513 -0.1653896910818017
v 0.0172134300778674 -0.0680931327747898 -0.1788381990992608
v 0.0123635498394583 -0.0540191632299251 -0.1684127858478454
v 0.0134905672703916 -0.0599820787421285 -0.1658270633000009
v 0.0132982885405040 -0.0795434824318721 -0.1660828847861174
v 0.0171048572385446 -0.0813927691919411 -0.1792893251607997
v 0.0140241063612213 -0.0733037763239965 -0.1657362879339596
v 0.0180985174044572 -0.0984018721731554 -0.1952355311287299
v 0.0203477659288417 -0.1077569613358833 -0.2180091449304365
v 0.0203680390939243 -0.0857684169120008 -0.1961515370951470
v 0.0196629620689631 -0.0926797231901489 -0.1959837402064039
v 0.0210182382839605 -0.0919744261036944 -0.2204765844255604
v 0.0190324308749026 -0.0720838654351475 -0.1960827678784491
v 0.0201691585192337 -0.0785912213344116 -0.1960690140351095
v 0.0104694255501022 -0.0900865735669011 -0.1655932479632278
v 0.0140730975511970 -0.0921504752984412 -0.1789014667786230
v 0.0120628633163680 -0.0850754982845519 -0.1658820786733593
v 0.0068212186042737 -0.0996284399221808 -0.1672684660819908
v 0.0094609937564428 -0.1001145007458022 -0.1784530914857521
v 0.0086727609946504 -0.0948445781318017 -0.1658408171433405
v 0.0079518945575354 -0.1108988893083811 -0.1927240793349192
v 0.0105459519344437 -0.1167090628887610 -0.2045853938309887
v 0.0130606221275958 -0.1049107409951869 -0.1920748979292902
v 0.0103776323996537 -0.1073669023387723 -0.1911974027242238
v 0.0160925743687502 -0.1159586531961525 -0.2118034108156098
v 0.0157694965887030 -0.1022455212328395 -0.1937171068240381
v 0.0033259819040683 -0.1090905339860907 -0.1739693385570430
v 0.0051832183855876 -0.1102100968339340 -0.1847716071159635
v 0.0050403984763492 -0.1045880758304399 -0.1703025639227062
v 0.0000000000000000 -0.1136584604360381 -0.1784008268810616
v 0.0016627268782420 -0.1202608553927788 -0.1947679004551835
v 0.0016528571202615 -0.1123713757763185 -0.1770694548457885
v 0.0000000000000000 -0.1317846505732946 -0.2149585424777136
v 0.0025469477127015 -0.1392934238061148 -0.2288994380867304
v 0.0039104377229412 -0.1236718085409992 -0.2058589997242355
v 0.0019561128612877 -0.1293540713783208 -0.2122132753471299
v 0.0071347512170432 -0.1233252116888413 -0.2102134665255523
v 0.0058729461213818 -0.1168576043968287 -0.1984319243208525
v 0.0091987079639567 0.0127932749207607 -0.2565529155053266
v 0.0065401725694724 0.0412120161827721 -0.2957348644111739
v 0.0000000000000000 0.0265561957969630 -0.2711705002066515
v 0.0047173206963021 0.0226168199876353 -0.2668793010846969
v 0.0165721983936886 -0.0138946826953957 -0.2313696283505222
v 0.0176710204457758 0.0136160298293354 -0.2669755779880741
v 0.0132144176038192 -0.0002560965629833 -0.2435857920047534
v 0.0256518255820111 0.0099643844226721 -0.2735526658730699
v 0.0245454939314605 0.0337555075546423 -0.3083553910595893
v 0.0157778314177668 0.0433672434340871 -0.3085837048590266
v 0.0214365476752910 0.0262467343218221 -0.2897959548571354
v 0.0099580026393625 0.0669003444650064 -0.3494133641969578
v 0.0000000000000000 0.0628773452881740 -0.3305155834483499
v 0.0083691586567722 0.0571194363124846 -0.3240045140113841
v 0.0140291677755703 -0.0344782170067648 -0.2065604457345550
v 0.0204824160551364 -0.0351844768622532 -0.2209194581810955
v 0.0247679485936351 -0.0149187938704622 -0.2427908198597246
v 0.0190772959118764 -0.0257664501124033 -0.2231173223467633
v 0.0160745568339753 -0.0507130886387065 -0.2127304198566987
v 0.0190408482270264 -0.0449260215151371 -0.2424662291569101
v 0.0259561156120563 -0.0302278117841554 -0.2454590654676067
v 0.0205388068128288 -0.0417300959536881 -0.2266960723837267
v 0.0273680576616128 -0.0168877940829591 -0.2828310085899629
v 0.0312646865258411 -0.0005537297328522 -0.2960759597259960
v 0.0308132853874355 -0.0108619602390143 -0.2635646248398537
v 0.0300623255410934 -0.0163120582007635 -0.2686040330394825
v 0.0303759131692362 0.0132598052868398 -0.2904176285760853
v 0.0290602205153703 -0.0021257940265683 -0.2651600706672471
v 0.0128887265935375 -0.0590175492164092 -0.2548776973865635
v 0.0113494239546563 -0.0421155061517503 -0.2987056945725272
v 0.0198639057201547 -0.0280737948710543 -0.2883490505378097
v 0.0158662686304404 -0.0445646805429192 -0.2689176206676254
v 0.0048460566699607 -0.0606785733688458 -0.3075906773699076
v 0.0000000000000000 -0.0379601674943042 -0.3334671582290277
v 0.0075448908254300 -0.0161362840828834 -0.3450561466269731
v 0.0059076608219709 -0.0393285373681608 -0.3231352711123215
v 0.0000000000000000 0.0110622161980388 -0.3787860720330037
v 0.0107468680779485 0.0288566636339442 -0.3834761326118067
v 0.0174117880065111 -0.0014397523207891 -0.3405916490789395
v 0.0092971579745815 0.0071773056083359 -0.3672355943964092
v 0.0260985229059945 0.0048702359265517 -0.3249397753584768
v 0.0233552913442250 -0.0107687091811718 -0.3093264123993649
v 0.0206860554596225 0.0520283136618989 -0.3474355615247236
v 0.0116398776183020 0.0606332682088851 -0.3833771049397616
v 0.0000000000000000 0.0743133909481831 -0.3790336412131166
v 0.0110852401317893 0.0677423547542566 -0.3697745538768990
v 0.0289620180739255 0.0255961775318591 -0.3251928460759254
v 0.0274069535305772 0.0323864499886187 -0.3190778873271400
v 0.0214620748085293 0.0334331174667621 -0.3616047709331777
v 0.0282839535972833 0.0165345953859982 -0.3285240269327760
v 0.0000000000000000 0.0530122636144138 -0.4000000000000000
v 0.0115379066237822 0.0471762328085554 -0.3885623038787902
v 0.0089855508998796 -0.0755885922872573 -0.2788423940214794
v 0.0052772396586571 -0.0944751498997001 -0.3063968437680305
v 0.0000000000000000 -0.0799917476939962 -0.3133535377291993
v 0.0047234274027449 -0.0788201403029559 -0.3031536875085533
v 0.0142806430471915 -0.0644568091496067 -0.2214200980786569
v 0.0135624998710577 -0.0803672276171673 -0.2485371756070087
v 0.0123250665857941 -0.0706748942157524 -0.2488040001677969
v 0.0176424949746895 -0.0774176608976171 -0.2190654400989177
v 0.0176518475881604 -0.0982376512836806 -0.2536205961053242
v 0.0115892084594389 -0.1003573936191795 -0.2852819434730793
v 0.0156538267662170 -0.0891898229811593 -0.2511256489235211
v 0.0069465986401575 -0.1226042352209796 -0.3167644908774196
v 0.0000000000000000 -0.1120500859959055 -0.3238642248093202
v 0.0061405959127704 -0.1087131285248522 -0.3125310578974913
v 0.0133808391082283 -0.0493720338977223 -0.1951255003820130
v 0.0151983819978695 -0.0623513708111811 -0.1988170319343612
v 0.0145096170311091 -0.0572874725181018 -0.2037739170739524
v 0.0107147115922206 -0.0456652905946405 -0.1830303705491704
v 0.0113819655479978 -0.0408919642482596 -0.1934420299572462
v 0.0146306508524976 -0.0577676797059978 -0.1826562660103333
v 0.0112594738192154 -0.0496424894731522 -0.1745717568953175
v 0.0170638707853926 -0.0669360769500027 -0.1966439246867046
v 0.0065782982232097 -0.1399901935096989 -0.2332456525820434
v 0.0115957277811819 -0.1316072259942138 -0.2266438077790363
v 0.0091304338856189 -0.1281778426959184 -0.2190929477855969
v 0.0000000000000000 -0.1535613858097472 -0.2490515693479097
v 0.0044756656688253 -0.1584904881857924 -0.2588883181043903
v 0.0034295758521022 -0.1495389367866483 -0.2444137733737972
v 0.0000000000000000 -0.1699138803099291 -0.2793952985237313
v 0.0064569893249545 -0.1653503550898504 -0.2855845280265504
v 0.0104677475812147 -0.1507968632984880 -0.2557194325989469
v 0.0055358394211282 -0.1643658549836020 -0.2725513860779472
v 0.0164851365653490 -0.1319901329927882 -0.2405351895520305
v 0.0141906654040638 -0.1333039001085866 -0.2338370678456461
v 0.0139071436774614 -0.1244508262277540 -0.2879419367749576
v 0.0074186855589459 -0.1499653059301759 -0.3083141295295704
v 0.0000000000000000 -0.1418882238905634 -0.3263261627671082
v 0.0073783317825875 -0.1368526667670697 -0.3151030266019961
v 0.0188551163265685 -0.1182236361173175 -0.2509165905047592
v 0.0187369433045947 -0.1082892350731258 -0.2535105653586074
v 0.0133957757820951 -0.1454931062298721 -0.2753681731938969
v 0.0180799772236354 -0.1266033027104012 -0.2464025791207030
v 0.0000000000000000 -0.1660333709500948 -0.3072193235997384
v 0.0071006141778743 -0.1600840084751183 -0.2979547347261851
v 0.1394807511524002 -0.1695873640690470 0.1247708919161098
v 0.1443177027780701 -0.1584863620327905 0.1497962436878455
v 0.1278859861402521 -0.1543690114906484 0.1662968945884816
v 0.1134766346270886 -0.1598614712898836 0.1494941817804213
v 0.1319219139298238 -0.1586692881492072 0.1498572557369000
v 0.1554742703414185 -0.1479492675734576 0.1523438130742659
v 0.1415154947360603 -0.1497843053518268 0.1676321176998898
v 0.1605521893023982 -0.1695361997718237 0.1260128474650635
v 0.1516407991258057 -0.1553094992982101 0.1512654292333814
v 0.1097086317057723 -0.1559460271679668 0.1838877851429609
v 0.1309695978169900 -0.1434303048057992 0.1858677884301295
v 0.1280634107193329 -0.1505479187340412 0.1778605759146822
v 0.0906810146760385 -0.1490707559593684 0.0579796016749430
v 0.0781694184668728 -0.1639790969088925 0.0816166817615097
v 0.0503932567656875 -0.1743811286266306 0.0546024829813381
v 0.0724585476354049 -0.1632985567404492 0.0565082155144728
v 0.1066979153987342 -0.1519840950555621 0.1054543203916544
v 0.0888564298186074 -0.1662171222971119 0.1273382695877079
v 0.0573612288783947 -0.1758981775469883 0.1024659128185132
v 0.0842323876878345 -0.1649143582559852 0.1054014781255437
v 0.0299250621845642 -0.1838806331444243 0.1213925766381343
v 0.0000000000000000 -0.1869532417464906 0.0981023134652189
v 0.0275781063570952 -0.1831117933017408 0.0764779708129690
v 0.0289906260680719 -0.1838393716144055 0.0994744243844639
v 0.0000000000000000 -0.1841884441583645 0.0522439739254638
v 0.0258203651782945 -0.1815950194582499 0.0529583485485225
v 0.0866461871939340 -0.1664127019494010 0.1667719523374313
v 0.0599763846509859 -0.1759452156912097 0.1448770715866915
v 0.0883783462241230 -0.1668473233989323 0.1478523029779134
v 0.0586400612321106 -0.1730263750576802 0.1851308575039937
v 0.0858435128966351 -0.1644681835780486 0.1856568044733000
v 0.0000000000000000 -0.1817674926537284 0.1832999458786264
v 0.0301594276750710 -0.1818511160212332 0.1622986523296604
v 0.0297242560718061 -0.1793099559258090 0.1839612306663944
v 0.0000000000000000 -0.1863282671051392 0.1405644439768138
v 0.0302735845747896 -0.1832892178808216 0.1419315760047698
v 0.1608203892475203 -0.1973041091670054 0.0899454591342368
v 0.1777640239344382 -0.2171473291067773 0.0518110029371332
v 0.1752159869173442 -0.1803720277084928 0.0910339382961326
v 0.1695736102257074 -0.1931504484784467 0.0908254300311043
v 0.1416409297873174 -0.1795572500290550 0.0862784094230332
v 0.1604592133214225 -0.2171797881770587 0.0494626717253302
v 0.1501740892720710 -0.1926503587346189 0.0889862660997332
v 0.1622188800382907 -0.2127945127666613 0.0143037219963153
v 0.1742804504933848 -0.2288306688700324 -0.0143691902906118
v 0.1767696210609853 -0.2388902298886145 0.0129079819742129
v 0.1686776848705660 -0.2316680867509915 0.0135379079991665
v 0.1885244808096062 -0.2285759476913830 -0.0121438184382648
v 0.1893849212489315 -0.2123510888573926 0.0185459574359810
v 0.1840187217315539 -0.2314037378820044 0.0159060447453785
v 0.1679344271764941 -0.1938389658760270 -0.0162573179042719
v 0.1778495728400105 -0.1638019474066785 -0.0389038461935207
v 0.1854502217463392 -0.2082342884689841 -0.0360009600182651
v 0.1768752505778333 -0.2034325466822635 -0.0316393412184117
v 0.1696170723706606 -0.1230432579003796 -0.0206362665467332
v 0.1767269841466325 -0.0859419904149466 -0.0250611530259487
v 0.1860267828591352 -0.1183171622520268 -0.0413633084595077
v 0.1780498287990350 -0.1208789531124604 -0.0364278793155262
v 0.1880942605899436 -0.0858759719669165 -0.0233069878464163
v 0.1934885179477340 -0.1228132936397415 -0.0169403337645163
v 0.1932148164652760 -0.1635928889879165 -0.0365192048353012
v 0.1916306487894211 -0.1207361882185953 -0.0343257418995020
v 0.1946823515496111 -0.1934202988847696 -0.0120899033723736
v 0.1919186542689523 -0.2031937799618881 -0.0292973367745449
v 0.1158709036756459 0.0058071477348452 0.1190590445617647
v 0.1234192879772842 -0.0214625974545762 0.0985934081955026
v 0.1086561876134262 0.0052091306264394 0.0743241189459880
v 0.1129539885801839 0.0055672807070026 0.0969483660090266
v 0.1367775707824355 -0.0525527202007511 0.1209007116926236
v 0.1353358929235788 -0.0779894906883042 0.0995977138361601
v 0.1240566410776411 -0.0468848713912494 0.0780299544954093
v 0.1311343688601984 -0.0503387090230026 0.1000495550975526
v 0.1185839868128150 -0.0690253682763477 0.0559894205437032
v 0.1115896073208957 -0.0190732797896212 0.0527459892073591
v 0.1166845810476165 -0.0441355056153504 0.0543769199505687
v 0.1031290681289753 0.0044177344806789 0.0514586294707727
v 0.1289871188380203 -0.0198820057779896 0.1845694256188714
v 0.1177265722190245 0.0060882762927065 0.1622040258874839
v 0.1174446184305627 0.0051070771088596 0.1850318298319487
v 0.1401392851715001 -0.0694893954429391 0.1875229259376167
v 0.1377147576675957 -0.0474263602035294 0.1641994334791928
v 0.1362673031945364 -0.0451063068936326 0.1856840370831124
v 0.1457035400329680 -0.0780957803896326 0.1442539949757211
v 0.1292198338673263 -0.0215588743579534 0.1414169622023754
v 0.1382891181654574 -0.0505767605435244 0.1428337731124741
v 0.1173263353778422 0.0061386153593295 0.1405438132118044
v 0.1398922661451209 -0.1123812785435230 0.1901644890894199
v 0.1462831269912986 -0.0955683053683314 0.1691211087798347
v 0.1413375200032459 -0.0920459460890603 0.1892572855827400
v 0.1467094961348262 -0.1310540464150951 0.1719398214338519
v 0.1359124540363748 -0.1300403881609667 0.1894688196933031
v 0.1667364674216152 -0.1449910909479768 0.1252539544018832
v 0.1555589940163905 -0.1193220180464178 0.1499784270967219
v 0.1567789599206128 -0.1355708085678192 0.1518424304691642
v 0.1593800867729976 -0.1052405581584704 0.1190758517583257
v 0.1517373511060497 -0.1004135093000050 0.1471860117911699
v 0.1419193075765109 -0.1053184049117725 0.0977331603099841
v 0.1283527915831980 -0.1198300850193826 0.0965596823962496
v 0.1253902137278486 -0.0957113453390632 0.0804145958536289
v 0.1336405941935400 -0.1005199640474535 0.0969461653940923
v 0.1300555173886403 -0.1445845273388582 0.1029839650817425
v 0.1117419999050985 -0.1338887135273863 0.0825469917250002
v 0.1202479267800396 -0.1369783768951937 0.1004867347619450
v 0.1126560803334482 -0.1133401965011598 0.0581077874948681
v 0.1039578747286195 -0.1323452572278166 0.0584455818872886
v 0.1173703476765289 -0.0921969632889291 0.0572616510526160
v 0.1754984908595396 -0.1342694199110264 0.0869966351222270
v 0.1827082555381569 -0.1113365366034471 0.0435886803118546
v 0.1669193935380318 -0.0849079764726756 0.0709005122618952
v 0.1712403009616000 -0.1079495151426377 0.0822034207183770
v 0.1862638991183099 -0.1746446522650173 0.0510289594048437
v 0.1770766068443251 -0.1596568141009904 0.0897743613230922
v 0.1929182836028743 -0.1522698999201589 0.0115449760992587
v 0.1925262990676957 -0.1852131054871646 0.0156240909569168
v 0.1867147501029819 -0.0879101653968431 0.0059350584779034
v 0.1904101327314651 -0.1177851635916512 0.0095542448142853
v 0.1441988695716159 -0.1342856494461671 0.0743535521707347
v 0.1509605340342292 -0.1748548109912464 0.0443734746128121
v 0.1409603896188741 -0.1592340209567311 0.0795346249567613
v 0.1560533071460156 -0.0849170540092797 0.0676931159951009
v 0.1554302580427318 -0.1114848030346480 0.0378043639569532
v 0.1489574242902501 -0.1080441415848141 0.0728199986383695
v 0.1664374588674123 -0.0879726078456049 0.0027562702052555
v 0.1599481205029230 -0.1526508813806658 0.0062090350372282
v 0.1621941231202794 -0.1179986232402817 0.0050281300480903
v 0.1596502122561873 -0.1856862376980468 0.0103786501840608
v 0.1766081509401784 -0.0637987702688670 0.0215671266639572
v 0.1687695605440745 -0.0637780569807976 0.0203114007670518
v 0.1666245111368308 -0.0698651779506636 0.0472983669374111
v 0.1793127066944769 -0.0603718076469994 -0.0098950650522405
v 0.1834693932285703 -0.0677525601060146 -0.0034843986716538
v 0.1729193701564981 -0.0677582817048439 -0.0051131287999290
v 0.0119787723181897 0.0567043453204955 -0.1124877332909715
v 0.0107966569908379 0.0659122683594897 -0.1031056865952980
v 0.0171240025884733 0.0720599612554233 -0.0901231587901844
v 0.0155599705392676 0.0625439521256221 -0.1030724022944162
v 0.0000000000000000 0.0533605109277724 -0.1197104265823281
v 0.0054993642285916 0.0596413410272333 -0.1123873302345925
v 0.0065000388546074 0.0540242714073414 -0.1179405820213886
v 0.0058163353021960 0.0766732753883913 -0.0919675491820246
v 0.0000000000000000 0.0666299439049499 -0.1042678863574940
v 0.0055736349826255 0.0667193438866573 -0.1038332649079627
v 0.0110875507774704 0.0890624623918346 -0.0761940914864398
v 0.0147553982115878 0.1021079827994435 -0.0560504876081310
v 0.0165715657168950 0.0854716089727323 -0.0743906875477516
v 0.0000000000000000 0.0904505002616669 -0.0770957934557838
v 0.0049810368884955 0.1071952543738941 -0.0589597005513228
v 0.0055599911700326 0.0903297415171452 -0.0769450513327818
v 0.0000000000000000 0.1267452423736658 -0.0382909749343082
v 0.0040864043946280 0.1477327820792923 -0.0148618529590362
v 0.0086576317669769 0.1251066094781861 -0.0373997258859023
v 0.0043872834715251 0.1265647919490503 -0.0382015749526008
v 0.0114088130501967 0.1417801186819142 -0.0118274800414541
v 0.0126947423870758 0.1211504539799840 -0.0351727035723545
v 0.0128496931861397 0.1837026584116099 0.0398624890742907
v 0.0102078274497830 0.2085123911813107 0.0624363970707064
v 0.0143345581130827 0.2168794042385219 0.0870032369670300
v 0.0140323586672251 0.2021231807963338 0.0648851313388885
v 0.0083072388540573 0.1680565613053498 0.0114690548840241
v 0.0116780032720393 0.1630958250896235 0.0137026790423749
v 0.0000000000000000 0.1700987319644133 0.0105816569117533
v 0.0048358238105161 0.1914724795910157 0.0367915309334252
v 0.0043103169641967 0.1698770200097790 0.0106683061247927
v 0.0000000000000000 0.2111773358667913 0.0617299996767847
v 0.0055955586089088 0.2264463025886796 0.0836241927353575
v 0.0053639163793833 0.2108761266976541 0.0617093689117753
v 0.0098597726902311 0.2337303380213308 0.1011977534472289
v 0.0100137607202613 0.2321926583359638 0.1167923011486522
v 0.0129957590024062 0.2267461363734829 0.1045793558937626
v 0.0000000000000000 0.2369899988928156 0.1014711248374468
v 0.0050651553943605 0.2397242629487277 0.1139035539243497
v 0.0053356384774771 0.2365526266746164 0.1009943065965496
v 0.0000000000000000 0.2353532915354034 0.1254225259070832
v 0.0054563422066254 0.2347976362644837 0.1234018701100789
v -0.0267081482581789 -0.1629263777396796 0.2669164364617138
v -0.0551782188635337 -0.1645284254118760 0.2366769614184064
v -0.0289933768367398 -0.1754272459510405 0.2084416964265452
v -0.0279758675064763 -0.1699898015251637 0.2367644358620462
v -0.0235075463899944 -0.1437180352084635 0.3226929475105200
v -0.0493463142106772 -0.1497609238181494 0.2962649375334820
v -0.0252234758850426 -0.1541877358354325 0.2963845959705365
v -0.0663760479569010 -0.1338441510749660 0.3221375673164670
v -0.0898125970075763 -0.1317662204232195 0.2960641314207239
v -0.0759003093927059 -0.1496167835399504 0.2665987226805691
v -0.0712600377267923 -0.1423123924191566 0.2961279492538196
v -0.1023365716757476 -0.1434228777303958 0.2354415912096437
v -0.0846400516044202 -0.1607474938778205 0.2077949907127173
v -0.0806748185696141 -0.1557875828926946 0.2360035732484996
v -0.0196236535846986 -0.1189063769006952 0.3601419121555779
v -0.0421720344478760 -0.1290047237574950 0.3432472411509491
v -0.0215712803246457 -0.1316157533770843 0.3437910681165969
v -0.0167009068596606 -0.0963652030514277 0.3821439353459333
v -0.0348032753402529 -0.1064019326900661 0.3711914748177444
v -0.0179105848890649 -0.1067675098460326 0.3726290265235992
v -0.0460899542615940 -0.0972545265617661 0.3773105597195316
v -0.0613679985200865 -0.1023497753653537 0.3684008200041399
v -0.0550382047383366 -0.1144449051981963 0.3581833648640192
v -0.0496508243022159 -0.1052292800069319 0.3694054007216642
v -0.0765847006372843 -0.1171403834158908 0.3424324634715114
v -0.0608326989373093 -0.1242833044158777 0.3426935114180970
v -0.1104681189349849 -0.1228507040936252 0.2667725712603816
v -0.1265188541122960 -0.1080653225035571 0.2377382079704898
v -0.1253434506604939 -0.1298291291272705 0.2095563078907862
v -0.1171879717138458 -0.1270434256972683 0.2366387257339223
v -0.0969541426232293 -0.1129966254945366 0.3221375673164670
v -0.1139082302310852 -0.1021629981728019 0.2962949209119624
v -0.1040148156400454 -0.1181532164394188 0.2961455541732943
v -0.1117158676027532 -0.0834373605274324 0.3226929475105200
v -0.1215773732772452 -0.0662172460817020 0.2964627178007054
v -0.1261769335668736 -0.0859205344193368 0.2672525803929336
v -0.1197013490457240 -0.0845919131527316 0.2964181553482851
v -0.1329050386517382 -0.0660619101750245 0.2376053458438292
v -0.1365278009873884 -0.0895333939877825 0.2112760884619696
v -0.1316240056830881 -0.0875385365498071 0.2379420399287826
v -0.1258693976298002 -0.0454889113076535 0.2670839582735900
v -0.1242208619671159 -0.0222848022094174 0.2374081157303394
v -0.1339374021328085 -0.0439838557386880 0.2094567300650075
v -0.1305468046727307 -0.0441627932405362 0.2372400437647295
v -0.1117158676027532 -0.0507938787144833 0.3227091770456607
v -0.1138427619367887 -0.0296664899297798 0.2965782500847581
v -0.1196705404366433 -0.0477650073342370 0.2964275079617561
v -0.0969541426232293 -0.0197029307377080 0.3227000995090566
v -0.0896918382630546 0.0039402010399281 0.2986814878082494
v -0.1094291536091117 -0.0059688929325188 0.2684464139948107
v -0.1039108365843981 -0.0123039131747378 0.2972263311829200
v -0.0980085122536429 0.0196889018175016 0.2416316459430632
v -0.1161657860768469 0.0028690517206402 0.2102525274406367
v -0.1135129447735052 -0.0008576896706573 0.2386817216235862
v -0.1034203745309080 -0.0684052074801652 0.3440422132959779
v -0.0902612473773140 -0.0580733176126904 0.3601438376936456
v -0.0969585438530980 -0.0406962195498505 0.3433140848295795
v -0.1018373071625202 -0.0543535659245781 0.3437976699613999
v -0.0782846756740587 -0.0711064348043757 0.3732119144043314
v -0.0631532473855663 -0.0644111738974060 0.3821439353459333
v -0.0742685534188960 -0.0521506128368746 0.3711934003558119
v -0.0772767940341329 -0.0615576365120528 0.3726293016004660
v -0.0583091437613598 -0.0486606301048249 0.3773105597195316
v -0.0613679985200865 -0.0362475114139707 0.3684167744624139
v -0.0792383671712264 -0.0361028759974115 0.3582504836195164
v -0.0691955858415186 -0.0433538471906743 0.3694120025664672
v -0.0765847006372843 -0.0164911332410450 0.3429949956641009
v -0.0886077603310275 -0.0279103992121799 0.3429278769086037
v -0.0792383671712264 -0.1017729391756909 0.3581833648640192
v -0.0969585438530980 -0.0955666549071306 0.3432472411509491
v -0.0886077603310275 -0.1073853324888474 0.3426935114180970
v -0.0583091437613598 -0.0928202874690797 0.3773105597195316
v -0.0742685534188960 -0.0891039989987202 0.3711914748177444
v -0.0691955858415186 -0.0967016220595143 0.3694054007216642
v -0.0631532473855663 -0.0796058423575738 0.3821439353459333
v -0.0902612473773140 -0.0813422375715114 0.3601419121555779
v -0.0772767940341329 -0.0804197948064112 0.3726290265235992
v -0.1018373071625202 -0.0823540253029456 0.3437910681165969
v -0.0749556954321423 0.0295523330300611 0.2744623450715509
v -0.0534485355251458 0.0546027580582049 0.2522933502230529
v -0.0787256238915262 0.0457323543347644 0.2192618449818071
v -0.0775430684411875 0.0387432013033142 0.2465739520087145
v -0.0663760479569010 0.0062571734889168 0.3247252154023790
v -0.0492945997597204 0.0305307814452401 0.3038672369010115
v -0.0711656863614826 0.0185825426592643 0.3011161931562251
v -0.0235075463899944 0.0222275862211247 0.3277557372438261
v -0.0264945785788016 0.0532876155580725 0.2821708241096622
v -0.0252021299201796 0.0385913588728450 0.3061308444378426
v -0.0272782725722919 0.0740355633127232 0.2327084274611987
v -0.0272362133193594 0.0654061269245925 0.2572414329029069
v -0.0550382047383366 -0.0199705805290966 0.3584914509548262
v -0.0421720344478760 0.0004071137628521 0.3448944014292994
v -0.0608326989373093 -0.0069209339684858 0.3437715376590546
v -0.0460899542615940 -0.0422813775024258 0.3773105597195316
v -0.0348032753402529 -0.0292805295779840 0.3712385129619658
v -0.0496508243022159 -0.0319077887327140 0.3694362093307449
v -0.0167009068596606 -0.0414506178570274 0.3821439353459333
v -0.0196236535846986 -0.0118258295802533 0.3607446055707192
v -0.0179105848890649 -0.0276504515730615 0.3726892683574266
v -0.0215712803246457 0.0051109281849947 0.3459003575311576
v -0.0470521731416323 -0.0591308533778408 0.3869365995960496
v -0.0316968322835712 -0.0521680527102292 0.3869365995960496
v -0.0458476115419503 -0.0511949407862660 0.3829367068760277
v -0.0486085580539412 -0.0728678069978180 0.3903635072025439
v -0.0324783256621272 -0.0674144356213539 0.3947102718515905
v -0.0481486295326650 -0.0663155310462067 0.3894675818474025
v -0.0164743810598574 -0.0733623952043099 0.3989255497583106
v -0.0161763902900617 -0.0611454888425384 0.3947102718515905
v -0.0163534297615290 -0.0679253633937333 0.3978681542823623
v -0.0161966909628309 -0.0524979523965728 0.3894675818474025
v -0.0470521731416323 -0.0847448558906679 0.3869365995960496
v -0.0324783256621272 -0.0783861240225315 0.3947102718515905
v -0.0481486295326650 -0.0789202957901549 0.3894675818474025
v -0.0316968322835712 -0.0894285897015347 0.3869365995960496
v -0.0458476115419503 -0.0906686362170329 0.3829367068760277
v -0.0161763902900617 -0.0828015203498428 0.3947102718515905
v -0.0161966909628309 -0.0886014335630913 0.3894675818474025
v -0.0163534297615290 -0.0780300920338427 0.3978681542823623
v -0.0799021276507954 0.0169535374541223 0.0062384682619750
v -0.0801194383755611 -0.0029188406335295 -0.0149124671025260
v -0.0952439897423836 -0.0194801184756065 0.0066282521822192
v -0.0964667064152739 0.0029356203224038 0.0286773135167958
v -0.0887576772234291 0.0005319986603757 0.0063520750079600
v -0.0657480474700149 0.0051695195576214 -0.0346954452084704
v -0.0605427679197106 -0.0133904667985660 -0.0516852928090093
v -0.0748269594584837 -0.0241935605880868 -0.0343956114236672
v -0.0706738489236586 -0.0075239024604938 -0.0344726329463690
v -0.0660861169393022 -0.0457888001078301 -0.0513155895000409
v -0.0787864158790872 -0.0641314207238785 -0.0344068895752057
v -0.0888542292036731 -0.0421393278084145 -0.0147625502101244
v -0.0777004124089925 -0.0435067624209240 -0.0343964366542676
v -0.1006624538644518 -0.0649434476346484 0.0073616071090865
v -0.1085868682429947 -0.0424002382165666 0.0302683581143206
v -0.0992493839997414 -0.0417494888727969 0.0069905284157842
v -0.0888239707483260 -0.0862258697414759 -0.0145686210190360
v -0.0949796408733966 -0.1094706902159972 0.0078691239283177
v -0.1089056823316065 -0.0897108185668633 0.0318984636269297
v -0.0993434602881843 -0.0877987592657923 0.0076691430461600
v -0.0660002929568631 -0.0833006473246368 -0.0512968842730991
v -0.0739788974781641 -0.1045616684512278 -0.0343100625180949
v -0.0776189896564221 -0.0847927192654898 -0.0343719548131231
v -0.0575372780731416 -0.1175312676436022 -0.0510270338667761
v -0.0585677160161443 -0.1379389453140312 -0.0342300151498584
v -0.0776825324126511 -0.1263991956752415 -0.0144654671939890
v -0.0676876144577650 -0.1225676499976962 -0.0342522963760686
v -0.0757512177309047 -0.1461623682467770 0.0077868759451469
v -0.0960356609650109 -0.1310777030256392 0.0324962056584687
v -0.0872293501515330 -0.1291835237209098 0.0079213885330082
v -0.0550547093503441 -0.0652336812368006 -0.0652328284985136
v -0.0430126693527923 -0.0798406479710674 -0.0768537258130069
v -0.0518297081640751 -0.0971882330368692 -0.0648523971917403
v -0.0542800928934579 -0.0816004797340557 -0.0651117946771251
v -0.0330975236892759 -0.0670087247505225 -0.0880226718353610
v -0.0242149615683232 -0.0769347909656505 -0.0991129458738126
v -0.0316753762879615 -0.0887774827578381 -0.0872392529187375
v -0.0327927385208704 -0.0782193724258823 -0.0877712515791132
v -0.0221908359517213 -0.0929817575898865 -0.0978984815069261
v -0.0259348521702533 -0.1056705033012663 -0.0864811410738588
v -0.0380544088288671 -0.1044997761561997 -0.0760502262851075
v -0.0294780622760273 -0.0981166174622921 -0.0867135810262981
v -0.0412285207947796 -0.1230842443535315 -0.0644725160387006
v -0.0475354831965857 -0.1112614406188129 -0.0645929997063555
v -0.0469990833063414 -0.0107896150230480 -0.0679918494724370
v -0.0396242725076489 -0.0283175129750320 -0.0780208769588052
v -0.0525165751004546 -0.0335937073415953 -0.0652716143367312
v -0.0499396550123475 -0.0205240351850820 -0.0660597095600902
v -0.0281227585533433 -0.0290684728213740 -0.0903264405947437
v -0.0226360478606241 -0.0424292588260132 -0.0988015588606041
v -0.0319300974666108 -0.0451449001780435 -0.0877074337460174
v -0.0303849907058404 -0.0359999422338580 -0.0883249813119654
v -0.0242195003366253 -0.0585755502053105 -0.0991539323269646
v -0.0430566816514790 -0.0523435242435558 -0.0769117670319000
v -0.0328152948239474 -0.0557366991738754 -0.0878235161838036
v -0.0543485870332891 -0.0488723292615080 -0.0651538814377443
v -0.0535747958070033 -0.1557248653670660 -0.0146005299355839
v -0.0419448209559059 -0.1695848883772459 0.0070268385622007
v -0.0667116417343872 -0.1621248037498479 0.0313606883523515
v -0.0603738707235003 -0.1597085285519473 0.0074482563221260
v -0.0395637555969546 -0.1420351149374303 -0.0510270338667761
v -0.0322907232389751 -0.1584294211213646 -0.0343339942055058
v -0.0465570347814067 -0.1499185428628212 -0.0342657751425414
v -0.0140379427276210 -0.1539594220359952 -0.0512968842730991
v -0.0190332010901296 -0.1705732395596294 -0.0148552511142332
v -0.0165213091733321 -0.1635084403898114 -0.0344005628072695
v -0.0237721703358482 -0.1791600390334074 0.0294909908887665
v -0.0214810551123380 -0.1756310779093333 0.0066659377129697
v -0.0265378206622613 -0.1211933659712036 -0.0760626047441132
v -0.0227952348434366 -0.1381942166464141 -0.0648545978066746
v -0.0328295988210206 -0.1320371711370096 -0.0645943750906894
v -0.0159777297768645 -0.1029145081728776 -0.0980016353319731
v -0.0145802842781880 -0.1143282726066765 -0.0873193002869739
v -0.0208623797312361 -0.1109904899050228 -0.0867564930175176
v -0.0057776319870384 -0.1063870785392593 -0.0993660165912612
v -0.0094720518464879 -0.1284754758657873 -0.0768839842683540
v -0.0074917459747658 -0.1160541048689293 -0.0878766060190945
v -0.0116702461043958 -0.1417457340735652 -0.0651148205226598
v -0.0115418952383507 0.1115277150258675 0.1699268089226683
v -0.0319446765405508 0.0900007495844620 0.1667681012612962
v -0.0235124152505366 0.0841966276951516 0.1911921762637547
v -0.0173659051851302 0.0944525935966232 0.1790502833635574
v -0.0431810163952690 0.0825904538699533 0.1248585589135564
v -0.0580117856683577 0.0698134084843333 0.1491148232734285
v -0.0269962912761435 0.1055912811636302 0.1428106116402902
v -0.0398943979908386 0.0862467755833521 0.1475895220470670
v -0.1012241608264410 0.0309458724372292 0.1416731687961055
v -0.0783061316696684 0.0524343271172838 0.1697463584980528
v -0.0815701937710219 0.0498846396389891 0.1218884852135869
v -0.0802088383572685 0.0518203555506042 0.1456702557320861
v -0.0527385621319558 0.0677376784475212 0.2017570534866337
v -0.1007716593805682 0.0288308064084658 0.1879657996931517
v -0.0785028116294247 0.0502205084933421 0.1939484464690102
v -0.0263751402032405 0.0789577887670986 0.2099975311851206
v -0.0301074381472473 0.0963550252073564 0.0982193036566655
v -0.0430718108791525 0.0729993487555179 0.0755033734739251
v -0.0615217664886232 0.0630569704821891 0.1001366169258922
v -0.0437848101178773 0.0783209858204752 0.1005298393069713
v -0.0293930635241885 0.0808841520652427 0.0473894173803192
v -0.0428533998469197 0.0575664362210215 0.0264409385897772
v -0.0584840926486395 0.0534933730544329 0.0514528528565701
v -0.0423313039537486 0.0662173286047620 0.0505500505797589
v -0.0721078246302451 0.0353055656990150 0.0283783049625930
v -0.0910757499798850 0.0246394601891566 0.0508798677430424
v -0.0786802362085055 0.0443602709232061 0.0745031939862695
v -0.0755165771635311 0.0403994391182686 0.0511901544487838
v -0.0989456991388031 0.0289199313133064 0.0965008159467561
v -0.0809234880571940 0.0474383810626082 0.0981314716130989
v -0.0570355378681130 0.0381223528149647 0.0057037188329314
v -0.0653585386266375 0.0213833753169401 -0.0149969157006311
v -0.0689392142016685 0.0288948993184283 0.0062541476433821
v -0.0356549133198408 0.0572528485928787 -0.0003199143960791
v -0.0486247875890819 0.0350736759003094 -0.0178227803531849
v -0.0455059660733946 0.0468433897997372 0.0037812066109223
v -0.0449079489649889 0.0307835770858219 -0.0432550120724360
v -0.0479178400414266 0.0133142705064647 -0.0601020947791099
v -0.0552593665392373 0.0182959125640671 -0.0364243033162579
v -0.0501242315899649 0.0234871631941651 -0.0389308037264663
v -0.0535885496503429 0.0041896957581084 -0.0541378781533265
v -0.0605224122315680 0.0130540477904795 -0.0351892081843620
v -0.0388254492864850 0.0137354131895231 -0.0869121865241219
v -0.0287389307349573 0.0007190509297942 -0.1007441516938890
v -0.0415619139573315 -0.0005322737372424 -0.0763021966950890
v -0.0403845849674618 0.0056283477714304 -0.0814887710184515
v -0.0135947663875324 -0.0115845871680768 -0.1084286990445893
v -0.0148326673034696 0.0097547758501766 -0.1214557893021231
v -0.0148450182547886 -0.0007847943009575 -0.1147782983607482
v -0.0073838883352967 -0.0317402669208377 -0.1088682718777228
v -0.0195127976073814 -0.0228773177804873 -0.0999478041645262
v -0.0105412481200215 -0.0226558809027198 -0.1063832274631242
v -0.0336721592640043 -0.0146929557628260 -0.0854870132772727
v -0.0180246867734102 -0.0334747365967077 -0.1020656209619576
v -0.0249247424077066 -0.0249016084432094 -0.0942526127144654
v -0.0440615374458700 -0.0049931952860077 -0.0714690961455542
v -0.0064958026708588 0.1669713830658555 0.1506818811681689
v -0.0149620359539219 0.1349009963971807 0.1508332284602779
v -0.0080655838265805 0.1370259651931487 0.1604886465461692
v -0.0059045249456895 0.2204358730492752 0.1318280577028743
v -0.0113866693624200 0.1941280716630253 0.1323306231385033
v -0.0060396977180311 0.1964219376552035 0.1409729331239998
v -0.0147671164861131 0.2124792746773176 0.1104785993636097
v -0.0174789892850683 0.1813999899596944 0.0995290271425221
v -0.0163987624291763 0.1609348212241058 0.1270890802048497
v -0.0153728907621624 0.1893623649458546 0.1183272300653514
v -0.0220304936460682 0.1265815716379246 0.1158518683564639
v -0.0196661254529313 0.1315577121581912 0.1356287122482789
v -0.0186889698990262 0.1451696158345248 0.0848689155575911
v -0.0215705101094187 0.1103919226428835 0.0672109062476146
v -0.0222373239422091 0.1195354776950484 0.0925776696725691
v -0.0164618100470450 0.1896500953485190 0.0695691402266221
v -0.0163537598537691 0.1549959116700673 0.0512814799685587
v -0.0174384704625899 0.1697205012725744 0.0766730003115246
v -0.0141133412968086 0.1534508049092969 0.0180750258400332
v -0.0163739229881050 0.1198972037748799 -0.0004940380527584
v -0.0174509589523422 0.1191377165456672 0.0332361624301391
v -0.0155553767555921 0.1380976646661702 0.0250080631906578
v -0.0234862829481913 0.0859788507150967 0.0160413825638402
v -0.0214976422474055 0.0991927181651823 0.0412122912596389
v -0.0234970384536829 0.0864137472414948 -0.0154452909935020
v -0.0346308021447743 0.0556953633731026 -0.0287815676493100
v -0.0285152932422554 0.0709940383966045 -0.0071220151581107
v -0.0163858888318104 0.1134807607800905 -0.0307978810828951
v -0.0241905347425521 0.0835188382953762 -0.0451104055389478
v -0.0197405337453985 0.1013102598857468 -0.0238252326634524
v -0.0221281184260927 0.0785611279251846 -0.0707588476754973
v -0.0288841713206234 0.0552304834682242 -0.0830611103890344
v -0.0336606060355991 0.0547708300238148 -0.0572979611990326
v -0.0278597850686901 0.0677497818296600 -0.0647294378322843
v -0.0403513006665800 0.0307951303142272 -0.0707252882977487
v -0.0393901820940089 0.0417426394588138 -0.0497212439801147
v -0.0310182176531955 0.0357234074596720 -0.0966490823779570
v -0.0262067381453905 0.0210939944530750 -0.1112485120060737
v -0.0355811927195406 0.0241663279782744 -0.0920962851556832
v -0.0204443179090857 0.0562746752545664 -0.1024146935059166
v -0.0191782216143023 0.0421893642904839 -0.1146206793160764
v -0.0257633692514952 0.0469215116299061 -0.1002091271879786
v -0.0081879655246163 0.0479877095655917 -0.1216830027940933
v -0.0121894536904656 0.0307282866355967 -0.1258743490134024
v -0.0101940185910700 0.0401183105604072 -0.1244940132958404
v -0.0138453339054932 0.0204096032084966 -0.1251024833251842
v -0.0034340045896575 -0.0387053507264436 -0.1282199294565375
v -0.0094761504918031 -0.0373859720425626 -0.1145222017977649
v -0.0050267271560697 -0.0370014420904742 -0.1164557170944456
v -0.0018842600329129 -0.0338338769539913 -0.1594040184604086
v -0.0048230052285235 -0.0388208555028096 -0.1419091297324396
v -0.0024427513463293 -0.0374533108595533 -0.1429456193665117
v -0.0059087336217514 -0.0398553645834408 -0.1566725051731644
v -0.0090467555027408 -0.0457145568614830 -0.1403667737403371
v -0.0092710256722363 -0.0412419170381924 -0.1259337656166295
v -0.0070707133224540 -0.0415012595082038 -0.1409986253033582
v -0.0152173072863048 -0.0417499565034704 -0.1114418910434285
v -0.0128592933687907 -0.0387891116323818 -0.1126791867902587
v -0.0126170881875804 -0.0493102791411275 -0.1249753978127263
v -0.0174756883626668 -0.0531068900565902 -0.1114251113545542
v -0.0166896012004354 -0.0466613989446676 -0.1111261028003513
v -0.0106823350449991 -0.0542844253541099 -0.1537099273178149
v -0.0113154244539208 -0.0577107030345792 -0.1393833739415558
v -0.0104922294223592 -0.0513331669118289 -0.1396141634327943
v -0.0117831926659006 -0.0678378339347201 -0.1531322658975517
v -0.0114729059601592 -0.0711161725254601 -0.1398820883010496
v -0.0135760336529039 -0.0622231574835693 -0.1256625398259726
v -0.0115763348620730 -0.0643967323618994 -0.1396471726568093
v -0.0178366992426446 -0.0684090860639870 -0.1121892748905022
v -0.0177860300837815 -0.0605365236748344 -0.1119238257140480
v -0.0134795366880333 -0.0763224973678582 -0.1256223786034210
v -0.0174318136024135 -0.0834802725186519 -0.1112584147732782
v -0.0177852598685545 -0.0762004732697493 -0.1118831143377628
v -0.0107895049923013 -0.0804211976984319 -0.1531900320395781
v -0.0106644550486577 -0.0837058905647947 -0.1391443321443136
v -0.0111851480498082 -0.0776222355634503 -0.1396259917380663
v -0.0086237147893014 -0.0912787567075775 -0.1527746659707222
v -0.0085777219371738 -0.0937948848081236 -0.1390543820088726
v -0.0124250020114996 -0.0886220643281007 -0.1245482034385984
v -0.0098242052513549 -0.0891645159094144 -0.1388246928251013
v -0.0147811178986328 -0.0948459535161357 -0.1104560155528461
v -0.0165169354511501 -0.0898337779263193 -0.1106656241253415
v -0.0090075295415363 -0.0965489543984447 -0.1251052340938521
v -0.0084709370974852 -0.1001494355078847 -0.1116748811496012
v -0.0120311744613135 -0.0981983152917293 -0.1108889865411766
v -0.0055600736930926 -0.1002644176382038 -0.1553356316005554
v -0.0047817436985048 -0.1000121721513555 -0.1415399765772048
v -0.0068645707184801 -0.0974201228355749 -0.1401038002556839
v -0.0019178799275723 -0.1060168250765573 -0.1595993230358309
v -0.0032660701624810 -0.0996815297574716 -0.1270032644747167
v -0.0024524863166451 -0.1015691072173981 -0.1428138575473184
v -0.0043705037826508 -0.1010541633227635 -0.1124324428407463
v -0.0016957856160931 -0.0203966745957573 -0.1951750142180356
v -0.0033494459608057 -0.0313367841726272 -0.1741013754531032
v -0.0016197323639625 -0.0282894551346192 -0.1766183287842497
v -0.0031858302404378 0.0047222445722176 -0.2396604451156321
v -0.0044040631603994 -0.0152285304224699 -0.2100704265548204
v -0.0021905443702425 -0.0095864288076999 -0.2159103084368138
v -0.0091831386132963 -0.0130757788629560 -0.2217446887814714
v -0.0090018629580803 -0.0320345716606184 -0.1967236969780743
v -0.0054973836751507 -0.0306299191480319 -0.1866008682801301
v -0.0066645348209490 -0.0231169097314631 -0.2029679418542519
v -0.0078915151852746 -0.0424205939047093 -0.1709875053210181
v -0.0053298343555877 -0.0361486487880457 -0.1715816713532888
v -0.0107147115922206 -0.0456652905946405 -0.1830303705491704
v -0.0146306508524976 -0.0577676797059978 -0.1826562660103333
v -0.0123635498394583 -0.0540191632299251 -0.1684127858478454
v -0.0112594738192154 -0.0496424894731522 -0.1745717568953175
v -0.0140291677755703 -0.0344782170067648 -0.2065604457345550
v -0.0133808391082283 -0.0493720338977223 -0.1951255003820130
v -0.0113819655479978 -0.0408919642482596 -0.1934420299572462
v -0.0160745568339753 -0.0507130886387065 -0.2127304198566987
v -0.0142806430471915 -0.0644568091496067 -0.2214200980786569
v -0.0151983819978695 -0.0623513708111811 -0.1988170319343612
v -0.0145096170311091 -0.0572874725181018 -0.2037739170739524
v -0.0176424949746895 -0.0774176608976171 -0.2190654400989177
v -0.0190324308749026 -0.0720838654351475 -0.1960827678784491
v -0.0170638707853926 -0.0669360769500027 -0.1966439246867046
v -0.0132982885405040 -0.0795434824318721 -0.1660828847861174
v -0.0140730975511970 -0.0921504752984412 -0.1789014667786230
v -0.0104694255501022 -0.0900865735669011 -0.1655932479632278
v -0.0120628633163680 -0.0850754982845519 -0.1658820786733593
v -0.0180985174044572 -0.0984018721731554 -0.1952355311287299
v -0.0160925743687502 -0.1159586531961525 -0.2118034108156098
v -0.0130606221275958 -0.1049107409951869 -0.1920748979292902
v -0.0157694965887030 -0.1022455212328395 -0.1937171068240381
v -0.0105459519344437 -0.1167090628887610 -0.2045853938309887
v -0.0079518945575354 -0.1108988893083811 -0.1927240793349192
v -0.0094609937564428 -0.1001145007458022 -0.1784530914857521
v -0.0103776323996537 -0.1073669023387723 -0.1911974027242238
v -0.0068212186042737 -0.0996284399221808 -0.1672684660819908
v -0.0086727609946504 -0.0948445781318017 -0.1658408171433405
v -0.0051832183855876 -0.1102100968339340 -0.1847716071159635
v -0.0033259819040683 -0.1090905339860907 -0.1739693385570430
v -0.0050403984763492 -0.1045880758304399 -0.1703025639227062
v -0.0071347512170432 -0.1233252116888413 -0.2102134665255523
v -0.0039104377229412 -0.1236718085409992 -0.2058589997242355
v -0.0058729461213818 -0.1168576043968287 -0.1984319243208525
v -0.0025469477127015 -0.1392934238061148 -0.2288994380867304
v -0.0016627268782420 -0.1202608553927788 -0.1947679004551835
v -0.0019561128612877 -0.1293540713783208 -0.2122132753471299
v -0.0016528571202615 -0.1123713757763185 -0.1770694548457885
v -0.0065401725694724 0.0412120161827721 -0.2957348644111739
v -0.0091987079639567 0.0127932749207607 -0.2565529155053266
v -0.0047173206963021 0.0226168199876353 -0.2668793010846969
v -0.0099580026393625 0.0669003444650064 -0.3494133641969578
v -0.0157778314177668 0.0433672434340871 -0.3085837048590266
v -0.0083691586567722 0.0571194363124846 -0.3240045140113841
v -0.0245454939314605 0.0337555075546423 -0.3083553910595893
v -0.0256518255820111 0.0099643844226721 -0.2735526658730699
v -0.0176710204457758 0.0136160298293354 -0.2669755779880741
v -0.0214365476752910 0.0262467343218221 -0.2897959548571354
v -0.0165721983936886 -0.0138946826953957 -0.2313696283505222
v -0.0132144176038192 -0.0002560965629833 -0.2435857920047534
v -0.0247679485936351 -0.0149187938704622 -0.2427908198597246
v -0.0204824160551364 -0.0351844768622532 -0.2209194581810955
v -0.0190772959118764 -0.0257664501124033 -0.2231173223467633
v -0.0303759131692362 0.0132598052868398 -0.2904176285760853
v -0.0308132853874355 -0.0108619602390143 -0.2635646248398537
v -0.0290602205153703 -0.0021257940265683 -0.2651600706672471
v -0.0312646865258411 -0.0005537297328522 -0.2960759597259960
v -0.0273680576616128 -0.0168877940829591 -0.2828310085899629
v -0.0259561156120563 -0.0302278117841554 -0.2454590654676067
v -0.0300623255410934 -0.0163120582007635 -0.2686040330394825
v -0.0190408482270264 -0.0449260215151371 -0.2424662291569101
v -0.0205388068128288 -0.0417300959536881 -0.2266960723837267
v -0.0198639057201547 -0.0280737948710543 -0.2883490505378097
v -0.0113494239546563 -0.0421155061517503 -0.2987056945725272
v -0.0128887265935375 -0.0590175492164092 -0.2548776973865635
v -0.0158662686304404 -0.0445646805429192 -0.2689176206676254
v -0.0260985229059945 0.0048702359265517 -0.3249397753584768
v -0.0174117880065111 -0.0014397523207891 -0.3405916490789395
v -0.0233552913442250 -0.0107687091811718 -0.3093264123993649
v -0.0107468680779485 0.0288566636339442 -0.3834761326118067
v -0.0075448908254300 -0.0161362840828834 -0.3450561466269731
v -0.0092971579745815 0.0071773056083359 -0.3672355943964092
v -0.0048460566699607 -0.0606785733688458 -0.3075906773699076
v -0.0059076608219709 -0.0393285373681608 -0.3231352711123215
v -0.0116398776183020 0.0606332682088851 -0.3833771049397616
v -0.0206860554596225 0.0520283136618989 -0.3474355615247236
v -0.0110852401317893 0.0677423547542566 -0.3697745538768990
v -0.0214620748085293 0.0334331174667621 -0.3616047709331777
v -0.0115379066237822 0.0471762328085554 -0.3885623038787902
v -0.0289620180739255 0.0255961775318591 -0.3251928460759254
v -0.0282839535972833 0.0165345953859982 -0.3285240269327760
v -0.0274069535305772 0.0323864499886187 -0.3190778873271400
v -0.0052772396586571 -0.0944751498997001 -0.3063968437680305
v -0.0089855508998796 -0.0755885922872573 -0.2788423940214794
v -0.0047234274027449 -0.0788201403029559 -0.3031536875085533
v -0.0069465986401575 -0.1226042352209796 -0.3167644908774196
v -0.0115892084594389 -0.1003573936191795 -0.2852819434730793
v -0.0061405959127704 -0.1087131285248522 -0.3125310578974913
v -0.0176518475881604 -0.0982376512836806 -0.2536205961053242
v -0.0135624998710577 -0.0803672276171673 -0.2485371756070087
v -0.0156538267662170 -0.0891898229811593 -0.2511256489235211
v -0.0123250665857941 -0.0706748942157524 -0.2488040001677969
v -0.0172134300778674 -0.0680931327747898 -0.1788381990992608
v -0.0141148817272627 -0.0666474938090513 -0.1653896910818017
v -0.0134905672703916 -0.0599820787421285 -0.1658270633000009
v -0.0210182382839605 -0.0919744261036944 -0.2204765844255604
v -0.0203680390939243 -0.0857684169120008 -0.1961515370951470
v -0.0201691585192337 -0.0785912213344116 -0.1960690140351095
v -0.0203477659288417 -0.1077569613358833 -0.2180091449304365
v -0.0171048572385446 -0.0813927691919411 -0.1792893251607997
v -0.0196629620689631 -0.0926797231901489 -0.1959837402064039
v -0.0140241063612213 -0.0733037763239965 -0.1657362879339596
v -0.0115957277811819 -0.1316072259942138 -0.2266438077790363
v -0.0065782982232097 -0.1399901935096989 -0.2332456525820434
v -0.0091304338856189 -0.1281778426959184 -0.2190929477855969
v -0.0164851365653490 -0.1319901329927882 -0.2405351895520305
v -0.0104677475812147 -0.1507968632984880 -0.2557194325989469
v -0.0141906654040638 -0.1333039001085866 -0.2338370678456461
v -0.0064569893249545 -0.1653503550898504 -0.2855845280265504
v -0.0044756656688253 -0.1584904881857924 -0.2588883181043903
v -0.0055358394211282 -0.1643658549836020 -0.2725513860779472
v -0.0034295758521022 -0.1495389367866483 -0.2444137733737972
v -0.0074186855589459 -0.1499653059301759 -0.3083141295295704
v -0.0139071436774614 -0.1244508262277540 -0.2879419367749576
v -0.0073783317825875 -0.1368526667670697 -0.3151030266019961
v -0.0133957757820951 -0.1454931062298721 -0.2753681731938969
v -0.0071006141778743 -0.1600840084751183 -0.2979547347261851
v -0.0188551163265685 -0.1182236361173175 -0.2509165905047592
v -0.0180799772236354 -0.1266033027104012 -0.2464025791207030
v -0.0187369433045947 -0.1082892350731258 -0.2535105653586074
v -0.1134766346270886 -0.1598614712898836 0.1494941817804213
v -0.1278859861402521 -0.1543690114906484 0.1662968945884816
v -0.1443177027780701 -0.1584863620327905 0.1497962436878455
v -0.1394807511524002 -0.1695873640690470 0.1247708919161098
v -0.1319219139298238 -0.1586692881492072 0.1498572557369000
v -0.1309695978169900 -0.1434303048057992 0.1858677884301295
v -0.1415154947360603 -0.1497843053518268 0.1676321176998898
v -0.1097086317057723 -0.1559460271679668 0.1838877851429609
v -0.1280634107193329 -0.1505479187340412 0.1778605759146822
v -0.1605521893023982 -0.1695361997718237 0.1260128474650635
v -0.1554742703414185 -0.1479492675734576 0.1523438130742659
v -0.1516407991258057 -0.1553094992982101 0.1512654292333814
v -0.0503932567656875 -0.1743811286266306 0.0546024829813381
v -0.0781694184668728 -0.1639790969088925 0.0816166817615097
v -0.0906810146760385 -0.1490707559593684 0.0579796016749430
v -0.0724585476354049 -0.1632985567404492 0.0565082155144728
v -0.0275781063570952 -0.1831117933017408 0.0764779708129690
v -0.0258203651782945 -0.1815950194582499 0.0529583485485225
v -0.0299250621845642 -0.1838806331444243 0.1213925766381343
v -0.0573612288783947 -0.1758981775469883 0.1024659128185132
v -0.0289906260680719 -0.1838393716144055 0.0994744243844639
v -0.0888564298186074 -0.1662171222971119 0.1273382695877079
v -0.1066979153987342 -0.1519840950555621 0.1054543203916544
v -0.0842323876878345 -0.1649143582559852 0.1054014781255437
v -0.0599763846509859 -0.1759452156912097 0.1448770715866915
v -0.0866461871939340 -0.1664127019494010 0.1667719523374313
v -0.0883783462241230 -0.1668473233989323 0.1478523029779134
v -0.0301594276750710 -0.1818511160212332 0.1622986523296604
v -0.0302735845747896 -0.1832892178808216 0.1419315760047698
v -0.0586400612321106 -0.1730263750576802 0.1851308575039937
v -0.0297242560718061 -0.1793099559258090 0.1839612306663944
v -0.0858435128966351 -0.1644681835780486 0.1856568044733000
v -0.1752159869173442 -0.1803720277084928 0.0910339382961326
v -0.1777640239344382 -0.2171473291067773 0.0518110029371332
v -0.1608203892475203 -0.1973041091670054 0.0899454591342368
v -0.1695736102257074 -0.1931504484784467 0.0908254300311043
v -0.1893849212489315 -0.2123510888573926 0.0185459574359810
v -0.1885244808096062 -0.2285759476913830 -0.0121438184382648
v -0.1767696210609853 -0.2388902298886145 0.0129079819742129
v -0.1840187217315539 -0.2314037378820044 0.0159060447453785
v -0.1742804504933848 -0.2288306688700324 -0.0143691902906118
v -0.1622188800382907 -0.2127945127666613 0.0143037219963153
v -0.1604592133214225 -0.2171797881770587 0.0494626717253302
v -0.1686776848705660 -0.2316680867509915 0.0135379079991665
v -0.1416409297873174 -0.1795572500290550 0.0862784094230332
v -0.1501740892720710 -0.1926503587346189 0.0889862660997332
v -0.1854502217463392 -0.2082342884689841 -0.0360009600182651
v -0.1778495728400105 -0.1638019474066785 -0.0389038461935207
v -0.1679344271764941 -0.1938389658760270 -0.0162573179042719
v -0.1768752505778333 -0.2034325466822635 -0.0316393412184117
v -0.1946823515496111 -0.1934202988847696 -0.0120899033723736
v -0.1932148164652760 -0.1635928889879165 -0.0365192048353012
v -0.1919186542689523 -0.2031937799618881 -0.0292973367745449
v -0.1934885179477340 -0.1228132936397415 -0.0169403337645163
v -0.1880942605899436 -0.0858759719669165 -0.0233069878464163
v -0.1860267828591352 -0.1183171622520268 -0.0413633084595077
v -0.1916306487894211 -0.1207361882185953 -0.0343257418995020
v -0.1767269841466325 -0.0859419904149466 -0.0250611530259487
v -0.1696170723706606 -0.1230432579003796 -0.0206362665467332
v -0.1780498287990350 -0.1208789531124604 -0.0364278793155262
v -0.1086561876134262 0.0052091306264394 0.0743241189459880
v -0.1234192879772842 -0.0214625974545762 0.0985934081955026
v -0.1158709036756459 0.0058071477348452 0.1190590445617647
v -0.1129539885801839 0.0055672807070026 0.0969483660090266
v -0.1115896073208957 -0.0190732797896212 0.0527459892073591
v -0.1031290681289753 0.0044177344806789 0.0514586294707727
v -0.1185839868128150 -0.0690253682763477 0.0559894205437032
v -0.1240566410776411 -0.0468848713912494 0.0780299544954093
v -0.1166845810476165 -0.0441355056153504 0.0543769199505687
v -0.1353358929235788 -0.0779894906883042 0.0995977138361601
v -0.1367775707824355 -0.0525527202007511 0.1209007116926236
v -0.1311343688601984 -0.0503387090230026 0.1000495550975526
v -0.1177265722190245 0.0060882762927065 0.1622040258874839
v -0.1289871188380203 -0.0198820057779896 0.1845694256188714
v -0.1174446184305627 0.0051070771088596 0.1850318298319487
v -0.1292198338673263 -0.0215588743579534 0.1414169622023754
v -0.1173263353778422 0.0061386153593295 0.1405438132118044
v -0.1457035400329680 -0.0780957803896326 0.1442539949757211
v -0.1377147576675957 -0.0474263602035294 0.1641994334791928
v -0.1382891181654574 -0.0505767605435244 0.1428337731124741
v -0.1401392851715001 -0.0694893954429391 0.1875229259376167
v -0.1362673031945364 -0.0451063068936326 0.1856840370831124
v -0.1462831269912986 -0.0955683053683314 0.1691211087798347
v -0.1398922661451209 -0.1123812785435230 0.1901644890894199
v -0.1413375200032459 -0.0920459460890603 0.1892572855827400
v -0.1593800867729976 -0.1052405581584704 0.1190758517583257
v -0.1555589940163905 -0.1193220180464178 0.1499784270967219
v -0.1517373511060497 -0.1004135093000050 0.1471860117911699
v -0.1667364674216152 -0.1449910909479768 0.1252539544018832
v -0.1467094961348262 -0.1310540464150951 0.1719398214338519
v -0.1567789599206128 -0.1355708085678192 0.1518424304691642
v -0.1359124540363748 -0.1300403881609667 0.1894688196933031
v -0.1253902137278486 -0.0957113453390632 0.0804145958536289
v -0.1283527915831980 -0.1198300850193826 0.0965596823962496
v -0.1419193075765109 -0.1053184049117725 0.0977331603099841
v -0.1336405941935400 -0.1005199640474535 0.0969461653940923
v -0.1126560803334482 -0.1133401965011598 0.0581077874948681
v -0.1173703476765289 -0.0921969632889291 0.0572616510526160
v -0.1117419999050985 -0.1338887135273863 0.0825469917250002
v -0.1039578747286195 -0.1323452572278166 0.0584455818872886
v -0.1300555173886403 -0.1445845273388582 0.1029839650817425
v -0.1202479267800396 -0.1369783768951937 0.1004867347619450
v -0.1669193935380318 -0.0849079764726756 0.0709005122618952
v -0.1827082555381569 -0.1113365366034471 0.0435886803118546
v -0.1754984908595396 -0.1342694199110264 0.0869966351222270
v -0.1712403009616000 -0.1079495151426377 0.0822034207183770
v -0.1867147501029819 -0.0879101653968431 0.0059350584779034
v -0.1929182836028743 -0.1522698999201589 0.0115449760992587
v -0.1904101327314651 -0.1177851635916512 0.0095542448142853
v -0.1862638991183099 -0.1746446522650173 0.0510289594048437
v -0.1925262990676957 -0.1852131054871646 0.0156240909569168
v -0.1770766068443251 -0.1596568141009904 0.0897743613230922
v -0.1509605340342292 -0.1748548109912464 0.0443734746128121
v -0.1441988695716159 -0.1342856494461671 0.0743535521707347
v -0.1409603896188741 -0.1592340209567311 0.0795346249567613
v -0.1599481205029230 -0.1526508813806658 0.0062090350372282
v -0.1596502122561873 -0.1856862376980468 0.0103786501840608
v -0.1664374588674123 -0.0879726078456049 0.0027562702052555
v -0.1554302580427318 -0.1114848030346480 0.0378043639569532
v -0.1621941231202794 -0.1179986232402817 0.0050281300480903
v -0.1560533071460156 -0.0849170540092797 0.0676931159951009
v -0.1489574242902501 -0.1080441415848141 0.0728199986383695
v -0.1687695605440745 -0.0637780569807976 0.0203114007670518
v -0.1766081509401784 -0.0637987702688670 0.0215671266639572
v -0.1666245111368308 -0.0698651779506636 0.0472983669374111
v -0.1793127066944769 -0.0603718076469994 -0.0098950650522405
v -0.1729193701564981 -0.0677582817048439 -0.0051131287999290
v -0.1834693932285703 -0.0677525601060146 -0.0034843986716538
v -0.0171240025884733 0.0720599612554233 -0.0901231587901844
v -0.0107966569908379 0.0659122683594897 -0.1031056865952980
v -0.0119787723181897 0.0567043453204955 -0.1124877332909715
v -0.0155599705392676 0.0625439521256221 -0.1030724022944162
v -0.0054993642285916 0.0596413410272333 -0.1123873302345925
v -0.0058163353021960 0.0766732753883913 -0.0919675491820246
v -0.0055736349826255 0.0667193438866573 -0.1038332649079627
v -0.0065000388546074 0.0540242714073414 -0.1179405820213886
v -0.0147553982115878 0.1021079827994435 -0.0560504876081310
v -0.0110875507774704 0.0890624623918346 -0.0761940914864398
v -0.0165715657168950 0.0854716089727323 -0.0743906875477516
v -0.0114088130501967 0.1417801186819142 -0.0118274800414541
v -0.0086576317669769 0.1251066094781861 -0.0373997258859023
v -0.0126947423870758 0.1211504539799840 -0.0351727035723545
v -0.0040864043946280 0.1477327820792923 -0.0148618529590362
v -0.0049810368884955 0.1071952543738941 -0.0589597005513228
v -0.0043872834715251 0.1265647919490503 -0.0382015749526008
v -0.0055599911700326 0.0903297415171452 -0.0769450513327818
v -0.0143345581130827 0.2168794042385219 0.0870032369670300
v -0.0102078274497830 0.2085123911813107 0.0624363970707064
v -0.0128496931861397 0.1837026584116099 0.0398624890742907
v -0.0140323586672251 0.2021231807963338 0.0648851313388885
v -0.0055955586089088 0.2264463025886796 0.0836241927353575
v -0.0048358238105161 0.1914724795910157 0.0367915309334252
v -0.0053639163793833 0.2108761266976541 0.0617093689117753
v -0.0083072388540573 0.1680565613053498 0.0114690548840241
v -0.0043103169641967 0.1698770200097790 0.0106683061247927
v -0.0116780032720393 0.1630958250896235 0.0137026790423749
v -0.0100137607202613 0.2321926583359638 0.1167923011486522
v -0.0098597726902311 0.2337303380213308 0.1011977534472289
v -0.0129957590024062 0.2267461363734829 0.1045793558937626
v -0.0050651553943605 0.2397242629487277 0.1139035539243497
v -0.0054563422066254 0.2347976362644837 0.1234018701100789
v -0.0053356384774771 0.2365526266746164 0.1009943065965496
v 0.0145349516105407 -0.1770174653179648 0.2082436410824550
v 0.0285183190877901 -0.1729086421586932 0.2222169957617532
v 0.0140362097433602 -0.1714122240033449 0.2367025435670180
v 0.0000000000000000 -0.1749356835900832 0.2220321441072690
v 0.0143002285201071 -0.1744111120051109 0.2221014634777005
v 0.0432984742173891 -0.1729130433885619 0.2086202213130932
v 0.0563794795408142 -0.1672538870080508 0.2222167206848864
v 0.0417220086938044 -0.1676799810747116 0.2367781897053858
v 0.0425722712890583 -0.1704992438824624 0.2222863151321847
v 0.0538259409863844 -0.1614096038961888 0.2516760777339718
v 0.0397378792536339 -0.1608261658617230 0.2668999318497063
v 0.0273706433841607 -0.1666643972825156 0.2517693287918143
v 0.0407699676578374 -0.1644555300421762 0.2517610764858105
v 0.0134189097465923 -0.1641955824030578 0.2669112100012447
v 0.0000000000000000 -0.1684678012212038 0.2517181644945909
v 0.0137425376803731 -0.1680103483917287 0.2517412709514015
v 0.0711425799046721 -0.1655236535159294 0.2084637025758886
v 0.0829136691884338 -0.1584153922011582 0.2213128181006080
v 0.0682476709585535 -0.1605805222196778 0.2363941823993442
v 0.0698582460136204 -0.1632429912133572 0.2219163367463496
v 0.0979004070449936 -0.1552465066957148 0.2064399620669001
v 0.1064044083818672 -0.1459150741435310 0.2198950719291622
v 0.0922038402105989 -0.1501000935949039 0.2355794047199064
v 0.0954508475462112 -0.1527188253667634 0.2203346447622958
v 0.0988439206980901 -0.1407634345822511 0.2510376243261476
v 0.0863733109420764 -0.1442104228000212 0.2665027208540587
v 0.0783017304397998 -0.1528492118016228 0.2512398058232397
v 0.0891961497490955 -0.1472646012520124 0.2510651320128268
v 0.0645008489559801 -0.1541753573764269 0.2667277337310945
v 0.0664241864085895 -0.1575524760700318 0.2514727959294125
v 0.0735761849451806 -0.1461068027196850 0.2816583559068287
v 0.0606508731283598 -0.1464190149634939 0.2961934175481161
v 0.0508930714326485 -0.1540232398690909 0.2818090980298307
v 0.0625912653467103 -0.1504653956740037 0.2817345521989301
v 0.0927410653314436 -0.1349411576197324 0.2815882113057968
v 0.0810291175740421 -0.1374314284948000 0.2960809111095982
v 0.0836814087236502 -0.1409359077777297 0.2816022402260032
v 0.0868225114655477 -0.1283992795736859 0.3096314726446371
v 0.0754733900954448 -0.1296926910013417 0.3220451414892249
v 0.0688830985208429 -0.1382272258704292 0.3097178467808098
v 0.0783237365891431 -0.1336870821840278 0.3096562295626484
v 0.0565013385928030 -0.1373029675980082 0.3222671285207260
v 0.0477156585443345 -0.1451168010761007 0.3099029735121608
v 0.0586356600022419 -0.1420326392456292 0.3098042209169825
v 0.0259933335121333 -0.1587699662824531 0.2818910709361347
v 0.0126805209130626 -0.1552858426876661 0.2964214562706867
v 0.0000000000000000 -0.1603535838045744 0.2819106013936770
v 0.0130650233574645 -0.1599574731163940 0.2819067503175419
v 0.0374913264825440 -0.1523482968271946 0.2963304058277785
v 0.0386482997842710 -0.1567916134564853 0.2818599872501872
v 0.0349372377743806 -0.1422202416687813 0.3225633863062610
v 0.0243957971005523 -0.1491725344000814 0.3100881002435118
v 0.0362573316581152 -0.1474926399745829 0.3100017261073392
v 0.0118185675509700 -0.1446010319508658 0.3227856484146289
v 0.0000000000000000 -0.1504986799748855 0.3101744743796845
v 0.0122651548442068 -0.1501702381959359 0.3101497174616732
v 0.0225559454770142 -0.1378165361083088 0.3338905015270205
v 0.0108462808576071 -0.1322228480220942 0.3439706933106120
v 0.0000000000000000 -0.1388084632899606 0.3340756282583714
v 0.0113404564487989 -0.1385674959546508 0.3340228134999474
v 0.0441124266662265 -0.1346737829052106 0.3334938406851065
v 0.0320536069798004 -0.1305553320556013 0.3435382724760150
v 0.0335216922178691 -0.1365280760642552 0.3337053747956695
v 0.0402123868488501 -0.1232129803271902 0.3517837015581042
v 0.0291358666537381 -0.1183289905572989 0.3597177436269848
v 0.0205837543728626 -0.1252634032922575 0.3525046780259659
v 0.0305772694357279 -0.1244422988448835 0.3521721100940144
v 0.0098717660416233 -0.1192128125303014 0.3604351440955782
v 0.0000000000000000 -0.1258578444013949 0.3528306441131144
v 0.0103515551126818 -0.1257203059679989 0.3527384933627390
v 0.0636698417414016 -0.1291571163416977 0.3330971798431924
v 0.0518055013997974 -0.1269270681826153 0.3429529089034817
v 0.0542033464476230 -0.1322261489444957 0.3332823065745434
v 0.0802286438916775 -0.1210434490788020 0.3329120531118415
v 0.0691325932390232 -0.1210340964653310 0.3425072843792787
v 0.0723864774963054 -0.1254389023332708 0.3329648678702655
v 0.0727996429502269 -0.1132172371417038 0.3506578119423246
v 0.0624033878466914 -0.1122068798099769 0.3578241144759889
v 0.0579325635307216 -0.1193398980427593 0.3510231140214244
v 0.0657816068477635 -0.1165872038367722 0.3507631663823059
v 0.0469611226987241 -0.1161608346932446 0.3586732767637756
v 0.0493702458980881 -0.1215303351330237 0.3513820893325879
v 0.0522175665462518 -0.1097152335505753 0.3642710910029922
v 0.0425499900628482 -0.1059642853950001 0.3702815205423965
v 0.0364540116178715 -0.1117890380493199 0.3656406987227493
v 0.0446411244042007 -0.1109434517608014 0.3649299000989589
v 0.0650754845307085 -0.1057015869872137 0.3635789976061436
v 0.0559690648555606 -0.1040855103948110 0.3687061553262790
v 0.0590678057599721 -0.1080020548241949 0.3637814541801024
v 0.0579812521361438 -0.0994592676491037 0.3721787256926608
v 0.0516297272819173 -0.0973791363824229 0.3758188178709188
v 0.0475173281233775 -0.1010654414743020 0.3737054023033561
v 0.0533008192476785 -0.1005700280372097 0.3726683625155505
v 0.0396132694329772 -0.0970674742923476 0.3787877224942044
v 0.0334289913137602 -0.1013809546405123 0.3759857895290615
v 0.0408274587229969 -0.1013102598857468 0.3748576992983477
v 0.0187212364155009 -0.1126926655567315 0.3668128012521499
v 0.0090189177238215 -0.1067961178401790 0.3730531950521924
v 0.0000000000000000 -0.1128901707470882 0.3673068393049083
v 0.0094224004720319 -0.1128538606006716 0.3671704011789795
v 0.0265477784448392 -0.1066528027925804 0.3719911232695086
v 0.0277728607787839 -0.1123548711643110 0.3662854788985097
v 0.0247458049058584 -0.0965924165433978 0.3812785435230057
v 0.0172257810291863 -0.1012764254311314 0.3777022691778434
v 0.0255190734860973 -0.1013545472613003 0.3769502090240341
v 0.0084115480019448 -0.0961974061626846 0.3826982152325191
v 0.0000000000000000 -0.1011496149955403 0.3783723564253486
v 0.0086768046245923 -0.1011928020636267 0.3781927312313335
v 0.1198284345581819 -0.1389270214195479 0.2074976326197152
v 0.1209922847815787 -0.1287263459683015 0.2223938701871004
v 0.1105742986055666 -0.1356602085495266 0.2359111474212575
v 0.1147084288365830 -0.1377667471954194 0.2209068046452230
v 0.1296142940943060 -0.1203612584491579 0.2107438147247271
v 0.1295939384061634 -0.1093554330088114 0.2239400772553381
v 0.1224477164837749 -0.1178033186648594 0.2372763539111460
v 0.1258853520880741 -0.1192460968311833 0.2233791955239492
v 0.1234990602686538 -0.1066654563284528 0.2522760203804451
v 0.1160191701068467 -0.1142834350773894 0.2669736524500065
v 0.1137277798064697 -0.1250491184130265 0.2515875029828648
v 0.1191946574570932 -0.1161198482400926 0.2519646333672366
v 0.1037237843149795 -0.1307756686259017 0.2665926709894997
v 0.1069826199558639 -0.1333110521071232 0.2512450322837088
v 0.1351067538935411 -0.1002047259581099 0.2114389339671104
v 0.1341134513275554 -0.0884837006641043 0.2241037479910793
v 0.1295664307194842 -0.0979543221108849 0.2379390140832479
v 0.1323257267702744 -0.0990829624953323 0.2241538119808354
v 0.1371032617927172 -0.0785269358706424 0.2109008836156654
v 0.1349887459176874 -0.0665221687885409 0.2235450668746248
v 0.1327256885345899 -0.0768851120835078 0.2378097279558557
v 0.1349901213020213 -0.0776118376578855 0.2238729584998408
v 0.1305663351302730 -0.0658254816080168 0.2522586905378372
v 0.1275355382119591 -0.0759156586818729 0.2672275483980555
v 0.1289986720664256 -0.0866874487239528 0.2524416166542539
v 0.1302579739625992 -0.0763264584747400 0.2523739477450230
v 0.1238239260483351 -0.0957110702621964 0.2672305742435902
v 0.1267565205252043 -0.0968276072645050 0.2524220861967116
v 0.1230977231200043 -0.0852267905612875 0.2820255835239960
v 0.1173057046128328 -0.0935264097861346 0.2963634150517935
v 0.1172773716955532 -0.1036976520126343 0.2819290315437520
v 0.1206968522266441 -0.0946140637174300 0.2819920241462474
v 0.1249467898185799 -0.0659273700794766 0.2820187066023262
v 0.1211177198328358 -0.0754565278835105 0.2964530901103677
v 0.1245061166779792 -0.0756324395398239 0.2820332856762661
v 0.1177760860550470 -0.0666340700579518 0.3101744743796845
v 0.1130574174820977 -0.0753456719061933 0.3227856484146289
v 0.1159272944333382 -0.0840002228122621 0.3100881002435118
v 0.1173189083024388 -0.0753677055632233 0.3101497174616732
v 0.1094544606808565 -0.0913384483876713 0.3225633863062610
v 0.1102601608236902 -0.1005857074186168 0.3099029735121608
v 0.1135811638364696 -0.0924379306242388 0.3100017261073392
v 0.1072651238980593 -0.1205549125633794 0.2817279503541271
v 0.0974655105185955 -0.1253068654372106 0.2960899886462023
v 0.1005881831104179 -0.1281112740941547 0.2816382752955529
v 0.1094869197511380 -0.1104054014093563 0.2962178993892606
v 0.1128142495318536 -0.1123807283897894 0.2818327546403748
v 0.1020928535717700 -0.1062082785758445 0.3222671285207260
v 0.1006126649515624 -0.1156368132620059 0.3097178467808098
v 0.1059442047837243 -0.1083503021375536 0.3098042209169825
v 0.0908177278788341 -0.1192337183721776 0.3220451414892249
v 0.0942454607159288 -0.1223511645035310 0.3096562295626484
v 0.1358321315912715 -0.0556893364389512 0.2098971281287415
v 0.1323884442959029 -0.0439176172291645 0.2229305451542115
v 0.1321961655660154 -0.0551365612228267 0.2373916111183319
v 0.1341426094754353 -0.0552692968141285 0.2232039715598027
v 0.1311002593287162 -0.0321947214124647 0.2091800027370148
v 0.1259007563926145 -0.0211754172056454 0.2229159660802715
v 0.1279057916746611 -0.0331943232387000 0.2372216136146544
v 0.1296621574691278 -0.0325315530358515 0.2228073107178887
v 0.1221899694595909 -0.0237094253025330 0.2523282849851355
v 0.1233502436837194 -0.0354062713399476 0.2671532776440217
v 0.1283836001922787 -0.0446947919009118 0.2520644862698820
v 0.1258091557959727 -0.0341602006410666 0.2521082234917020
v 0.1273842459352235 -0.0556314355092601 0.2671081650378678
v 0.1299553894091280 -0.0552657400702409 0.2521349059477808
v 0.1222914728234371 -0.0086877526838906 0.2094858882128875
v 0.1150178903117240 0.0011886071414081 0.2241551873651694
v 0.1194405761760052 -0.0114880351878328 0.2378710700971503
v 0.1210404232332673 -0.0099140453560492 0.2233379339939305
v 0.1087895998938203 0.0141868143279288 0.2115508902518948
v 0.0992317790802667 0.0226594569019880 0.2273023417981362
v 0.1063862533086589 0.0095525943530845 0.2399113152181463
v 0.1077696148717557 0.0120678972230303 0.2254494240234255
v 0.0964298461151238 0.0163024305104258 0.2561975161934313
v 0.1025555328617141 0.0034230565303592 0.2694138593353180
v 0.1116501242315900 -0.0032503082580138 0.2535421991982885
v 0.1046461170493330 0.0066631869443017 0.2546590112774639
v 0.1151639561279905 -0.0156009845001063 0.2677821033615081
v 0.1174842294993807 -0.0133904667985660 0.2527857378146106
v 0.1068497578292034 -0.0089933630828965 0.2831044349955540
v 0.1094013708455657 -0.0208692566529060 0.2968208678812685
v 0.1170154985183672 -0.0274213125430237 0.2822211631762850
v 0.1124720539095644 -0.0181006079886448 0.2825603329530396
v 0.0922583054302237 0.0083991970506258 0.2849859607644111
v 0.0973488779270757 -0.0040180477932302 0.2978337009047966
v 0.1001208275137384 -0.0001449655087994 0.2838983068331157
v 0.0868225114655477 -0.0008180786018393 0.3115600365577156
v 0.0908177278788341 -0.0125883426550007 0.3229451929973682
v 0.1006126649515624 -0.0158804625967669 0.3105213463087091
v 0.0942454607159288 -0.0081736340198564 0.3109419388380341
v 0.1020928535717700 -0.0271352326015601 0.3225886933780058
v 0.1102601608236902 -0.0321434195768080 0.3101326626959321
v 0.1059442047837243 -0.0238874000353474 0.3102633242076583
v 0.1229747637605483 -0.0465205320811834 0.2819782703029078
v 0.1211025906051622 -0.0569708012782822 0.2964412618050957
v 0.1244455997672850 -0.0562082535438497 0.2819854223014444
v 0.1172581163148777 -0.0386476395997907 0.2964602421089043
v 0.1205073242654244 -0.0369097039553990 0.2820420881360035
v 0.1094544606808565 -0.0427355294094994 0.3226277542930903
v 0.1159272944333382 -0.0491976626718629 0.3101109316234555
v 0.1135811638364696 -0.0405971918778054 0.3100936017808476
v 0.1130574174820977 -0.0589515032606924 0.3227856484146289
v 0.1173189083024388 -0.0578936814156006 0.3101497174616732
v 0.1070071017970084 -0.0525290085748336 0.3339012295248253
v 0.1030297653800634 -0.0613597462140827 0.3439706933106120
v 0.1086996497583794 -0.0677517898907876 0.3340756282583714
v 0.1082815329208556 -0.0601188744679841 0.3340228134999474
v 0.1018067736303063 -0.0377086372073096 0.3336011206631553
v 0.0998207186520683 -0.0474459456764450 0.3435649549320938
v 0.1048554505449617 -0.0450397382918689 0.3337482867868890
v 0.0917466624579906 -0.0437140053323651 0.3518219372425882
v 0.0885857541816841 -0.0523088095429667 0.3597254457792550
v 0.0962430689225720 -0.0562181510845937 0.3525085291021010
v 0.0943854748411259 -0.0498902787147584 0.3521875143985548
v 0.0912523493283654 -0.0639179060598746 0.3604351440955782
v 0.0976993258553687 -0.0690906165091508 0.3528306441131144
v 0.0973406256210720 -0.0626381109371250 0.3527384933627390
v 0.0929349945225319 -0.0237512369862854 0.3334721096126299
v 0.0932293267699993 -0.0341636391019015 0.3430868713376094
v 0.0978398901342994 -0.0305932514016886 0.3334965914537744
v 0.0802286438916775 -0.0111169564945304 0.3338121046199847
v 0.0830679873107041 -0.0219987222679538 0.3428822141487162
v 0.0870714560299944 -0.0172398924724528 0.3335650855936056
v 0.0727996429502269 -0.0218320256866778 0.3509791017227377
v 0.0745334524416167 -0.0313243506982482 0.3579311193771710
v 0.0840247046534066 -0.0320659579311194 0.3511570764555521
v 0.0788683887853912 -0.0267366462215785 0.3509774512615369
v 0.0831111743787905 -0.0412511871286032 0.3587115124482598
v 0.0883051757775564 -0.0377488259375479 0.3514585607015561
v 0.0743010124891774 -0.0399063638345440 0.3642977734590710
v 0.0720206252634721 -0.0476172360413963 0.3702853716185316
v 0.0803810364758802 -0.0495209330057168 0.3656484008750195
v 0.0776910597955216 -0.0445730703873564 0.3649453044034993
v 0.0650754845307085 -0.0318654268952280 0.3636433655929729
v 0.0657106370161312 -0.0395013131481929 0.3687168833240839
v 0.0701245204206751 -0.0356330722166175 0.3638243661713220
v 0.0579812521361438 -0.0399760132972157 0.3721787256926608
v 0.0567420308512460 -0.0451513094690398 0.3758188178709188
v 0.0639042072319084 -0.0463227243062733 0.3737054023033561
v 0.0613608465215499 -0.0427676033721673 0.3726683625155505
v 0.0598303188347194 -0.0524833733226328 0.3787877224942044
v 0.0678743916503168 -0.0544915857424909 0.3759857895290615
v 0.0660753889414973 -0.0502864444183121 0.3748576992983477
v 0.0839278775962958 -0.0598696273189840 0.3668136264827502
v 0.0780321551103436 -0.0663377297493568 0.3730531950521924
v 0.0850920028965594 -0.0704644879203433 0.3673068393049083
v 0.0848031721864278 -0.0651631240204685 0.3671704011789795
v 0.0760216182909612 -0.0568130061844157 0.3719919485001090
v 0.0824570415895592 -0.0546376653126008 0.3662887798209112
v 0.0623186641717195 -0.0604478939083540 0.3812785435230057
v 0.0703410059148403 -0.0630879716450766 0.3777022691778434
v 0.0693014904352335 -0.0587710198268529 0.3769502090240341
v 0.0636769937399382 -0.0683309367261314 0.3826982152325191
v 0.0711945694324958 -0.0716873696393536 0.3783723564253486
v 0.0709772587077301 -0.0674056881769900 0.3781927312313335
v 0.0929349945225319 -0.1102241257541404 0.3330971798431924
v 0.0830679873107041 -0.1125628292756057 0.3425072843792787
v 0.0870714560299944 -0.1159432488916122 0.3329648678702655
v 0.1018067736303063 -0.0972754324036423 0.3334938406851065
v 0.0932293267699993 -0.1016920665768541 0.3429529089034817
v 0.0978398901342994 -0.1039727288794263 0.3332823065745434
v 0.0917466624579906 -0.0938639291016884 0.3517837015581042
v 0.0831111743787905 -0.0971876828831357 0.3586732767637756
v 0.0840247046534066 -0.1045462641466875 0.3510231140214244
v 0.0883051757775564 -0.0994141550429498 0.3513820893325879
v 0.0745334524416167 -0.1058638823386210 0.3578241144759889
v 0.0788683887853912 -0.1091752576610627 0.3507631663823059
v 0.1070071017970084 -0.0828878669783288 0.3338905015270205
v 0.0998207186520683 -0.0890935460777821 0.3435382724760150
v 0.1048554505449617 -0.0902183353860945 0.3337053747956695
v 0.1030297653800634 -0.0754306156426586 0.3439706933106120
v 0.1082815329208556 -0.0753702362703978 0.3340228134999474
v 0.0912523493283654 -0.0756162375123699 0.3604351440955782
v 0.0962430689225720 -0.0818380911315906 0.3525046780259659
v 0.0973406256210720 -0.0755161920559176 0.3527384933627390
v 0.0885857541816841 -0.0868929311434464 0.3597177436269848
v 0.0943854748411259 -0.0879794847672747 0.3521721100940144
v 0.0839278775962958 -0.0808686652376424 0.3668128012521499
v 0.0760216182909612 -0.0848653395583228 0.3719911232695086
v 0.0803810364758802 -0.0906001420772017 0.3656406987227493
v 0.0824570415895592 -0.0858490144339709 0.3662854788985097
v 0.0780321551103436 -0.0758169611020680 0.3730531950521924
v 0.0848031721864278 -0.0757200515218972 0.3671704011789795
v 0.0636769937399382 -0.0759472375061806 0.3826982152325191
v 0.0703410059148403 -0.0799980194465591 0.3777022691778434
v 0.0709772587077301 -0.0758962657627641 0.3781927312313335
v 0.0623186641717195 -0.0831450088334059 0.3812785435230057
v 0.0678743916503168 -0.0877429186618336 0.3759857895290615
v 0.0693014904352335 -0.0839584111285097 0.3769502090240341
v 0.0743010124891774 -0.0991311009470209 0.3642710910029922
v 0.0657106370161312 -0.0998391488021434 0.3687061553262790
v 0.0701245204206751 -0.1027115014451851 0.3637814541801024
v 0.0720206252634721 -0.0930865618761343 0.3702815205423965
v 0.0776910597955216 -0.0950607885491002 0.3649299000989589
v 0.0598303188347194 -0.0898059951627733 0.3787877224942044
v 0.0639042072319084 -0.0945645498814075 0.3737054023033561
v 0.0660753889414973 -0.0913172674689283 0.3748576992983477
v 0.0567420308512460 -0.0954998112285002 0.3758188178709188
v 0.0613608465215499 -0.0973678582308844 0.3726683625155505
v 0.0899784683582519 0.0357847496009666 0.2161116647033056
v 0.0783226362816760 0.0425395371419101 0.2327326342254764
v 0.0883282822343669 0.0294975927335695 0.2439136836299694
v 0.0893411152578949 0.0328989181914521 0.2297959135956054
v 0.0665867568368636 0.0547771567917510 0.2227190110436485
v 0.0538009089915063 0.0590364469971578 0.2391460513747310
v 0.0658506511413283 0.0471902617287618 0.2494284246554146
v 0.0664010799517790 0.0513342947269828 0.2359152735742594
v 0.0527924771978470 0.0494508434200582 0.2655300490530823
v 0.0637710700283811 0.0370718342606862 0.2765763107928472
v 0.0764122274418058 0.0343967117311344 0.2605594100701515
v 0.0649643534765246 0.0424132768600526 0.2630513314064199
v 0.0852551234785670 0.0213055285636380 0.2724677627104424
v 0.0869597748220768 0.0256201092192700 0.2582196062412190
v 0.0406874445977998 0.0691523987734323 0.2297386976073127
v 0.0273539737260331 0.0702139204023824 0.2448401425173247
v 0.0405342267829967 0.0607454995705362 0.2549844272108788
v 0.0407476864316272 0.0653995250797895 0.2422274624365346
v 0.0136851016305869 0.0771219257581290 0.2348006621100184
v 0.0000000000000000 0.0743585035543370 0.2473780016903474
v 0.0136821032927389 0.0683722807792102 0.2588041445831520
v 0.0137336802052624 0.0732700243924412 0.2466636270672886
v 0.0000000000000000 0.0635625617633527 0.2715646853567644
v 0.0133177364749862 0.0559330297860108 0.2832549020416893
v 0.0269435590407795 0.0597260647022052 0.2697420260374008
v 0.0135401911371609 0.0625522044316259 0.2710566183837996
v 0.0393896319402753 0.0491345050232474 0.2805858312032068
v 0.0400731979542533 0.0552904502251848 0.2678302418131967
v 0.0259079221449944 0.0462049363919130 0.2943575545391466
v 0.0374563917204614 0.0351212641982644 0.3051108594157780
v 0.0506864887056877 0.0373304065154707 0.2915083083529154
v 0.0385088358128074 0.0423780670211032 0.2930723954174945
v 0.0000000000000000 0.0495072341777505 0.2955684429067648
v 0.0126704255920514 0.0407919738071807 0.3068248633727588
v 0.0130245320426727 0.0486385414324215 0.2952328491292786
v 0.0000000000000000 0.0332103052046606 0.3180727564558821
v 0.0118185675509700 0.0239374640251035 0.3281856823866219
v 0.0243957971005523 0.0305607648237204 0.3173204212252062
v 0.0122651548442068 0.0325171115003449 0.3178642481908538
v 0.0349372377743806 0.0195076261622857 0.3271277367569400
v 0.0477156585443345 0.0233504499913695 0.3155511268180002
v 0.0362573316581152 0.0274642245342433 0.3165224232346426
v 0.0731982293302085 0.0242634301122520 0.2880566438284098
v 0.0809171612892578 0.0115237951805158 0.2998093029620965
v 0.0832341337382465 0.0165934618354917 0.2864127844724610
v 0.0605779777586599 0.0249681770449730 0.3025023054879898
v 0.0622991337141773 0.0312338779167604 0.2897956797802686
v 0.0565013385928030 0.0114253176622042 0.3255460447728862
v 0.0688830985208429 0.0125630355832558 0.3134143297167603
v 0.0586356600022419 0.0183424005545550 0.3144882298047160
v 0.0754733900954448 0.0004676306735463 0.3239737054023034
v 0.0783237365891431 0.0061353144369280 0.3124113994604367
v 0.0636698417414016 -0.0002816787115950 0.3348221868748449
v 0.0691325932390232 -0.0114492493496151 0.3433107839071781
v 0.0723864774963054 -0.0054399201176779 0.3342508522225179
v 0.0441124266662265 0.0081868377094624 0.3361296272227071
v 0.0518055013997974 -0.0029529501650117 0.3443189406239706
v 0.0542033464476230 0.0042848723540184 0.3354680673580724
v 0.0402123868488501 -0.0073453775739458 0.3527250145962663
v 0.0469611226987241 -0.0172195367843102 0.3590636108377535
v 0.0579325635307216 -0.0135282803088288 0.3516392862030384
v 0.0493702458980881 -0.0101629899204959 0.3521627574805434
v 0.0624033878466914 -0.0232247398632455 0.3580538036597602
v 0.0657816068477635 -0.0174236438194698 0.3512222696729818
v 0.0225559454770142 0.0137054298110428 0.3372656946825578
v 0.0320536069798004 0.0031122196708843 0.3454401539330147
v 0.0335216922178691 0.0113513219850372 0.3367482750961222
v 0.0000000000000000 0.0156906595586804 0.3377613831965170
v 0.0108462808576071 0.0063515248542265 0.3462208220809702
v 0.0113404564487989 0.0151759907409127 0.3376227444556538
v 0.0000000000000000 -0.0020669275770748 0.3541468869207139
v 0.0098717660416233 -0.0110154531306842 0.3610782738101379
v 0.0205837543728626 -0.0034384608348996 0.3537100648562483
v 0.0103515551126818 -0.0024184758128349 0.3540242026381247
v 0.0291358666537381 -0.0131456483871212 0.3602612955157657
v 0.0305772694357279 -0.0050922229580528 0.3532589387947095
v 0.0187212364155009 -0.0199345454595469 0.3670537685874597
v 0.0265477784448392 -0.0283447455848444 0.3720455884891334
v 0.0364540116178715 -0.0222914040542204 0.3658291263765018
v 0.0277728607787839 -0.0209308738710673 0.3665030647001422
v 0.0000000000000000 -0.0191104151666381 0.3675703629432950
v 0.0090189177238215 -0.0272180307384645 0.3731175630390217
v 0.0094224004720319 -0.0193213991234676 0.3674275980494299
v 0.0000000000000000 -0.0344884498662095 0.3783723564253486
v 0.0084115480019448 -0.0413113739470573 0.3826982152325191
v 0.0172257810291863 -0.0348604088054856 0.3777022691778434
v 0.0086768046245923 -0.0345873950151946 0.3781927312313335
v 0.0247458049058584 -0.0416446020634891 0.3812785435230057
v 0.0334289913137602 -0.0358333006679554 0.3759857895290615
v 0.0255190734860973 -0.0352836695804184 0.3769502090240341
v 0.0522175665462518 -0.0261155226563623 0.3643943254393149
v 0.0559690648555606 -0.0337802919803403 0.3687289867062227
v 0.0590678057599721 -0.0287156867397133 0.3638733298536110
v 0.0425499900628482 -0.0304380530334445 0.3703205814574810
v 0.0446411244042007 -0.0239968806283306 0.3650861437592968
v 0.0396132694329772 -0.0420822768662418 0.3787877224942044
v 0.0475173281233775 -0.0372916481849397 0.3737054023033561
v 0.0408274587229969 -0.0364855629344925 0.3748576992983477
v 0.0516297272819173 -0.0424459559918275 0.3758188178709188
v 0.0533008192476785 -0.0383029132703270 0.3726683625155505
v 0.0456415789687231 -0.0468910881284389 0.3803600618647874
v 0.0522923874540192 -0.0502151995098130 0.3803600618647874
v 0.0515210719195345 -0.0463718255269957 0.3783077133616525
v 0.0318816839380554 -0.0472895094623004 0.3837916457780171
v 0.0389679391034832 -0.0518084172145854 0.3851232928901570
v 0.0390474363179861 -0.0471710338557731 0.3822014264110928
v 0.0317636759622017 -0.0565607139345001 0.3895916415143257
v 0.0396195962009134 -0.0599553962860497 0.3895916415143257
v 0.0463834612784610 -0.0552671814730229 0.3851232928901570
v 0.0392124824380613 -0.0560509956751040 0.3875783539262753
v 0.0542534104373791 -0.0579888965222719 0.3837916457780171
v 0.0532612081788605 -0.0541107995865595 0.3822014264110928
v 0.0163700444042832 -0.0473075820124486 0.3860659813126531
v 0.0240773406118672 -0.0523863812194020 0.3883934066825799
v 0.0242868391536160 -0.0473242516705762 0.3850916590504759
v 0.0000000000000000 -0.0472490731628820 0.3868947879122973
v 0.0081418901494286 -0.0525372333731507 0.3901329927881723
v 0.0082386621911660 -0.0472717670043923 0.3866785774949987
v 0.0000000000000000 -0.0571940866725946 0.3933024284473493
v 0.0081116592017682 -0.0612579402656830 0.3954576556986643
v 0.0161443163273937 -0.0570883526265371 0.3923492871039151
v 0.0081049748339052 -0.0571764212362092 0.3930598106508388
v 0.0241472376437191 -0.0609132964592793 0.3934773773346290
v 0.0240524461554226 -0.0568948085430623 0.3911873624185859
v 0.0162564376582981 -0.0647360121694006 0.3965508111672956
v 0.0244587071799876 -0.0677308015258514 0.3965508111672956
v 0.0322321318663484 -0.0641296327242444 0.3934773773346290
v 0.0242969069669406 -0.0645056352934623 0.3952664772762439
v 0.0000000000000000 -0.0648786945402056 0.3975845500326998
v 0.0081909913701510 -0.0680225755584576 0.3986606507355900
v 0.0081457687332504 -0.0648504441459860 0.3973248774704482
v 0.0000000000000000 -0.0708580954090359 0.3997309748242774
v 0.0082499128350178 -0.0733802476929647 0.3997309748242774
v 0.0164363929445534 -0.0707790108098332 0.3986606507355900
v 0.0082311250850159 -0.0708429661813623 0.3994630499560221
v 0.0246479325566538 -0.0733152745370284 0.3975845500326998
v 0.0326659280852793 -0.0704304334042344 0.3954576556986643
v 0.0245899463531341 -0.0706476891136267 0.3973248774704482
v 0.0476562419411074 -0.0628090987175229 0.3883934066825799
v 0.0557470778240595 -0.0654778394637652 0.3860659813126531
v 0.0550951456497625 -0.0617797610819873 0.3850916590504759
v 0.0403834846599947 -0.0669518938698433 0.3923492871039151
v 0.0400269850406323 -0.0635782411447599 0.3911873624185859
v 0.0407405344330906 -0.0730810190772684 0.3933024284473493
v 0.0484817476183501 -0.0696639042072319 0.3901329927881723
v 0.0406384809155108 -0.0701086759931479 0.3930598106508388
v 0.0563239140137222 -0.0725731721657971 0.3868947879122973
v 0.0561698709683187 -0.0690774953426048 0.3866785774949987
v 0.0484817476183501 -0.0759409932613045 0.3901329927881723
v 0.0557470778240595 -0.0792456016928230 0.3860659813126531
v 0.0561698709683187 -0.0759592308575728 0.3866785774949987
v 0.0326659280852793 -0.0758488425109292 0.3954576556986643
v 0.0403834846599947 -0.0786328404643573 0.3923492871039151
v 0.0406384809155108 -0.0759012721617397 0.3930598106508388
v 0.0322321318663484 -0.0809243132877944 0.3934773773346290
v 0.0396195962009134 -0.0840835711029001 0.3895916415143257
v 0.0476562419411074 -0.0818426574075793 0.3883934066825799
v 0.0400269850406323 -0.0813391292029167 0.3911873624185859
v 0.0542534104373791 -0.0855588083395054 0.3837916457780171
v 0.0550951456497625 -0.0824422149464391 0.3850916590504759
v 0.0164363929445534 -0.0757409573637733 0.3986606507355900
v 0.0244587071799876 -0.0781831172948391 0.3965508111672956
v 0.0245899463531341 -0.0757924792609235 0.3973248774704482
v 0.0000000000000000 -0.0756874824208690 0.3997309748242774
v 0.0081909913701510 -0.0779332649767319 0.3986606507355900
v 0.0082311250850159 -0.0757030242638427 0.3994630499560221
v 0.0000000000000000 -0.0801400691405705 0.3975845500326998
v 0.0081116592017682 -0.0826036300518726 0.3954576556986643
v 0.0162564376582981 -0.0803451389447639 0.3965508111672956
v 0.0081457687332504 -0.0801928288836212 0.3973248774704482
v 0.0241472376437191 -0.0831198393000944 0.3934773773346290
v 0.0242969069669406 -0.0805909751406159 0.3952664772762439
v 0.0161443163273937 -0.0855145209639519 0.3923492871039151
v 0.0240773406118672 -0.0889628845660559 0.3883934066825799
v 0.0317636759622017 -0.0863499294083991 0.3895916415143257
v 0.0240524461554226 -0.0858734962751154 0.3911873624185859
v 0.0000000000000000 -0.0852069850268785 0.3933024284473493
v 0.0081418901494286 -0.0883665179188510 0.3901329927881723
v 0.0081049748339052 -0.0852875825488485 0.3930598106508388
v 0.0000000000000000 -0.0918797996615179 0.3868947879122973
v 0.0163700444042832 -0.0921793583694544 0.3860659813126531
v 0.0082386621911660 -0.0919625977984223 0.3866785774949987
v 0.0318816839380554 -0.0928904320701116 0.3837916457780171
v 0.0242868391536160 -0.0924989976886666 0.3850916590504759
v 0.0463834612784610 -0.0876642466779311 0.3851232928901570
v 0.0522923874540192 -0.0915692378789098 0.3803600618647874
v 0.0532612081788605 -0.0886055597160932 0.3822014264110928
v 0.0389679391034832 -0.0899762677433175 0.3851232928901570
v 0.0392124824380613 -0.0869295163667297 0.3875783539262753
v 0.0456415789687231 -0.0938270688015382 0.3803600618647874
v 0.0390474363179861 -0.0933225778278418 0.3822014264110928
v 0.0515210719195345 -0.0944363640614824 0.3783077133616525
v 0.0915144975824182 0.0126249278782840 0.0284478994098913
v 0.0927361139478413 0.0018578691583129 0.0174222684351358
v 0.0846191457625440 0.0092747667176247 0.0062701021016560
v 0.0829120187272331 0.0192518046761692 0.0172002814036347
v 0.0881703881128283 0.0110732192727105 0.0172734518502014
v 0.1006382471001740 -0.0075918464465914 0.0289958525285409
v 0.0997885346586537 -0.0189968084206531 0.0178868732631475
v 0.0923039681901111 -0.0091086202900823 0.0064747592905493
v 0.0966086460785386 -0.0082225977021454 0.0176316019307645
v 0.0904411476481959 -0.0202346543212169 -0.0043112797332305
v 0.0829777620983964 -0.0116948929916604 -0.0148852344927136
v 0.0845470756234445 -0.0010560200916144 -0.0044529443196283
v 0.0877511709678373 -0.0102620175925410 -0.0043918772552005
v 0.0768817836534197 0.0048955429982966 -0.0149297969451339
v 0.0767104107654083 0.0143980733616250 -0.0044942058496471
v 0.0808574696091639 0.0072191172920883 -0.0044889793891781
v 0.1066866372471958 -0.0304403911868123 0.0298131058997799
v 0.1040690057828034 -0.0419408598490241 0.0184760879118159
v 0.0975637129600403 -0.0304159093456678 0.0068034761463656
v 0.1022752295344530 -0.0302932800784519 0.0181732282814779
v 0.1097537443119262 -0.0544764014994440 0.0307252607900620
v 0.1055764270128234 -0.0656033845457690 0.0190716293284205
v 0.1002869739412807 -0.0533141879834046 0.0071797813001371
v 0.1051693132499713 -0.0537680180505440 0.0187803229264878
v 0.0954921090762300 -0.0644873976971940 -0.0039047161241119
v 0.0897724357850247 -0.0531090081484645 -0.0147138616047022
v 0.0941654133476924 -0.0418182580894949 -0.0041137745428738
v 0.0951427614554042 -0.0530996280273069 -0.0040078699491589
v 0.0873875193499384 -0.0314702239607080 -0.0148087631237454
v 0.0925886727472408 -0.0308082514807732 -0.0042169283679208
v 0.0833535170984342 -0.0427047758157920 -0.0248815278319336
v 0.0764554145098921 -0.0336028949089461 -0.0343903849631982
v 0.0801986605131972 -0.0225843609173538 -0.0249057345962112
v 0.0819973881451498 -0.0324017992777857 -0.0248928059834720
v 0.0845198430136321 -0.0641024826374920 -0.0248523696840536
v 0.0784986854764228 -0.0537384390350579 -0.0344046889602714
v 0.0842123070765587 -0.0533270615807705 -0.0248688742960611
v 0.0729344306149550 -0.0642797696781394 -0.0432638145321733
v 0.0667531783412727 -0.0550800494313130 -0.0513419968792530
v 0.0719320505123651 -0.0445373929177334 -0.0432324557693591
v 0.0726667808235664 -0.0543278737452197 -0.0432519862269013
v 0.0650642063791701 -0.0368134270520218 -0.0513092627321047
v 0.0693342245823817 -0.0261012186592891 -0.0432379573066949
v 0.0707987338211822 -0.0350734558388160 -0.0432222779252877
v 0.0754898947074523 -0.0050704918855763 -0.0249458958187629
v 0.0682757287989663 -0.0005969168009386 -0.0345617578512096
v 0.0696626663613313 0.0085078524130087 -0.0250234674951982
v 0.0726890620497765 0.0022938659921782 -0.0249786299659111
v 0.0728785900109962 -0.0154450159166352 -0.0344200932648117
v 0.0780112492684675 -0.0134185246389788 -0.0249222392082187
v 0.0622251380370102 -0.0204536155071833 -0.0514663316230429
v 0.0656864302518535 -0.0102928262016217 -0.0434126311171078
v 0.0676075670895286 -0.0177859200530348 -0.0432957234487212
v 0.0587753990505722 -0.0072865111244523 -0.0520354656604355
v 0.0615335947938952 0.0015668378332470 -0.0438898894809919
v 0.0636390331323209 -0.0037867081482582 -0.0436051849238622
v 0.1099347448902753 -0.0782554350031187 0.0315570932352409
v 0.1042612845126910 -0.0887001861582696 0.0195626415356441
v 0.1003623450027817 -0.0764706262606257 0.0075263781522949
v 0.1052900719944930 -0.0772755561882324 0.0193348778899404
v 0.1070563405561642 -0.1007876138388421 0.0321749158780557
v 0.0997808325063835 -0.1104681189349849 0.0198798051630553
v 0.0975634378831735 -0.0988312671622176 0.0077849504070794
v 0.1024411008851286 -0.0997923857347888 0.0197469430363947
v 0.0899633391305783 -0.1084039421265780 -0.0036068078773762
v 0.0871589304736342 -0.0969139814006777 -0.0145284597964844
v 0.0941865942664353 -0.0869823311251538 -0.0037264663144307
v 0.0924580112355146 -0.0978797762799842 -0.0036576970977327
v 0.0897938917806345 -0.0752893911792476 -0.0146148339326571
v 0.0951856734466237 -0.0758166035021411 -0.0038098146050687
v 0.1006764827846581 -0.1215380372852939 0.0324854776606638
v 0.0917433615355891 -0.1302321167371207 0.0199612279156257
v 0.0915491572676340 -0.1196204764468871 0.0079161620725391
v 0.0962312406173000 -0.1206429371607529 0.0199538008402223
v 0.0903542233582897 -0.1399712132058903 0.0323955275252228
v 0.0797574372188628 -0.1473160406261025 0.0197444673445936
v 0.0819775826107408 -0.1380632800578212 0.0078801270029894
v 0.0862685066558287 -0.1391514841428502 0.0198938340832616
v 0.0715939810430777 -0.1446692510138302 -0.0036455937155939
v 0.0729267284626848 -0.1350041502222277 -0.0144720690387920
v 0.0825302120361259 -0.1279126685963309 -0.0035713229615601
v 0.0775183115231763 -0.1366873455701278 -0.0035930540340366
v 0.0816191574533109 -0.1171098498836769 -0.0144742696537264
v 0.0866662678052098 -0.1184497493018205 -0.0035768244988959
v 0.0727228965043920 -0.1246241246538330 -0.0247096047901886
v 0.0711758642055539 -0.1138394610143872 -0.0342787037552806
v 0.0794276200555793 -0.1059719875472702 -0.0247475653978059
v 0.0764435862046201 -0.1155801474274468 -0.0247252841715957
v 0.0629664701930146 -0.1405791330815005 -0.0247101549439222
v 0.0634924171623208 -0.1306370298850385 -0.0342346914565939
v 0.0682391435756829 -0.1329938884797121 -0.0247038281759859
v 0.0541590590720695 -0.1348740388642351 -0.0430000158169199
v 0.0539665052653151 -0.1248051252321821 -0.0509819212606223
v 0.0626138216497873 -0.1202096910955555 -0.0430418275006722
v 0.0587228593690149 -0.1279140439806649 -0.0430118441221919
v 0.0605078331576280 -0.1096423381808754 -0.0510900264692715
v 0.0684564543004486 -0.1029918047724461 -0.0431317776361132
v 0.0658517514487955 -0.1118671598794888 -0.0430839142612914
v 0.0832902494190720 -0.0855040680430138 -0.0248023056942974
v 0.0785006110144904 -0.0745191209368568 -0.0343947861930668
v 0.0842211095362961 -0.0748649200661010 -0.0248292632272431
v 0.0761189955018055 -0.0948432027474677 -0.0343422465115096
v 0.0817011303596149 -0.0959099508368870 -0.0247742478538847
v 0.0647206353725469 -0.0924252770883664 -0.0512338916706037
v 0.0718443009918584 -0.0840665163371590 -0.0432220028484210
v 0.0704474606622888 -0.0936898054450090 -0.0431799160878018
v 0.0667531783412727 -0.0739671516959520 -0.0513419968792530
v 0.0726667808235664 -0.0742278695502975 -0.0432519862269013
v 0.0601208000060517 -0.0824704103252853 -0.0585415837137990
v 0.0548662816965916 -0.0734684923518316 -0.0651984438901646
v 0.0610117739775909 -0.0648503066075527 -0.0586315338492400
v 0.0607939130990916 -0.0737128431326029 -0.0586056766237616
v 0.0573328959611151 -0.0992829433774901 -0.0583487548301779
v 0.0532749620222001 -0.0895377952176511 -0.0649907608557366
v 0.0589734543946624 -0.0910259610669957 -0.0584516335783581
v 0.0464497548033579 -0.0950231030183497 -0.0708331184295311
v 0.0423010454984015 -0.0864783903051909 -0.0766655732361212
v 0.0485527174499824 -0.0807156399766460 -0.0711637608234151
v 0.0476944776255915 -0.0880064423002203 -0.0710094427011448
v 0.0434181326544436 -0.0730235280121089 -0.0769882384008682
v 0.0492057499317466 -0.0656589225651743 -0.0713186290994190
v 0.0490484059639415 -0.0732375378144730 -0.0712743417238655
v 0.0524953941817117 -0.1145120239536936 -0.0581559259465567
v 0.0499237005540736 -0.1044601650873816 -0.0647140335277439
v 0.0551798693247344 -0.1071438149998040 -0.0582458760819977
v 0.0454550768530381 -0.1273828705508896 -0.0580659758111157
v 0.0446441502497354 -0.1175001839576547 -0.0645069006470496
v 0.0492602151513714 -0.1212907431820479 -0.0580915579597274
v 0.0371298754795793 -0.1186150704987625 -0.0703506336051781
v 0.0358444412810605 -0.1096052028038585 -0.0759179143121806
v 0.0427056835694524 -0.1078876228476095 -0.0705030261893808
v 0.0401587468598257 -0.1135619084557941 -0.0703935455963976
v 0.0398490103078179 -0.0988893083811107 -0.0762370034776593
v 0.0447948923727374 -0.1016791379641148 -0.0706570692347843
v 0.0336292472727848 -0.1012065559069663 -0.0813988208830105
v 0.0307282866355967 -0.0936347900716507 -0.0869575742071425
v 0.0363095962628057 -0.0907506091233369 -0.0818664515565569
v 0.0351416198864070 -0.0961784258588759 -0.0816164066846430
v 0.0294497293587477 -0.1097595209261288 -0.0811881120030478
v 0.0278914189083712 -0.1021519950981302 -0.0865427582920202
v 0.0317419448897251 -0.1057588029755065 -0.0812456030682074
v 0.0226814080359580 -0.1020059292818637 -0.0919128088855330
v 0.0211081058963414 -0.0961726492446733 -0.0977092286225732
v 0.0256494049055833 -0.0953386161845601 -0.0921584525275782
v 0.0243333546517905 -0.0989137902222552 -0.0919752513342947
v 0.0230068239693729 -0.0894013570917223 -0.0981752088349188
v 0.0274152058365810 -0.0870024117364296 -0.0927297871799051
v 0.0266649061747192 -0.0913464256168083 -0.0924230764734321
v 0.0377347695096549 -0.0790003156507046 -0.0823373831525047
v 0.0330301298569119 -0.0726602339941367 -0.0879500515425279
v 0.0381482100404432 -0.0665641180107266 -0.0825590951071390
v 0.0380527583676664 -0.0728299289132607 -0.0824952772740433
v 0.0323523404571365 -0.0836153352602468 -0.0875223070146664
v 0.0371639850110615 -0.0849993019924505 -0.0821173216590711
v 0.0239828792158109 -0.0813171780689466 -0.0988246653174146
v 0.0282613972942064 -0.0775226027222982 -0.0933110245994365
v 0.0279357062839247 -0.0823726480068274 -0.0930386985013125
v 0.0243244971766798 -0.0724066131229545 -0.0993211790619741
v 0.0284710058667019 -0.0674244209116185 -0.0935872017736956
v 0.0284280938754823 -0.0725179642386319 -0.0935068793285924
v 0.0552585413086369 -0.0168305780946663 -0.0592102955769703
v 0.0484911002318210 -0.0151693888961097 -0.0668533063207850
v 0.0520869050345256 -0.0064392743747331 -0.0605966829856018
v 0.0536812505544518 -0.0111065035735923 -0.0597788794606293
v 0.0581223665688081 -0.0308407655664280 -0.0586499639993151
v 0.0512974344268327 -0.0267124394573009 -0.0655521927408590
v 0.0567588105401203 -0.0234593804306191 -0.0588482944202721
v 0.0470169633026829 -0.0364879836109203 -0.0713491626316329
v 0.0407452107398261 -0.0335967331871300 -0.0773645435546396
v 0.0446928388551576 -0.0243825383955729 -0.0723058799743354
v 0.0459298595251211 -0.0301218521750672 -0.0716877822546538
v 0.0383578186129387 -0.0237160271473360 -0.0790683696675490
v 0.0418999834266188 -0.0152975747160347 -0.0746745668742809
v 0.0433386354399408 -0.0193984206461693 -0.0732769013141110
v 0.0601997470668210 -0.0472530892851371 -0.0585715670922794
v 0.0535494887352585 -0.0410272745590346 -0.0651585577444797
v 0.0592892426377396 -0.0388227535331904 -0.0585721172460129
v 0.0548662816965916 -0.0569880430962927 -0.0651984438901646
v 0.0607939130990916 -0.0559796654927761 -0.0586056766237616
v 0.0434175825007100 -0.0591763785992948 -0.0769893387083353
v 0.0486091082076748 -0.0505884513103630 -0.0712160254281056
v 0.0490484059639415 -0.0580665067094686 -0.0712746168007323
v 0.0424790202312159 -0.0457254774130946 -0.0768930618049581
v 0.0479208658869613 -0.0433529119293272 -0.0712163005049724
v 0.0377675036568031 -0.0540795205960366 -0.0823948742176642
v 0.0324516432060484 -0.0503078453985486 -0.0877145857445540
v 0.0366531672694289 -0.0423580139175141 -0.0824075277535366
v 0.0372998729832568 -0.0480708653024229 -0.0823365579219043
v 0.0330282043188443 -0.0613355944651784 -0.0879533524649294
v 0.0380516580601992 -0.0602789692044571 -0.0824972028121108
v 0.0243200409314378 -0.0631563007387877 -0.0993294313679779
v 0.0282746009838124 -0.0572552940262245 -0.0933569624361908
v 0.0284250680299476 -0.0623076060816745 -0.0935123808659282
v 0.0240233980382893 -0.0541318787268617 -0.0989470745231371
v 0.0275948860459695 -0.0476952753485052 -0.0931016911038078
v 0.0280033751931555 -0.0523552700257678 -0.0931952172385171
v 0.0348401356404030 -0.0322401366031720 -0.0832767706525993
v 0.0293471256874343 -0.0322096030709581 -0.0891119762278572
v 0.0323630684549414 -0.0245662897425899 -0.0856825929295617
v 0.0336823371080756 -0.0280451868769079 -0.0842450412237070
v 0.0312435056070981 -0.0403436260219965 -0.0878837580176311
v 0.0358320628220548 -0.0370460870659545 -0.0826925073875331
v 0.0232542281033656 -0.0459781355152430 -0.0987044567266265
v 0.0263021623104806 -0.0394464628209545 -0.0934161039625511
v 0.0270332340993536 -0.0433630897733986 -0.0931503797092300
v 0.0218321082097379 -0.0393398430273860 -0.0991327514082217
v 0.0242671161422670 -0.0332110479122010 -0.0948957424290250
v 0.0253855236672698 -0.0360331990270531 -0.0939731346178048
v 0.0756477888289909 -0.1555523921715875 0.0318120894907571
v 0.0636156515986436 -0.1610965664217795 0.0192039413013474
v 0.0685076185976719 -0.1533842363075332 0.0076369590527453
v 0.0721611895424027 -0.1546421628193729 0.0195048753936178
v 0.0569120283549234 -0.1678199951999087 0.0308597733779233
v 0.0442188814136750 -0.1712631323415437 0.0185322035926414
v 0.0514773346977146 -0.1651154394456101 0.0072389228264973
v 0.0542564362829138 -0.1666478926705081 0.0188702730619287
v 0.0395929137448346 -0.1675091583404338 -0.0040879173173954
v 0.0456553328120627 -0.1608146126333177 -0.0146676486910811
v 0.0570168326411712 -0.1579285061469364 -0.0038417235216166
v 0.0486014060554046 -0.1631841247638637 -0.0039638576504722
v 0.0608332490910429 -0.1497235133642657 -0.0145416634860904
v 0.0647206353725469 -0.1517533055643236 -0.0037319678517666
v 0.0352984137004784 -0.1763861639086772 0.0298821501933446
v 0.0226519748112113 -0.1775568910537438 0.0179575680179130
v 0.0319036900873988 -0.1730967947355789 0.0068298835255777
v 0.0336388749631225 -0.1749101014414715 0.0182183408876318
v 0.0119580315224336 -0.1808633149925832 0.0292216906361771
v 0.0000000000000000 -0.1797192703035955 0.0177088985303331
v 0.0108041115739279 -0.1771676572872332 0.0065534312744517
v 0.0113938213609566 -0.1791707670312123 0.0177782179007646
v 0.0000000000000000 -0.1752831056728415 -0.0043916021783337
v 0.0095716846876399 -0.1719744811190677 -0.0148926615681169
v 0.0202709369599467 -0.1733231829969487 -0.0042997265048252
v 0.0101947612986104 -0.1747901679275503 -0.0043657449528553
v 0.0282743259069456 -0.1682430634210347 -0.0148013360483420
v 0.0301099138390484 -0.1708923287251082 -0.0042034496014480
v 0.0177794832543519 -0.1673215559172816 -0.0249170127477497
v 0.0245470343619145 -0.1613958500528491 -0.0343697541981888
v 0.0347438587370258 -0.1619779127029810 -0.0248438423011830
v 0.0264144761951918 -0.1650956339112011 -0.0248834533700011
v 0.0000000000000000 -0.1691015783222924 -0.0249497468948979
v 0.0083076239616708 -0.1647724185927205 -0.0344225689566128
v 0.0089406858629058 -0.1686565039518231 -0.0249406693582938
v 0.0000000000000000 -0.1606501166669762 -0.0432638145321733
v 0.0070588300018086 -0.1550501018128253 -0.0513419968792530
v 0.0152702595831623 -0.1590744763739918 -0.0432220028484210
v 0.0076783856288842 -0.1602584072086644 -0.0432519862269013
v 0.0208577034245007 -0.1521249344113596 -0.0512338916706037
v 0.0298483157387292 -0.1542972164284157 -0.0431317776361132
v 0.0226890826805415 -0.1570900718569546 -0.0431799160878018
v 0.0500780186763439 -0.1530654222189213 -0.0247637949329466
v 0.0528912297930253 -0.1443647409222915 -0.0342418434551305
v 0.0568787440540416 -0.1472692775587478 -0.0247316109395319
v 0.0396589321928646 -0.1546053025192227 -0.0342979591359561
v 0.0426655223469008 -0.1579681172157545 -0.0248025807711642
v 0.0337002171044171 -0.1461750217826494 -0.0510900264692715
v 0.0430421025775390 -0.1462523183822179 -0.0430418275006722
v 0.0366614195754326 -0.1506873827055048 -0.0430839142612914
v 0.0449489354181409 -0.1371016113315165 -0.0509819212606223
v 0.0489034404551422 -0.1409840462294182 -0.0430118441221919
v 0.0361522522950007 -0.1372347485350438 -0.0581559259465567
v 0.0372676889898421 -0.1279220212098018 -0.0645074508007832
v 0.0410612740597701 -0.1326915790031077 -0.0580915579597274
v 0.0250829941291720 -0.1440943403622350 -0.0583487548301779
v 0.0279827444281461 -0.1354530756688322 -0.0647159590658115
v 0.0308017321590302 -0.1410297089893057 -0.0582458760819977
v 0.0205880730796712 -0.1320506499034824 -0.0708421959661353
v 0.0226529375802451 -0.1238164989729318 -0.0762548834740008
v 0.0296175262474908 -0.1266280596284124 -0.0705079775729831
v 0.0252609138466130 -0.1296481285489214 -0.0706642212333209
v 0.0300705778470972 -0.1179744164760040 -0.0759239660032500
v 0.0335948626644358 -0.1229604597634752 -0.0703960212881987
v 0.0128359393428001 -0.1481038607725947 -0.0585415837137990
v 0.0173349865453028 -0.1402837005265659 -0.0649935116244046
v 0.0190698688364730 -0.1464465226501730 -0.0584516335783581
v 0.0000000000000000 -0.1494046992756539 -0.0586315338492400
v 0.0058692050759934 -0.1426039738979561 -0.0652014697356993
v 0.0064547612023335 -0.1490839596489744 -0.0586056766237616
v 0.0000000000000000 -0.1360876780005213 -0.0713315577121582
v 0.0047653766249306 -0.1290789945115288 -0.0770204223942828
v 0.0105469422111641 -0.1351235335824154 -0.0711758642055540
v 0.0053050774375765 -0.1358541377406149 -0.0712869952597379
v 0.0140613517689849 -0.1274213813122405 -0.0766928058459336
v 0.0156623541490875 -0.1338658821474426 -0.0710201706989497
v 0.0084516542091231 -0.1220395024134557 -0.0823976249863321
v 0.0111116200033147 -0.1153697136243509 -0.0876169334568429
v 0.0164675866612477 -0.1199007797741481 -0.0819121143164443
v 0.0125413320184659 -0.1211796121278640 -0.0821715118018291
v 0.0000000000000000 -0.1226688782846757 -0.0826237381708351
v 0.0037710837822244 -0.1164276592540328 -0.0880617327504455
v 0.0042530459605306 -0.1225219872378088 -0.0825593701840058
v 0.0000000000000000 -0.1111181255712143 -0.0937682023520448
v 0.0029099831584188 -0.1066032889565578 -0.0995896540839631
v 0.0065983788344856 -0.1107572247219833 -0.0934796467187800
v 0.0033224059048000 -0.1110400037410454 -0.0936859543688740
v 0.0085605571406860 -0.1059598841651314 -0.0990516037325180
v 0.0128255689449220 -0.1093799148499559 -0.0928579729998301
v 0.0097815683370022 -0.1102199996011386 -0.0931902658549148
v 0.0236121581224353 -0.1159187670504677 -0.0814235778010218
v 0.0235750227454184 -0.1086011722400678 -0.0865644893644968
v 0.0267214894862183 -0.1131322383898651 -0.0812579815272130
v 0.0178473447173895 -0.1128841190560187 -0.0870202917327711
v 0.0201760354409035 -0.1181611936685558 -0.0816521666773259
v 0.0137029541192417 -0.1042739380485634 -0.0983256758810540
v 0.0183102990842003 -0.1065936612662201 -0.0922274968211430
v 0.0156839476831307 -0.1081874566324127 -0.0925234795298111
v 0.0179984169326316 -0.1011446636119381 -0.0977617683041305
v 0.0206582726960765 -0.1045495650690890 -0.0920101860963773
v 0.0000000000000000 0.1035876212659175 0.1783719438100484
v 0.0088351938844911 0.0959580892885756 0.1822497024012147
v 0.0142427099472609 0.1019908000541901 0.1743618732459552
v 0.0058956124552055 0.1124060354615343 0.1727067357384679
v 0.0072849982016850 0.1031271425909077 0.1773393052521114
v 0.0000000000000000 0.0913147917771272 0.1890295219370363
v 0.0116750324418780 0.0867097299501629 0.1946526432479976
v 0.0206589603882435 0.0885648483398080 0.1844544434885523
v 0.0103604676031659 0.0905888639256632 0.1878747492502436
v 0.0356744437773830 0.0800550703887318 0.1854879072770897
v 0.0394171396269545 0.0821280496568760 0.1708639958078285
v 0.0252875963026918 0.0923028678826440 0.1738639841170617
v 0.0308336410755781 0.0853973382186985 0.1788115166431820
v 0.0258673207994559 0.0986656708884089 0.1630498872528692
v 0.0166895186773754 0.1102728143595626 0.1654323279961544
v 0.0205459037959920 0.1004220366828756 0.1695587560749007
v 0.0269904596465675 0.0767571738327629 0.2210168353919398
v 0.0131864697941531 0.0819049623179077 0.2126927343259482
v 0.0000000000000000 0.0808764499129726 0.2243246347151132
v 0.0135265748322547 0.0798044753630843 0.2233813961388836
v 0.0534793441342265 0.0654116284619283 0.2138849174666246
v 0.0395681568268233 0.0742091368156689 0.2061076692118154
v 0.0403290194403699 0.0719034425182187 0.2176963825328940
v 0.0515609580652194 0.0701143425766038 0.1896905316479374
v 0.0253168094659451 0.0812158947665938 0.1998810292551125
v 0.0383014278552463 0.0766262372441699 0.1949791594888797
v 0.0000000000000000 0.0849596909236325 0.2041502222277237
v 0.0125931565001695 0.0840109508100670 0.2030210316895427
v 0.1005584748088044 0.0272381113497403 0.2004080765318859
v 0.0902389661511039 0.0398990742975740 0.1906406471458368
v 0.0787267241989934 0.0482688381234531 0.2063874223853428
v 0.0902202609241620 0.0381152008164281 0.2031065805951150
v 0.1008481307495363 0.0299776018661215 0.1760049073713036
v 0.0902961821393966 0.0418587218966000 0.1667661757232287
v 0.0782307606081674 0.0516580601991969 0.1817839972657359
v 0.0902067821576892 0.0411440721966745 0.1785738502302738
v 0.0650842869904459 0.0626405041058661 0.1730148218292749
v 0.0658597286779324 0.0596207102622239 0.1976790389364428
v 0.0651098691390575 0.0615534003283042 0.1853908051431122
v 0.0663790738024357 0.0574506288601021 0.2100475951748767
v 0.0916036224872588 0.0405356021673306 0.1203425257145293
v 0.0810838578705337 0.0509486369597404 0.1337569792158796
v 0.0911574478093222 0.0418251625188514 0.1434698608592438
v 0.1012013294464972 0.0306476891136267 0.1304420003864830
v 0.0915318274250261 0.0412854617062055 0.1319042815026624
v 0.0712564617275240 0.0584805166493712 0.1234579115201504
v 0.0600220474108734 0.0682058592748011 0.1368210879427620
v 0.0688993280559836 0.0611218047243076 0.1477926663131929
v 0.0703998723643338 0.0598509495997288 0.1355469594034683
v 0.0548874626153346 0.0714721219910889 0.1617870093574273
v 0.0791242102715077 0.0524018680470024 0.1576875388116267
v 0.0667374989598656 0.0622741017192992 0.1603819167218540
v 0.1010816710094427 0.0309876841209816 0.1529640563935085
v 0.0906793642148378 0.0420510006264876 0.1550776094995045
v 0.0287028956654075 0.1037292858523154 0.1328065886411134
v 0.0327542277595195 0.0952497663565863 0.1455376136669191
v 0.0419819563329228 0.0844582257954707 0.1365202638812383
v 0.0357740216031617 0.0914765369748009 0.1237888317416698
v 0.0346618858307218 0.0934441618029638 0.1350610911336537
v 0.0244916063732559 0.1072587971301231 0.1517196361558283
v 0.0366809500329748 0.0880383512167681 0.1578410317032966
v 0.0298796745015435 0.0969659709285013 0.1549549252169153
v 0.0483285298035470 0.0779782400444524 0.1489145122990305
v 0.0449426086502047 0.0798003492100824 0.1605293579224545
v 0.0517111500344878 0.0744572561495153 0.1251447158765427
v 0.0504925595145994 0.0762268256335880 0.1371262307110943
v 0.0437281442833182 0.0805614869004958 0.1128296263287072
v 0.0362958424194661 0.0867903274721330 0.0997714523852259
v 0.0301200916831197 0.0991605341717676 0.1103337989009304
v 0.0362617328879839 0.0892734463486640 0.1119842601016822
v 0.0615996132419253 0.0648845811851549 0.1124264461650503
v 0.0522888114547509 0.0705440126425328 0.1006122523362622
v 0.0522604785374713 0.0725804066873937 0.1129502200271088
v 0.0610406570486040 0.0610527604307429 0.0878474478712145
v 0.0513741808726676 0.0657832573089643 0.0757839518780529
v 0.0435122089428865 0.0758172361789348 0.0880556810593760
v 0.0519441401406606 0.0682958094102421 0.0882003714913086
v 0.0356870973132555 0.0808054800813402 0.0746176259628550
v 0.0298510665073972 0.0931578067846334 0.0857183529222447
v 0.0360474480087529 0.0839826178927874 0.0872744627576868
v 0.0814884959415847 0.0487249155685942 0.1100055771834742
v 0.0711978703548973 0.0554571468064607 0.0992207484979084
v 0.0714861509112953 0.0570294861770436 0.1113385996799481
v 0.1001109247465339 0.0296040474810180 0.1078791779877990
v 0.0903038842916668 0.0386947877747588 0.0971359684321788
v 0.0911742274981965 0.0396798380347408 0.1087461377488672
v 0.0974201228355749 0.0281013025577335 0.0850884268972911
v 0.0874837962533155 0.0362438528916424 0.0739566162519539
v 0.0799590685622214 0.0459939524350836 0.0862896875745716
v 0.0890536599320973 0.0375573449305740 0.0855324009602933
v 0.0695017463942581 0.0517845955579212 0.0751160652454820
v 0.0705002754207129 0.0537222370076038 0.0871360990936905
v 0.0771714395941516 0.0425057026872947 0.0627956474587368
v 0.0670373327446688 0.0471363466628706 0.0513975624063449
v 0.0593910210784526 0.0563197878607203 0.0634588577845722
v 0.0683112137147824 0.0496026858505274 0.0631925833775176
v 0.0934455371872978 0.0259810100685010 0.0622548463386237
v 0.0836277687346258 0.0329960203254297 0.0509709181859506
v 0.0856550852428826 0.0347312052011534 0.0624292450721699
v 0.0885040563522469 0.0230839005074480 0.0395637555969546
v 0.0792202120980181 0.0287650630373025 0.0283441954311108
v 0.0738006476684829 0.0380098463764468 0.0397098214132212
v 0.0814626387161062 0.0310151918076608 0.0396022663583055
v 0.0646735972283255 0.0411861589572936 0.0283183382056323
v 0.0576962725021473 0.0502950543242427 0.0396347254285870
v 0.0657884837694333 0.0443443164649322 0.0397620860179116
v 0.0426242608168820 0.0698164343298681 0.0629692209616825
v 0.0353146432356192 0.0731632945681259 0.0493199068314652
v 0.0293163170783536 0.0854556545144584 0.0601540843069335
v 0.0353858881441183 0.0772138014316375 0.0619247540984734
v 0.0501514641997773 0.0597571483881527 0.0512154615205286
v 0.0507274751588397 0.0629546418877425 0.0634324504053601
v 0.0498048673476194 0.0520467438119740 0.0274631242267761
v 0.0423538602568255 0.0621511423598432 0.0383418641546647
v 0.0497946895035481 0.0561385122055044 0.0392025796708568
v 0.0365450620607796 0.0635056208519268 0.0248710749109954
v 0.0299357901823691 0.0757880780310548 0.0348349091799340
v 0.0356441853220359 0.0686088468846513 0.0369274189056204
v 0.0746206518083897 0.0234016142885928 0.0062665261023877
v 0.0705222815700562 0.0322555134000257 0.0172187115537098
v 0.0769610057910557 0.0262225275575444 0.0172173361693758
v 0.0694376534842955 0.0169791196027340 -0.0149281464839331
v 0.0672532680851005 0.0252589332931721 -0.0044920052347128
v 0.0721345070863239 0.0203158019969205 -0.0044633972405664
v 0.0611545388714559 0.0250966379417649 -0.0152312811911378
v 0.0570685470921281 0.0333690245567996 -0.0051112032618615
v 0.0630228609507069 0.0337098447947548 0.0061001045979786
v 0.0621899281980609 0.0295146474993106 -0.0046760316585966
v 0.0570019784903644 0.0425885008241991 0.0167494304189627
v 0.0638010534068614 0.0376206126099362 0.0170979528091881
v 0.0631543476930335 0.0096087100339101 -0.0348827725547558
v 0.0631502215400316 0.0173034352286817 -0.0252369271438288
v 0.0664657230154751 0.0134055960262396 -0.0250828840984253
v 0.0552535899250347 0.0014015166363051 -0.0532394771063839
v 0.0573703064149988 0.0086712480718831 -0.0448306523654204
v 0.0594383342995408 0.0056027656228187 -0.0442832494005044
v 0.0520159352028933 0.0064274460694610 -0.0552560656168358
v 0.0533849927689169 0.0133038175855266 -0.0465694132404124
v 0.0578813992334983 0.0158386509130145 -0.0356813206990529
v 0.0553468409828772 0.0111216328012659 -0.0455777611356273
v 0.0563712272348104 0.0233644789115759 -0.0261499072647113
v 0.0597678763859576 0.0205177084171458 -0.0255659190765119
v 0.0526849221429313 0.0207584006755888 -0.0374847246377410
v 0.0497074901367751 0.0291804291061583 -0.0284038871112046
v 0.0527118796758769 0.0316517196774174 -0.0165544009204072
v 0.0530122636144138 0.0261606352625162 -0.0270683889229297
v 0.0492338077721593 0.0107123184234795 -0.0582183683953185
v 0.0496145141557994 0.0181470959791327 -0.0494736748000019
v 0.0515018165388591 0.0155679752760912 -0.0478515465165297
v 0.0464808384893054 0.0164765541671051 -0.0622853798708377
v 0.0454979888442577 0.0251832871548043 -0.0539362468099680
v 0.0475431853488559 0.0267421477589144 -0.0408313097991320
v 0.0476408376365671 0.0212744448776905 -0.0514853119268516
v 0.0433265320578019 0.0369904115081158 -0.0326505237807390
v 0.0447173206963021 0.0389643631042149 -0.0196162815246685
v 0.0464734114139020 0.0326989373092944 -0.0302372744283731
v 0.0511422910739620 0.0424088756301839 0.0049643122149946
v 0.0439908426911045 0.0524128711216741 0.0149441009422070
v 0.0503302641631921 0.0474293035260041 0.0160666896355850
v 0.0471374469703378 0.0410125854543479 -0.0071178890051089
v 0.0520123592036250 0.0371086945608363 -0.0058929717172843
v 0.0383979798354903 0.0504246155285017 -0.0112803521534049
v 0.0402891332946850 0.0517001469598161 0.0020534488106020
v 0.0425607180606531 0.0453582497959274 -0.0088816818749790
v 0.0331288824520902 0.0638893530811016 0.0109546611431232
v 0.0381889214167284 0.0578093290943988 0.0132754846682470
v 0.0447731613002608 0.0091424547446977 -0.0708867584185556
v 0.0397568595574426 0.0094065285368180 -0.0841966276951516
v 0.0424963500738238 0.0166000636802947 -0.0759179143121806
v 0.0437773830424739 0.0125286509749068 -0.0733189880747302
v 0.0465853676986863 0.0039151690450500 -0.0665732780703908
v 0.0408912765560926 0.0022982672220469 -0.0788642626323893
v 0.0456528571202615 0.0063141144003427 -0.0686338788795294
v 0.0355798173352066 -0.0050039232838126 -0.0856424317070101
v 0.0285450015438689 -0.0042416852859321 -0.0976368834066069
v 0.0349562180781892 0.0027678234336607 -0.0915706132632438
v 0.0350822032831800 -0.0014100440191756 -0.0886757043171251
v 0.0286720870563268 0.0055430739427249 -0.1039289916576063
v 0.0340052773496894 0.0117141483723358 -0.0973700588458188
v 0.0346462064493147 0.0070859800885610 -0.0945296151193249
v 0.0455117426875973 -0.0075247276910942 -0.0695350306951399
v 0.0490715124207521 -0.0003548491581616 -0.0630877790912698
v 0.0505354715058189 -0.0029812830822913 -0.0617068932199741
v 0.0354590585906849 -0.0170093780580811 -0.0826691258538558
v 0.0388012425222073 -0.0097567013882442 -0.0790700201287498
v 0.0404101671160735 -0.0122079113482274 -0.0765725972551455
v 0.0314302827996498 -0.0126315297230870 -0.0892247577432419
v 0.0426817518820415 -0.0028126609629478 -0.0737808421340738
v 0.0370052656589226 -0.0075709406047152 -0.0822666883977392
v 0.0477398653086122 0.0018182580894949 -0.0647173344501454
v 0.0195766704558505 -0.0348617566821329 -0.1007625818439640
v 0.0212512558978199 -0.0295201765443331 -0.0979939331797029
v 0.0267052599510776 -0.0266722782347492 -0.0920495220883286
v 0.0229307927233916 -0.0310677589969047 -0.0962581981502456
v 0.0160860000316338 -0.0325505333396601 -0.1036118280301952
v 0.0163612694522326 -0.0278793155262324 -0.1023184166025394
v 0.0226117310655996 -0.0236368050096999 -0.0969073795558747
v 0.0191031806450415 -0.0284850347869083 -0.1000363789156332
v 0.0232166526033619 -0.0171218844965990 -0.0977868002990086
v 0.0290558192855016 -0.0198503719383085 -0.0903157125969388
v 0.0266765969415579 -0.0181693772053428 -0.0937041094420822
v 0.0308859056802685 -0.0219084970556460 -0.0876738743682688
v 0.0000000000000000 -0.0277277481726300 -0.1093518570095431
v 0.0053581122574940 -0.0227565590359656 -0.1085684380929196
v 0.0088997819328139 -0.0275871838936993 -0.1070194802560141
v 0.0037597781229992 -0.0318027918926595 -0.1101041922402191
v 0.0045397860864745 -0.0276628300320671 -0.1086729673023006
v 0.0000000000000000 -0.0174288702799389 -0.1107398948793754
v 0.0067824052583694 -0.0117859434345685 -0.1118908164900329
v 0.0122022722724581 -0.0172079835559049 -0.1068250009111921
v 0.0061329487758736 -0.0173691785998450 -0.1096783732504252
v 0.0204670392582827 -0.0111340112602715 -0.1029802515440408
v 0.0153743761772430 -0.0226231467555715 -0.1033081431692569
v 0.0181443727181514 -0.0169634402213268 -0.1025106953324270
v 0.0107367452492506 -0.0317747615599334 -0.1071853516066896
v 0.0129001972988827 -0.0276196429639808 -0.1047737527155244
v 0.0075042344645182 0.0098620558282255 -0.1256397084460289
v 0.0149728189671001 0.0044865036973769 -0.1183289905572989
v 0.0074793675157602 -0.0008667672072615 -0.1187856181561735
v 0.0000000000000000 0.0045959842903601 -0.1239911727833447
v 0.0075660167287997 0.0045109855385214 -0.1224677970950508
v 0.0218095243989742 0.0098771850558991 -0.1150608023029435
v 0.0219833179634134 -0.0003606257723643 -0.1086223531588108
v 0.0220612472397756 0.0047536033350319 -0.1120057986203520
v 0.0144306699703398 -0.0061259618234570 -0.1112790455382876
v 0.0215993106573718 -0.0056280726945636 -0.1053156541431046
v 0.0000000000000000 -0.0062921082509994 -0.1164628690929822
v 0.0072246738447975 -0.0062921082509994 -0.1150932613732250
v 0.0095158715913678 0.1234121359787476 0.1652829612574864
v 0.0041058798367969 0.1375934487693405 0.1630080755691168
v 0.0000000000000000 0.1243639019378478 0.1688223753024986
v 0.0048527960531971 0.1241045044524629 0.1679140714883515
v 0.0175140890932710 0.1210704066117476 0.1552242254695046
v 0.0117330186453977 0.1361187616864688 0.1564021046131078
v 0.0137995336071724 0.1223723454222739 0.1610217455140121
v 0.0132531484266635 0.1497059084447910 0.1462519057669177
v 0.0094986792871933 0.1661456023117460 0.1468382321084848
v 0.0070919217488837 0.1517516551031229 0.1556021810844768
v 0.0103470438520664 0.1509104700444731 0.1516491339548695
v 0.0032969062792484 0.1674274605109966 0.1530412704700170
v 0.0000000000000000 0.1524033122005530 0.1588711945694325
v 0.0036041396317684 0.1522443177715473 0.1580349608943849
v 0.0227095483994309 0.1178756638808257 0.1394603404488842
v 0.0176064599051397 0.1334018274731645 0.1438662466242911
v 0.0204697900269507 0.1195924186064744 0.1479836521818066
v 0.0252127753949244 0.1134755343196214 0.1192070634237855
v 0.0211408675511763 0.1293053827728986 0.1262480794477007
v 0.0242762486942445 0.1158574249091730 0.1298146875917639
v 0.0199150425096913 0.1404264654204309 0.1120267319699148
v 0.0177799233773388 0.1580665947340660 0.1180417828006814
v 0.0176384238370610 0.1460924987226118 0.1314576391940523
v 0.0190557849008932 0.1435496881659869 0.1222695216894671
v 0.0145244711819159 0.1631885259937324 0.1349638789689294
v 0.0156939329733953 0.1481220158458029 0.1394865827819761
v 0.0157194876143202 0.1755400274664251 0.1226649721931672
v 0.0135838733436075 0.1920999299241682 0.1259661421638509
v 0.0116453791556378 0.1799030216506125 0.1369041611565332
v 0.0138903639885871 0.1780360749556954 0.1304173259915318
v 0.0178883311705415 0.1683349390945432 0.1036856036458688
v 0.0166918568307431 0.1858257016695103 0.1094896155044325
v 0.0170722881375164 0.1723331813533645 0.1137275597449762
v 0.0171402046159274 0.1932068392361390 0.0956213952036222
v 0.0159485166136112 0.2083946582823238 0.1018934778587191
v 0.0151313182577456 0.2018571814661460 0.1142178017369729
v 0.0163976071063358 0.1980206844049984 0.1054906580457577
v 0.0131229270379242 0.2156165263430800 0.1178266451831634
v 0.0112515240977651 0.2069931416460187 0.1279525327358664
v 0.0133972887048625 0.2048150830147599 0.1217295182922678
v 0.0061780888897141 0.1820673264385317 0.1457860355853189
v 0.0030631459578486 0.1968766397160107 0.1431786094726845
v 0.0000000000000000 0.1826389361677254 0.1488541054190830
v 0.0031334556050006 0.1825148765008022 0.1480736573326209
v 0.0088430610828813 0.1955372904516006 0.1373449168201940
v 0.0090449950107933 0.1812217401500132 0.1420449626892615
v 0.0086227520202677 0.2194786055528392 0.1285264751168905
v 0.0059815464683913 0.2094171189961895 0.1363008350645984
v 0.0087499750711589 0.2084901099551006 0.1328135480858432
v 0.0029990805555727 0.2209090052601574 0.1337921615471423
v 0.0000000000000000 0.2100035828761900 0.1391071142442366
v 0.0030352531635559 0.2098847496697359 0.1384026148806957
v 0.0255057047503712 0.1074175164822620 0.0957556327146167
v 0.0223348386914869 0.1233232861507738 0.1045675275884905
v 0.0255620404926902 0.1106678247402759 0.1077978927736619
v 0.0249030113352300 0.0995252860971338 0.0704449849704877
v 0.0219213981606985 0.1152233727312176 0.0800646980790695
v 0.0252254564384835 0.1037086550873060 0.0832484377353197
v 0.0192900678683400 0.1217542477025924 0.0634781131652476
v 0.0182825713360277 0.1394967056106741 0.0723553938103579
v 0.0200493900514325 0.1322668603207809 0.0888828371978195
v 0.0196900571403422 0.1272898945699139 0.0763668397587851
v 0.0188604528177843 0.1501927944990128 0.0967874460419533
v 0.0201853330390011 0.1366557117304467 0.1008336892140297
v 0.0248581738059429 0.0896701071905781 0.0446224191772588
v 0.0213681085508332 0.1050466289673821 0.0541994953714879
v 0.0247200302034400 0.0948511799766047 0.0575133463857307
v 0.0268246708189520 0.0777218684046023 0.0196349867516104
v 0.0221425599615993 0.0928348665430196 0.0284319449516174
v 0.0254991579209415 0.0839655631270463 0.0319400002338153
v 0.0209393737462512 0.0946146138711636 0.0120453409199533
v 0.0179019474754477 0.1114240110470870 0.0203342321469956
v 0.0190993020612197 0.1091243684407062 0.0373524126648140
v 0.0196741026820682 0.1020898277262353 0.0245002712945599
v 0.0174838581456106 0.1264250529007200 0.0463397240566411
v 0.0190322383210959 0.1156890778666964 0.0504092112239614
v 0.0163403911180430 0.1289048708548495 0.0290569195929688
v 0.0158356250674798 0.1467642364313178 0.0381515109628447
v 0.0169224262604882 0.1444379113688582 0.0553138317588621
v 0.0164944891788199 0.1369010802956251 0.0421882639830167
v 0.0175505092704343 0.1118641340339541 0.0035916786497027
v 0.0156793814071420 0.1291059520444744 0.0120571692252254
v 0.0166343107502103 0.1205315310297021 0.0161233554701442
v 0.0153193883115713 0.1271498804447168 -0.0042372840560634
v 0.0139403179475965 0.1434305798826660 0.0051161546454637
v 0.0148837765853196 0.1463890315850135 0.0212829722605611
v 0.0148453208393420 0.1368411135386645 0.0083249262965920
v 0.0145953584904882 0.1632374896760213 0.0312115966905502
v 0.0158741908442040 0.1645226487976734 0.0475484118093250
v 0.0152787594583461 0.1556607724571035 0.0344269701864815
v 0.0179029927675415 0.1578016957113453 0.0807331348653740
v 0.0176723958301098 0.1759952796809659 0.0885213861948548
v 0.0181071548180745 0.1634633277836575 0.0926194813563215
v 0.0169434696407978 0.1626843100969027 0.0641908373271056
v 0.0174499961833085 0.1514322908607774 0.0682300660390788
v 0.0159129491747350 0.1814918656332029 0.0571708756865747
v 0.0170424147897828 0.1804839839932771 0.0728857420095328
v 0.0165141021594222 0.1728415234031960 0.0604376885565960
v 0.0167462670349946 0.1969564120073803 0.0812970424422975
v 0.0173031326441282 0.1873168933643895 0.0846835137493733
v 0.0317661516540028 0.0637760214119833 -0.0034392860654999
v 0.0257122874773319 0.0786293469881490 0.0042227049821234
v 0.0290164832935503 0.0709227934881053 0.0078754506962539
v 0.0377078119767092 0.0492714933029098 -0.0251387247023840
v 0.0315898273823892 0.0632803328980242 -0.0180907052214403
v 0.0347661399632360 0.0564895102875310 -0.0144104518206306
v 0.0317826562660103 0.0626039188825828 -0.0327765089857297
v 0.0263056007713155 0.0779463311279046 -0.0263793213716158
v 0.0257947005066228 0.0786318226799501 -0.0111849004806281
v 0.0287947713389160 0.0705233818775234 -0.0221406619312184
v 0.0209744735544539 0.0949405799583121 -0.0040670114755192
v 0.0230779038317520 0.0867287102539716 0.0001804504246155
v 0.0421844129068817 0.0358722240446065 -0.0462706797630763
v 0.0373326071304050 0.0484470879331343 -0.0392922547294310
v 0.0402830816036156 0.0423296534925478 -0.0357250579208728
v 0.0427312657180641 0.0252416034505642 -0.0676427769284779
v 0.0404981917134469 0.0357894259077021 -0.0601661876890724
v 0.0431031696419668 0.0301068879935137 -0.0568762683622405
v 0.0377157892058462 0.0368102361603671 -0.0739233319510721
v 0.0348266568739302 0.0484118780941849 -0.0672367634730930
v 0.0365431365227121 0.0481304744594568 -0.0534493607557462
v 0.0377254168961839 0.0419764547955869 -0.0636659906652665
v 0.0316660236744905 0.0619379577880794 -0.0472276721826455
v 0.0344638304866316 0.0550731395004192 -0.0431826668564697
v 0.0307604706290114 0.0613990822060339 -0.0611105265727692
v 0.0262392522310453 0.0753047679761013 -0.0551044982632334
v 0.0266048293870118 0.0767874322881100 -0.0411176648174624
v 0.0289281836193101 0.0687716923897922 -0.0512578233580146
v 0.0319212950068735 0.0492673671499080 -0.0802063626654674
v 0.0288192531800605 0.0610073727477222 -0.0740325374671885
v 0.0318439984073049 0.0548404244711131 -0.0707387670642215
v 0.0258350817906679 0.0606973611188477 -0.0855717369522446
v 0.0228112443170839 0.0715334641323835 -0.0794377978996506
v 0.0249765118740368 0.0735588551025727 -0.0679979011635064
v 0.0257942328759493 0.0666566263610288 -0.0769786107105304
v 0.0209646808179961 0.0863906407846843 -0.0615710052477789
v 0.0218364269165465 0.0896472758106343 -0.0487496724866055
v 0.0235883914811445 0.0812678842944175 -0.0585985246252250
v 0.0215148345515800 0.0940650102913133 -0.0197194353497155
v 0.0178053129721437 0.1105809004503696 -0.0124389759163326
v 0.0192631928584544 0.1029849278507763 -0.0083348290637965
v 0.0219466227093834 0.0922382248189478 -0.0346998464383391
v 0.0240478798794338 0.0852757542435764 -0.0306259580411501
v 0.0179142434113933 0.1039716285719591 -0.0416059262560182
v 0.0180667460263427 0.1078738690042699 -0.0275789315876955
v 0.0199270358610834 0.0985614167558947 -0.0384202610617004
v 0.0150945679883422 0.1233076067693666 -0.0194185012574451
v 0.0164620301085385 0.1174487445835646 -0.0161948754555101
v 0.0374074280381724 0.0187173303239924 -0.0895606265975949
v 0.0386441736312691 0.0269668855590834 -0.0814964731707217
v 0.0407608901212333 0.0214843285270528 -0.0786714337487682
v 0.0274136378984402 0.0156796564840087 -0.1093169222474605
v 0.0313672901971545 0.0222548188309371 -0.1021415421771922
v 0.0328865397324465 0.0168217756349290 -0.0999095684800421
v 0.0247090546364550 0.0265751761007717 -0.1127130212448741
v 0.0274381197395847 0.0334820811490511 -0.1056583999191274
v 0.0334254153144919 0.0298970043441514 -0.0944743246690997
v 0.0295253754971155 0.0278595099918233 -0.1040596531693325
v 0.0335582774411525 0.0388647852784362 -0.0870315698843095
v 0.0362188208967643 0.0328320745128217 -0.0843105095180034
v 0.0144431309524055 0.0150871409129389 -0.1236836368462712
v 0.0203042762762019 0.0205452161038250 -0.1190337374900199
v 0.0212044928304653 0.0151732399722447 -0.1173819009049341
v 0.0000000000000000 0.0153190307116445 -0.1293139101557692
v 0.0070154228722289 0.0204874499617987 -0.1290594640539866
v 0.0073136061958313 0.0152073495037269 -0.1278012624652801
v 0.0000000000000000 0.0257015319718404 -0.1308818482964834
v 0.0061814723351757 0.0306135795821445 -0.1292976806206284
v 0.0130804001543181 0.0256478919828160 -0.1258025539511697
v 0.0066309479355137 0.0256426655223469 -0.1295224184207975
v 0.0178505631167309 0.0311362256290492 -0.1205851710187266
v 0.0191669434627639 0.0258982119315966 -0.1200801298912965
v 0.0112136460132078 0.0355762413359383 -0.1254080937241900
v 0.0149129622408862 0.0408841245575561 -0.1202286713993642
v 0.0211240603546153 0.0372456828404987 -0.1143678836754946
v 0.0164132039646829 0.0361632553696724 -0.1206135039360061
v 0.0000000000000000 0.0353094167751501 -0.1296071420957694
v 0.0051726279262161 0.0397626361716452 -0.1272145235084129
v 0.0056882595130177 0.0353399503073640 -0.1284925306315284
v 0.0000000000000000 0.0437088889026427 -0.1264013962901759
v 0.0041591622258945 0.0474581865970172 -0.1236704331566652
v 0.0091717779386977 0.0442802235549696 -0.1232220578637943
v 0.0046558410165741 0.0438219454948942 -0.1255712143061977
v 0.0119561334920527 0.0490230988921967 -0.1184772569884997
v 0.0172244056448524 0.0467083270581423 -0.1145318294881026
v 0.0134079341796073 0.0452025562893231 -0.1194953164724968
v 0.0284379966426868 0.0414601355166184 -0.0985757207529679
v 0.0278220995379396 0.0505726068828358 -0.0918630199726436
v 0.0307348884803997 0.0448501828229626 -0.0895765810558688
v 0.0228385319422696 0.0441644161940502 -0.1078711182356020
v 0.0251833421701777 0.0389682141803500 -0.1069309055049070
v 0.0181891827397518 0.0530708549870405 -0.1087307334443269
v 0.0230726773712829 0.0519215838375836 -0.1015039139999684
v 0.0204812882399826 0.0489166441447482 -0.1084732614970096
v 0.0220192980175898 0.0603683691861645 -0.0953303638785563
v 0.0248925859219786 0.0558169473482246 -0.0938083635745964
v 0.0060996369673051 -0.0348532292992623 -0.1120641149161119
v 0.0025494426598833 -0.0370020197518944 -0.1171236037270165
v 0.0000000000000000 -0.0349336342674256 -0.1133459731153624
v 0.0030999237349387 -0.0348910248607595 -0.1129743442683265
v 0.0113975348986582 -0.0351522928688385 -0.1094489591435207
v 0.0073596815710190 -0.0371036331464874 -0.1155397111280283
v 0.0088989016868401 -0.0349103077491216 -0.1108207674782122
v 0.0078887094012333 -0.0387915048011229 -0.1204333285882574
v 0.0050689789628089 -0.0389728354717121 -0.1276697757229536
v 0.0041449407518814 -0.0382603313713476 -0.1218915110591216
v 0.0060920448457816 -0.0384320618592858 -0.1212024435078077
v 0.0017334051283956 -0.0385901210269445 -0.1286196161439863
v 0.0000000000000000 -0.0382155763651205 -0.1225948826075086
v 0.0020975381308114 -0.0382102123662181 -0.1223918758798162
v 0.0152343620520459 -0.0365344716014081 -0.1069933479536688
v 0.0113039537485756 -0.0379258103936419 -0.1135514555348560
v 0.0134952985925004 -0.0356692448246007 -0.1081538972546641
v 0.0178050378952769 -0.0396032016196526 -0.1053065766065005
v 0.0141583438722158 -0.0400418391914391 -0.1119584853992638
v 0.0166568945609739 -0.0378213637073210 -0.1060250773825611
v 0.0130511869910648 -0.0433314559337175 -0.1180902238369234
v 0.0103724609545580 -0.0426464320123454 -0.1254911669379612
v 0.0108785198663952 -0.0403283592558896 -0.1190254851840161
v 0.0120679247307169 -0.0416184422534572 -0.1184761566810325
v 0.0080107885147156 -0.0401908483301803 -0.1264665895076056
v 0.0094848154131070 -0.0394048161833222 -0.1196928216628534
v 0.0080158774367512 -0.0416195700686110 -0.1333066508772545
v 0.0059701857937928 -0.0399799744040975 -0.1414172922946156
v 0.0055967139317493 -0.0394392282993579 -0.1342650186811577
v 0.0068546679512756 -0.0403684654630678 -0.1337616280149284
v 0.0099621287923644 -0.0452014559818559 -0.1326043796363346
v 0.0081092110176537 -0.0434162346240628 -0.1406789859841460
v 0.0090588313771930 -0.0432210675870739 -0.1329160417264099
v 0.0085681492622095 -0.0461115753033238 -0.1484345031664786
v 0.0071012468546680 -0.0426382897370884 -0.1565899821131268
v 0.0063931989995454 -0.0409270090410889 -0.1488641732324077
v 0.0075056923719122 -0.0433058737851058 -0.1487082046489366
v 0.0048305973500470 -0.0376738949990338 -0.1571703943020578
v 0.0042450137160203 -0.0376531817109644 -0.1498395958020520
v 0.0053109365748391 -0.0390677094830687 -0.1492737626870609
v 0.0028736730120023 -0.0384118987249500 -0.1352894049330910
v 0.0012252831400574 -0.0371627746728476 -0.1433144974448798
v 0.0000000000000000 -0.0381671628365651 -0.1357936208299207
v 0.0014462523871514 -0.0382161540265408 -0.1356472799367873
v 0.0036446034388735 -0.0379923239800322 -0.1424477302376183
v 0.0042634438660953 -0.0388033331063949 -0.1348014185714021
v 0.0028435245874019 -0.0347212749262622 -0.1586860678380816
v 0.0021200174123657 -0.0359028676075671 -0.1510361801725970
v 0.0031815940566892 -0.0366086873400686 -0.1504585187523339
v 0.0009387025586962 -0.0333155771215819 -0.1599294152759812
v 0.0000000000000000 -0.0353820370679832 -0.1516385985108714
v 0.0010596978693234 -0.0355044187660189 -0.1514625493161245
v 0.0194305496242106 -0.0447978356952121 -0.1047322161086389
v 0.0160523031154518 -0.0439794545088193 -0.1111813932505765
v 0.0187209613386341 -0.0419533758464631 -0.1048953366906465
v 0.0203344522084890 -0.0516734369960506 -0.1049126665332544
v 0.0171553338436009 -0.0497268555481973 -0.1112245803186628
v 0.0199597425005450 -0.0480625304733591 -0.1047577982572505
v 0.0151378925948620 -0.0543151844493546 -0.1182217105792500
v 0.0130387535166858 -0.0522375646344675 -0.1250518691816945
v 0.0144171361884937 -0.0481291265828095 -0.1179012460294374
v 0.0148464761621826 -0.0510816641325210 -0.1180178786209572
v 0.0120437179664392 -0.0466917674307614 -0.1250070316524074
v 0.0138264911401180 -0.0455237085313027 -0.1179119740272423
v 0.0207239060364931 -0.0596377100125916 -0.1053728701313973
v 0.0176768795830385 -0.0567326067177897 -0.1116762565339352
v 0.0205805084658344 -0.0555565100722833 -0.1051376794102902
v 0.0208061815273506 -0.0680983317275721 -0.1056369439235176
v 0.0178302349362750 -0.0644511700738375 -0.1121130785984009
v 0.0207904746382567 -0.0638430026290472 -0.1055590971702155
v 0.0154288689045545 -0.0687960091848166 -0.1189770716554607
v 0.0135925382649114 -0.0657658449432963 -0.1258405145587870
v 0.0154040019557965 -0.0613667606741859 -0.1187171240163423
v 0.0154330225652431 -0.0650642889022301 -0.1189028009014269
v 0.0134961238231008 -0.0587530380520707 -0.1254350512571357
v 0.0153146844971492 -0.0577636305745187 -0.1184723056048975
v 0.0123002271447228 -0.0632004780835945 -0.1326703980843647
v 0.0115050624458872 -0.0610337251115609 -0.1394824016136009
v 0.0120449007969665 -0.0564920437454741 -0.1323092221582668
v 0.0122234256835144 -0.0598042965631209 -0.1324734430477417
v 0.0122572051227565 -0.0700793252914611 -0.1329105401890741
v 0.0115565568353507 -0.0677680744413017 -0.1398047917014811
v 0.0123024552673438 -0.0666392965184209 -0.1328370946656406
v 0.0112093548140859 -0.0725100970402417 -0.1467408548976405
v 0.0116719240732832 -0.0711256626773644 -0.1533000627862948
v 0.0114040817280879 -0.0659098476830619 -0.1464987872548636
v 0.0113484611856226 -0.0692357195563836 -0.1466550309152014
v 0.0117655052233659 -0.0644924591115430 -0.1529892259268200
v 0.0111583280552960 -0.0592043814243343 -0.1463087091399103
v 0.0113495890007764 -0.0625576509535884 -0.1463560223609985
v 0.0112934458122642 -0.0503140071203647 -0.1322665852439141
v 0.0098444234010641 -0.0483859108379598 -0.1399703879752899
v 0.0107043136866558 -0.0475892882317303 -0.1323878941421694
v 0.0109802157840482 -0.0544593192260162 -0.1394229850103738
v 0.0117376124290731 -0.0533051104468005 -0.1322401778647021
v 0.0112450322837088 -0.0577276065080436 -0.1531322658975517
v 0.0102596244237999 -0.0525605873991414 -0.1468583127197607
v 0.0108036439432544 -0.0558751563640065 -0.1464404709591036
v 0.0098707482572161 -0.0507363601416371 -0.1548927578450204
v 0.0095002747330207 -0.0492512751532006 -0.1476703396305306
v 0.0207275920665081 -0.0764806665662636 -0.1053329839857125
v 0.0178325180742694 -0.0723427952898588 -0.1120979493707273
v 0.0207968839292530 -0.0723296741233128 -0.1055472688649434
v 0.0202690114218792 -0.0843162861322061 -0.1047044333450929
v 0.0176624930629053 -0.0799302405065816 -0.1115887820902954
v 0.0205632886539732 -0.0804949733141055 -0.1050375514307779
v 0.0150666751940495 -0.0829931664029367 -0.1180695930719140
v 0.0133597132048587 -0.0796698802521630 -0.1253481269672294
v 0.0153739360542562 -0.0761343447909725 -0.1186755874094567
v 0.0152661059224737 -0.0796471589029659 -0.1183886822373927
v 0.0135426118135887 -0.0728619478605553 -0.1258253853311135
v 0.0154186635527965 -0.0725016796881179 -0.1188865713662862
v 0.0191504663584430 -0.0911541468869207 -0.1040973387000830
v 0.0170607624167978 -0.0867985797781368 -0.1109360246853980
v 0.0198097430850833 -0.0878881592474997 -0.1043765417198768
v 0.0170919011181187 -0.0965437279379757 -0.1038585719797076
v 0.0157678461275023 -0.0925333822970156 -0.1104909503149286
v 0.0182561639568157 -0.0940581333696435 -0.1039102864306645
v 0.0127823268614624 -0.0937712281975795 -0.1173579692175232
v 0.0118433519766680 -0.0911057333583653 -0.1244378976150148
v 0.0142788825552440 -0.0889972691744049 -0.1175125624166603
v 0.0136334697026900 -0.0915615357266396 -0.1173626455242587
v 0.0128559374310159 -0.0858608427392430 -0.1247663393939644
v 0.0147471183978973 -0.0861254666850968 -0.1177628823654410
v 0.0109438781299449 -0.0886853320074628 -0.1316823219788480
v 0.0102896903253403 -0.0865259786031459 -0.1389402251091539
v 0.0116969285604746 -0.0830978881661244 -0.1321029145081729
v 0.0113744009341610 -0.0859967307114382 -0.1318556204049269
v 0.0096886473713998 -0.0932950701411626 -0.1317409133514747
v 0.0092571617981500 -0.0915959203349886 -0.1388466989744447
v 0.0103878102437250 -0.0911293899689094 -0.1316286819898235
v 0.0077467147225953 -0.0947216187723457 -0.1463378672877902
v 0.0079318139462596 -0.0937101611331516 -0.1530139828448312
v 0.0090545951934444 -0.0900365095771450 -0.1458856409187843
v 0.0084417239342319 -0.0924681890795859 -0.1460044741252384
v 0.0092593624130843 -0.0887326452285511 -0.1527306536720355
v 0.0100483928977904 -0.0846950669777786 -0.1460820458016737
v 0.0095889595148744 -0.0874406091852292 -0.1459288279868706
v 0.0120879503266194 -0.0768050647152714 -0.1326349131685486
v 0.0113527248770578 -0.0744093377593201 -0.1398064421626818
v 0.0121915442746532 -0.0734792753650098 -0.1328277420521697
v 0.0109593374498586 -0.0807295588661057 -0.1393891505557585
v 0.0119289283899270 -0.0800226113184503 -0.1323779913749649
v 0.0103461636060927 -0.0833027654165111 -0.1529974782328237
v 0.0107570184143332 -0.0788142261503199 -0.1465070395608673
v 0.0104365538645205 -0.0818148746440334 -0.1462922045279028
v 0.0111608587624704 -0.0774302869258028 -0.1533440750849816
v 0.0110134175618699 -0.0757077830936382 -0.1466742862958768
v 0.0138864303893919 -0.1001389825869467 -0.1042450549775503
v 0.0135243192019470 -0.0967195020558557 -0.1106045570609137
v 0.0156226055418361 -0.0985545398342249 -0.1039853824152987
v 0.0097659714786551 -0.1022224147760290 -0.1049792351350181
v 0.0103354356082878 -0.0993269556761768 -0.1112617156956797
v 0.0119215288222103 -0.1013454697246962 -0.1045913767528414
v 0.0073281577620846 -0.0989729317486155 -0.1187281270910140
v 0.0077327683254489 -0.0977183061591774 -0.1255794666122015
v 0.0104066255014136 -0.0970245623011280 -0.1178652109598876
v 0.0089405758321591 -0.0981430248415042 -0.1182772761063420
v 0.0101339968187360 -0.0950759177767738 -0.1247212267878105
v 0.0116969560681613 -0.0955798585967366 -0.1175419956414071
v 0.0050354746004337 -0.1031818828873994 -0.1056947100655439
v 0.0064713483374010 -0.1007105923161404 -0.1120808946049862
v 0.0074579115201504 -0.1028185063463672 -0.1053621421335924
v 0.0000000000000000 -0.1034046951495008 -0.1060248023056943
v 0.0022021333586404 -0.1012249860570413 -0.1126813874051931
v 0.0025368056286228 -0.1033612330045477 -0.1059307260172515
v 0.0000000000000000 -0.1001560373526878 -0.1199192099242232
v 0.0016453942848655 -0.0999142447867776 -0.1272989721065180
v 0.0037812066109223 -0.0999167204785787 -0.1195462056928533
v 0.0019052401455432 -0.1001056982860648 -0.1198133053305083
v 0.0048373367332834 -0.0992565359982780 -0.1265821217916582
v 0.0055985844544435 -0.0995514183994790 -0.1191676999241476
v 0.0028236640376195 -0.1002613917926691 -0.1347700598085877
v 0.0036402297166915 -0.1009202008886358 -0.1422315198203198
v 0.0054867382004059 -0.0989850351307544 -0.1337099135639715
v 0.0041853220359264 -0.0997412214375655 -0.1342834488312328
v 0.0000000000000000 -0.1006564021733823 -0.1352429169426032
v 0.0012339453105927 -0.1019586160607755 -0.1432182205415026
v 0.0014218723244477 -0.1005615006543391 -0.1351097797390758
v 0.0000000000000000 -0.1041894894504583 -0.1517871400189391
v 0.0009619630585522 -0.1066462009477774 -0.1602154952174449
v 0.0021510488337085 -0.1035166514342852 -0.1511021986206271
v 0.0010808842896037 -0.1040164661012462 -0.1515973369808526
v 0.0028617071682968 -0.1050224222031044 -0.1587053232187570
v 0.0042163507065005 -0.1016122942854844 -0.1495287589425771
v 0.0031997766375842 -0.1027087506765172 -0.1503842479983001
v 0.0078286051058393 -0.0967035475975818 -0.1325408368801057
v 0.0077750476398749 -0.0957363773339412 -0.1394964305338073
v 0.0088288946242416 -0.0951479879158732 -0.1320649539005556
v 0.0058616679698433 -0.0988452960824240 -0.1408077219578046
v 0.0067078594274688 -0.0979774285676954 -0.1331091456868979
v 0.0046888502405891 -0.1021049569539088 -0.1564744498290742
v 0.0061101449036165 -0.0986296358188591 -0.1477250799270221
v 0.0051900402918841 -0.1002462625649955 -0.1486160538985613
v 0.0063950145068663 -0.0982241725172078 -0.1543150964247572
v 0.0069659365438930 -0.0967816694277507 -0.1469386351648639
v 0.0017142680307728 -0.0313196743915128 -0.1678956413382765
v 0.0008029906356958 -0.0274950331433240 -0.1774490609219614
v 0.0000000000000000 -0.0304537874302250 -0.1688254011480333
v 0.0008515004411545 -0.0306707130473772 -0.1685585765872451
v 0.0035186457415694 -0.0339065797698844 -0.1659508478900573
v 0.0024639707758337 -0.0295786303785264 -0.1754520028690517
v 0.0025995671665501 -0.0323989109706844 -0.1669823861405272
v 0.0033342617177588 -0.0282360902224615 -0.1824719645095827
v 0.0025749367838976 -0.0221923763821753 -0.1933567561285407
v 0.0016103412397302 -0.0246719192594381 -0.1856766100077091
v 0.0024510064031018 -0.0261974955626663 -0.1842049487703721
v 0.0008416416862487 -0.0192515295993024 -0.1964321154992749
v 0.0000000000000000 -0.0233760321399811 -0.1871097604836952
v 0.0007980722613175 -0.0237135514555349 -0.1867053974895110
v 0.0055426338197380 -0.0382449545744939 -0.1641931067112566
v 0.0042899337683674 -0.0335378117222631 -0.1727342434251471
v 0.0044828176673619 -0.0358408927894789 -0.1649468173262666
v 0.0081762197424043 -0.0444468926285589 -0.1647432604448406
v 0.0065135176210802 -0.0391362311305866 -0.1708884776489731
v 0.0067487358498740 -0.0411618146545825 -0.1639125283071289
v 0.0077754602551751 -0.0402686125604224 -0.1770859594577960
v 0.0066313330431272 -0.0341571197801586 -0.1846615763692467
v 0.0053051874683232 -0.0336193445055803 -0.1789977436820002
v 0.0064608954164629 -0.0368214042811588 -0.1777296393260892
v 0.0044582808108441 -0.0273979310093464 -0.1888509970504883
v 0.0042743094023336 -0.0307337606652459 -0.1806592079574236
v 0.0059351134932768 -0.0271533876747684 -0.1945478389617499
v 0.0055266243460907 -0.0189679253496399 -0.2065466918912154
v 0.0038399630296691 -0.0202418063197535 -0.2003409577763887
v 0.0048641567277956 -0.0234992665763039 -0.1974388968317334
v 0.0082673802160591 -0.0351691825884596 -0.1897725045542414
v 0.0078216456611094 -0.0275233660606036 -0.1996065025420541
v 0.0070653493235516 -0.0310832733321918 -0.1919098518092150
v 0.0101579009984603 -0.0284000360350696 -0.2042580523595063
v 0.0105362142133592 -0.0186386583400899 -0.2168703267019178
v 0.0077318330641019 -0.0184485802251367 -0.2119904630850283
v 0.0089590334899208 -0.0234005139811256 -0.2078808146951564
v 0.0077598633968280 -0.0077260839575859 -0.2267951000557719
v 0.0052085529650192 -0.0094450392981689 -0.2204820859628963
v 0.0064803158432585 -0.0137334876514556 -0.2162899145129867
v 0.0018857509495310 -0.0153924762350779 -0.2052180706246102
v 0.0010938376592609 -0.0079865817504379 -0.2176983080709616
v 0.0000000000000000 -0.0135425843059020 -0.2073086548122292
v 0.0009385952787182 -0.0140341466668592 -0.2067282426232981
v 0.0032930001877400 -0.0120508424572892 -0.2132805735902827
v 0.0028500164014582 -0.0175003902653048 -0.2030119541529386
v 0.0047495046897167 0.0014048175587066 -0.2360871966160044
v 0.0026204730084263 -0.0029059120207903 -0.2273562568640274
v 0.0039205880593258 -0.0057727631264962 -0.2242698944186216
v 0.0015987687559442 0.0068981025885421 -0.2420701184687296
v 0.0000000000000000 -0.0003471470058915 -0.2302390624280073
v 0.0013122596945684 -0.0010342890191378 -0.2294440902829785
v 0.0118471205297430 -0.0567928210439305 -0.1598826522086265
v 0.0129593938406163 -0.0568398371820025 -0.1667375677290823
v 0.0104452462935111 -0.0503321621935730 -0.1633403684242016
v 0.0111546420252809 -0.0533920897520801 -0.1610379750491528
v 0.0126441282435861 -0.0635812944979813 -0.1592059631163183
v 0.0138843398052043 -0.0632789850213769 -0.1654364541491564
v 0.0123415161824282 -0.0601916598069373 -0.1593407507810464
v 0.0158136189181364 -0.0703545121889998 -0.1718402436080733
v 0.0174739828860927 -0.0713702060119425 -0.1787804329572345
v 0.0153491516285582 -0.0637484862176174 -0.1720080404968164
v 0.0156647198101419 -0.0670012701674324 -0.1717907297720507
v 0.0167771031517620 -0.0650155177737479 -0.1791627898020753
v 0.0143201165775761 -0.0579630310444875 -0.1737602801382812
v 0.0148924415066235 -0.0607008545950559 -0.1726187111410945
v 0.0127133650909576 -0.0702786459891386 -0.1594535322964311
v 0.0141564458418349 -0.0700045318913804 -0.1655189772091939
v 0.0127613109888394 -0.0669544520847044 -0.1592747323330164
v 0.0122035101183587 -0.0766501414238941 -0.1597726214619098
v 0.0137329925130954 -0.0764988766548452 -0.1659535986587252
v 0.0125206737457698 -0.0735213621256290 -0.1596488368718534
v 0.0145878763997114 -0.0830883429988468 -0.1725581942304003
v 0.0166018516799288 -0.0845033384016246 -0.1794241128255277
v 0.0155447862962207 -0.0769846624015998 -0.1722583604455971
v 0.0151472727160196 -0.0801341549879344 -0.1724619173270231
v 0.0174221584043891 -0.0781123675247002 -0.1790885190480415
v 0.0157702668039300 -0.0737035455345053 -0.1720217943401559
v 0.0185337715307821 -0.0865996992034462 -0.1871070097150273
v 0.0201258064050273 -0.0893149829555497 -0.1961212786398000
v 0.0191232062409440 -0.0798581703674821 -0.1868924497589295
v 0.0189315601878500 -0.0832918998802728 -0.1870244866549897
v 0.0171407272619743 -0.0924406813929067 -0.1869089543709371
v 0.0189852551922478 -0.0957468302548793 -0.1957031618022761
v 0.0179350667302094 -0.0896822105727169 -0.1870877543343518
v 0.0186403088012907 -0.1053225310647744 -0.2046321568983433
v 0.0195899841762032 -0.1108380973208201 -0.2167823021045443
v 0.0203238067337442 -0.0997071119060833 -0.2061945935017217
v 0.0195907818991169 -0.1027736688170801 -0.2055179044094134
v 0.0208781141280166 -0.1041834377593889 -0.2189939201135518
v 0.0211087935885084 -0.0925463109097548 -0.2069923164154184
v 0.0208322037989491 -0.0962546221509773 -0.2066787287872755
v 0.0188739040765704 -0.0730170361980526 -0.1867384067135260
v 0.0197200405188225 -0.0751952323677448 -0.1960415063484303
v 0.0177936497129917 -0.0669262016904849 -0.1871702773943895
v 0.0184367244121779 -0.0698241914975116 -0.1868456866915749
v 0.0203838009983915 -0.0821546495898948 -0.1961212786398000
v 0.0191033456911616 -0.0763974558140590 -0.1867769174748769
v 0.0212219602115066 -0.0961454166348609 -0.2202345167827835
v 0.0209377507927371 -0.0848867955539326 -0.2071958732968444
v 0.0211463415808255 -0.0887133898478756 -0.2071601133041615
v 0.0205526431792284 -0.0878977869378375 -0.2204600798135529
v 0.0197532147889576 -0.0777750407629532 -0.2069648087287392
v 0.0204757591949600 -0.0811969694781585 -0.2071243533114785
v 0.0112684963404461 -0.0824833114303378 -0.1595883199611592
v 0.0127350686557475 -0.0823912982183959 -0.1660333709500949
v 0.0117822574045535 -0.0796324973059659 -0.1597286091632231
v 0.0100097996133795 -0.0878496484861488 -0.1592829846390201
v 0.0113011479645343 -0.0876295869927153 -0.1657115310159483
v 0.0106738076621286 -0.0852174379478165 -0.1594177723037482
v 0.0111097219729338 -0.0928477951557588 -0.1718925082127637
v 0.0129817025745132 -0.0942295062576549 -0.1785686237698047
v 0.0130414492699804 -0.0882729917841417 -0.1722611112142650
v 0.0121098739529027 -0.0906100448444062 -0.1720410497208314
v 0.0150645571021752 -0.0898860425310098 -0.1792178051754338
v 0.0138766926683075 -0.0857835461396744 -0.1724619173270231
v 0.0085202033643276 -0.0928681508439014 -0.1594012676917407
v 0.0095871715152403 -0.0924800173848580 -0.1656097525752353
v 0.0092880804379774 -0.0903949347345749 -0.1592554769523409
v 0.0068924360050862 -0.0976577892484831 -0.1604795690095651
v 0.0077446516460944 -0.0972157407235484 -0.1663662139589132
v 0.0077177766362088 -0.0952841509649353 -0.1597863753052494
v 0.0069341101504052 -0.1019467877555034 -0.1738923170343413
v 0.0083013247014213 -0.1022488221552410 -0.1791215282720566
v 0.0090101427717708 -0.0972468244094959 -0.1721648343108878
v 0.0079574786179313 -0.0995288620964021 -0.1727975111045093
v 0.0106446495142486 -0.0981281706906974 -0.1782302792236506
v 0.0100686660628729 -0.0950401577840908 -0.1718980097500996
v 0.0099540965478541 -0.1034866680558049 -0.1847798594219673
v 0.0116991291754090 -0.1060924712149251 -0.1914532242103403
v 0.0125165751004546 -0.1001978490364401 -0.1849944193780650
v 0.0112271797950540 -0.1017965957862350 -0.1847083394366014
v 0.0075525104546402 -0.1076672862773091 -0.1867081482581789
v 0.0091228967794688 -0.1088878023352651 -0.1915109903523666
v 0.0087212295385792 -0.1053995525874762 -0.1853850285289096
v 0.0083231382969579 -0.1141373692611229 -0.1982201151334226
v 0.0094020447838893 -0.1166774290490799 -0.2032182618030326
v 0.0106198650885507 -0.1117585045171060 -0.1977662383032159
v 0.0094120300741538 -0.1126197701870316 -0.1974168906823901
v 0.0118426917921877 -0.1167525250337141 -0.2062110981137292
v 0.0133404303164966 -0.1103960487958854 -0.1997000286767634
v 0.0119433424177469 -0.1110622849672555 -0.1985804658289201
v 0.0150266515099313 -0.0967830448120847 -0.1859929484045198
v 0.0170085528274807 -0.1005293166609244 -0.1945423374244141
v 0.0161560346019191 -0.0947755338382369 -0.1865100929140887
v 0.0144354838155087 -0.1036671184804204 -0.1928616177683151
v 0.0137982682535851 -0.0985586659872268 -0.1854537977456076
v 0.0146751307818579 -0.1165005546237327 -0.2098998788974094
v 0.0161689907223450 -0.1086124503916063 -0.2022582435379287
v 0.0147691245472407 -0.1096247332614007 -0.2009571299580027
v 0.0174263945881377 -0.1149359174054200 -0.2136381735171122
v 0.0174795394388019 -0.1072235872911737 -0.2035153448191679
v 0.0052090481033794 -0.1022559741537776 -0.1628699869819873
v 0.0059208920192636 -0.1021176104897813 -0.1686328473412790
v 0.0060557071916784 -0.1000041949222186 -0.1615468672527180
v 0.0034916331932504 -0.1062088287295781 -0.1657940540759859
v 0.0041764920685024 -0.1069441091945130 -0.1721318250868728
v 0.0043538891398965 -0.1043462832645297 -0.1643251436073168
v 0.0032873060965974 -0.1123160853260933 -0.1821171153514211
v 0.0042596478053336 -0.1131039054725855 -0.1874646096418568
v 0.0050373451231278 -0.1072447682099167 -0.1776113562733687
v 0.0041479941051027 -0.1098720273646467 -0.1798587342750590
v 0.0061561102480574 -0.1073300420386222 -0.1823289245388509
v 0.0059633913951830 -0.1045608432206275 -0.1755592828471006
v 0.0017514914323871 -0.1089818786237079 -0.1682752474144494
v 0.0024856248267875 -0.1109318985323961 -0.1756665628251494
v 0.0026236886569991 -0.1077762167165588 -0.1671501830292703
v 0.0000000000000000 -0.1100400993302566 -0.1693452964262701
v 0.0008251618311592 -0.1133124137376138 -0.1780294731108925
v 0.0008764554145099 -0.1097586956955284 -0.1690482134101348
v 0.0000000000000000 -0.1176836602278049 -0.1875553850078981
v 0.0008284242427993 -0.1215779234309787 -0.1961927986251659
v 0.0016229452617666 -0.1161446051581039 -0.1859186776504860
v 0.0008088827821824 -0.1172660935440147 -0.1870987574090235
v 0.0025087780466654 -0.1182948810258167 -0.1926910701109041
v 0.0024473643853854 -0.1144509568892658 -0.1841966964643683
v 0.0017731647387217 -0.1246791400271914 -0.2035538555805188
v 0.0029336122612763 -0.1267854035962174 -0.2093304697831501
v 0.0035782824062899 -0.1196639385918403 -0.1981238382300455
v 0.0026697310229627 -0.1224254352575648 -0.2010919176227307
v 0.0000000000000000 -0.1267884294417521 -0.2058975104855864
v 0.0009781678367749 -0.1311101620959207 -0.2141938287880320
v 0.0008845866866923 -0.1262063667916203 -0.2052455783112894
v 0.0000000000000000 -0.1370218390401468 -0.2238600298871016
v 0.0012808101563881 -0.1415771119542217 -0.2315291729332616
v 0.0022134252640222 -0.1342408119168800 -0.2206828920756544
v 0.0011099764190356 -0.1362474976601274 -0.2229770331446994
v 0.0037837373180968 -0.1359660940253992 -0.2250511127203108
v 0.0043746299356526 -0.1277952107742107 -0.2133053305082939
v 0.0033038107086049 -0.1313178451303486 -0.2173407081441321
v 0.0054613210979143 -0.1134681072442180 -0.1917585595324794
v 0.0068816804995946 -0.1136427810546310 -0.1951667619120318
v 0.0064718709834479 -0.1104213558676303 -0.1889280185731901
v 0.0048863829386324 -0.1202817612346550 -0.2021097020298610
v 0.0045027882478910 -0.1166136112159842 -0.1949191927319190
v 0.0061106125342901 -0.1276164108107959 -0.2152858839491961
v 0.0064194688403241 -0.1202184935552929 -0.2046486615103508
v 0.0054193443680418 -0.1239889721684103 -0.2089371098636376
v 0.0079976123327962 -0.1194518543275437 -0.2056004274694510
v 0.0073564906793642 -0.1168023139466035 -0.2008526007486217
v 0.0038969314487817 0.0133703861872902 -0.2529274024010085
v 0.0023734127205171 0.0254883474000766 -0.2699904204481141
v 0.0000000000000000 0.0168165491744599 -0.2567234631627375
v 0.0019582557100800 0.0158851389035024 -0.2556781710689282
v 0.0076373441603588 0.0047104162669456 -0.2438003519608511
v 0.0070022741979962 0.0182741814915906 -0.2622607604912598
v 0.0057965022601003 0.0095523192762178 -0.2488425109291478
v 0.0108745862672000 0.0210678621507298 -0.2696823343573070
v 0.0096530524248370 0.0358559945094657 -0.2899912594325577
v 0.0056105502981489 0.0320382026752601 -0.2812410642999054
v 0.0083075414386108 0.0271740184397778 -0.2760668684355485
v 0.0033015275706105 0.0447885656048012 -0.2996134482329406
v 0.0000000000000000 0.0364760177672148 -0.2860521587000968
v 0.0028269374523343 0.0352689804757317 -0.2847290389708275
v 0.0110646643821533 -0.0069258853520881 -0.2323516527649696
v 0.0112771887694368 0.0065069432839639 -0.2501876368077605
v 0.0093999266920150 -0.0008755696669988 -0.2381777808036234
v 0.0140223458692738 -0.0193013185121918 -0.2215988980420717
v 0.0149871779795467 -0.0071663025336642 -0.2371709994711648
v 0.0126119717578581 -0.0131610526916615 -0.2267015739210626
v 0.0192266076351711 -0.0081034894188245 -0.2416492508625379
v 0.0198394788943836 0.0055796591660082 -0.2591936534265294
v 0.0154705155421868 0.0066769407876413 -0.2552022880893780
v 0.0174627322422409 -0.0008532884407887 -0.2480695449334624
v 0.0152501514641998 0.0216210417298484 -0.2750655886404257
v 0.0132683601773971 0.0141095177283602 -0.2625688465820669
v 0.0196539395477324 0.0203047989222488 -0.2786635940580646
v 0.0188218045180000 0.0349600691543243 -0.2992503467687752
v 0.0142193834289569 0.0367546706332751 -0.2960016889719622
v 0.0170992456704620 0.0287301282752199 -0.2874275430340566
v 0.0239272036579722 0.0040714127053879 -0.2630667357109602
v 0.0236729501099964 0.0177449335998828 -0.2809577351271096
v 0.0219183172997905 0.0119336597120358 -0.2703342665316040
v 0.0268377919854980 0.0152607144158846 -0.2832408731214829
v 0.0264084520118091 0.0252869911335849 -0.2979684885695247
v 0.0230359821172529 0.0309453222834956 -0.2998967774057363
v 0.0250770524688493 0.0225491510784045 -0.2905386623974738
v 0.0219120180395409 0.0428784318417978 -0.3196555487474032
v 0.0172297696437548 0.0485700472925903 -0.3203267363023756
v 0.0204240172363165 0.0398349813876115 -0.3101268860817295
v 0.0074696848100491 0.0497160175196456 -0.3100828737830428
v 0.0042446011007201 0.0612909769973847 -0.3287165807395305
v 0.0000000000000000 0.0550805665758225 -0.3160025279564058
v 0.0037798312265884 0.0536089053384855 -0.3143685713676616
v 0.0122535741081148 0.0509491871134740 -0.3170643246622228
v 0.0109795280918812 0.0439239990124741 -0.3037588566154956
v 0.0145108548770097 0.0601543593838003 -0.3410812859018292
v 0.0092085832234745 0.0629912271110258 -0.3372082036173984
v 0.0134418236495961 0.0565021638234034 -0.3296078297879364
v 0.0050642201330134 0.0714869761418957 -0.3550689445782006
v 0.0000000000000000 0.0690786781731320 -0.3443491990793178
v 0.0046785073503977 0.0673965831326992 -0.3423741471757515
v 0.0129850310046013 -0.0294770169839335 -0.2089866236996601
v 0.0163403085949830 -0.0304079871319042 -0.2144193918188014
v 0.0179462348510012 -0.0201116949617609 -0.2266052970176854
v 0.0152761462281116 -0.0250666545632845 -0.2174204804355017
v 0.0149000611358336 -0.0391445659596504 -0.2054738921107267
v 0.0177674073798997 -0.0396191560779265 -0.2129229736634531
v 0.0199333626290196 -0.0308077563424129 -0.2211422704431970
v 0.0171817687304996 -0.0352753347513546 -0.2128349490660797
v 0.0234207046231481 -0.0301128021461497 -0.2299722378672191
v 0.0257483225468817 -0.0200847374288153 -0.2405186849400230
v 0.0219749006112896 -0.0205908788637125 -0.2325937204077465
v 0.0228803436260220 -0.0257436187324596 -0.2303766008614032
v 0.0234173761930600 -0.0089069889467238 -0.2467546775101968
v 0.0207438216016488 -0.0146968068389611 -0.2364227903934906
v 0.0159626005491910 -0.0473041435516137 -0.2083126853760198
v 0.0180389082474234 -0.0465378069084180 -0.2190874462482610
v 0.0206925197659921 -0.0388455574054475 -0.2226882024345678
v 0.0180641603037949 -0.0433898272448507 -0.2149227824850307
v 0.0158538626637481 -0.0536186017980399 -0.2194753046304377
v 0.0168900772209534 -0.0507670587199711 -0.2348933630141273
v 0.0199965202776351 -0.0437772179963539 -0.2332043910520246
v 0.0176585869713968 -0.0490134161864856 -0.2256617833645890
v 0.0214295057075011 -0.0385191511953121 -0.2513044488869359
v 0.0250875053897874 -0.0315343718860439 -0.2518821103071990
v 0.0232769769602493 -0.0362925965124379 -0.2355040336584054
v 0.0225715423353613 -0.0379406645444486 -0.2419848446400241
v 0.0263648523284225 -0.0278066952333993 -0.2416272447131946
v 0.0235564550569100 -0.0336562048057304 -0.2315924406126237
v 0.0282790022136811 -0.0235383274913884 -0.2565034016693040
v 0.0307307623273979 -0.0140740328125441 -0.2651380645179038
v 0.0288385085607359 -0.0179897520113277 -0.2512494335135775
v 0.0288264051785971 -0.0212815968762271 -0.2527816116616087
v 0.0257865857390525 -0.0242628799585184 -0.2719627215830124
v 0.0289059023931000 -0.0173711041379125 -0.2742816195700686
v 0.0272482341784382 -0.0245888460456669 -0.2627779050008287
v 0.0284135148015424 -0.0098964404365745 -0.2930693695719598
v 0.0300708529239639 -0.0029914609263626 -0.2986149192064858
v 0.0311227468625764 -0.0086374136172677 -0.2817224488167913
v 0.0299124086486918 -0.0101473105390888 -0.2860163987074139
v 0.0320247239087873 0.0024190259665685 -0.2937900709629547
v 0.0320013423751099 -0.0029452480127416 -0.2771149112980258
v 0.0318671048641155 -0.0061760258132132 -0.2787818771107852
v 0.0271912382516389 -0.0087873305096693 -0.2536398514859997
v 0.0274939053281701 0.0034153543780890 -0.2683867223147169
v 0.0257154233536134 -0.0028275151137546 -0.2574909276210872
v 0.0302114172028946 -0.0068821481302682 -0.2635618740711858
v 0.0282627726785404 -0.0138330654772343 -0.2515492672983807
v 0.0315609443113760 0.0095429666627468 -0.2909182684736467
v 0.0301899612072849 0.0051362352567396 -0.2773597297094707
v 0.0313815941942277 0.0008744693595317 -0.2766527821618154
v 0.0288343824077341 0.0166435258252478 -0.2903241024413760
v 0.0286088193769647 0.0096939838626156 -0.2792027447169769
v 0.0142550884062665 -0.0577507129648541 -0.2409478048522185
v 0.0141419767986417 -0.0521097364144693 -0.2610119115160243
v 0.0176470062353049 -0.0451156319994168 -0.2547319066471637
v 0.0157003422643915 -0.0517491106421051 -0.2470297543769887
v 0.0112130958594742 -0.0598613750129802 -0.2695475466925790
v 0.0101300907272276 -0.0515673123408422 -0.2902690870680176
v 0.0137499647557764 -0.0434917707316838 -0.2839368175944666
v 0.0122676580436946 -0.0519991004986456 -0.2757780377254169
v 0.0128088992867945 -0.0321900175980426 -0.3085974587023662
v 0.0173090467967643 -0.0251670576196636 -0.3039184011982348
v 0.0178455842254420 -0.0365100997910104 -0.2781684556978391
v 0.0154878178771080 -0.0344956568801194 -0.2934929879468194
v 0.0220248820779857 -0.0303390803767728 -0.2737369673738206
v 0.0198401665865505 -0.0379467987585781 -0.2637379232659327
v 0.0071401977390057 -0.0606095290752810 -0.2969452026250585
v 0.0052756717205164 -0.0503409646533103 -0.3141870206355789
v 0.0087158930473634 -0.0406545178968448 -0.3121376979779787
v 0.0077818695461713 -0.0509645639103277 -0.3034260136066773
v 0.0024487947850928 -0.0606541190353880 -0.3148114451231966
v 0.0000000000000000 -0.0496318715060940 -0.3242768401095081
v 0.0029829610511787 -0.0383571859361450 -0.3306091095830592
v 0.0026641634671789 -0.0498466790313718 -0.3214903114489056
v 0.0000000000000000 -0.0258291676380319 -0.3443216913926386
v 0.0038168290651719 -0.0142233995512121 -0.3529866126965855
v 0.0066835426324444 -0.0278556589156883 -0.3336789674164575
v 0.0033766785706181 -0.0264084795194957 -0.3413756181492966
v 0.0110954454835473 -0.0188402896834484 -0.3334313982363447
v 0.0098508877074337 -0.0298797020092302 -0.3223733081913077
v 0.0084331690436746 -0.0043852754103975 -0.3564993442855188
v 0.0135761986990240 0.0032071211899275 -0.3551349630262307
v 0.0159331123090709 -0.0116415280795027 -0.3302460081188938
v 0.0123581308251825 -0.0077368119553908 -0.3446077713341022
v 0.0000000000000000 -0.0010920551611641 -0.3677884988986611
v 0.0047224921413978 0.0099643844226721 -0.3755649219228699
v 0.0042749145714406 -0.0020248408164557 -0.3646498718485647
v 0.0000000000000000 0.0227730636479731 -0.3882074547206286
v 0.0054720215880325 0.0324233102887688 -0.3919622539523389
v 0.0100854732594339 0.0183313974798833 -0.3764864294266229
v 0.0051310087962705 0.0215214639040697 -0.3849340400058042
v 0.0156273918793183 0.0237193280697375 -0.3711636920541984
v 0.0187586193616979 0.0083934204364232 -0.3495701580110293
v 0.0146868490563832 0.0137670470292042 -0.3642427580857126
v 0.0217051602357134 -0.0193835664953625 -0.2990330360440095
v 0.0255552185863937 -0.0144998518023380 -0.2949013815047943
v 0.0239462114694675 -0.0223890563419315 -0.2844209528800205
v 0.0206561546042022 -0.0062568984120500 -0.3249397753584768
v 0.0190414533961334 -0.0156623266414009 -0.3146821589958044
v 0.0234167710239530 0.0111557423327481 -0.3405641413922603
v 0.0248001876024232 -0.0025587650148989 -0.3183351797868017
v 0.0221242398422709 0.0027741502015970 -0.3338495150738685
v 0.0279318552077896 -0.0007036466252538 -0.3108228305547132
v 0.0268029947618488 -0.0070747019370225 -0.3042925057370719
v 0.0105874060182692 0.0684165681547638 -0.3603366665772667
v 0.0056353897392203 0.0725039353184255 -0.3764919309639588
v 0.0000000000000000 0.0749193852857258 -0.3688695509851534
v 0.0053844646213326 0.0731239585761746 -0.3665203945427501
v 0.0197226812567437 0.0529825553128002 -0.3399287138299709
v 0.0161639843233694 0.0606948854270465 -0.3597865128436828
v 0.0154273284741005 0.0614763788056025 -0.3511848592190981
v 0.0213878040544955 0.0493380619046735 -0.3534019787654413
v 0.0169890223699385 0.0537258130068721 -0.3719586641992272
v 0.0114399242438309 0.0650801608374440 -0.3775207184457607
v 0.0166936173226906 0.0580359924326354 -0.3667542098795232
v 0.0059140976206539 0.0652817921808025 -0.3910462479859216
v 0.0000000000000000 0.0716212136528901 -0.3874729994862940
v 0.0058132269336013 0.0698241364821382 -0.3847469877363856
v 0.0260583616834429 0.0340322348826350 -0.3145528728684122
v 0.0244659141938976 0.0424097008607843 -0.3336294535804349
v 0.0232919686494895 0.0436139873835995 -0.3274319717716119
v 0.0294125939817308 0.0225065141640517 -0.3044988133871659
v 0.0279450588973956 0.0248991327514082 -0.3021469061760946
v 0.0311274231693119 0.0154928792914570 -0.3082756187682196
v 0.0284236926456137 0.0294288235168715 -0.3225246004680433
v 0.0305368331363095 0.0192297985268258 -0.3064491083727209
v 0.0258040806277804 0.0356538130123737 -0.3419670334128993
v 0.0253359548158739 0.0396336251211198 -0.3384157910626150
v 0.0288750937840193 0.0213253340980470 -0.3273879594729253
v 0.0253146913740708 0.0251654071584628 -0.3453697342551160
v 0.0217875457573176 0.0398600133824896 -0.3606612572800812
v 0.0257723917727260 0.0308385924591803 -0.3444482267513628
v 0.0302928399554651 0.0078993823836648 -0.3118846272605301
v 0.0309934607351842 0.0117193748328048 -0.3102451691344500
v 0.0273090261659993 0.0111422635662753 -0.3280233870352147
v 0.0291837300285599 0.0040229991768325 -0.3127153593982419
v 0.0208279676152005 0.0259911879125723 -0.3602981558159158
v 0.0245048925859220 0.0186119758840111 -0.3442391683326010
v 0.0116735470267973 0.0546041334425388 -0.3871346549401399
v 0.0058698102451004 0.0513964620988778 -0.3968338652632246
v 0.0000000000000000 0.0607721820266151 -0.3982009972911806
v 0.0059342332473030 0.0590735823741747 -0.3951531456071256
v 0.0168025752696269 0.0409793011534661 -0.3764121586725891
v 0.0170229668553006 0.0479907354111264 -0.3752650881380666
v 0.0112300130867819 0.0385324924233516 -0.3874207348816035
v 0.0163349996114539 0.0328392265113583 -0.3751330512420065
v 0.0000000000000000 0.0439600340820238 -0.3990977478769224
v 0.0057170050455974 0.0424473863915348 -0.3958490900801093
v 0.0046772419968105 -0.0701270511278495 -0.3041137057736572
v 0.0023905445077809 -0.0796870450486508 -0.3105422521505853
v 0.0000000000000000 -0.0706942871348613 -0.3141375067995563
v 0.0023653309621707 -0.0705565836553452 -0.3113729842882971
v 0.0089272070964330 -0.0683263979578293 -0.2802755444974655
v 0.0069409870720750 -0.0774382366472531 -0.2922386374342480
v 0.0068823406840749 -0.0693891574326801 -0.2934022125807780
v 0.0093678527293471 -0.0822869615628217 -0.2791257231942751
v 0.0077385724473383 -0.0918839258145198 -0.2948436153627680
v 0.0049387025586962 -0.0868915557591124 -0.3041164565423251
v 0.0072488255937018 -0.0848914718606681 -0.2929043234518846
v 0.0026740772374580 -0.0961635717080692 -0.3142007744789185
v 0.0000000000000000 -0.0886435203237105 -0.3145776297864235
v 0.0025012051805226 -0.0881783653419653 -0.3116948242224437
v 0.0123225358786196 -0.0651602907287405 -0.2509303443480988
v 0.0107994627748792 -0.0733184104133099 -0.2640157509013925
v 0.0107583937986671 -0.0669222680912898 -0.2657707413115253
v 0.0144360064615556 -0.0604967475598963 -0.2243909282400101
v 0.0135046787136580 -0.0677053019002998 -0.2342551846831699
v 0.0135662134087594 -0.0630239337504874 -0.2367886426263240
v 0.0146590938005239 -0.0679938300258779 -0.2196458522878487
v 0.0147473934747641 -0.0758382245438710 -0.2328412895878592
v 0.0127778431085336 -0.0756982379263606 -0.2481273110754887
v 0.0139414182550637 -0.0719312252817647 -0.2330393449319495
v 0.0119521173697975 -0.0846626079074971 -0.2648272276584288
v 0.0112320761632829 -0.0791863501357161 -0.2638452032439815
v 0.0145606162822124 -0.0848188515678350 -0.2496594892235199
v 0.0138377692916564 -0.0949870679487999 -0.2685050053674374
v 0.0107566057990330 -0.0945353917335275 -0.2828420116646346
v 0.0128554147849690 -0.0898841169929422 -0.2665244519265352
v 0.0164755088750113 -0.0743391656506015 -0.2187133417094239
v 0.0169508967162011 -0.0832413132444698 -0.2342689385265095
v 0.0157935658145473 -0.0795627653202342 -0.2333529325600923
v 0.0188013387991107 -0.0806135039360061 -0.2196348492131771
v 0.0190828799722723 -0.0910064306094534 -0.2361119535340157
v 0.0167237107319177 -0.0936169100753092 -0.2525698024741789
v 0.0180903476215135 -0.0870103889655666 -0.2352922244709756
v 0.0156231006801963 -0.1053841482829358 -0.2715721124321678
v 0.0123980444785540 -0.1061584896629552 -0.2874467984147320
v 0.0147950642957792 -0.1001081739778659 -0.2703315157629361
v 0.0056931558812466 -0.1017041699589929 -0.3094034339220666
v 0.0031135400398449 -0.1111470086422275 -0.3207503546772352
v 0.0000000000000000 -0.1045402124556181 -0.3204725270417753
v 0.0028859414402612 -0.1037754987659364 -0.3174274261263882
v 0.0089946559441704 -0.1050246228180387 -0.3003341496239356
v 0.0083429438313669 -0.0985498635274895 -0.2975063594333142
v 0.0101708296111995 -0.1179386564833211 -0.3042787518937323
v 0.0065737044395343 -0.1156351628008052 -0.3151855496620337
v 0.0096263699687581 -0.1114427162740288 -0.3027768322010482
v 0.0035231019868114 -0.1257007755104567 -0.3251653383892462
v 0.0000000000000000 -0.1194447023290071 -0.3267030180746133
v 0.0033336840563385 -0.1184109634636029 -0.3235396341065057
v 0.0149430281424266 -0.0542534296927598 -0.2076745070450624
v 0.0145953034751148 -0.0609767016770749 -0.2113440324480673
v 0.0148784676017905 -0.0575621835326609 -0.2147687394396272
v 0.0141357325537655 -0.0466459946401273 -0.2000796347529363
v 0.0140844582257955 -0.0534117274896004 -0.1984539304701958
v 0.0146789818579929 -0.0506036355534100 -0.2028634126448710
v 0.0131726884431268 -0.0517286724309024 -0.1910075996861373
v 0.0144471745823474 -0.0580473613595399 -0.1922564486613728
v 0.0146396183583550 -0.0599438980730178 -0.2008718561292972
v 0.0140501561405065 -0.0558518270949338 -0.1949604542619378
v 0.0155570822321663 -0.0667486120652840 -0.2075782301416853
v 0.0148672169579387 -0.0639946525057096 -0.2090113806176714
v 0.0124090750609123 -0.0379397567907882 -0.1996065025420541
v 0.0124596066813420 -0.0451909205378578 -0.1935383068606234
v 0.0133626565273334 -0.0424136344599794 -0.1990783549578135
v 0.0102090102803102 -0.0364986565933518 -0.1945863497231008
v 0.0113243644520916 -0.0332575083950021 -0.2014165083255453
v 0.0092734738563507 -0.0417243468471721 -0.1826535152416654
v 0.0108498568568754 -0.0434340320973442 -0.1879542464647465
v 0.0095537771836117 -0.0392908243297236 -0.1883723633022703
v 0.0121169709360659 -0.0497033364760865 -0.1846120625332242
v 0.0120810458972629 -0.0475846944480548 -0.1887519693784432
v 0.0108785198663952 -0.0476850149813739 -0.1785576206951330
v 0.0130040113084100 -0.0535855155525022 -0.1779854608122058
v 0.0139151484142850 -0.0558005885269565 -0.1848458778699973
v 0.0124575160971544 -0.0516551718920956 -0.1810140571155853
v 0.0095144136839738 -0.0459217447575507 -0.1722281019902499
v 0.0092829365005684 -0.0438896694194984 -0.1773060209512296
v 0.0117756830674372 -0.0516869432702101 -0.1711085391424066
v 0.0099001814819629 -0.0479556356029238 -0.1673207306866813
v 0.0154226246596783 -0.0598690771652504 -0.1810030540409136
v 0.0136577589900278 -0.0556396905660326 -0.1755565320784327
v 0.0160511753002980 -0.0646386074508696 -0.1974554014437409
v 0.0176420823593893 -0.0719946304995602 -0.2066347164885888
v 0.0165277459720151 -0.0693710848825319 -0.2068492764446866
v 0.0160219896447313 -0.0622058001332747 -0.1887629724531149
v 0.0151466675469126 -0.0601217352673988 -0.1902236306157802
v 0.0181023134652189 -0.0693743032818733 -0.1962368109238526
v 0.0169465229940191 -0.0644303467550214 -0.1877781972699996
v 0.0187629655761932 -0.0747517534431028 -0.2067364949293019
v 0.0080527377369014 -0.1259532960741717 -0.2149365363283703
v 0.0100210227495446 -0.1222658906748255 -0.2117649000542590
v 0.0089063287622435 -0.1211430269045807 -0.2090251344610110
v 0.0057217913830796 -0.1360675973892455 -0.2270041584745338
v 0.0079595416944322 -0.1341934986957918 -0.2263632293749085
v 0.0069691549432345 -0.1310446938016242 -0.2210569966144915
v 0.0075138896625426 -0.1435758204683321 -0.2391763098300782
v 0.0101940460987567 -0.1393330348749329 -0.2360376827799819
v 0.0103248176412296 -0.1300739475387153 -0.2229522762266881
v 0.0090463153797539 -0.1369827781250623 -0.2313173637458317
v 0.0126330151381677 -0.1239262546427817 -0.2171454035687098
v 0.0112800770765381 -0.1232102295585223 -0.2144606533488202
v 0.0029585342254076 -0.1444667944398713 -0.2367996457009956
v 0.0050566005038033 -0.1452452619728926 -0.2394156267041872
v 0.0043767755352136 -0.1406726592162097 -0.2323956650636563
v 0.0000000000000000 -0.1480521463216378 -0.2409285494715430
v 0.0017323460824584 -0.1524509004985080 -0.2477779634546629
v 0.0014914722732834 -0.1470574683713180 -0.2397869804743563
v 0.0000000000000000 -0.1587446592107082 -0.2569380231188353
v 0.0022662702809016 -0.1620255010009359 -0.2630474803302848
v 0.0039414939012020 -0.1542873136612112 -0.2517665780231464
v 0.0019938176474189 -0.1575194668460168 -0.2555213772548567
v 0.0065713387784799 -0.1532194652643248 -0.2526523255342165
v 0.0057968873677138 -0.1494918986424269 -0.2461550099405903
v 0.0050135234664637 -0.1619256480982905 -0.2658092520728761
v 0.0081150151395431 -0.1583276426806516 -0.2650747968385416
v 0.0094937829189644 -0.1491521787119388 -0.2503746890771790
v 0.0073536573876363 -0.1562362332624323 -0.2589543365524204
v 0.0000000000000000 -0.1671628365651427 -0.2720837554044008
v 0.0028056740105313 -0.1683987569276389 -0.2775302773668817
v 0.0025400900464123 -0.1657310614734905 -0.2703755280616227
v 0.0000000000000000 -0.1713704123195926 -0.2865665524409978
v 0.0032735797609444 -0.1696690618984843 -0.2914244099085439
v 0.0060233856598303 -0.1655833451960232 -0.2791367262689469
v 0.0030533532213908 -0.1697906458736063 -0.2845392359327410
v 0.0094600309874090 -0.1588788967217027 -0.2768398344312339
v 0.0113800675176170 -0.1514124853263684 -0.2609018807693075
v 0.0088267490246806 -0.1592799587934853 -0.2710302110045876
v 0.0129029205598639 -0.1327432934540646 -0.2302830747266940
v 0.0154075779550648 -0.1243584004005119 -0.2225314086204964
v 0.0140292778063170 -0.1243644520915814 -0.2198576614752785
v 0.0125185281462089 -0.1422862601168114 -0.2451042163094450
v 0.0113673039509978 -0.1411633963465666 -0.2406369679927435
v 0.0145643023122274 -0.1416544085537903 -0.2535738330379695
v 0.0154033142636295 -0.1331121715324326 -0.2372672763745419
v 0.0136000478633748 -0.1425126483781812 -0.2494201723494109
v 0.0178648671138041 -0.1223506143497974 -0.2275378075961102
v 0.0167065459354298 -0.1237425032957647 -0.2251143803996730
v 0.0072134232009457 -0.1297543082195031 -0.3166737155113782
v 0.0037422557265846 -0.1405164155558719 -0.3232508033963741
v 0.0000000000000000 -0.1344179614190940 -0.3281444208566032
v 0.0036586048513932 -0.1331487567557159 -0.3249975415005031
v 0.0135967469409733 -0.1182423413442594 -0.2889542196447520
v 0.0108020209897403 -0.1313470032782286 -0.3029748875451385
v 0.0105607510698771 -0.1246477812643771 -0.3042870041997361
v 0.0140347793436528 -0.1304901388381716 -0.2859366264160442
v 0.0108623453466278 -0.1438266905708464 -0.2970579841404433
v 0.0074453680150247 -0.1436671459881071 -0.3122532302620314
v 0.0109005810311119 -0.1378143354933745 -0.3005074480500145
v 0.0037625013839805 -0.1540562490931059 -0.3158594879856740
v 0.0000000000000000 -0.1490256433532145 -0.3231077634256423
v 0.0037761727042600 -0.1475652602674160 -0.3201341824956211
v 0.0183198717591647 -0.1031882096553356 -0.2539094268154558
v 0.0165875201751690 -0.1166147115234513 -0.2710934786839498
v 0.0162177343431405 -0.1109514289899384 -0.2717894231569335
v 0.0202492609028435 -0.0999255229383161 -0.2362769996540909
v 0.0197994277025786 -0.0953658487943725 -0.2364282919308264
v 0.0203857265364590 -0.1089931567752464 -0.2347090615133767
v 0.0189123048071746 -0.1133611023430360 -0.2524872794141413
v 0.0204416221557912 -0.1045223324592766 -0.2356910859278240
v 0.0166868229240808 -0.1274461382302517 -0.2673689379075866
v 0.0167410405745255 -0.1221778660774520 -0.2695833066852619
v 0.0185746204455007 -0.1226977613556888 -0.2488645170784911
v 0.0159895855898233 -0.1363140662618911 -0.2612484776214654
v 0.0137716683205663 -0.1412214375654597 -0.2795108308077839
v 0.0164335046374521 -0.1322233981758278 -0.2645549015603048
v 0.0195662725502858 -0.1169032671567161 -0.2316997205906726
v 0.0200908716429447 -0.1131743251504842 -0.2333666864034319
v 0.0173804292436968 -0.1297606349874393 -0.2436022966167609
v 0.0188211993488931 -0.1200163120582008 -0.2297466748364496
v 0.0128669129980009 -0.1487557929468916 -0.2707908941304786
v 0.0153636481794381 -0.1395231129898861 -0.2575541953004493
v 0.0073024105673529 -0.1555149817177037 -0.3034837797487036
v 0.0036006461555601 -0.1644104174360223 -0.3046858656565845
v 0.0000000000000000 -0.1613394592951568 -0.3133342823485238
v 0.0037032773345602 -0.1597508903894332 -0.3106385290539626
v 0.0103992259336968 -0.1535974208792970 -0.2878924229389350
v 0.0106932555966108 -0.1491620814791434 -0.2927970434738357
v 0.0068174500511987 -0.1634399462499802 -0.2919250498061052
v 0.0099861705105220 -0.1569107217398062 -0.2825174209618200
v 0.0000000000000000 -0.1694305702549756 -0.3005734664980446
v 0.0034567259388545 -0.1677960635124978 -0.2982105562123016
v 0.1315874204598047 -0.1656633925642597 0.1244271008479932
v 0.1352602467852110 -0.1628003925346889 0.1386231715124895
v 0.1235334448770028 -0.1587661152063179 0.1498035882401889
v 0.1164449890966407 -0.1601299463118725 0.1382207340563729
v 0.1268530725054482 -0.1608798058507474 0.1384073462028046
v 0.1462597454576213 -0.1718793045231577 0.1249800961256111
v 0.1479943801796114 -0.1641876051739208 0.1389517783375592
v 0.1388180909802983 -0.1587479601331097 0.1497305553320556
v 0.1422628785831341 -0.1639639676812189 0.1387508071786810
v 0.1409474610061349 -0.1551262981049267 0.1577213732662421
v 0.1342735460640283 -0.1536532614832558 0.1644296728166977
v 0.1294068861367448 -0.1561168499022446 0.1589058542546483
v 0.1359685697172003 -0.1556525201510997 0.1580731965788690
v 0.1197794708758929 -0.1560439545325447 0.1673683189846362
v 0.1113786233640663 -0.1593938406163373 0.1591492972817592
v 0.1211875893570009 -0.1572812502793749 0.1592755575636167
v 0.1604894717767696 -0.1530885286757318 0.1404745763644328
v 0.1539184355828432 -0.1522214863916035 0.1519533964772281
v 0.1561374806672539 -0.1611892673258884 0.1398952644829690
v 0.1634278428678414 -0.1656939260964736 0.1263111518224874
v 0.1587397078271059 -0.1578148994009514 0.1403119234130987
v 0.1501889434228777 -0.1446362417898152 0.1623729230836942
v 0.1430641774960991 -0.1468627139496293 0.1696236742154636
v 0.1468624388727625 -0.1516152169771941 0.1603887936435238
v 0.1487610194073606 -0.1486564901979797 0.1616018826260763
v 0.1398311990806931 -0.1520490131961250 0.1649740499360790
v 0.1485162009959158 -0.1573689997998816 0.1504271324818329
v 0.1444183809113159 -0.1537762208427118 0.1587941730467308
v 0.1567489765421325 -0.1718322663789363 0.1255968509200290
v 0.1525873386244369 -0.1632881038195111 0.1393875826176177
v 0.1104392358639717 -0.1532282677240621 0.1925565575230428
v 0.1195709626108646 -0.1527466081303094 0.1814049413432966
v 0.1292066301777203 -0.1476370553296487 0.1823674353002017
v 0.1227027127392911 -0.1452980767313166 0.1935660896241694
v 0.1205738928671881 -0.1498448222625210 0.1880510735218573
v 0.1095650415813069 -0.1576418760517392 0.1757972243368756
v 0.1275308619052236 -0.1526522567649998 0.1725595696147342
v 0.1192733294409957 -0.1546726963515868 0.1746278725761430
v 0.1353138867742355 -0.1494943743342280 0.1733627940657667
v 0.1342928014447037 -0.1517260729545112 0.1694520262505854
v 0.1381425021954572 -0.1425792169799448 0.1785738502302738
v 0.1366246280444992 -0.1465829607761019 0.1763853386780768
v 0.0871735095475742 -0.1486911498831955 0.0450111027900359
v 0.0821343764248122 -0.1565330412017008 0.0573419734977193
v 0.0696313075985171 -0.1628245992989666 0.0438530291808417
v 0.0789338570796877 -0.1561413317433891 0.0444978093566021
v 0.0942319819494560 -0.1494286309630648 0.0707929572069795
v 0.0887381467658869 -0.1572212835224143 0.0826237381708351
v 0.0752767101356885 -0.1636492797456089 0.0691537741577662
v 0.0853640539178167 -0.1568515802134459 0.0701242453438083
v 0.0665171623895652 -0.1700632470485972 0.0803240955644543
v 0.0522544268464019 -0.1749472368184884 0.0668101192526987
v 0.0618221504271600 -0.1692779025939061 0.0555660772457103
v 0.0641724071770305 -0.1697163751195725 0.0680072537769773
v 0.0484454374719336 -0.1736122887839470 0.0424132768600526
v 0.0594179786113982 -0.1686713581026298 0.0431375542503158
v 0.1019957514377924 -0.1506268657948105 0.0948167953682557
v 0.0963597015140918 -0.1586907441448170 0.1060080501245067
v 0.0812200209195957 -0.1643906119016133 0.0937241900533580
v 0.0923708118687416 -0.1577667609492628 0.0946206655622330
v 0.1124225400735418 -0.1543522318017741 0.1147897140507200
v 0.1037958544540790 -0.1616637749211045 0.1272106311707478
v 0.0870098388118330 -0.1655811445810889 0.1165740826702262
v 0.1008019178359153 -0.1601954146061690 0.1166788869564739
v 0.0741788783603218 -0.1711932628173785 0.1262584305901980
v 0.0586571159978517 -0.1760346156729171 0.1137369673738205
v 0.0711202986784620 -0.1707006001489541 0.1040999794380042
v 0.0729498349194953 -0.1709701754784103 0.1154169718300658
v 0.0557864138160107 -0.1756764655923540 0.0908358829520424
v 0.0689048295933195 -0.1703947146730815 0.0923785140210117
v 0.0432921474494529 -0.1803555230964853 0.1008615269929491
v 0.0283348428176399 -0.1835675956700151 0.0880765869012522
v 0.0410202876066181 -0.1797643829097494 0.0775980838145459
v 0.0422262245906340 -0.1801327108343838 0.0893479921795647
v 0.0447970929876717 -0.1804190658527142 0.1228780742418710
v 0.0295267508814494 -0.1839397746707846 0.1106027965689662
v 0.0441663417321178 -0.1804462984625266 0.1120634822393183
v 0.0149806036424303 -0.1861890782105425 0.1203295971017901
v 0.0000000000000000 -0.1871067346381605 0.1091453843133290
v 0.0145340438568803 -0.1861164579177094 0.0984921248931498
v 0.0147881323587360 -0.1862484948137695 0.1095613280436052
v 0.0000000000000000 -0.1865895901285916 0.0868324142327522
v 0.0138583450412925 -0.1852463897880464 0.0756984029724806
v 0.0142226568436718 -0.1857849902932251 0.0871839624685123
v 0.0383407638471976 -0.1785182847031818 0.0537057323955963
v 0.0248300334424701 -0.1805004886052847 0.0411817577274249
v 0.0368655266105922 -0.1775786221262204 0.0417409889976130
v 0.0267380766212859 -0.1824595860505770 0.0647475929054925
v 0.0397252257177615 -0.1792365104023756 0.0656878056361875
v 0.0000000000000000 -0.1852120051796974 0.0638450657055481
v 0.0129881668808828 -0.1835164313727917 0.0524434046538880
v 0.0134453996488644 -0.1844929542499032 0.0640975862692631
v 0.0000000000000000 -0.1829351939532603 0.0406489338364489
v 0.0124909379364696 -0.1823091190044418 0.0407974753445166
v 0.1015751589084675 -0.1627786614622123 0.1488537203114695
v 0.0890756660814406 -0.1666478926705081 0.1377904038059636
v 0.1034390797578498 -0.1624785526005423 0.1381806828645680
v 0.0989677052881465 -0.1622485883399043 0.1674852266530228
v 0.0874758190241786 -0.1667895572569060 0.1574457462457165
v 0.1000468318365713 -0.1627027402469778 0.1584946143387943
v 0.0733731782174881 -0.1708045792046015 0.1657453654705637
v 0.0597453200828807 -0.1756244760645303 0.1547057055756018
v 0.0744352500001719 -0.1713973698525382 0.1464600839397059
v 0.0739478137922166 -0.1712361748085981 0.1561377557441208
v 0.0599574043471773 -0.1760827541246057 0.1348919738759499
v 0.0745931441217105 -0.1713594092449209 0.1365531905821933
v 0.0983493324915981 -0.1600012103382139 0.1852012771818925
v 0.0861678285225828 -0.1656559654888563 0.1760321399811160
v 0.0984508358554444 -0.1614145552797910 0.1762079140989960
v 0.0854754600488674 -0.1627984669966214 0.1960769912642464
v 0.0985163041497408 -0.1578093978636155 0.1950036413300242
v 0.0581047616493334 -0.1714925464484482 0.1963933296610572
v 0.0725418959260428 -0.1689037980550690 0.1855665792609922
v 0.0719876160394570 -0.1674057294385200 0.1964604484165544
v 0.0590468999180959 -0.1742075551236849 0.1746083421186008
v 0.0729539610724972 -0.1700318882857829 0.1754415499481136
v 0.0443338635439941 -0.1765556112586211 0.1845504453150627
v 0.0299792523273222 -0.1807334787114575 0.1728734323197439
v 0.0449497606487413 -0.1788315972544578 0.1633557727287419
v 0.0446837613185535 -0.1778484725325433 0.1737041644574556
v 0.0293955392159897 -0.1775511144395412 0.1957535008688991
v 0.0438788864063202 -0.1749211045161432 0.1961155020255973
v 0.0000000000000000 -0.1798515822765224 0.1952864203490863
v 0.0149127146717061 -0.1811075832502945 0.1834993766070507
v 0.0147406265838410 -0.1792414617859778 0.1954349618571540
v 0.0000000000000000 -0.1833511101758498 0.1720072152662159
v 0.0151375074872485 -0.1838671543779515 0.1615402654079149
v 0.0150465395674004 -0.1826414118595265 0.1722597358299310
v 0.0452319895140698 -0.1800075508599935 0.1433033568317747
v 0.0301671298273411 -0.1836746005711971 0.1317747202984034
v 0.0451329618420247 -0.1802873040335209 0.1332297668929862
v 0.0302642319613187 -0.1826920260030162 0.1520454647045434
v 0.0451516670689666 -0.1795368943409124 0.1532838332511541
v 0.0000000000000000 -0.1856094912522118 0.1508123501260884
v 0.0151724422493310 -0.1854945091218927 0.1409543929431780
v 0.0151810246475750 -0.1848098428004476 0.1511639258695352
v 0.0000000000000000 -0.1868027747003553 0.1303191785654604
v 0.0151071940165280 -0.1859459102602984 0.1307351222957365
v 0.1650851809902630 -0.1806319753476112 0.1093527647632035
v 0.1728360218658601 -0.1878230347992867 0.0910710736731496
v 0.1703765595998732 -0.1697570864958577 0.1095534883529016
v 0.1681861225096088 -0.1761157633486207 0.1095847921003425
v 0.1563303095508751 -0.1841160989423982 0.1085738846148821
v 0.1655332812062671 -0.1963215345988245 0.0904119895003160
v 0.1611182974942561 -0.1833007711092269 0.1089762120402520
v 0.1652791101813513 -0.2107550928762656 0.0702081437881798
v 0.1738527059655232 -0.2215326045171748 0.0509976006420294
v 0.1738540813498572 -0.2057640982051922 0.0713414604793627
v 0.1698321824804919 -0.2095227485130376 0.0707904815151784
v 0.1810974054062232 -0.2100643748637510 0.0524348772710174
v 0.1797214709185298 -0.1909836679987264 0.0717383963981435
v 0.1771992911269143 -0.1995583640903655 0.0717084130196632
v 0.1446425685577514 -0.1801071286857721 0.1078678723285738
v 0.1555397386357150 -0.1960657131127080 0.0895413712169194
v 0.1507657796125405 -0.1830721822329227 0.1082646156935479
v 0.1336788298780240 -0.1685371205916353 0.1049191308396240
v 0.1452062010578081 -0.1871017832545582 0.0880672342877813
v 0.1381777120344066 -0.1751584958521847 0.1072032040953444
v 0.1480802041620505 -0.1906524754511089 0.0669946958303161
v 0.1564997569008190 -0.2101235163901113 0.0489314982955550
v 0.1555039786430321 -0.2055074514884753 0.0691983366101865
v 0.1512551413585634 -0.1992301973882827 0.0683508247836005
v 0.1649281120993248 -0.2215469085142480 0.0498197214984262
v 0.1603409302687020 -0.2093830094647073 0.0697473900363033
v 0.1648659447274298 -0.2261681998763530 0.0307381894028012
v 0.1726894058958600 -0.2369880733547481 0.0128969788995412
v 0.1733625189889000 -0.2327879246757016 0.0309568755119009
v 0.1690608669460072 -0.2310805225635238 0.0306955524884485
v 0.1581488427172368 -0.2079710399074642 0.0301440233705306
v 0.1650692265319890 -0.2234551167391838 0.0142891429223754
v 0.1611158218024549 -0.2183615183967970 0.0306867500287111
v 0.1656468879522522 -0.2148933492602839 0.0012738809701136
v 0.1706552124659335 -0.2216401595720904 -0.0108132716335921
v 0.1718476706834766 -0.2328751240424747 -0.0016243288984066
v 0.1683250363273387 -0.2249160499787159 0.0004104146852536
v 0.1782382564527875 -0.2339404967475599 -0.0166333479811765
v 0.1797101927669914 -0.2402964228316550 -0.0033210030127794
v 0.1757650403434610 -0.2382732324764001 -0.0030533532213908
v 0.1811397672437092 -0.2259728953009307 0.0331445618334973
v 0.1869609438987607 -0.2230854134302154 0.0176838665354550
v 0.1869367371344830 -0.2076293944389085 0.0346118218409657
v 0.1843518398172389 -0.2180836907613371 0.0341887536198396
v 0.1805838368959226 -0.2368502598444853 0.0141125435738949
v 0.1774328313868207 -0.2309798444302780 0.0319204697762731
v 0.1856444260142944 -0.2338068093902990 -0.0154760996025827
v 0.1864377476981224 -0.2326025228674838 0.0006596343265671
v 0.1833172757212344 -0.2381307426594019 -0.0018710728479189
v 0.1905993856158180 -0.2212880611825967 -0.0076974759634395
v 0.1909762409233230 -0.2144449739674130 0.0052347127750511
v 0.1889233422664546 -0.2245386445174774 0.0036337654103218
v 0.1679468056354998 -0.2067827078429229 -0.0115851373218104
v 0.1723606890400436 -0.1987449617952617 -0.0253725400391572
v 0.1758805726275136 -0.2185763534297615 -0.0243176202550100
v 0.1718311660714691 -0.2125232869760044 -0.0192465782157001
v 0.1680879200681641 -0.1777145100984156 -0.0198602747055130
v 0.1730934938131774 -0.1621003219087034 -0.0319179940844720
v 0.1774908726057138 -0.1847196175881398 -0.0365043506844944
v 0.1727521234214886 -0.1814852637883999 -0.0296744671589167
v 0.1824650875879129 -0.1647853472054597 -0.0428704546126608
v 0.1863299175663400 -0.1878439406411629 -0.0412263201798453
v 0.1813149912078557 -0.2068638555186265 -0.0351988358746997
v 0.1820885073572746 -0.1869837752787044 -0.0403540514352479
v 0.1840613586459066 -0.2247606315489785 -0.0280113524222925
v 0.1800600905415507 -0.2229932626798401 -0.0273200842560443
v 0.1689610140433618 -0.1409254548567916 -0.0220350324143703
v 0.1737770598271554 -0.1225541712312234 -0.0298367625103240
v 0.1780734854095792 -0.1420439173971677 -0.0388279249782861
v 0.1734728248124836 -0.1419457149557229 -0.0318687553253162
v 0.1703119165361771 -0.1075448770715867 -0.0182285187317031
v 0.1733693959105698 -0.0917081516966397 -0.0202682136989655
v 0.1776669218004606 -0.1017404801054095 -0.0318547264051098
v 0.1738931422649417 -0.1054575938063693 -0.0261312020377694
v 0.1802229360466916 -0.0817075396506111 -0.0284275437217488
v 0.1849795652272582 -0.0973403505442052 -0.0365703691325245
v 0.1822188937921341 -0.1191864051510894 -0.0403444237449102
v 0.1814709597913267 -0.0987028062654258 -0.0355082973498407
v 0.1866074701249330 -0.1413941858378051 -0.0438046156522863
v 0.1825294555747422 -0.1417000713136777 -0.0428327690819103
v 0.1892157489758544 -0.1191115842433220 -0.0392614461203503
v 0.1927422344081274 -0.1418645672800193 -0.0365544146742506
v 0.1903630945872437 -0.1646766918430769 -0.0416449871711026
v 0.1900748140308458 -0.1416065451789685 -0.0416634173211777
v 0.1861071053042385 -0.0816740077805492 -0.0275195149844685
v 0.1900313518858926 -0.1016367761266289 -0.0299437674115061
v 0.1878664969442399 -0.0986486161226678 -0.0345199461674572
v 0.1894171052423462 -0.0916121498701293 -0.0177908714366371
v 0.1916801626254437 -0.1073795558746447 -0.0149248455615316
v 0.1931166140238313 -0.1223569411177336 -0.0268428258921602
v 0.1913751023801714 -0.1053131784513035 -0.0234285718215384
v 0.1949219435005870 -0.1406291970712566 -0.0180095575457367
v 0.1950638831638516 -0.1618062647381028 -0.0285073160131184
v 0.1944207534492920 -0.1416962202375426 -0.0286214729128371
v 0.1890498776251789 -0.2067403460054369 -0.0339950995056181
v 0.1904062816553301 -0.2183307097877163 -0.0220523622569782
v 0.1875768410035079 -0.2228653519367819 -0.0261479817266437
v 0.1928976528378649 -0.1844918539424361 -0.0341098065590703
v 0.1899999931230783 -0.1868663174565843 -0.0391247329175546
v 0.1955705747524824 -0.1773181243333684 -0.0155855801955659
v 0.1938609720253704 -0.1984057920185072 -0.0220245794934322
v 0.1948215404442079 -0.1811620484699193 -0.0262431583225538
v 0.1932117906197413 -0.2063612900829976 -0.0076430107438147
v 0.1923494246423485 -0.2121791658156476 -0.0160463339474425
v 0.1089067826390737 0.0185368798993769 0.1188435493443199
v 0.1145950971674647 0.0056817126835880 0.1080844953611725
v 0.1064544723716234 0.0178079262023782 0.0964928387176191
v 0.1078667170057333 0.0182067876592265 0.1077235119888814
v 0.1219435005869453 -0.0078341891662351 0.1196351380438871
v 0.1255860684570045 -0.0219775413492108 0.1095778601632994
v 0.1185677572776743 -0.0075923966003250 0.0977031769315038
v 0.1204503833539985 -0.0077775233316760 0.1087674837137303
v 0.1208723512676574 -0.0207925102070710 0.0874078750380810
v 0.1137720671820232 -0.0071360440783171 0.0750893827894032
v 0.1109676585250791 0.0054231404288036 0.0856839683138957
v 0.1163300069663217 -0.0073539049568164 0.0864684875379864
v 0.1026105482350724 0.0167070685814767 0.0738185276648243
v 0.1046945305778884 0.0173158136876873 0.0851814028782668
v 0.1321144677365781 -0.0371283625568120 0.1210206727142316
v 0.1343365386665236 -0.0518341369016304 0.1104554103837391
v 0.1276318151153363 -0.0358339333447490 0.0994547563884883
v 0.1301559204450194 -0.0367251273777816 0.1103209528112512
v 0.1416797156255351 -0.0684324125822910 0.1192825445160332
v 0.1406839373677482 -0.0812422746381192 0.1071701948713294
v 0.1338554292265045 -0.0646091467184361 0.1001400278790404
v 0.1383036972393973 -0.0671190305741061 0.1094398540992298
v 0.1307410089406859 -0.0751819461550787 0.0902843538341245
v 0.1257786222637588 -0.0600958780419203 0.0789316564647534
v 0.1276675751080192 -0.0486118864840294 0.0892525405067879
v 0.1297196485342873 -0.0622408999414774 0.0899275791378953
v 0.1214585400707910 -0.0334506673708634 0.0770314254689545
v 0.1246849166413940 -0.0346705232443391 0.0883742200711211
v 0.1204217753598521 -0.0453890308973214 0.0663468898090210
v 0.1145464085620426 -0.0315164368743291 0.0535412364292547
v 0.1149326164830185 -0.0195134027764884 0.0644395068146855
v 0.1180960004511261 -0.0323900810032604 0.0653786192379133
v 0.1225767275343004 -0.0707352185726399 0.0681178346774277
v 0.1180236552351598 -0.0567114808144201 0.0552079271651472
v 0.1219140673621985 -0.0582556495630748 0.0672810508486465
v 0.1144966196491532 -0.0676193678871140 0.0435694249311792
v 0.1127658360032982 -0.0431355186815016 0.0422930682692645
v 0.1140042320575956 -0.0554546436069729 0.0429452755204282
v 0.1079668449852456 -0.0188152576885704 0.0410307405275562
v 0.1107602505675180 -0.0308573251938088 0.0416441619405023
v 0.1060399315333679 0.0048842648467581 0.0629018271293185
v 0.0975664637287082 0.0150428535373854 0.0510578424758568
v 0.1002264570305865 0.0159572090426018 0.0624341964557721
v 0.1077938216360334 -0.0070246379472664 0.0520365659679027
v 0.1109280474562611 -0.0070141850263283 0.0635919949880995
v 0.0999346004749202 0.0037787309191212 0.0400366127309700
v 0.1043652635683384 -0.0072048132950151 0.0404844378701073
v 0.0946545000168485 0.0139400703784164 0.0397191740266921
v 0.1169566320688737 0.0041630133020296 0.1972642230213205
v 0.1098040833785491 0.0171909287901638 0.1861335126834505
v 0.1094398816069165 0.0158865142878363 0.1984946418464810
v 0.1282655922164250 -0.0199865349873705 0.1964455942657476
v 0.1238027451295922 -0.0072933880461221 0.1845479696232616
v 0.1232011520219181 -0.0078289627057661 0.1966150416156915
v 0.1294308178241557 -0.0200432008219297 0.1733242833044159
v 0.1242161856603805 -0.0070130847188611 0.1621162763669773
v 0.1176833851509381 0.0057367280569464 0.1733977288278493
v 0.1241300866010746 -0.0070361911756717 0.1731075227333838
v 0.1100059897987744 0.0187126540172569 0.1629120737426064
v 0.1099650033456224 0.0181248147529225 0.1743214369465367
v 0.1352233864850609 -0.0443862106717446 0.1971385128931966
v 0.1331063949182300 -0.0325316080512248 0.1849831412265265
v 0.1322421034027696 -0.0322067147638568 0.1966541025307760
v 0.1385683211852512 -0.0682112232737035 0.1985287513779632
v 0.1385760233375214 -0.0574707314775273 0.1865659335180475
v 0.1373013171368074 -0.0564220762939444 0.1977973219891634
v 0.1416054448715013 -0.0710901502538616 0.1770100382425614
v 0.1406476272213316 -0.0605286289687575 0.1653533809353852
v 0.1370906082568448 -0.0461257967773370 0.1748014460790887
v 0.1396829326494922 -0.0588385126868889 0.1758640680155061
v 0.1340782414886060 -0.0339765318171096 0.1632242859864153
v 0.1337121141789059 -0.0331335312511390 0.1739220253359548
v 0.1381603821917987 -0.0489896220375081 0.1535858676508917
v 0.1340259768839155 -0.0360509414849612 0.1421233871039839
v 0.1295727574874204 -0.0209784621690224 0.1519040201796389
v 0.1342234820742721 -0.0350247397257071 0.1526445546127296
v 0.1443452104647492 -0.0753601409493865 0.1559397004000305
v 0.1421674269103572 -0.0648002701254832 0.1434363289891819
v 0.1414965144322517 -0.0625443097255489 0.1546952526546637
v 0.1471248622036821 -0.0812868370905395 0.1308054869582619
v 0.1379617766939749 -0.0519490365088895 0.1318161193668556
v 0.1425981972837535 -0.0672112363398547 0.1311233932932134
v 0.1284864789404589 -0.0220177025717624 0.1309374688389487
v 0.1333635917886805 -0.0368278960952151 0.1316017794722513
v 0.1176278196238461 0.0061977568856897 0.1512923867663270
v 0.1098888070535210 0.0189915819601840 0.1407619766748571
v 0.1100106661055099 0.0189783782705780 0.1517585045171060
v 0.1237114196098172 -0.0074369781705875 0.1408262896463131
v 0.1240946016852584 -0.0071792311464035 0.1513971085295147
v 0.1167610524165847 0.0059840221601924 0.1298391144175351
v 0.1230124492912988 -0.0076881233499686 0.1302802001734360
v 0.1095507375842337 0.0188213093796398 0.1298233250053812
v 0.1389275715732815 -0.0906977943649128 0.1998089591160130
v 0.1410635434439211 -0.0810267794206744 0.1884493848249720
v 0.1391168244576344 -0.0796506248714875 0.1992310226188831
v 0.1362593259653995 -0.1114457421195635 0.2002089208803285
v 0.1409507619285364 -0.1025095950249598 0.1898583285366805
v 0.1379815822283840 -0.1013102598857468 0.2001665590428425
v 0.1436665958343735 -0.1134780100114226 0.1806380270386806
v 0.1471757514240386 -0.1056281414637803 0.1702194907089350
v 0.1437813028878257 -0.0936463433000559 0.1791762685685481
v 0.1440151182245989 -0.1039124870455988 0.1800353336235394
v 0.1448829857393275 -0.0847118466666529 0.1678915151852746
v 0.1429747775143917 -0.0826992192630828 0.1781411543188100
v 0.1304431006939502 -0.1300833001521863 0.1988307857777008
v 0.1381510295783278 -0.1216233111139994 0.1900877426435850
v 0.1337415474036526 -0.1210616041520102 0.1998403178788273
v 0.1333619413274797 -0.1374369300321359 0.1881484507327016
v 0.1263780147564985 -0.1384365593660579 0.1969492600088437
v 0.1457153683382400 -0.1376006007678771 0.1717230608628199
v 0.1413724547653285 -0.1302532976558637 0.1807224756367858
v 0.1397849861670721 -0.1370705276455690 0.1799827939419822
v 0.1473501501575847 -0.1234390935116932 0.1717082067120131
v 0.1427261080268117 -0.1223236568168518 0.1809040263688684
v 0.1518102464757496 -0.1327757525243460 0.1624689249102046
v 0.1564931550560160 -0.1278372975348299 0.1510547478611054
v 0.1514641997773253 -0.1168581545505622 0.1610520039693592
v 0.1519073486097271 -0.1252463485265164 0.1619184960997539
v 0.1564334633759221 -0.1423368742603011 0.1522894853930745
v 0.1512215819808148 -0.1392909481143137 0.1626411230288163
v 0.1664979757781065 -0.1532772314063511 0.1259863658150975
v 0.1617196155250633 -0.1395918822065841 0.1395931750678580
v 0.1614822241890218 -0.1469339588581284 0.1402203503241437
v 0.1661370749288754 -0.1357344793035604 0.1241852065036424
v 0.1599384928125853 -0.1223074272817110 0.1373959435789839
v 0.1612043965535619 -0.1313027159026751 0.1386370628942625
v 0.1488671990779424 -0.0978803264337178 0.1586470069229970
v 0.1489395442939086 -0.0898376290024544 0.1456096838060185
v 0.1468200770352766 -0.0871083163301445 0.1572867518167108
v 0.1539585968053948 -0.1102111971414012 0.1486655677345838
v 0.1504329366037222 -0.1077665890262210 0.1599318909677823
v 0.1625008338267525 -0.1155556655863023 0.1211697368683462
v 0.1550974150339136 -0.1029997820015831 0.1341701171621145
v 0.1579241049170678 -0.1128464335252682 0.1359138294207088
v 0.1552528334636510 -0.0951688937577494 0.1163513804388714
v 0.1513946053300269 -0.0928483453094924 0.1321442035458784
v 0.1448939888139992 -0.0952101552877682 0.1019603490450363
v 0.1378646745599974 -0.1030880816758233 0.1001665727966859
v 0.1351172068144792 -0.0898238751591148 0.0982941245644330
v 0.1401029750250836 -0.0928665003827007 0.1035422335828968
v 0.1390992195381597 -0.1156326871090040 0.0959325071399639
v 0.1323163741568034 -0.1225272136982778 0.0989178613598837
v 0.1313481035856957 -0.1104848986238592 0.0962703015323844
v 0.1352720750904831 -0.1130043276468068 0.0986538700908235
v 0.1244037880835326 -0.1176501008500563 0.0902796775273891
v 0.1233945310592729 -0.1061117265956006 0.0807202062526347
v 0.1294786811989775 -0.0980068617924421 0.0899878209717228
v 0.1273732428605518 -0.1081591237151331 0.0899149256020229
v 0.1264583372016018 -0.0846246472998799 0.0801015583792196
v 0.1306309781939691 -0.0870593526478555 0.0902076073882896
v 0.1333256311810632 -0.1355787857969561 0.0985045583675288
v 0.1249762230433267 -0.1399750642820253 0.1045454114084004
v 0.1247688150857655 -0.1286666542882077 0.0981067146950876
v 0.1289884942223543 -0.1315689903097297 0.1008723925291874
v 0.1263056695405322 -0.1525444266332173 0.1101036695941722
v 0.1144424295063952 -0.1447487482283331 0.1032748863760617
v 0.1199676234527786 -0.1475908424160276 0.1099648658071890
v 0.1055687248605532 -0.1421311167639407 0.0830663368495034
v 0.1158618261390417 -0.1350789711299951 0.0927726991711246
v 0.1097333886237836 -0.1430738051864368 0.0940608841383114
v 0.1166537724385358 -0.1251522722380735 0.0818331672556750
v 0.1206594417727604 -0.1266140307082060 0.0913722828422867
v 0.1078111514786413 -0.1330194706283237 0.0709536020971860
v 0.1088410392679104 -0.1231186289618805 0.0583564569824480
v 0.1165905047591736 -0.1144946941110857 0.0702414280890616
v 0.1127452052382888 -0.1240239069304929 0.0706543184661164
v 0.0979301153466072 -0.1410022013026265 0.0583336256025043
v 0.1016772124260473 -0.1414860615113136 0.0710344746960229
v 0.1000699382933819 -0.1317400881208743 0.0454754325411807
v 0.0941984225717074 -0.1405428229350839 0.0453312922629817
v 0.1085967710101992 -0.1123457936277068 0.0453010338076346
v 0.1048488487001587 -0.1223266826623865 0.0454597531597736
v 0.1213867450085583 -0.0937951598849904 0.0693490787331885
v 0.1183856563918580 -0.0808582673320776 0.0566757373263491
v 0.1224136069522927 -0.0825730690119720 0.0687947988466027
v 0.1154797443710677 -0.1030286650725962 0.0577408349545676
v 0.1194581810954799 -0.1044268807864998 0.0698189100216692
v 0.1132425442134486 -0.0908559635633182 0.0446213188697917
v 0.1113742221341976 -0.1018411582386553 0.0450160541736381
v 0.1142630793892468 -0.0794343594388157 0.0441336075849695
v 0.1650175120810322 -0.1067367012369519 0.1013796892869251
v 0.1687882657710164 -0.0956940154964553 0.0778624326835330
v 0.1591853323513089 -0.0866789213410823 0.0901536923223983
v 0.1615815269379337 -0.0958282530074498 0.0976924489336989
v 0.1700148335200418 -0.1298613131206852 0.1057376495644502
v 0.1735803798673992 -0.1209774306307719 0.0850611942874787
v 0.1678601564224603 -0.1182233610404508 0.1039263234119984
v 0.1808418589969735 -0.1388777826603922 0.0674158385133746
v 0.1844159327272015 -0.1272601862683004 0.0459757973618753
v 0.1772785132645504 -0.1093400287042711 0.0626688370231456
v 0.1792395362479103 -0.1239468854077912 0.0654517896844800
v 0.1808487359186433 -0.0963808824328348 0.0402316422295255
v 0.1735682764852604 -0.0834015730270628 0.0526032243134941
v 0.1752806299810404 -0.0956329484320275 0.0585564378646058
v 0.1719334946659157 -0.1519211024530668 0.1083575916745236
v 0.1766854475397469 -0.1473163157029693 0.0885706249540106
v 0.1713869169316001 -0.1412241883341276 0.1072191035382450
v 0.1766081509401784 -0.1708293361226128 0.0905984916160009
v 0.1716111045780356 -0.1615622715572583 0.1091400753298000
v 0.1853976820647820 -0.1884711158974486 0.0520979081091973
v 0.1819314384663364 -0.1674731232708840 0.0703748403694557
v 0.1812748299853040 -0.1801189569910442 0.0712787429537341
v 0.1863508234082162 -0.1594887421353805 0.0495550975525723
v 0.1817630914238598 -0.1535564344261449 0.0690720763283290
v 0.1898401734634722 -0.1804462984625266 0.0326076117895194
v 0.1930954331050883 -0.1692388416788216 0.0134410809420557
v 0.1897923100886504 -0.1480350915558967 0.0290406900578280
v 0.1901798933939603 -0.1646588118467354 0.0308517961487863
v 0.1912647965565878 -0.1996554662243431 0.0175925410156801
v 0.1887626973762481 -0.1949268948841892 0.0339728182794079
v 0.1941888636505864 -0.1892801169626838 0.0005922404942031
v 0.1927989002426866 -0.2028268274215876 0.0036453186387271
v 0.1949406487275288 -0.1560761385259594 -0.0041929966805099
v 0.1949439496499303 -0.1734013048271176 -0.0021975890888010
v 0.1871056343306933 -0.1143670584448942 0.0257747024184070
v 0.1885783958754975 -0.1019220308374922 0.0083304278339278
v 0.1834594904613658 -0.0846425272962213 0.0197373153460570
v 0.1852832500881965 -0.0986739231944126 0.0233457736846340
v 0.1919398351876953 -0.1348432302551544 0.0104375166335543
v 0.1886878764684806 -0.1310460691859582 0.0275107125247311
v 0.1925620590603787 -0.1209449715604904 -0.0047461762596286
v 0.1940562766007927 -0.1381911908008794 -0.0048628088511484
v 0.1889117890380493 -0.0924827681535259 -0.0053785779763833
v 0.1907294969738106 -0.1055365408671386 -0.0043825246417296
v 0.1354932368913838 -0.1513222601140606 0.0938375217224763
v 0.1404836814087237 -0.1701534722609049 0.0831139251474584
v 0.1334540920778550 -0.1605541148404658 0.0996641999148637
v 0.1402460149958154 -0.1298195014369328 0.0875800731566927
v 0.1422967130377495 -0.1471421920462899 0.0765013523466464
v 0.1377868278066952 -0.1409546130046715 0.0898387293099215
v 0.1481396207652776 -0.1390109198639195 0.0581440976412846
v 0.1511621653775877 -0.1597387870072944 0.0423178251872758
v 0.1461274334846944 -0.1673652931391016 0.0625029656724701
v 0.1467801908895917 -0.1535883433426928 0.0601188744679841
v 0.1516542778922785 -0.1886251589428521 0.0463603548216505
v 0.1464657780308485 -0.1798752388870665 0.0649203411778379
v 0.1455731535981086 -0.1068172987589219 0.0877294398953608
v 0.1463728020498728 -0.1210715069192147 0.0734301191289141
v 0.1427824987845041 -0.1182855284123457 0.0869738037422832
v 0.1531806794261072 -0.0866901994926207 0.0873624873550603
v 0.1520916501104778 -0.0957484807160801 0.0716115859625524
v 0.1487951289388429 -0.0958794173046731 0.0895570505983266
v 0.1585963927795073 -0.0834075421950721 0.0492800206857804
v 0.1579516126037470 -0.0964535027256679 0.0356785699303849
v 0.1522044316258625 -0.1094580366801248 0.0556681307632902
v 0.1550696322703676 -0.0956926401121213 0.0534036979958587
v 0.1534783125959760 -0.1274772219161992 0.0391990036715885
v 0.1499210185546224 -0.1240992779919939 0.0569543901924094
v 0.1587512610555112 -0.1145497094844441 0.0207592259061891
v 0.1608379941669951 -0.1351444394242916 0.0054135127384658
v 0.1559740850083795 -0.1483745364095179 0.0229425109979170
v 0.1570955733942904 -0.1313139940542135 0.0218168964590043
v 0.1637455566489861 -0.0846744362127692 0.0164944341634465
v 0.1640286107449150 -0.1020518671186180 0.0044345141695533
v 0.1609612286033178 -0.0987726757895910 0.0191811099214037
v 0.1689722921949002 -0.0925771195188356 -0.0084564130389186
v 0.1657860768468489 -0.1211771364360629 -0.0088924098727838
v 0.1670844396581070 -0.1056927845274764 -0.0080377460476612
v 0.1640704224286674 -0.1564615212163349 -0.0089903372373618
v 0.1647713182852533 -0.1385034030446883 -0.0094057033062176
v 0.1554261318897299 -0.1808410337663731 0.0267765323672634
v 0.1604825948550998 -0.2001313492038932 0.0127344084712672
v 0.1563028018641959 -0.1953078763446961 0.0287116981251448
v 0.1595121236690578 -0.1696786895888220 0.0080338949715261
v 0.1553672654402365 -0.1650400683841091 0.0247247340178621
v 0.1637587603385921 -0.1897524239429656 -0.0041531105348251
v 0.1637133726555715 -0.1738411527371180 -0.0070592976324822
v 0.1642640765428890 -0.2033043608623385 -0.0008114767570363
v 0.1663274281206955 -0.0762885253748094 0.0601804916861455
v 0.1611199479554568 -0.0762835189758338 0.0589522734759194
v 0.1594623347561684 -0.0804689510425070 0.0760527019769087
v 0.1777013064088096 -0.0718989037499166 0.0288962747027622
v 0.1719007605187675 -0.0656797733916771 0.0346404298351120
v 0.1724635677882238 -0.0732219959714993 0.0442986537050447
v 0.1757526618844553 -0.0595198945905446 0.0145680708653024
v 0.1724731954785615 -0.0595084789005728 0.0140641300453395
v 0.1674222340505275 -0.0656673674249848 0.0338504090736855
v 0.1718149365363284 -0.0613604614139364 0.0246265315764174
v 0.1648241330436774 -0.0718819315072356 0.0267113391498337
v 0.1628650355983850 -0.0732077469897995 0.0424152023981201
v 0.1859695668708425 -0.0747640768867350 -0.0143150001478538
v 0.1850890458202414 -0.0764049103971491 0.0015365793778999
v 0.1874629591806561 -0.0823011280214615 -0.0093416103962551
v 0.1815268003952855 -0.0676921807337538 -0.0203339570701288
v 0.1816236274523962 -0.0622989686680572 -0.0077478150300625
v 0.1840184466546871 -0.0696441261805096 -0.0183415753239546
v 0.1770152647030304 -0.0578533468946229 0.0008871228954041
v 0.1804066873937086 -0.0642935785368524 0.0086676720726148
v 0.1789452040004429 -0.0593784500656402 0.0034992528224606
v 0.1818725720168430 -0.0729486795966548 0.0144624413484543
v 0.1695166693142815 -0.0764287870691867 -0.0008824465886686
v 0.1750336109546611 -0.0747967010031366 -0.0160001210338214
v 0.1717546947025010 -0.0823572987176604 -0.0117636622083583
v 0.1707168296840949 -0.0642802098011263 0.0071572249970601
v 0.1671240507269250 -0.0729463139356004 0.0121105341373830
v 0.1762978642344370 -0.0622987486065638 -0.0085672690162357
v 0.1741429120599888 -0.0593682447138822 0.0027612215888577
v 0.1784115548788665 -0.0696590078390030 -0.0192053166856814
v 0.0179567152796260 0.0597953840726368 -0.1028966281765361
v 0.0166078483556249 0.0668191967893028 -0.0969893524621787
v 0.0199441181345112 0.0691854079974473 -0.0890998728457183
v 0.0192752412252199 0.0640112121330904 -0.0963462227476191
v 0.0135757035606637 0.0539794338780543 -0.1134560038620792
v 0.0140194575621725 0.0591896648119609 -0.1082589766177787
v 0.0160397871180128 0.0564730056755235 -0.1086374823864844
v 0.0105696635603611 0.0589497977841183 -0.1112157778589255
v 0.0101398009406253 0.0626088702661850 -0.1073402198826935
v 0.0132042122520612 0.0645814464779502 -0.1030649752190128
v 0.0121145502596382 0.0612868508443828 -0.1076606844325061
v 0.0112930056892773 0.0702227228621198 -0.0976883227806970
v 0.0143352733129364 0.0741458691363068 -0.0908136017258323
v 0.0139646072349342 0.0688652185245014 -0.0973923400720289
v 0.0000000000000000 0.0504658770585205 -0.1221770408468517
v 0.0033139885526762 0.0535002499761027 -0.1192725042103953
v 0.0072837878634711 0.0511670479919733 -0.1199667982221782
v 0.0037038825036671 0.0506116677979203 -0.1216194600378643
v 0.0000000000000000 0.0562177343431405 -0.1168166179436766
v 0.0028261947447940 0.0593549860089029 -0.1131066562412534
v 0.0058776774434906 0.0567656874617901 -0.1154712169881972
v 0.0030134395680193 0.0563420690869305 -0.1164834998579916
v 0.0078664556827098 0.0600833895521680 -0.1112127520133908
v 0.0094302951781088 0.0550373795077362 -0.1156967800189665
v 0.0084435669492394 0.0575389285343423 -0.1137673908752877
v 0.0106157114278621 0.0522500256165332 -0.1172391360110691
v 0.0029140542960474 0.0767511221416935 -0.0921468992991729
v 0.0057273754434755 0.0712688401865296 -0.0983077958847126
v 0.0028099927173400 0.0666934866611789 -0.1041399756144358
v 0.0000000000000000 0.0712647140335277 -0.0986180825904539
v 0.0028738105504357 0.0713098266396816 -0.0985275823012793
v 0.0086951522516073 0.0763233776138320 -0.0916795437024934
v 0.0082444663130554 0.0665419193075765 -0.1034250508376434
v 0.0085405315447835 0.0709651553255913 -0.0980109879454440
v 0.0054478148237548 0.0629015520524517 -0.1085172737956963
v 0.0079099453353496 0.0629994794170296 -0.1077957471741010
v 0.0000000000000000 0.0626732382530143 -0.1091744324304623
v 0.0027762682934713 0.0627571366973859 -0.1089959075439143
v 0.0170694548457885 0.0783116332070043 -0.0825874280244186
v 0.0193321821366458 0.0824917012747750 -0.0728552084773189
v 0.0199121266949033 0.0753823396525367 -0.0812703599862187
v 0.0114435277507859 0.0818466460221478 -0.0841198812493166
v 0.0138290768626658 0.0876216097635783 -0.0754692639424429
v 0.0142557485907468 0.0804302752350360 -0.0835001330684343
v 0.0105509033180459 0.0970894804416909 -0.0675371474116298
v 0.0123466326121506 0.1043374808047924 -0.0573224430401771
v 0.0157577508064910 0.0934381101118944 -0.0655422899736545
v 0.0131583569383670 0.0956230456648230 -0.0667374989598656
v 0.0171399295390606 0.0990086917412985 -0.0542608375127825
v 0.0183571446746150 0.0904040122711790 -0.0638527678578183
v 0.0057477036239314 0.0830564340822989 -0.0848386571022440
v 0.0083298501725076 0.0899149256020229 -0.0766696993891231
v 0.0086053396545997 0.0826699510844562 -0.0845578036212494
v 0.0000000000000000 0.0831461091408731 -0.0850284601403305
v 0.0027820173999872 0.0904579273370703 -0.0770704863840389
v 0.0028771114728372 0.0831626137528806 -0.0849871986103117
v 0.0000000000000000 0.0985490382968891 -0.0684338979973716
v 0.0024935525420885 0.1073520481879655 -0.0590579029927676
v 0.0052915986711037 0.0984054481724237 -0.0683109386379156
v 0.0026478183997541 0.0985501386043563 -0.0684198690771653
v 0.0074564261050697 0.1067383516981527 -0.0586901252218667
v 0.0079273026856442 0.0979678008773577 -0.0680391626935252
v 0.0046667890758724 0.1166111355241830 -0.0489152687604143
v 0.0065443812455343 0.1260715791268923 -0.0379342002380790
v 0.0092558689368760 0.1152049425811425 -0.0481178209235844
v 0.0069758943264709 0.1161366279289669 -0.0486473438921589
v 0.0000000000000000 0.1167827834890612 -0.0490096201257239
v 0.0022009477773445 0.1267383654519960 -0.0382909749343082
v 0.0023382496446351 0.1167770068748586 -0.0490074195107896
v 0.0000000000000000 0.1371563516280081 -0.0269308504895337
v 0.0020564884099801 0.1479225851173787 -0.0149509778638768
v 0.0041810033291178 0.1369679239742556 -0.0268425508152935
v 0.0021006822593989 0.1371491996294714 -0.0269311255664005
v 0.0060631617747684 0.1471919809591793 -0.0145944782445145
v 0.0081990511223480 0.1354467489008960 -0.0260396014411277
v 0.0062205882656335 0.1364535302333546 -0.0265751761007717
v 0.0136919235368833 0.1113797236715335 -0.0459243579877852
v 0.0145905721530060 0.1178555832695499 -0.0332988799557676
v 0.0158334519602321 0.1081959840152833 -0.0440769417504104
v 0.0107124284542262 0.1235166651881285 -0.0365095771449635
v 0.0114969751860035 0.1136675379726422 -0.0472406007953848
v 0.0097509522817282 0.1443837212261001 -0.0131665542289974
v 0.0118912153514898 0.1313178451303486 -0.0238040517447094
v 0.0100960637188054 0.1337877603172737 -0.0251456016240538
v 0.0129072117589859 0.1381518548089282 -0.0099525561174001
v 0.0135641778399452 0.1278777338342483 -0.0219247265907867
v 0.0154436680399879 0.1967767868133652 0.0669204250762823
v 0.0143492472177694 0.2100517213278786 0.0764177289791416
v 0.0156781710689281 0.2110488749699994 0.0892720709643301
v 0.0157487833006336 0.2044423538602568 0.0785531506960476
v 0.0142194659520170 0.1789545566139138 0.0417786745283635
v 0.0134953536078738 0.1932786342983718 0.0526263307703046
v 0.0148911486453496 0.1882238217942026 0.0545901045223324
v 0.0111797290355324 0.1871045340232261 0.0384868296634641
v 0.0097686947396363 0.1993239985998588 0.0502730481748994
v 0.0122722793350567 0.2059486747828096 0.0634085187179492
v 0.0117723271296623 0.1968980957116204 0.0512105101369264
v 0.0104984186518620 0.2167495679573961 0.0738353073536987
v 0.0126208567406555 0.2210437929248855 0.0853291191557341
v 0.0125862520708130 0.2140617918919718 0.0748563926832304
v 0.0130319041027027 0.1589553680906708 0.0155776029664289
v 0.0122067560253868 0.1735803798673992 0.0268142178980139
v 0.0135569708260352 0.1691414644679773 0.0287023455116739
v 0.0113748685648346 0.1524341208096337 0.0007484841545409
v 0.0127725616326912 0.1485684656006063 0.0026203822330602
v 0.0080211864202803 0.1570686158613448 -0.0014804636970744
v 0.0100902595969161 0.1660652798666428 0.0123625045473645
v 0.0097801379372949 0.1552077208574971 -0.0005889395718016
v 0.0087436758109094 0.1788954150875535 0.0245624386664548
v 0.0105879286643161 0.1767621939855819 0.0254624901745982
v 0.0063675343278737 0.1692630484430993 0.0109343054549806
v 0.0045540625758610 0.1808459851499754 0.0237680166751597
v 0.0071237481423715 0.1907674575814279 0.0370413007284723
v 0.0067171845332530 0.1801880012846090 0.0240287895448784
v 0.0041419699217200 0.1587707915130534 -0.0022834130712401
v 0.0061308306839993 0.1581964310151918 -0.0020157632798515
v 0.0000000000000000 0.1589790247012149 -0.0023728130529475
v 0.0021747412042453 0.1700915799658767 0.0105808316811529
v 0.0020874070498075 0.1589718727026784 -0.0023725379760807
v 0.0000000000000000 0.1810836515628836 0.0236907200755911
v 0.0024439039184012 0.1917194986173949 0.0367222115629936
v 0.0022998021509636 0.1810759494106134 0.0236865939225892
v 0.0078833729100175 0.2100737274772219 0.0619137510238017
v 0.0055354818212014 0.2192420394473981 0.0731544921083885
v 0.0081979233071942 0.2255495520029379 0.0837386247119429
v 0.0081243127376406 0.2183928771596113 0.0733203634590641
v 0.0051182177219647 0.2015507458365397 0.0495135609456868
v 0.0075311644897771 0.2007973102983965 0.0497451756675256
v 0.0000000000000000 0.2018282983951328 0.0494863283358744
v 0.0027144557707344 0.2111627567928513 0.0616920390691674
v 0.0025883495319223 0.2018170202435943 0.0494648723402646
v 0.0000000000000000 0.2195693809188805 0.0732416914751616
v 0.0028368677272255 0.2267763948288300 0.0837083662565958
v 0.0028035284109703 0.2195501255382051 0.0731806244107338
v 0.0138769127298009 0.2224219280275132 0.0964207685785197
v 0.0140526318323076 0.2206834422293880 0.1072515626085264
v 0.0151035630018863 0.2164244271008480 0.0988607554023377
v 0.0103350505006743 0.2295684250267684 0.0934331587282921
v 0.0116044477178592 0.2309493108980641 0.1025046711490442
v 0.0122826772406214 0.2266993733061282 0.0946022354121580
v 0.0091933164573676 0.2361042513817455 0.1073303996385490
v 0.0092493221074464 0.2355926084095124 0.1136711689872839
v 0.0117106548961275 0.2299232741849300 0.1113872882853702
v 0.0106187922887702 0.2337083318719875 0.1088658787089817
v 0.0106324361013631 0.2263087641552836 0.1201684845809101
v 0.0125530227853046 0.2239403523322048 0.1143767136429186
v 0.0000000000000000 0.2326685413155139 0.0931836640101118
v 0.0027199408034583 0.2369487373627968 0.1012904268436511
v 0.0055067913039950 0.2322779321646693 0.0928931828387795
v 0.0027957987510135 0.2326355320914989 0.0930521772677853
v 0.0000000000000000 0.2395922260526676 0.1087414064267584
v 0.0026223215249711 0.2402304043836250 0.1147609410104536
v 0.0051486412234319 0.2390778323117667 0.1079594454175289
v 0.0026489077041466 0.2395372106793092 0.1085006591529421
v 0.0071490552141164 0.2384671616674885 0.1125813144410541
v 0.0077428911541469 0.2355403438048220 0.1008288753688609
v 0.0073500263729946 0.2379142571652366 0.1072988208142413
v 0.0080481439532259 0.2313426708175766 0.0929418714442017
v 0.0057095504625074 0.2288587267104452 0.1276128870761323
v 0.0027855933992555 0.2352570146320262 0.1249364881899186
v 0.0000000000000000 0.2294308865933724 0.1299660623915596
v 0.0029039314673494 0.2293236066153236 0.1293937924778855
v 0.0078973743225373 0.2337963564693609 0.1207421573866047
v 0.0083184894979091 0.2279014592140091 0.1245591625009714
v 0.0052046468735107 0.2383571309207717 0.1189415592319579
v 0.0074195382972329 0.2372073096175813 0.1169059904176974
v 0.0000000000000000 0.2389292908036989 0.1205460550882687
v 0.0026798043378247 0.2388495185123293 0.1201492016925480
v -0.0140362097433602 -0.1714122240033449 0.2367025435670180
v -0.0285183190877901 -0.1729086421586932 0.2222169957617532
v -0.0145349516105407 -0.1770174653179648 0.2082436410824550
v -0.0143002285201071 -0.1744111120051109 0.2221014634777005
v -0.0134189097465923 -0.1641955824030578 0.2669112100012447
v -0.0273706433841607 -0.1666643972825156 0.2517693287918143
v -0.0137425376803731 -0.1680103483917287 0.2517412709514015
v -0.0397378792536339 -0.1608261658617230 0.2668999318497063
v -0.0538259409863844 -0.1614096038961888 0.2516760777339718
v -0.0417220086938044 -0.1676799810747116 0.2367781897053858
v -0.0407699676578374 -0.1644555300421762 0.2517610764858105
v -0.0563794795408142 -0.1672538870080508 0.2222167206848864
v -0.0432984742173891 -0.1729130433885619 0.2086202213130932
v -0.0425722712890583 -0.1704992438824624 0.2222863151321847
v -0.0126805209130626 -0.1552858426876661 0.2964214562706867
v -0.0259933335121333 -0.1587699662824531 0.2818910709361347
v -0.0130650233574645 -0.1599574731163940 0.2819067503175419
v -0.0118185675509700 -0.1446010319508658 0.3227856484146289
v -0.0243957971005523 -0.1491725344000814 0.3100881002435118
v -0.0122651548442068 -0.1501702381959359 0.3101497174616732
v -0.0349372377743806 -0.1422202416687813 0.3225633863062610
v -0.0477156585443345 -0.1451168010761007 0.3099029735121608
v -0.0374913264825440 -0.1523482968271946 0.2963304058277785
v -0.0362573316581152 -0.1474926399745829 0.3100017261073392
v -0.0508930714326485 -0.1540232398690909 0.2818090980298307
v -0.0386482997842710 -0.1567916134564853 0.2818599872501872
v -0.0606508731283598 -0.1464190149634939 0.2961934175481161
v -0.0735761849451806 -0.1461068027196850 0.2816583559068287
v -0.0645008489559801 -0.1541753573764269 0.2667277337310945
v -0.0625912653467103 -0.1504653956740037 0.2817345521989301
v -0.0565013385928030 -0.1373029675980082 0.3222671285207260
v -0.0688830985208429 -0.1382272258704292 0.3097178467808098
v -0.0586356600022419 -0.1420326392456292 0.3098042209169825
v -0.0754733900954448 -0.1296926910013417 0.3220451414892249
v -0.0868225114655477 -0.1283992795736859 0.3096314726446371
v -0.0810291175740421 -0.1374314284948000 0.2960809111095982
v -0.0783237365891431 -0.1336870821840278 0.3096562295626484
v -0.0927410653314436 -0.1349411576197324 0.2815882113057968
v -0.0863733109420764 -0.1442104228000212 0.2665027208540587
v -0.0836814087236502 -0.1409359077777297 0.2816022402260032
v -0.0682476709585535 -0.1605805222196778 0.2363941823993442
v -0.0829136691884338 -0.1584153922011582 0.2213128181006080
v -0.0711425799046721 -0.1655236535159294 0.2084637025758886
v -0.0698582460136204 -0.1632429912133572 0.2219163367463496
v -0.0783017304397998 -0.1528492118016228 0.2512398058232397
v -0.0664241864085895 -0.1575524760700318 0.2514727959294125
v -0.0988439206980901 -0.1407634345822511 0.2510376243261476
v -0.0922038402105989 -0.1501000935949039 0.2355794047199064
v -0.0891961497490955 -0.1472646012520124 0.2510651320128268
v -0.1064044083818672 -0.1459150741435310 0.2198950719291622
v -0.0979004070449936 -0.1552465066957148 0.2064399620669001
v -0.0954508475462112 -0.1527188253667634 0.2203346447622958
v -0.0108462808576071 -0.1322228480220942 0.3439706933106120
v -0.0225559454770142 -0.1378165361083088 0.3338905015270205
v -0.0113404564487989 -0.1385674959546508 0.3340228134999474
v -0.0098717660416233 -0.1192128125303014 0.3604351440955782
v -0.0205837543728626 -0.1252634032922575 0.3525046780259659
v -0.0103515551126818 -0.1257203059679989 0.3527384933627390
v -0.0291358666537381 -0.1183289905572989 0.3597177436269848
v -0.0402123868488501 -0.1232129803271902 0.3517837015581042
v -0.0320536069798004 -0.1305553320556013 0.3435382724760150
v -0.0305772694357279 -0.1244422988448835 0.3521721100940144
v -0.0441124266662265 -0.1346737829052106 0.3334938406851065
v -0.0335216922178691 -0.1365280760642552 0.3337053747956695
v -0.0090189177238215 -0.1067961178401790 0.3730531950521924
v -0.0187212364155009 -0.1126926655567315 0.3668128012521499
v -0.0094224004720319 -0.1128538606006716 0.3671704011789795
v -0.0084115480019448 -0.0961974061626846 0.3826982152325191
v -0.0172257810291863 -0.1012764254311314 0.3777022691778434
v -0.0086768046245923 -0.1011928020636267 0.3781927312313335
v -0.0247458049058584 -0.0965924165433978 0.3812785435230057
v -0.0334289913137602 -0.1013809546405123 0.3759857895290615
v -0.0265477784448392 -0.1066528027925804 0.3719911232695086
v -0.0255190734860973 -0.1013545472613003 0.3769502090240341
v -0.0364540116178715 -0.1117890380493199 0.3656406987227493
v -0.0277728607787839 -0.1123548711643110 0.3662854788985097
v -0.0425499900628482 -0.1059642853950001 0.3702815205423965
v -0.0522175665462518 -0.1097152335505753 0.3642710910029922
v -0.0469611226987241 -0.1161608346932446 0.3586732767637756
v -0.0446411244042007 -0.1109434517608014 0.3649299000989589
v -0.0396132694329772 -0.0970674742923476 0.3787877224942044
v -0.0475173281233775 -0.1010654414743020 0.3737054023033561
v -0.0408274587229969 -0.1013102598857468 0.3748576992983477
v -0.0516297272819173 -0.0973791363824229 0.3758188178709188
v -0.0579812521361438 -0.0994592676491037 0.3721787256926608
v -0.0559690648555606 -0.1040855103948110 0.3687061553262790
v -0.0533008192476785 -0.1005700280372097 0.3726683625155505
v -0.0650754845307085 -0.1057015869872137 0.3635789976061436
v -0.0624033878466914 -0.1122068798099769 0.3578241144759889
v -0.0590678057599721 -0.1080020548241949 0.3637814541801024
v -0.0518055013997974 -0.1269270681826153 0.3429529089034817
v -0.0636698417414016 -0.1291571163416977 0.3330971798431924
v -0.0542033464476230 -0.1322261489444957 0.3332823065745434
v -0.0579325635307216 -0.1193398980427593 0.3510231140214244
v -0.0493702458980881 -0.1215303351330237 0.3513820893325879
v -0.0727996429502269 -0.1132172371417038 0.3506578119423246
v -0.0691325932390232 -0.1210340964653310 0.3425072843792787
v -0.0657816068477635 -0.1165872038367722 0.3507631663823059
v -0.0802286438916775 -0.1210434490788020 0.3329120531118415
v -0.0723864774963054 -0.1254389023332708 0.3329648678702655
v -0.1105742986055666 -0.1356602085495266 0.2359111474212575
v -0.1209922847815787 -0.1287263459683015 0.2223938701871004
v -0.1198284345581819 -0.1389270214195479 0.2074976326197152
v -0.1147084288365830 -0.1377667471954194 0.2209068046452230
v -0.1037237843149795 -0.1307756686259017 0.2665926709894997
v -0.1137277798064697 -0.1250491184130265 0.2515875029828648
v -0.1069826199558639 -0.1333110521071232 0.2512450322837088
v -0.1160191701068467 -0.1142834350773894 0.2669736524500065
v -0.1234990602686538 -0.1066654563284528 0.2522760203804451
v -0.1224477164837749 -0.1178033186648594 0.2372763539111460
v -0.1191946574570932 -0.1161198482400926 0.2519646333672366
v -0.1295939384061634 -0.1093554330088114 0.2239400772553381
v -0.1296142940943060 -0.1203612584491579 0.2107438147247271
v -0.1258853520880741 -0.1192460968311833 0.2233791955239492
v -0.0974655105185955 -0.1253068654372106 0.2960899886462023
v -0.1072651238980593 -0.1205549125633794 0.2817279503541271
v -0.1005881831104179 -0.1281112740941547 0.2816382752955529
v -0.0908177278788341 -0.1192337183721776 0.3220451414892249
v -0.1006126649515624 -0.1156368132620059 0.3097178467808098
v -0.0942454607159288 -0.1223511645035310 0.3096562295626484
v -0.1020928535717700 -0.1062082785758445 0.3222671285207260
v -0.1102601608236902 -0.1005857074186168 0.3099029735121608
v -0.1094869197511380 -0.1104054014093563 0.2962178993892606
v -0.1059442047837243 -0.1083503021375536 0.3098042209169825
v -0.1172773716955532 -0.1036976520126343 0.2819290315437520
v -0.1128142495318536 -0.1123807283897894 0.2818327546403748
v -0.1173057046128328 -0.0935264097861346 0.2963634150517935
v -0.1230977231200043 -0.0852267905612875 0.2820255835239960
v -0.1238239260483351 -0.0957110702621964 0.2672305742435902
v -0.1206968522266441 -0.0946140637174300 0.2819920241462474
v -0.1094544606808565 -0.0913384483876713 0.3225633863062610
v -0.1159272944333382 -0.0840002228122621 0.3100881002435118
v -0.1135811638364696 -0.0924379306242388 0.3100017261073392
v -0.1130574174820977 -0.0753456719061933 0.3227856484146289
v -0.1177760860550470 -0.0666340700579518 0.3101744743796845
v -0.1211177198328358 -0.0754565278835105 0.2964530901103677
v -0.1173189083024388 -0.0753677055632233 0.3101497174616732
v -0.1249467898185799 -0.0659273700794766 0.2820187066023262
v -0.1275355382119591 -0.0759156586818729 0.2672275483980555
v -0.1245061166779792 -0.0756324395398239 0.2820332856762661
v -0.1295664307194842 -0.0979543221108849 0.2379390140832479
v -0.1341134513275554 -0.0884837006641043 0.2241037479910793
v -0.1351067538935411 -0.1002047259581099 0.2114389339671104
v -0.1323257267702744 -0.0990829624953323 0.2241538119808354
v -0.1289986720664256 -0.0866874487239528 0.2524416166542539
v -0.1267565205252043 -0.0968276072645050 0.2524220861967116
v -0.1305663351302730 -0.0658254816080168 0.2522586905378372
v -0.1327256885345899 -0.0768851120835078 0.2378097279558557
v -0.1302579739625992 -0.0763264584747400 0.2523739477450230
v -0.1349887459176874 -0.0665221687885409 0.2235450668746248
v -0.1371032617927172 -0.0785269358706424 0.2109008836156654
v -0.1349901213020213 -0.0776118376578855 0.2238729584998408
v -0.1321961655660154 -0.0551365612228267 0.2373916111183319
v -0.1323884442959029 -0.0439176172291645 0.2229305451542115
v -0.1358321315912715 -0.0556893364389512 0.2098971281287415
v -0.1341426094754353 -0.0552692968141285 0.2232039715598027
v -0.1273842459352235 -0.0556314355092601 0.2671081650378678
v -0.1283836001922787 -0.0446947919009118 0.2520644862698820
v -0.1299553894091280 -0.0552657400702409 0.2521349059477808
v -0.1233502436837194 -0.0354062713399476 0.2671532776440217
v -0.1221899694595909 -0.0237094253025330 0.2523282849851355
v -0.1279057916746611 -0.0331943232387000 0.2372216136146544
v -0.1258091557959727 -0.0341602006410666 0.2521082234917020
v -0.1259007563926145 -0.0211754172056454 0.2229159660802715
v -0.1311002593287162 -0.0321947214124647 0.2091800027370148
v -0.1296621574691278 -0.0325315530358515 0.2228073107178887
v -0.1211025906051622 -0.0569708012782822 0.2964412618050957
v -0.1229747637605483 -0.0465205320811834 0.2819782703029078
v -0.1244455997672850 -0.0562082535438497 0.2819854223014444
v -0.1130574174820977 -0.0589515032606924 0.3227856484146289
v -0.1159272944333382 -0.0491976626718629 0.3101109316234555
v -0.1173189083024388 -0.0578936814156006 0.3101497174616732
v -0.1094544606808565 -0.0427355294094994 0.3226277542930903
v -0.1102601608236902 -0.0321434195768080 0.3101326626959321
v -0.1172581163148777 -0.0386476395997907 0.2964602421089043
v -0.1135811638364696 -0.0405971918778054 0.3100936017808476
v -0.1170154985183672 -0.0274213125430237 0.2822211631762850
v -0.1205073242654244 -0.0369097039553990 0.2820420881360035
v -0.1094013708455657 -0.0208692566529060 0.2968208678812685
v -0.1068497578292034 -0.0089933630828965 0.2831044349955540
v -0.1151639561279905 -0.0156009845001063 0.2677821033615081
v -0.1124720539095644 -0.0181006079886448 0.2825603329530396
v -0.1020928535717700 -0.0271352326015601 0.3225886933780058
v -0.1006126649515624 -0.0158804625967669 0.3105213463087091
v -0.1059442047837243 -0.0238874000353474 0.3102633242076583
v -0.0908177278788341 -0.0125883426550007 0.3229451929973682
v -0.0868225114655477 -0.0008180786018393 0.3115600365577156
v -0.0973488779270757 -0.0040180477932302 0.2978337009047966
v -0.0942454607159288 -0.0081736340198564 0.3109419388380341
v -0.0922583054302237 0.0083991970506258 0.2849859607644111
v -0.1025555328617141 0.0034230565303592 0.2694138593353180
v -0.1001208275137384 -0.0001449655087994 0.2838983068331157
v -0.1194405761760052 -0.0114880351878328 0.2378710700971503
v -0.1150178903117240 0.0011886071414081 0.2241551873651694
v -0.1222914728234371 -0.0086877526838906 0.2094858882128875
v -0.1210404232332673 -0.0099140453560492 0.2233379339939305
v -0.1116501242315900 -0.0032503082580138 0.2535421991982885
v -0.1174842294993807 -0.0133904667985660 0.2527857378146106
v -0.0964298461151238 0.0163024305104258 0.2561975161934313
v -0.1063862533086589 0.0095525943530845 0.2399113152181463
v -0.1046461170493330 0.0066631869443017 0.2546590112774639
v -0.0992317790802667 0.0226594569019880 0.2273023417981362
v -0.1087895998938203 0.0141868143279288 0.2115508902518948
v -0.1077696148717557 0.0120678972230303 0.2254494240234255
v -0.1086996497583794 -0.0677517898907876 0.3340756282583714
v -0.1030297653800634 -0.0613597462140827 0.3439706933106120
v -0.1070071017970084 -0.0525290085748336 0.3339012295248253
v -0.1082815329208556 -0.0601188744679841 0.3340228134999474
v -0.0976993258553687 -0.0690906165091508 0.3528306441131144
v -0.0912523493283654 -0.0639179060598746 0.3604351440955782
v -0.0962430689225720 -0.0562181510845937 0.3525085291021010
v -0.0973406256210720 -0.0626381109371250 0.3527384933627390
v -0.0885857541816841 -0.0523088095429667 0.3597254457792550
v -0.0917466624579906 -0.0437140053323651 0.3518219372425882
v -0.0998207186520683 -0.0474459456764450 0.3435649549320938
v -0.0943854748411259 -0.0498902787147584 0.3521875143985548
v -0.1018067736303063 -0.0377086372073096 0.3336011206631553
v -0.1048554505449617 -0.0450397382918689 0.3337482867868890
v -0.0850920028965594 -0.0704644879203433 0.3673068393049083
v -0.0780321551103436 -0.0663377297493568 0.3730531950521924
v -0.0839278775962958 -0.0598696273189840 0.3668136264827502
v -0.0848031721864278 -0.0651631240204685 0.3671704011789795
v -0.0711945694324958 -0.0716873696393536 0.3783723564253486
v -0.0636769937399382 -0.0683309367261314 0.3826982152325191
v -0.0703410059148403 -0.0630879716450766 0.3777022691778434
v -0.0709772587077301 -0.0674056881769900 0.3781927312313335
v -0.0623186641717195 -0.0604478939083540 0.3812785435230057
v -0.0678743916503168 -0.0544915857424909 0.3759857895290615
v -0.0760216182909612 -0.0568130061844157 0.3719919485001090
v -0.0693014904352335 -0.0587710198268529 0.3769502090240341
v -0.0803810364758802 -0.0495209330057168 0.3656484008750195
v -0.0824570415895592 -0.0546376653126008 0.3662887798209112
v -0.0720206252634721 -0.0476172360413963 0.3702853716185316
v -0.0743010124891774 -0.0399063638345440 0.3642977734590710
v -0.0831111743787905 -0.0412511871286032 0.3587115124482598
v -0.0776910597955216 -0.0445730703873564 0.3649453044034993
v -0.0598303188347194 -0.0524833733226328 0.3787877224942044
v -0.0639042072319084 -0.0463227243062733 0.3737054023033561
v -0.0660753889414973 -0.0502864444183121 0.3748576992983477
v -0.0567420308512460 -0.0451513094690398 0.3758188178709188
v -0.0579812521361438 -0.0399760132972157 0.3721787256926608
v -0.0657106370161312 -0.0395013131481929 0.3687168833240839
v -0.0613608465215499 -0.0427676033721673 0.3726683625155505
v -0.0650754845307085 -0.0318654268952280 0.3636433655929729
v -0.0745334524416167 -0.0313243506982482 0.3579311193771710
v -0.0701245204206751 -0.0356330722166175 0.3638243661713220
v -0.0932293267699993 -0.0341636391019015 0.3430868713376094
v -0.0929349945225319 -0.0237512369862854 0.3334721096126299
v -0.0978398901342994 -0.0305932514016886 0.3334965914537744
v -0.0840247046534066 -0.0320659579311194 0.3511570764555521
v -0.0883051757775564 -0.0377488259375479 0.3514585607015561
v -0.0727996429502269 -0.0218320256866778 0.3509791017227377
v -0.0830679873107041 -0.0219987222679538 0.3428822141487162
v -0.0788683887853912 -0.0267366462215785 0.3509774512615369
v -0.0802286438916775 -0.0111169564945304 0.3338121046199847
v -0.0870714560299944 -0.0172398924724528 0.3335650855936056
v -0.0830679873107041 -0.1125628292756057 0.3425072843792787
v -0.0929349945225319 -0.1102241257541404 0.3330971798431924
v -0.0870714560299944 -0.1159432488916122 0.3329648678702655
v -0.0745334524416167 -0.1058638823386210 0.3578241144759889
v -0.0840247046534066 -0.1045462641466875 0.3510231140214244
v -0.0788683887853912 -0.1091752576610627 0.3507631663823059
v -0.0831111743787905 -0.0971876828831357 0.3586732767637756
v -0.0917466624579906 -0.0938639291016884 0.3517837015581042
v -0.0932293267699993 -0.1016920665768541 0.3429529089034817
v -0.0883051757775564 -0.0994141550429498 0.3513820893325879
v -0.1018067736303063 -0.0972754324036423 0.3334938406851065
v -0.0978398901342994 -0.1039727288794263 0.3332823065745434
v -0.0657106370161312 -0.0998391488021434 0.3687061553262790
v -0.0743010124891774 -0.0991311009470209 0.3642710910029922
v -0.0701245204206751 -0.1027115014451851 0.3637814541801024
v -0.0567420308512460 -0.0954998112285002 0.3758188178709188
v -0.0639042072319084 -0.0945645498814075 0.3737054023033561
v -0.0613608465215499 -0.0973678582308844 0.3726683625155505
v -0.0598303188347194 -0.0898059951627733 0.3787877224942044
v -0.0678743916503168 -0.0877429186618336 0.3759857895290615
v -0.0720206252634721 -0.0930865618761343 0.3702815205423965
v -0.0660753889414973 -0.0913172674689283 0.3748576992983477
v -0.0803810364758802 -0.0906001420772017 0.3656406987227493
v -0.0776910597955216 -0.0950607885491002 0.3649299000989589
v -0.0760216182909612 -0.0848653395583228 0.3719911232695086
v -0.0839278775962958 -0.0808686652376424 0.3668128012521499
v -0.0885857541816841 -0.0868929311434464 0.3597177436269848
v -0.0824570415895592 -0.0858490144339709 0.3662854788985097
v -0.0623186641717195 -0.0831450088334059 0.3812785435230057
v -0.0703410059148403 -0.0799980194465591 0.3777022691778434
v -0.0693014904352335 -0.0839584111285097 0.3769502090240341
v -0.0636769937399382 -0.0759472375061806 0.3826982152325191
v -0.0780321551103436 -0.0758169611020680 0.3730531950521924
v -0.0709772587077301 -0.0758962657627641 0.3781927312313335
v -0.0912523493283654 -0.0756162375123699 0.3604351440955782
v -0.0848031721864278 -0.0757200515218972 0.3671704011789795
v -0.0998207186520683 -0.0890935460777821 0.3435382724760150
v -0.1070071017970084 -0.0828878669783288 0.3338905015270205
v -0.1048554505449617 -0.0902183353860945 0.3337053747956695
v -0.0962430689225720 -0.0818380911315906 0.3525046780259659
v -0.0943854748411259 -0.0879794847672747 0.3521721100940144
v -0.1030297653800634 -0.0754306156426586 0.3439706933106120
v -0.0973406256210720 -0.0755161920559176 0.3527384933627390
v -0.1082815329208556 -0.0753702362703978 0.3340228134999474
v -0.0883282822343669 0.0294975927335695 0.2439136836299694
v -0.0783226362816760 0.0425395371419101 0.2327326342254764
v -0.0899784683582519 0.0357847496009666 0.2161116647033056
v -0.0893411152578949 0.0328989181914521 0.2297959135956054
v -0.0852551234785670 0.0213055285636380 0.2724677627104424
v -0.0764122274418058 0.0343967117311344 0.2605594100701515
v -0.0869597748220768 0.0256201092192700 0.2582196062412190
v -0.0637710700283811 0.0370718342606862 0.2765763107928472
v -0.0527924771978470 0.0494508434200582 0.2655300490530823
v -0.0658506511413283 0.0471902617287618 0.2494284246554146
v -0.0649643534765246 0.0424132768600526 0.2630513314064199
v -0.0538009089915063 0.0590364469971578 0.2391460513747310
v -0.0665867568368636 0.0547771567917510 0.2227190110436485
v -0.0664010799517790 0.0513342947269828 0.2359152735742594
v -0.0809171612892578 0.0115237951805158 0.2998093029620965
v -0.0731982293302085 0.0242634301122520 0.2880566438284098
v -0.0832341337382465 0.0165934618354917 0.2864127844724610
v -0.0754733900954448 0.0004676306735463 0.3239737054023034
v -0.0688830985208429 0.0125630355832558 0.3134143297167603
v -0.0783237365891431 0.0061353144369280 0.3124113994604367
v -0.0565013385928030 0.0114253176622042 0.3255460447728862
v -0.0477156585443345 0.0233504499913695 0.3155511268180002
v -0.0605779777586599 0.0249681770449730 0.3025023054879898
v -0.0586356600022419 0.0183424005545550 0.3144882298047160
v -0.0506864887056877 0.0373304065154707 0.2915083083529154
v -0.0622991337141773 0.0312338779167604 0.2897956797802686
v -0.0374563917204614 0.0351212641982644 0.3051108594157780
v -0.0259079221449944 0.0462049363919130 0.2943575545391466
v -0.0393896319402753 0.0491345050232474 0.2805858312032068
v -0.0385088358128074 0.0423780670211032 0.2930723954174945
v -0.0349372377743806 0.0195076261622857 0.3271277367569400
v -0.0243957971005523 0.0305607648237204 0.3173204212252062
v -0.0362573316581152 0.0274642245342433 0.3165224232346426
v -0.0118185675509700 0.0239374640251035 0.3281856823866219
v -0.0126704255920514 0.0407919738071807 0.3068248633727588
v -0.0122651548442068 0.0325171115003449 0.3178642481908538
v -0.0133177364749862 0.0559330297860108 0.2832549020416893
v -0.0130245320426727 0.0486385414324215 0.2952328491292786
v -0.0405342267829967 0.0607454995705362 0.2549844272108788
v -0.0273539737260331 0.0702139204023824 0.2448401425173247
v -0.0406874445977998 0.0691523987734323 0.2297386976073127
v -0.0407476864316272 0.0653995250797895 0.2422274624365346
v -0.0269435590407795 0.0597260647022052 0.2697420260374008
v -0.0400731979542533 0.0552904502251848 0.2678302418131967
v -0.0136821032927389 0.0683722807792102 0.2588041445831520
v -0.0135401911371609 0.0625522044316259 0.2710566183837996
v -0.0136851016305869 0.0771219257581290 0.2348006621100184
v -0.0137336802052624 0.0732700243924412 0.2466636270672886
v -0.0691325932390232 -0.0114492493496151 0.3433107839071781
v -0.0636698417414016 -0.0002816787115950 0.3348221868748449
v -0.0723864774963054 -0.0054399201176779 0.3342508522225179
v -0.0624033878466914 -0.0232247398632455 0.3580538036597602
v -0.0579325635307216 -0.0135282803088288 0.3516392862030384
v -0.0657816068477635 -0.0174236438194698 0.3512222696729818
v -0.0469611226987241 -0.0172195367843102 0.3590636108377535
v -0.0402123868488501 -0.0073453775739458 0.3527250145962663
v -0.0518055013997974 -0.0029529501650117 0.3443189406239706
v -0.0493702458980881 -0.0101629899204959 0.3521627574805434
v -0.0441124266662265 0.0081868377094624 0.3361296272227071
v -0.0542033464476230 0.0042848723540184 0.3354680673580724
v -0.0559690648555606 -0.0337802919803403 0.3687289867062227
v -0.0522175665462518 -0.0261155226563623 0.3643943254393149
v -0.0590678057599721 -0.0287156867397133 0.3638733298536110
v -0.0516297272819173 -0.0424459559918275 0.3758188178709188
v -0.0475173281233775 -0.0372916481849397 0.3737054023033561
v -0.0533008192476785 -0.0383029132703270 0.3726683625155505
v -0.0396132694329772 -0.0420822768662418 0.3787877224942044
v -0.0334289913137602 -0.0358333006679554 0.3759857895290615
v -0.0425499900628482 -0.0304380530334445 0.3703205814574810
v -0.0408274587229969 -0.0364855629344925 0.3748576992983477
v -0.0364540116178715 -0.0222914040542204 0.3658291263765018
v -0.0446411244042007 -0.0239968806283306 0.3650861437592968
v -0.0265477784448392 -0.0283447455848444 0.3720455884891334
v -0.0187212364155009 -0.0199345454595469 0.3670537685874597
v -0.0291358666537381 -0.0131456483871212 0.3602612955157657
v -0.0277728607787839 -0.0209308738710673 0.3665030647001422
v -0.0247458049058584 -0.0416446020634891 0.3812785435230057
v -0.0172257810291863 -0.0348604088054856 0.3777022691778434
v -0.0255190734860973 -0.0352836695804184 0.3769502090240341
v -0.0084115480019448 -0.0413113739470573 0.3826982152325191
v -0.0090189177238215 -0.0272180307384645 0.3731175630390217
v -0.0086768046245923 -0.0345873950151946 0.3781927312313335
v -0.0098717660416233 -0.0110154531306842 0.3610782738101379
v -0.0094224004720319 -0.0193213991234676 0.3674275980494299
v -0.0320536069798004 0.0031122196708843 0.3454401539330147
v -0.0225559454770142 0.0137054298110428 0.3372656946825578
v -0.0335216922178691 0.0113513219850372 0.3367482750961222
v -0.0205837543728626 -0.0034384608348996 0.3537100648562483
v -0.0305772694357279 -0.0050922229580528 0.3532589387947095
v -0.0108462808576071 0.0063515248542265 0.3462208220809702
v -0.0103515551126818 -0.0024184758128349 0.3540242026381247
v -0.0113404564487989 0.0151759907409127 0.3376227444556538
v -0.0522923874540192 -0.0502151995098130 0.3803600618647874
v -0.0456415789687231 -0.0468910881284389 0.3803600618647874
v -0.0515210719195345 -0.0463718255269957 0.3783077133616525
v -0.0542534104373791 -0.0579888965222719 0.3837916457780171
v -0.0463834612784610 -0.0552671814730229 0.3851232928901570
v -0.0532612081788605 -0.0541107995865595 0.3822014264110928
v -0.0396195962009134 -0.0599553962860497 0.3895916415143257
v -0.0317636759622017 -0.0565607139345001 0.3895916415143257
v -0.0389679391034832 -0.0518084172145854 0.3851232928901570
v -0.0392124824380613 -0.0560509956751040 0.3875783539262753
v -0.0318816839380554 -0.0472895094623004 0.3837916457780171
v -0.0390474363179861 -0.0471710338557731 0.3822014264110928
v -0.0557470778240595 -0.0654778394637652 0.3860659813126531
v -0.0476562419411074 -0.0628090987175229 0.3883934066825799
v -0.0550951456497625 -0.0617797610819873 0.3850916590504759
v -0.0563239140137222 -0.0725731721657971 0.3868947879122973
v -0.0484817476183501 -0.0696639042072319 0.3901329927881723
v -0.0561698709683187 -0.0690774953426048 0.3866785774949987
v -0.0407405344330906 -0.0730810190772684 0.3933024284473493
v -0.0326659280852793 -0.0704304334042344 0.3954576556986643
v -0.0403834846599947 -0.0669518938698433 0.3923492871039151
v -0.0406384809155108 -0.0701086759931479 0.3930598106508388
v -0.0322321318663484 -0.0641296327242444 0.3934773773346290
v -0.0400269850406323 -0.0635782411447599 0.3911873624185859
v -0.0244587071799876 -0.0677308015258514 0.3965508111672956
v -0.0162564376582981 -0.0647360121694006 0.3965508111672956
v -0.0241472376437191 -0.0609132964592793 0.3934773773346290
v -0.0242969069669406 -0.0645056352934623 0.3952664772762439
v -0.0246479325566538 -0.0733152745370284 0.3975845500326998
v -0.0164363929445534 -0.0707790108098332 0.3986606507355900
v -0.0245899463531341 -0.0706476891136267 0.3973248774704482
v -0.0082499128350178 -0.0733802476929647 0.3997309748242774
v -0.0081909913701510 -0.0680225755584576 0.3986606507355900
v -0.0082311250850159 -0.0708429661813623 0.3994630499560221
v -0.0081116592017682 -0.0612579402656830 0.3954576556986643
v -0.0081457687332504 -0.0648504441459860 0.3973248774704482
v -0.0240773406118672 -0.0523863812194020 0.3883934066825799
v -0.0163700444042832 -0.0473075820124486 0.3860659813126531
v -0.0242868391536160 -0.0473242516705762 0.3850916590504759
v -0.0161443163273937 -0.0570883526265371 0.3923492871039151
v -0.0240524461554226 -0.0568948085430623 0.3911873624185859
v -0.0081418901494286 -0.0525372333731507 0.3901329927881723
v -0.0081049748339052 -0.0571764212362092 0.3930598106508388
v -0.0082386621911660 -0.0472717670043923 0.3866785774949987
v -0.0557470778240595 -0.0792456016928230 0.3860659813126531
v -0.0484817476183501 -0.0759409932613045 0.3901329927881723
v -0.0561698709683187 -0.0759592308575728 0.3866785774949987
v -0.0542534104373791 -0.0855588083395054 0.3837916457780171
v -0.0476562419411074 -0.0818426574075793 0.3883934066825799
v -0.0550951456497625 -0.0824422149464391 0.3850916590504759
v -0.0396195962009134 -0.0840835711029001 0.3895916415143257
v -0.0322321318663484 -0.0809243132877944 0.3934773773346290
v -0.0403834846599947 -0.0786328404643573 0.3923492871039151
v -0.0400269850406323 -0.0813391292029167 0.3911873624185859
v -0.0326659280852793 -0.0758488425109292 0.3954576556986643
v -0.0406384809155108 -0.0759012721617397 0.3930598106508388
v -0.0522923874540192 -0.0915692378789098 0.3803600618647874
v -0.0463834612784610 -0.0876642466779311 0.3851232928901570
v -0.0532612081788605 -0.0886055597160932 0.3822014264110928
v -0.0456415789687231 -0.0938270688015382 0.3803600618647874
v -0.0515210719195345 -0.0944363640614824 0.3783077133616525
v -0.0318816839380554 -0.0928904320701116 0.3837916457780171
v -0.0389679391034832 -0.0899762677433175 0.3851232928901570
v -0.0390474363179861 -0.0933225778278418 0.3822014264110928
v -0.0317636759622017 -0.0863499294083991 0.3895916415143257
v -0.0392124824380613 -0.0869295163667297 0.3875783539262753
v -0.0240773406118672 -0.0889628845660559 0.3883934066825799
v -0.0161443163273937 -0.0855145209639519 0.3923492871039151
v -0.0241472376437191 -0.0831198393000944 0.3934773773346290
v -0.0240524461554226 -0.0858734962751154 0.3911873624185859
v -0.0163700444042832 -0.0921793583694544 0.3860659813126531
v -0.0242868391536160 -0.0924989976886666 0.3850916590504759
v -0.0081418901494286 -0.0883665179188510 0.3901329927881723
v -0.0082386621911660 -0.0919625977984223 0.3866785774949987
v -0.0081116592017682 -0.0826036300518726 0.3954576556986643
v -0.0081049748339052 -0.0852875825488485 0.3930598106508388
v -0.0244587071799876 -0.0781831172948391 0.3965508111672956
v -0.0164363929445534 -0.0757409573637733 0.3986606507355900
v -0.0245899463531341 -0.0757924792609235 0.3973248774704482
v -0.0162564376582981 -0.0803451389447639 0.3965508111672956
v -0.0242969069669406 -0.0805909751406159 0.3952664772762439
v -0.0081909913701510 -0.0779332649767319 0.3986606507355900
v -0.0081457687332504 -0.0801928288836212 0.3973248774704482
v -0.0082311250850159 -0.0757030242638427 0.3994630499560221
v -0.0829120187272331 0.0192518046761692 0.0172002814036347
v -0.0846191457625440 0.0092747667176247 0.0062701021016560
v -0.0927361139478413 0.0018578691583129 0.0174222684351358
v -0.0915144975824182 0.0126249278782840 0.0284478994098913
v -0.0881703881128283 0.0110732192727105 0.0172734518502014
v -0.0767104107654083 0.0143980733616250 -0.0044942058496471
v -0.0768817836534197 0.0048955429982966 -0.0149297969451339
v -0.0845470756234445 -0.0010560200916144 -0.0044529443196283
v -0.0808574696091639 0.0072191172920883 -0.0044889793891781
v -0.0829777620983964 -0.0116948929916604 -0.0148852344927136
v -0.0904411476481959 -0.0202346543212169 -0.0043112797332305
v -0.0923039681901111 -0.0091086202900823 0.0064747592905493
v -0.0877511709678373 -0.0102620175925410 -0.0043918772552005
v -0.0997885346586537 -0.0189968084206531 0.0178868732631475
v -0.1006382471001740 -0.0075918464465914 0.0289958525285409
v -0.0966086460785386 -0.0082225977021454 0.0176316019307645
v -0.0696626663613313 0.0085078524130087 -0.0250234674951982
v -0.0682757287989663 -0.0005969168009386 -0.0345617578512096
v -0.0754898947074523 -0.0050704918855763 -0.0249458958187629
v -0.0726890620497765 0.0022938659921782 -0.0249786299659111
v -0.0615335947938952 0.0015668378332470 -0.0438898894809919
v -0.0587753990505722 -0.0072865111244523 -0.0520354656604355
v -0.0656864302518535 -0.0102928262016217 -0.0434126311171078
v -0.0636390331323209 -0.0037867081482582 -0.0436051849238622
v -0.0622251380370102 -0.0204536155071833 -0.0514663316230429
v -0.0693342245823817 -0.0261012186592891 -0.0432379573066949
v -0.0728785900109962 -0.0154450159166352 -0.0344200932648117
v -0.0676075670895286 -0.0177859200530348 -0.0432957234487212
v -0.0801986605131972 -0.0225843609173538 -0.0249057345962112
v -0.0780112492684675 -0.0134185246389788 -0.0249222392082187
v -0.0764554145098921 -0.0336028949089461 -0.0343903849631982
v -0.0833535170984342 -0.0427047758157920 -0.0248815278319336
v -0.0873875193499384 -0.0314702239607080 -0.0148087631237454
v -0.0819973881451498 -0.0324017992777857 -0.0248928059834720
v -0.0650642063791701 -0.0368134270520218 -0.0513092627321047
v -0.0719320505123651 -0.0445373929177334 -0.0432324557693591
v -0.0707987338211822 -0.0350734558388160 -0.0432222779252877
v -0.0667531783412727 -0.0550800494313130 -0.0513419968792530
v -0.0729344306149550 -0.0642797696781394 -0.0432638145321733
v -0.0784986854764228 -0.0537384390350579 -0.0344046889602714
v -0.0726667808235664 -0.0543278737452197 -0.0432519862269013
v -0.0845198430136321 -0.0641024826374920 -0.0248523696840536
v -0.0897724357850247 -0.0531090081484645 -0.0147138616047022
v -0.0842123070765587 -0.0533270615807705 -0.0248688742960611
v -0.0975637129600403 -0.0304159093456678 0.0068034761463656
v -0.1040690057828034 -0.0419408598490241 0.0184760879118159
v -0.1066866372471958 -0.0304403911868123 0.0298131058997799
v -0.1022752295344530 -0.0302932800784519 0.0181732282814779
v -0.0941654133476924 -0.0418182580894949 -0.0041137745428738
v -0.0925886727472408 -0.0308082514807732 -0.0042169283679208
v -0.0954921090762300 -0.0644873976971940 -0.0039047161241119
v -0.1002869739412807 -0.0533141879834046 0.0071797813001371
v -0.0951427614554042 -0.0530996280273069 -0.0040078699491589
v -0.1055764270128234 -0.0656033845457690 0.0190716293284205
v -0.1097537443119262 -0.0544764014994440 0.0307252607900620
v -0.1051693132499713 -0.0537680180505440 0.0187803229264878
v -0.1003623450027817 -0.0764706262606257 0.0075263781522949
v -0.1042612845126910 -0.0887001861582696 0.0195626415356441
v -0.1099347448902753 -0.0782554350031187 0.0315570932352409
v -0.1052900719944930 -0.0772755561882324 0.0193348778899404
v -0.0897938917806345 -0.0752893911792476 -0.0146148339326571
v -0.0941865942664353 -0.0869823311251538 -0.0037264663144307
v -0.0951856734466237 -0.0758166035021411 -0.0038098146050687
v -0.0871589304736342 -0.0969139814006777 -0.0145284597964844
v -0.0899633391305783 -0.1084039421265780 -0.0036068078773762
v -0.0975634378831735 -0.0988312671622176 0.0077849504070794
v -0.0924580112355146 -0.0978797762799842 -0.0036576970977327
v -0.0997808325063835 -0.1104681189349849 0.0198798051630553
v -0.1070563405561642 -0.1007876138388421 0.0321749158780557
v -0.1024411008851286 -0.0997923857347888 0.0197469430363947
v -0.0785006110144904 -0.0745191209368568 -0.0343947861930668
v -0.0832902494190720 -0.0855040680430138 -0.0248023056942974
v -0.0842211095362961 -0.0748649200661010 -0.0248292632272431
v -0.0667531783412727 -0.0739671516959520 -0.0513419968792530
v -0.0718443009918584 -0.0840665163371590 -0.0432220028484210
v -0.0726667808235664 -0.0742278695502975 -0.0432519862269013
v -0.0647206353725469 -0.0924252770883664 -0.0512338916706037
v -0.0684564543004486 -0.1029918047724461 -0.0431317776361132
v -0.0761189955018055 -0.0948432027474677 -0.0343422465115096
v -0.0704474606622888 -0.0936898054450090 -0.0431799160878018
v -0.0794276200555793 -0.1059719875472702 -0.0247475653978059
v -0.0817011303596149 -0.0959099508368870 -0.0247742478538847
v -0.0711758642055539 -0.1138394610143872 -0.0342787037552806
v -0.0727228965043920 -0.1246241246538330 -0.0247096047901886
v -0.0816191574533109 -0.1171098498836769 -0.0144742696537264
v -0.0764435862046201 -0.1155801474274468 -0.0247252841715957
v -0.0605078331576280 -0.1096423381808754 -0.0510900264692715
v -0.0626138216497873 -0.1202096910955555 -0.0430418275006722
v -0.0658517514487955 -0.1118671598794888 -0.0430839142612914
v -0.0539665052653151 -0.1248051252321821 -0.0509819212606223
v -0.0541590590720695 -0.1348740388642351 -0.0430000158169199
v -0.0634924171623208 -0.1306370298850385 -0.0342346914565939
v -0.0587228593690149 -0.1279140439806649 -0.0430118441221919
v -0.0629664701930146 -0.1405791330815005 -0.0247101549439222
v -0.0729267284626848 -0.1350041502222277 -0.0144720690387920
v -0.0682391435756829 -0.1329938884797121 -0.0247038281759859
v -0.0915491572676340 -0.1196204764468871 0.0079161620725391
v -0.0917433615355891 -0.1302321167371207 0.0199612279156257
v -0.1006764827846581 -0.1215380372852939 0.0324854776606638
v -0.0962312406173000 -0.1206429371607529 0.0199538008402223
v -0.0825302120361259 -0.1279126685963309 -0.0035713229615601
v -0.0866662678052098 -0.1184497493018205 -0.0035768244988959
v -0.0715939810430777 -0.1446692510138302 -0.0036455937155939
v -0.0819775826107408 -0.1380632800578212 0.0078801270029894
v -0.0775183115231763 -0.1366873455701278 -0.0035930540340366
v -0.0797574372188628 -0.1473160406261025 0.0197444673445936
v -0.0903542233582897 -0.1399712132058903 0.0323955275252228
v -0.0862685066558287 -0.1391514841428502 0.0198938340832616
v -0.0610117739775909 -0.0648503066075527 -0.0586315338492400
v -0.0548662816965916 -0.0734684923518316 -0.0651984438901646
v -0.0601208000060517 -0.0824704103252853 -0.0585415837137990
v -0.0607939130990916 -0.0737128431326029 -0.0586056766237616
v -0.0492057499317466 -0.0656589225651743 -0.0713186290994190
v -0.0434181326544436 -0.0730235280121089 -0.0769882384008682
v -0.0485527174499824 -0.0807156399766460 -0.0711637608234151
v -0.0490484059639415 -0.0732375378144730 -0.0712743417238655
v -0.0423010454984015 -0.0864783903051909 -0.0766655732361212
v -0.0464497548033579 -0.0950231030183497 -0.0708331184295311
v -0.0532749620222001 -0.0895377952176511 -0.0649907608557366
v -0.0476944776255915 -0.0880064423002203 -0.0710094427011448
v -0.0573328959611151 -0.0992829433774901 -0.0583487548301779
v -0.0589734543946624 -0.0910259610669957 -0.0584516335783581
v -0.0381482100404432 -0.0665641180107266 -0.0825590951071390
v -0.0330301298569119 -0.0726602339941367 -0.0879500515425279
v -0.0377347695096549 -0.0790003156507046 -0.0823373831525047
v -0.0380527583676664 -0.0728299289132607 -0.0824952772740433
v -0.0284710058667019 -0.0674244209116185 -0.0935872017736956
v -0.0243244971766798 -0.0724066131229545 -0.0993211790619741
v -0.0282613972942064 -0.0775226027222982 -0.0933110245994365
v -0.0284280938754823 -0.0725179642386319 -0.0935068793285924
v -0.0239828792158109 -0.0813171780689466 -0.0988246653174146
v -0.0274152058365810 -0.0870024117364296 -0.0927297871799051
v -0.0323523404571365 -0.0836153352602468 -0.0875223070146664
v -0.0279357062839247 -0.0823726480068274 -0.0930386985013125
v -0.0363095962628057 -0.0907506091233369 -0.0818664515565569
v -0.0371639850110615 -0.0849993019924505 -0.0821173216590711
v -0.0307282866355967 -0.0936347900716507 -0.0869575742071425
v -0.0336292472727848 -0.1012065559069663 -0.0813988208830105
v -0.0398490103078179 -0.0988893083811107 -0.0762370034776593
v -0.0351416198864070 -0.0961784258588759 -0.0816164066846430
v -0.0230068239693729 -0.0894013570917223 -0.0981752088349188
v -0.0256494049055833 -0.0953386161845601 -0.0921584525275782
v -0.0266649061747192 -0.0913464256168083 -0.0924230764734321
v -0.0211081058963414 -0.0961726492446733 -0.0977092286225732
v -0.0226814080359580 -0.1020059292818637 -0.0919128088855330
v -0.0278914189083712 -0.1021519950981302 -0.0865427582920202
v -0.0243333546517905 -0.0989137902222552 -0.0919752513342947
v -0.0294497293587477 -0.1097595209261288 -0.0811881120030478
v -0.0358444412810605 -0.1096052028038585 -0.0759179143121806
v -0.0317419448897251 -0.1057588029755065 -0.0812456030682074
v -0.0499237005540736 -0.1044601650873816 -0.0647140335277439
v -0.0524953941817117 -0.1145120239536936 -0.0581559259465567
v -0.0551798693247344 -0.1071438149998040 -0.0582458760819977
v -0.0427056835694524 -0.1078876228476095 -0.0705030261893808
v -0.0447948923727374 -0.1016791379641148 -0.0706570692347843
v -0.0371298754795793 -0.1186150704987625 -0.0703506336051781
v -0.0446441502497354 -0.1175001839576547 -0.0645069006470496
v -0.0401587468598257 -0.1135619084557941 -0.0703935455963976
v -0.0454550768530381 -0.1273828705508896 -0.0580659758111157
v -0.0492602151513714 -0.1212907431820479 -0.0580915579597274
v -0.0520869050345256 -0.0064392743747331 -0.0605966829856018
v -0.0484911002318210 -0.0151693888961097 -0.0668533063207850
v -0.0552585413086369 -0.0168305780946663 -0.0592102955769703
v -0.0536812505544518 -0.0111065035735923 -0.0597788794606293
v -0.0418999834266188 -0.0152975747160347 -0.0746745668742809
v -0.0383578186129387 -0.0237160271473360 -0.0790683696675490
v -0.0446928388551576 -0.0243825383955729 -0.0723058799743354
v -0.0433386354399408 -0.0193984206461693 -0.0732769013141110
v -0.0407452107398261 -0.0335967331871300 -0.0773645435546396
v -0.0470169633026829 -0.0364879836109203 -0.0713491626316329
v -0.0512974344268327 -0.0267124394573009 -0.0655521927408590
v -0.0459298595251211 -0.0301218521750672 -0.0716877822546538
v -0.0581223665688081 -0.0308407655664280 -0.0586499639993151
v -0.0567588105401203 -0.0234593804306191 -0.0588482944202721
v -0.0323630684549414 -0.0245662897425899 -0.0856825929295617
v -0.0293471256874343 -0.0322096030709581 -0.0891119762278572
v -0.0348401356404030 -0.0322401366031720 -0.0832767706525993
v -0.0336823371080756 -0.0280451868769079 -0.0842450412237070
v -0.0242671161422670 -0.0332110479122010 -0.0948957424290250
v -0.0218321082097379 -0.0393398430273860 -0.0991327514082217
v -0.0263021623104806 -0.0394464628209545 -0.0934161039625511
v -0.0253855236672698 -0.0360331990270531 -0.0939731346178048
v -0.0232542281033656 -0.0459781355152430 -0.0987044567266265
v -0.0275948860459695 -0.0476952753485052 -0.0931016911038078
v -0.0312435056070981 -0.0403436260219965 -0.0878837580176311
v -0.0270332340993536 -0.0433630897733986 -0.0931503797092300
v -0.0366531672694289 -0.0423580139175141 -0.0824075277535366
v -0.0358320628220548 -0.0370460870659545 -0.0826925073875331
v -0.0324516432060484 -0.0503078453985486 -0.0877145857445540
v -0.0377675036568031 -0.0540795205960366 -0.0823948742176642
v -0.0424790202312159 -0.0457254774130946 -0.0768930618049581
v -0.0372998729832568 -0.0480708653024229 -0.0823365579219043
v -0.0240233980382893 -0.0541318787268617 -0.0989470745231371
v -0.0282746009838124 -0.0572552940262245 -0.0933569624361908
v -0.0280033751931555 -0.0523552700257678 -0.0931952172385171
v -0.0243200409314378 -0.0631563007387877 -0.0993294313679779
v -0.0330282043188443 -0.0613355944651784 -0.0879533524649294
v -0.0284250680299476 -0.0623076060816745 -0.0935123808659282
v -0.0434175825007100 -0.0591763785992948 -0.0769893387083353
v -0.0380516580601992 -0.0602789692044571 -0.0824972028121108
v -0.0535494887352585 -0.0410272745590346 -0.0651585577444797
v -0.0601997470668210 -0.0472530892851371 -0.0585715670922794
v -0.0592892426377396 -0.0388227535331904 -0.0585721172460129
v -0.0486091082076748 -0.0505884513103630 -0.0712160254281056
v -0.0479208658869613 -0.0433529119293272 -0.0712163005049724
v -0.0548662816965916 -0.0569880430962927 -0.0651984438901646
v -0.0490484059639415 -0.0580665067094686 -0.0712746168007323
v -0.0607939130990916 -0.0559796654927761 -0.0586056766237616
v -0.0685076185976719 -0.1533842363075332 0.0076369590527453
v -0.0636156515986436 -0.1610965664217795 0.0192039413013474
v -0.0756477888289909 -0.1555523921715875 0.0318120894907571
v -0.0721611895424027 -0.1546421628193729 0.0195048753936178
v -0.0608332490910429 -0.1497235133642657 -0.0145416634860904
v -0.0570168326411712 -0.1579285061469364 -0.0038417235216166
v -0.0647206353725469 -0.1517533055643236 -0.0037319678517666
v -0.0456553328120627 -0.1608146126333177 -0.0146676486910811
v -0.0395929137448346 -0.1675091583404338 -0.0040879173173954
v -0.0514773346977146 -0.1651154394456101 0.0072389228264973
v -0.0486014060554046 -0.1631841247638637 -0.0039638576504722
v -0.0442188814136750 -0.1712631323415437 0.0185322035926414
v -0.0569120283549234 -0.1678199951999087 0.0308597733779233
v -0.0542564362829138 -0.1666478926705081 0.0188702730619287
v -0.0528912297930253 -0.1443647409222915 -0.0342418434551305
v -0.0500780186763439 -0.1530654222189213 -0.0247637949329466
v -0.0568787440540416 -0.1472692775587478 -0.0247316109395319
v -0.0449489354181409 -0.1371016113315165 -0.0509819212606223
v -0.0430421025775390 -0.1462523183822179 -0.0430418275006722
v -0.0489034404551422 -0.1409840462294182 -0.0430118441221919
v -0.0337002171044171 -0.1461750217826494 -0.0510900264692715
v -0.0298483157387292 -0.1542972164284157 -0.0431317776361132
v -0.0396589321928646 -0.1546053025192227 -0.0342979591359561
v -0.0366614195754326 -0.1506873827055048 -0.0430839142612914
v -0.0347438587370258 -0.1619779127029810 -0.0248438423011830
v -0.0426655223469008 -0.1579681172157545 -0.0248025807711642
v -0.0245470343619145 -0.1613958500528491 -0.0343697541981888
v -0.0177794832543519 -0.1673215559172816 -0.0249170127477497
v -0.0282743259069456 -0.1682430634210347 -0.0148013360483420
v -0.0264144761951918 -0.1650956339112011 -0.0248834533700011
v -0.0208577034245007 -0.1521249344113596 -0.0512338916706037
v -0.0152702595831623 -0.1590744763739918 -0.0432220028484210
v -0.0226890826805415 -0.1570900718569546 -0.0431799160878018
v -0.0070588300018086 -0.1550501018128253 -0.0513419968792530
v -0.0083076239616708 -0.1647724185927205 -0.0344225689566128
v -0.0076783856288842 -0.1602584072086644 -0.0432519862269013
v -0.0095716846876399 -0.1719744811190677 -0.0148926615681169
v -0.0089406858629058 -0.1686565039518231 -0.0249406693582938
v -0.0319036900873988 -0.1730967947355789 0.0068298835255777
v -0.0226519748112113 -0.1775568910537438 0.0179575680179130
v -0.0352984137004784 -0.1763861639086772 0.0298821501933446
v -0.0336388749631225 -0.1749101014414715 0.0182183408876318
v -0.0202709369599467 -0.1733231829969487 -0.0042997265048252
v -0.0301099138390484 -0.1708923287251082 -0.0042034496014480
v -0.0108041115739279 -0.1771676572872332 0.0065534312744517
v -0.0101947612986104 -0.1747901679275503 -0.0043657449528553
v -0.0119580315224336 -0.1808633149925832 0.0292216906361771
v -0.0113938213609566 -0.1791707670312123 0.0177782179007646
v -0.0372676889898421 -0.1279220212098018 -0.0645074508007832
v -0.0361522522950007 -0.1372347485350438 -0.0581559259465567
v -0.0410612740597701 -0.1326915790031077 -0.0580915579597274
v -0.0300705778470972 -0.1179744164760040 -0.0759239660032500
v -0.0296175262474908 -0.1266280596284124 -0.0705079775729831
v -0.0335948626644358 -0.1229604597634752 -0.0703960212881987
v -0.0226529375802451 -0.1238164989729318 -0.0762548834740008
v -0.0205880730796712 -0.1320506499034824 -0.0708421959661353
v -0.0279827444281461 -0.1354530756688322 -0.0647159590658115
v -0.0252609138466130 -0.1296481285489214 -0.0706642212333209
v -0.0250829941291720 -0.1440943403622350 -0.0583487548301779
v -0.0308017321590302 -0.1410297089893057 -0.0582458760819977
v -0.0235750227454184 -0.1086011722400678 -0.0865644893644968
v -0.0236121581224353 -0.1159187670504677 -0.0814235778010218
v -0.0267214894862183 -0.1131322383898651 -0.0812579815272130
v -0.0179984169326316 -0.1011446636119381 -0.0977617683041305
v -0.0183102990842003 -0.1065936612662201 -0.0922274968211430
v -0.0206582726960765 -0.1045495650690890 -0.0920101860963773
v -0.0137029541192417 -0.1042739380485634 -0.0983256758810540
v -0.0128255689449220 -0.1093799148499559 -0.0928579729998301
v -0.0178473447173895 -0.1128841190560187 -0.0870202917327711
v -0.0156839476831307 -0.1081874566324127 -0.0925234795298111
v -0.0164675866612477 -0.1199007797741481 -0.0819121143164443
v -0.0201760354409035 -0.1181611936685558 -0.0816521666773259
v -0.0111116200033147 -0.1153697136243509 -0.0876169334568429
v -0.0084516542091231 -0.1220395024134557 -0.0823976249863321
v -0.0140613517689849 -0.1274213813122405 -0.0766928058459336
v -0.0125413320184659 -0.1211796121278640 -0.0821715118018291
v -0.0085605571406860 -0.1059598841651314 -0.0990516037325180
v -0.0065983788344856 -0.1107572247219833 -0.0934796467187800
v -0.0097815683370022 -0.1102199996011386 -0.0931902658549148
v -0.0029099831584188 -0.1066032889565578 -0.0995896540839631
v -0.0037710837822244 -0.1164276592540328 -0.0880617327504455
v -0.0033224059048000 -0.1110400037410454 -0.0936859543688740
v -0.0047653766249306 -0.1290789945115288 -0.0770204223942828
v -0.0042530459605306 -0.1225219872378088 -0.0825593701840058
v -0.0173349865453028 -0.1402837005265659 -0.0649935116244046
v -0.0128359393428001 -0.1481038607725947 -0.0585415837137990
v -0.0190698688364730 -0.1464465226501730 -0.0584516335783581
v -0.0105469422111641 -0.1351235335824154 -0.0711758642055540
v -0.0156623541490875 -0.1338658821474426 -0.0710201706989497
v -0.0058692050759934 -0.1426039738979561 -0.0652014697356993
v -0.0053050774375765 -0.1358541377406149 -0.0712869952597379
v -0.0064547612023335 -0.1490839596489744 -0.0586056766237616
v -0.0058956124552055 0.1124060354615343 0.1727067357384679
v -0.0142427099472609 0.1019908000541901 0.1743618732459552
v -0.0088351938844911 0.0959580892885756 0.1822497024012147
v -0.0072849982016850 0.1031271425909077 0.1773393052521114
v -0.0166895186773754 0.1102728143595626 0.1654323279961544
v -0.0258673207994559 0.0986656708884089 0.1630498872528692
v -0.0252875963026918 0.0923028678826440 0.1738639841170617
v -0.0205459037959920 0.1004220366828756 0.1695587560749007
v -0.0394171396269545 0.0821280496568760 0.1708639958078285
v -0.0356744437773830 0.0800550703887318 0.1854879072770897
v -0.0206589603882435 0.0885648483398080 0.1844544434885523
v -0.0308336410755781 0.0853973382186985 0.1788115166431820
v -0.0116750324418780 0.0867097299501629 0.1946526432479976
v -0.0103604676031659 0.0905888639256632 0.1878747492502436
v -0.0357740216031617 0.0914765369748009 0.1237888317416698
v -0.0419819563329228 0.0844582257954707 0.1365202638812383
v -0.0327542277595195 0.0952497663565863 0.1455376136669191
v -0.0287028956654075 0.1037292858523154 0.1328065886411134
v -0.0346618858307218 0.0934441618029638 0.1350610911336537
v -0.0517111500344878 0.0744572561495153 0.1251447158765427
v -0.0600220474108734 0.0682058592748011 0.1368210879427620
v -0.0483285298035470 0.0779782400444524 0.1489145122990305
v -0.0504925595145994 0.0762268256335880 0.1371262307110943
v -0.0548874626153346 0.0714721219910889 0.1617870093574273
v -0.0366809500329748 0.0880383512167681 0.1578410317032966
v -0.0449426086502047 0.0798003492100824 0.1605293579224545
v -0.0244916063732559 0.1072587971301231 0.1517196361558283
v -0.0298796745015435 0.0969659709285013 0.1549549252169153
v -0.1012013294464972 0.0306476891136267 0.1304420003864830
v -0.0911574478093222 0.0418251625188514 0.1434698608592438
v -0.0810838578705337 0.0509486369597404 0.1337569792158796
v -0.0916036224872588 0.0405356021673306 0.1203425257145293
v -0.0915318274250261 0.0412854617062055 0.1319042815026624
v -0.1010816710094427 0.0309876841209816 0.1529640563935085
v -0.0902961821393966 0.0418587218966000 0.1667661757232287
v -0.0791242102715077 0.0524018680470024 0.1576875388116267
v -0.0906793642148378 0.0420510006264876 0.1550776094995045
v -0.0650842869904459 0.0626405041058661 0.1730148218292749
v -0.0688993280559836 0.0611218047243076 0.1477926663131929
v -0.0667374989598656 0.0622741017192992 0.1603819167218540
v -0.0712564617275240 0.0584805166493712 0.1234579115201504
v -0.0703998723643338 0.0598509495997288 0.1355469594034683
v -0.0787267241989934 0.0482688381234531 0.2063874223853428
v -0.0902389661511039 0.0398990742975740 0.1906406471458368
v -0.1005584748088044 0.0272381113497403 0.2004080765318859
v -0.0902202609241620 0.0381152008164281 0.2031065805951150
v -0.0534793441342265 0.0654116284619283 0.2138849174666246
v -0.0658597286779324 0.0596207102622239 0.1976790389364428
v -0.0663790738024357 0.0574506288601021 0.2100475951748767
v -0.0515609580652194 0.0701143425766038 0.1896905316479374
v -0.0782307606081674 0.0516580601991969 0.1817839972657359
v -0.0651098691390575 0.0615534003283042 0.1853908051431122
v -0.1008481307495363 0.0299776018661215 0.1760049073713036
v -0.0902067821576892 0.0411440721966745 0.1785738502302738
v -0.0131864697941531 0.0819049623179077 0.2126927343259482
v -0.0269904596465675 0.0767571738327629 0.2210168353919398
v -0.0135265748322547 0.0798044753630843 0.2233813961388836
v -0.0253168094659451 0.0812158947665938 0.1998810292551125
v -0.0125931565001695 0.0840109508100670 0.2030210316895427
v -0.0395681568268233 0.0742091368156689 0.2061076692118154
v -0.0383014278552463 0.0766262372441699 0.1949791594888797
v -0.0403290194403699 0.0719034425182187 0.2176963825328940
v -0.0301200916831197 0.0991605341717676 0.1103337989009304
v -0.0362958424194661 0.0867903274721330 0.0997714523852259
v -0.0437281442833182 0.0805614869004958 0.1128296263287072
v -0.0362617328879839 0.0892734463486640 0.1119842601016822
v -0.0298510665073972 0.0931578067846334 0.0857183529222447
v -0.0356870973132555 0.0808054800813402 0.0746176259628550
v -0.0435122089428865 0.0758172361789348 0.0880556810593760
v -0.0360474480087529 0.0839826178927874 0.0872744627576868
v -0.0513741808726676 0.0657832573089643 0.0757839518780529
v -0.0610406570486040 0.0610527604307429 0.0878474478712145
v -0.0522888114547509 0.0705440126425328 0.1006122523362622
v -0.0519441401406606 0.0682958094102421 0.0882003714913086
v -0.0615996132419253 0.0648845811851549 0.1124264461650503
v -0.0522604785374713 0.0725804066873937 0.1129502200271088
v -0.0293163170783536 0.0854556545144584 0.0601540843069335
v -0.0353146432356192 0.0731632945681259 0.0493199068314652
v -0.0426242608168820 0.0698164343298681 0.0629692209616825
v -0.0353858881441183 0.0772138014316375 0.0619247540984734
v -0.0299357901823691 0.0757880780310548 0.0348349091799340
v -0.0365450620607796 0.0635056208519268 0.0248710749109954
v -0.0423538602568255 0.0621511423598432 0.0383418641546647
v -0.0356441853220359 0.0686088468846513 0.0369274189056204
v -0.0498048673476194 0.0520467438119740 0.0274631242267761
v -0.0576962725021473 0.0502950543242427 0.0396347254285870
v -0.0501514641997773 0.0597571483881527 0.0512154615205286
v -0.0497946895035481 0.0561385122055044 0.0392025796708568
v -0.0593910210784526 0.0563197878607203 0.0634588577845722
v -0.0507274751588397 0.0629546418877425 0.0634324504053601
v -0.0670373327446688 0.0471363466628706 0.0513975624063449
v -0.0771714395941516 0.0425057026872947 0.0627956474587368
v -0.0695017463942581 0.0517845955579212 0.0751160652454820
v -0.0683112137147824 0.0496026858505274 0.0631925833775176
v -0.0646735972283255 0.0411861589572936 0.0283183382056323
v -0.0738006476684829 0.0380098463764468 0.0397098214132212
v -0.0657884837694333 0.0443443164649322 0.0397620860179116
v -0.0792202120980181 0.0287650630373025 0.0283441954311108
v -0.0885040563522469 0.0230839005074480 0.0395637555969546
v -0.0836277687346258 0.0329960203254297 0.0509709181859506
v -0.0814626387161062 0.0310151918076608 0.0396022663583055
v -0.0934455371872978 0.0259810100685010 0.0622548463386237
v -0.0874837962533155 0.0362438528916424 0.0739566162519539
v -0.0856550852428826 0.0347312052011534 0.0624292450721699
v -0.0711978703548973 0.0554571468064607 0.0992207484979084
v -0.0814884959415847 0.0487249155685942 0.1100055771834742
v -0.0714861509112953 0.0570294861770436 0.1113385996799481
v -0.0799590685622214 0.0459939524350836 0.0862896875745716
v -0.0705002754207129 0.0537222370076038 0.0871360990936905
v -0.0974201228355749 0.0281013025577335 0.0850884268972911
v -0.0903038842916668 0.0386947877747588 0.0971359684321788
v -0.0890536599320973 0.0375573449305740 0.0855324009602933
v -0.1001109247465339 0.0296040474810180 0.1078791779877990
v -0.0911742274981965 0.0396798380347408 0.1087461377488672
v -0.0705222815700562 0.0322555134000257 0.0172187115537098
v -0.0746206518083897 0.0234016142885928 0.0062665261023877
v -0.0769610057910557 0.0262225275575444 0.0172173361693758
v -0.0570019784903644 0.0425885008241991 0.0167494304189627
v -0.0630228609507069 0.0337098447947548 0.0061001045979786
v -0.0638010534068614 0.0376206126099362 0.0170979528091881
v -0.0570685470921281 0.0333690245567996 -0.0051112032618615
v -0.0611545388714559 0.0250966379417649 -0.0152312811911378
v -0.0672532680851005 0.0252589332931721 -0.0044920052347128
v -0.0621899281980609 0.0295146474993106 -0.0046760316585966
v -0.0694376534842955 0.0169791196027340 -0.0149281464839331
v -0.0721345070863239 0.0203158019969205 -0.0044633972405664
v -0.0439908426911045 0.0524128711216741 0.0149441009422070
v -0.0511422910739620 0.0424088756301839 0.0049643122149946
v -0.0503302641631921 0.0474293035260041 0.0160666896355850
v -0.0331288824520902 0.0638893530811016 0.0109546611431232
v -0.0402891332946850 0.0517001469598161 0.0020534488106020
v -0.0381889214167284 0.0578093290943988 0.0132754846682470
v -0.0383979798354903 0.0504246155285017 -0.0112803521534049
v -0.0447173206963021 0.0389643631042149 -0.0196162815246685
v -0.0471374469703378 0.0410125854543479 -0.0071178890051089
v -0.0425607180606531 0.0453582497959274 -0.0088816818749790
v -0.0527118796758769 0.0316517196774174 -0.0165544009204072
v -0.0520123592036250 0.0371086945608363 -0.0058929717172843
v -0.0497074901367751 0.0291804291061583 -0.0284038871112046
v -0.0526849221429313 0.0207584006755888 -0.0374847246377410
v -0.0563712272348104 0.0233644789115759 -0.0261499072647113
v -0.0530122636144138 0.0261606352625162 -0.0270683889229297
v -0.0433265320578019 0.0369904115081158 -0.0326505237807390
v -0.0475431853488559 0.0267421477589144 -0.0408313097991320
v -0.0464734114139020 0.0326989373092944 -0.0302372744283731
v -0.0454979888442577 0.0251832871548043 -0.0539362468099680
v -0.0464808384893054 0.0164765541671051 -0.0622853798708377
v -0.0496145141557994 0.0181470959791327 -0.0494736748000019
v -0.0476408376365671 0.0212744448776905 -0.0514853119268516
v -0.0492338077721593 0.0107123184234795 -0.0582183683953185
v -0.0533849927689169 0.0133038175855266 -0.0465694132404124
v -0.0515018165388591 0.0155679752760912 -0.0478515465165297
v -0.0631502215400316 0.0173034352286817 -0.0252369271438288
v -0.0631543476930335 0.0096087100339101 -0.0348827725547558
v -0.0664657230154751 0.0134055960262396 -0.0250828840984253
v -0.0578813992334983 0.0158386509130145 -0.0356813206990529
v -0.0597678763859576 0.0205177084171458 -0.0255659190765119
v -0.0520159352028933 0.0064274460694610 -0.0552560656168358
v -0.0573703064149988 0.0086712480718831 -0.0448306523654204
v -0.0553468409828772 0.0111216328012659 -0.0455777611356273
v -0.0552535899250347 0.0014015166363051 -0.0532394771063839
v -0.0594383342995408 0.0056027656228187 -0.0442832494005044
v -0.0424963500738238 0.0166000636802947 -0.0759179143121806
v -0.0397568595574426 0.0094065285368180 -0.0841966276951516
v -0.0447731613002608 0.0091424547446977 -0.0708867584185556
v -0.0437773830424739 0.0125286509749068 -0.0733189880747302
v -0.0340052773496894 0.0117141483723358 -0.0973700588458188
v -0.0286720870563268 0.0055430739427249 -0.1039289916576063
v -0.0349562180781892 0.0027678234336607 -0.0915706132632438
v -0.0346462064493147 0.0070859800885610 -0.0945296151193249
v -0.0285450015438689 -0.0042416852859321 -0.0976368834066069
v -0.0355798173352066 -0.0050039232838126 -0.0856424317070101
v -0.0408912765560926 0.0022982672220469 -0.0788642626323893
v -0.0350822032831800 -0.0014100440191756 -0.0886757043171251
v -0.0465853676986863 0.0039151690450500 -0.0665732780703908
v -0.0456528571202615 0.0063141144003427 -0.0686338788795294
v -0.0074793675157602 -0.0008667672072615 -0.1187856181561735
v -0.0149728189671001 0.0044865036973769 -0.1183289905572989
v -0.0075042344645182 0.0098620558282255 -0.1256397084460289
v -0.0075660167287997 0.0045109855385214 -0.1224677970950508
v -0.0067824052583694 -0.0117859434345685 -0.1118908164900329
v -0.0144306699703398 -0.0061259618234570 -0.1112790455382876
v -0.0072246738447975 -0.0062921082509994 -0.1150932613732250
v -0.0204670392582827 -0.0111340112602715 -0.1029802515440408
v -0.0219833179634134 -0.0003606257723643 -0.1086223531588108
v -0.0215993106573718 -0.0056280726945636 -0.1053156541431046
v -0.0218095243989742 0.0098771850558991 -0.1150608023029435
v -0.0220612472397756 0.0047536033350319 -0.1120057986203520
v -0.0037597781229992 -0.0318027918926595 -0.1101041922402191
v -0.0088997819328139 -0.0275871838936993 -0.1070194802560141
v -0.0053581122574940 -0.0227565590359656 -0.1085684380929196
v -0.0045397860864745 -0.0276628300320671 -0.1086729673023006
v -0.0107367452492506 -0.0317747615599334 -0.1071853516066896
v -0.0163612694522326 -0.0278793155262324 -0.1023184166025394
v -0.0153743761772430 -0.0226231467555715 -0.1033081431692569
v -0.0129001972988827 -0.0276196429639808 -0.1047737527155244
v -0.0232166526033619 -0.0171218844965990 -0.0977868002990086
v -0.0122022722724581 -0.0172079835559049 -0.1068250009111921
v -0.0181443727181514 -0.0169634402213268 -0.1025106953324270
v -0.0061329487758736 -0.0173691785998450 -0.1096783732504252
v -0.0267052599510776 -0.0266722782347492 -0.0920495220883286
v -0.0212512558978199 -0.0295201765443331 -0.0979939331797029
v -0.0195766704558505 -0.0348617566821329 -0.1007625818439640
v -0.0229307927233916 -0.0310677589969047 -0.0962581981502456
v -0.0354590585906849 -0.0170093780580811 -0.0826691258538558
v -0.0290558192855016 -0.0198503719383085 -0.0903157125969388
v -0.0308859056802685 -0.0219084970556460 -0.0876738743682688
v -0.0314302827996498 -0.0126315297230870 -0.0892247577432419
v -0.0226117310655996 -0.0236368050096999 -0.0969073795558747
v -0.0266765969415579 -0.0181693772053428 -0.0937041094420822
v -0.0160860000316338 -0.0325505333396601 -0.1036118280301952
v -0.0191031806450415 -0.0284850347869083 -0.1000363789156332
v -0.0490715124207521 -0.0003548491581616 -0.0630877790912698
v -0.0455117426875973 -0.0075247276910942 -0.0695350306951399
v -0.0505354715058189 -0.0029812830822913 -0.0617068932199741
v -0.0426817518820415 -0.0028126609629478 -0.0737808421340738
v -0.0477398653086122 0.0018182580894949 -0.0647173344501454
v -0.0388012425222073 -0.0097567013882442 -0.0790700201287498
v -0.0370052656589226 -0.0075709406047152 -0.0822666883977392
v -0.0404101671160735 -0.0122079113482274 -0.0765725972551455
v -0.0041058798367969 0.1375934487693405 0.1630080755691168
v -0.0095158715913678 0.1234121359787476 0.1652829612574864
v -0.0048527960531971 0.1241045044524629 0.1679140714883515
v -0.0032969062792484 0.1674274605109966 0.1530412704700170
v -0.0070919217488837 0.1517516551031229 0.1556021810844768
v -0.0036041396317684 0.1522443177715473 0.1580349608943849
v -0.0094986792871933 0.1661456023117460 0.1468382321084848
v -0.0132531484266635 0.1497059084447910 0.1462519057669177
v -0.0117330186453977 0.1361187616864688 0.1564021046131078
v -0.0103470438520664 0.1509104700444731 0.1516491339548695
v -0.0175140890932710 0.1210704066117476 0.1552242254695046
v -0.0137995336071724 0.1223723454222739 0.1610217455140121
v -0.0030631459578486 0.1968766397160107 0.1431786094726845
v -0.0061780888897141 0.1820673264385317 0.1457860355853189
v -0.0031334556050006 0.1825148765008022 0.1480736573326209
v -0.0029990805555727 0.2209090052601574 0.1337921615471423
v -0.0059815464683913 0.2094171189961895 0.1363008350645984
v -0.0030352531635559 0.2098847496697359 0.1384026148806957
v -0.0086227520202677 0.2194786055528392 0.1285264751168905
v -0.0112515240977651 0.2069931416460187 0.1279525327358664
v -0.0088430610828813 0.1955372904516006 0.1373449168201940
v -0.0087499750711589 0.2084901099551006 0.1328135480858432
v -0.0116453791556378 0.1799030216506125 0.1369041611565332
v -0.0090449950107933 0.1812217401500132 0.1420449626892615
v -0.0135838733436075 0.1920999299241682 0.1259661421638509
v -0.0157194876143202 0.1755400274664251 0.1226649721931672
v -0.0145244711819159 0.1631885259937324 0.1349638789689294
v -0.0138903639885871 0.1780360749556954 0.1304173259915318
v -0.0131229270379242 0.2156165263430800 0.1178266451831634
v -0.0151313182577456 0.2018571814661460 0.1142178017369729
v -0.0133972887048625 0.2048150830147599 0.1217295182922678
v -0.0159485166136112 0.2083946582823238 0.1018934778587191
v -0.0171402046159274 0.1932068392361390 0.0956213952036222
v -0.0166918568307431 0.1858257016695103 0.1094896155044325
v -0.0163976071063358 0.1980206844049984 0.1054906580457577
v -0.0178883311705415 0.1683349390945432 0.1036856036458688
v -0.0177799233773388 0.1580665947340660 0.1180417828006814
v -0.0170722881375164 0.1723331813533645 0.1137275597449762
v -0.0176064599051397 0.1334018274731645 0.1438662466242911
v -0.0227095483994309 0.1178756638808257 0.1394603404488842
v -0.0204697900269507 0.1195924186064744 0.1479836521818066
v -0.0176384238370610 0.1460924987226118 0.1314576391940523
v -0.0156939329733953 0.1481220158458029 0.1394865827819761
v -0.0199150425096913 0.1404264654204309 0.1120267319699148
v -0.0211408675511763 0.1293053827728986 0.1262480794477007
v -0.0190557849008932 0.1435496881659869 0.1222695216894671
v -0.0252127753949244 0.1134755343196214 0.1192070634237855
v -0.0242762486942445 0.1158574249091730 0.1298146875917639
v -0.0223348386914869 0.1233232861507738 0.1045675275884905
v -0.0255057047503712 0.1074175164822620 0.0957556327146167
v -0.0255620404926902 0.1106678247402759 0.1077978927736619
v -0.0188604528177843 0.1501927944990128 0.0967874460419533
v -0.0200493900514325 0.1322668603207809 0.0888828371978195
v -0.0201853330390011 0.1366557117304467 0.1008336892140297
v -0.0182825713360277 0.1394967056106741 0.0723553938103579
v -0.0192900678683400 0.1217542477025924 0.0634781131652476
v -0.0219213981606985 0.1152233727312176 0.0800646980790695
v -0.0196900571403422 0.1272898945699139 0.0763668397587851
v -0.0249030113352300 0.0995252860971338 0.0704449849704877
v -0.0252254564384835 0.1037086550873060 0.0832484377353197
v -0.0176723958301098 0.1759952796809659 0.0885213861948548
v -0.0179029927675415 0.1578016957113453 0.0807331348653740
v -0.0181071548180745 0.1634633277836575 0.0926194813563215
v -0.0167462670349946 0.1969564120073803 0.0812970424422975
v -0.0170424147897828 0.1804839839932771 0.0728857420095328
v -0.0173031326441282 0.1873168933643895 0.0846835137493733
v -0.0159129491747350 0.1814918656332029 0.0571708756865747
v -0.0158741908442040 0.1645226487976734 0.0475484118093250
v -0.0169434696407978 0.1626843100969027 0.0641908373271056
v -0.0165141021594222 0.1728415234031960 0.0604376885565960
v -0.0169224262604882 0.1444379113688582 0.0553138317588621
v -0.0174499961833085 0.1514322908607774 0.0682300660390788
v -0.0158356250674798 0.1467642364313178 0.0381515109628447
v -0.0163403911180430 0.1289048708548495 0.0290569195929688
v -0.0174838581456106 0.1264250529007200 0.0463397240566411
v -0.0164944891788199 0.1369010802956251 0.0421882639830167
v -0.0145953584904882 0.1632374896760213 0.0312115966905502
v -0.0148837765853196 0.1463890315850135 0.0212829722605611
v -0.0152787594583461 0.1556607724571035 0.0344269701864815
v -0.0139403179475965 0.1434305798826660 0.0051161546454637
v -0.0153193883115713 0.1271498804447168 -0.0042372840560634
v -0.0156793814071420 0.1291059520444744 0.0120571692252254
v -0.0148453208393420 0.1368411135386645 0.0083249262965920
v -0.0175505092704343 0.1118641340339541 0.0035916786497027
v -0.0179019474754477 0.1114240110470870 0.0203342321469956
v -0.0166343107502103 0.1205315310297021 0.0161233554701442
v -0.0213681085508332 0.1050466289673821 0.0541994953714879
v -0.0248581738059429 0.0896701071905781 0.0446224191772588
v -0.0247200302034400 0.0948511799766047 0.0575133463857307
v -0.0190993020612197 0.1091243684407062 0.0373524126648140
v -0.0190322383210959 0.1156890778666964 0.0504092112239614
v -0.0209393737462512 0.0946146138711636 0.0120453409199533
v -0.0221425599615993 0.0928348665430196 0.0284319449516174
v -0.0196741026820682 0.1020898277262353 0.0245002712945599
v -0.0268246708189520 0.0777218684046023 0.0196349867516104
v -0.0254991579209415 0.0839655631270463 0.0319400002338153
v -0.0257122874773319 0.0786293469881490 0.0042227049821234
v -0.0317661516540028 0.0637760214119833 -0.0034392860654999
v -0.0290164832935503 0.0709227934881053 0.0078754506962539
v -0.0209744735544539 0.0949405799583121 -0.0040670114755192
v -0.0257947005066228 0.0786318226799501 -0.0111849004806281
v -0.0230779038317520 0.0867287102539716 0.0001804504246155
v -0.0263056007713155 0.0779463311279046 -0.0263793213716158
v -0.0317826562660103 0.0626039188825828 -0.0327765089857297
v -0.0315898273823892 0.0632803328980242 -0.0180907052214403
v -0.0287947713389160 0.0705233818775234 -0.0221406619312184
v -0.0377078119767092 0.0492714933029098 -0.0251387247023840
v -0.0347661399632360 0.0564895102875310 -0.0144104518206306
v -0.0178053129721437 0.1105809004503696 -0.0124389759163326
v -0.0215148345515800 0.0940650102913133 -0.0197194353497155
v -0.0192631928584544 0.1029849278507763 -0.0083348290637965
v -0.0150945679883422 0.1233076067693666 -0.0194185012574451
v -0.0180667460263427 0.1078738690042699 -0.0275789315876955
v -0.0164620301085385 0.1174487445835646 -0.0161948754555101
v -0.0179142434113933 0.1039716285719591 -0.0416059262560182
v -0.0218364269165465 0.0896472758106343 -0.0487496724866055
v -0.0219466227093834 0.0922382248189478 -0.0346998464383391
v -0.0199270358610834 0.0985614167558947 -0.0384202610617004
v -0.0266048293870118 0.0767874322881100 -0.0411176648174624
v -0.0240478798794338 0.0852757542435764 -0.0306259580411501
v -0.0262392522310453 0.0753047679761013 -0.0551044982632334
v -0.0307604706290114 0.0613990822060339 -0.0611105265727692
v -0.0316660236744905 0.0619379577880794 -0.0472276721826455
v -0.0289281836193101 0.0687716923897922 -0.0512578233580146
v -0.0209646808179961 0.0863906407846843 -0.0615710052477789
v -0.0249765118740368 0.0735588551025727 -0.0679979011635064
v -0.0235883914811445 0.0812678842944175 -0.0585985246252250
v -0.0228112443170839 0.0715334641323835 -0.0794377978996506
v -0.0258350817906679 0.0606973611188477 -0.0855717369522446
v -0.0288192531800605 0.0610073727477222 -0.0740325374671885
v -0.0257942328759493 0.0666566263610288 -0.0769786107105304
v -0.0319212950068735 0.0492673671499080 -0.0802063626654674
v -0.0348266568739302 0.0484118780941849 -0.0672367634730930
v -0.0318439984073049 0.0548404244711131 -0.0707387670642215
v -0.0373326071304050 0.0484470879331343 -0.0392922547294310
v -0.0421844129068817 0.0358722240446065 -0.0462706797630763
v -0.0402830816036156 0.0423296534925478 -0.0357250579208728
v -0.0365431365227121 0.0481304744594568 -0.0534493607557462
v -0.0344638304866316 0.0550731395004192 -0.0431826668564697
v -0.0377157892058462 0.0368102361603671 -0.0739233319510721
v -0.0404981917134469 0.0357894259077021 -0.0601661876890724
v -0.0377254168961839 0.0419764547955869 -0.0636659906652665
v -0.0427312657180641 0.0252416034505642 -0.0676427769284779
v -0.0431031696419668 0.0301068879935137 -0.0568762683622405
v -0.0386441736312691 0.0269668855590834 -0.0814964731707217
v -0.0374074280381724 0.0187173303239924 -0.0895606265975949
v -0.0407608901212333 0.0214843285270528 -0.0786714337487682
v -0.0335582774411525 0.0388647852784362 -0.0870315698843095
v -0.0334254153144919 0.0298970043441514 -0.0944743246690997
v -0.0362188208967643 0.0328320745128217 -0.0843105095180034
v -0.0274381197395847 0.0334820811490511 -0.1056583999191274
v -0.0247090546364550 0.0265751761007717 -0.1127130212448741
v -0.0313672901971545 0.0222548188309371 -0.1021415421771922
v -0.0295253754971155 0.0278595099918233 -0.1040596531693325
v -0.0274136378984402 0.0156796564840087 -0.1093169222474605
v -0.0328865397324465 0.0168217756349290 -0.0999095684800421
v -0.0278220995379396 0.0505726068828358 -0.0918630199726436
v -0.0284379966426868 0.0414601355166184 -0.0985757207529679
v -0.0307348884803997 0.0448501828229626 -0.0895765810558688
v -0.0220192980175898 0.0603683691861645 -0.0953303638785563
v -0.0230726773712829 0.0519215838375836 -0.1015039139999684
v -0.0248925859219786 0.0558169473482246 -0.0938083635745964
v -0.0181891827397518 0.0530708549870405 -0.1087307334443269
v -0.0172244056448524 0.0467083270581423 -0.1145318294881026
v -0.0228385319422696 0.0441644161940502 -0.1078711182356020
v -0.0204812882399826 0.0489166441447482 -0.1084732614970096
v -0.0211240603546153 0.0372456828404987 -0.1143678836754946
v -0.0251833421701777 0.0389682141803500 -0.1069309055049070
v -0.0149129622408862 0.0408841245575561 -0.1202286713993642
v -0.0112136460132078 0.0355762413359383 -0.1254080937241900
v -0.0178505631167309 0.0311362256290492 -0.1205851710187266
v -0.0164132039646829 0.0361632553696724 -0.1206135039360061
v -0.0119561334920527 0.0490230988921967 -0.1184772569884997
v -0.0091717779386977 0.0442802235549696 -0.1232220578637943
v -0.0134079341796073 0.0452025562893231 -0.1194953164724968
v -0.0041591622258945 0.0474581865970172 -0.1236704331566652
v -0.0051726279262161 0.0397626361716452 -0.1272145235084129
v -0.0046558410165741 0.0438219454948942 -0.1255712143061977
v -0.0061814723351757 0.0306135795821445 -0.1292976806206284
v -0.0056882595130177 0.0353399503073640 -0.1284925306315284
v -0.0203042762762019 0.0205452161038250 -0.1190337374900199
v -0.0144431309524055 0.0150871409129389 -0.1236836368462712
v -0.0212044928304653 0.0151732399722447 -0.1173819009049341
v -0.0130804001543181 0.0256478919828160 -0.1258025539511697
v -0.0191669434627639 0.0258982119315966 -0.1200801298912965
v -0.0070154228722289 0.0204874499617987 -0.1290594640539866
v -0.0066309479355137 0.0256426655223469 -0.1295224184207975
v -0.0073136061958313 0.0152073495037269 -0.1278012624652801
v -0.0025494426598833 -0.0370020197518944 -0.1171236037270165
v -0.0060996369673051 -0.0348532292992623 -0.1120641149161119
v -0.0030999237349387 -0.0348910248607595 -0.1129743442683265
v -0.0017334051283956 -0.0385901210269445 -0.1286196161439863
v -0.0041449407518814 -0.0382603313713476 -0.1218915110591216
v -0.0020975381308114 -0.0382102123662181 -0.1223918758798162
v -0.0050689789628089 -0.0389728354717121 -0.1276697757229536
v -0.0078887094012333 -0.0387915048011229 -0.1204333285882574
v -0.0073596815710190 -0.0371036331464874 -0.1155397111280283
v -0.0060920448457816 -0.0384320618592858 -0.1212024435078077
v -0.0113975348986582 -0.0351522928688385 -0.1094489591435207
v -0.0088989016868401 -0.0349103077491216 -0.1108207674782122
v -0.0012252831400574 -0.0371627746728476 -0.1433144974448798
v -0.0028736730120023 -0.0384118987249500 -0.1352894049330910
v -0.0014462523871514 -0.0382161540265408 -0.1356472799367873
v -0.0009387025586962 -0.0333155771215819 -0.1599294152759812
v -0.0021200174123657 -0.0359028676075671 -0.1510361801725970
v -0.0010596978693234 -0.0355044187660189 -0.1514625493161245
v -0.0028435245874019 -0.0347212749262622 -0.1586860678380816
v -0.0042450137160203 -0.0376531817109644 -0.1498395958020520
v -0.0036446034388735 -0.0379923239800322 -0.1424477302376183
v -0.0031815940566892 -0.0366086873400686 -0.1504585187523339
v -0.0055967139317493 -0.0394392282993579 -0.1342650186811577
v -0.0042634438660953 -0.0388033331063949 -0.1348014185714021
v -0.0059701857937928 -0.0399799744040975 -0.1414172922946156
v -0.0080158774367512 -0.0416195700686110 -0.1333066508772545
v -0.0080107885147156 -0.0401908483301803 -0.1264665895076056
v -0.0068546679512756 -0.0403684654630678 -0.1337616280149284
v -0.0048305973500470 -0.0376738949990338 -0.1571703943020578
v -0.0063931989995454 -0.0409270090410889 -0.1488641732324077
v -0.0053109365748391 -0.0390677094830687 -0.1492737626870609
v -0.0071012468546680 -0.0426382897370884 -0.1565899821131268
v -0.0085681492622095 -0.0461115753033238 -0.1484345031664786
v -0.0081092110176537 -0.0434162346240628 -0.1406789859841460
v -0.0075056923719122 -0.0433058737851058 -0.1487082046489366
v -0.0099621287923644 -0.0452014559818559 -0.1326043796363346
v -0.0103724609545580 -0.0426464320123454 -0.1254911669379612
v -0.0090588313771930 -0.0432210675870739 -0.1329160417264099
v -0.0113039537485756 -0.0379258103936419 -0.1135514555348560
v -0.0152343620520459 -0.0365344716014081 -0.1069933479536688
v -0.0134952985925004 -0.0356692448246007 -0.1081538972546641
v -0.0108785198663952 -0.0403283592558896 -0.1190254851840161
v -0.0094848154131070 -0.0394048161833222 -0.1196928216628534
v -0.0130511869910648 -0.0433314559337175 -0.1180902238369234
v -0.0141583438722158 -0.0400418391914391 -0.1119584853992638
v -0.0120679247307169 -0.0416184422534572 -0.1184761566810325
v -0.0178050378952769 -0.0396032016196526 -0.1053065766065005
v -0.0166568945609739 -0.0378213637073210 -0.1060250773825611
v -0.0160523031154518 -0.0439794545088193 -0.1111813932505765
v -0.0194305496242106 -0.0447978356952121 -0.1047322161086389
v -0.0187209613386341 -0.0419533758464631 -0.1048953366906465
v -0.0120437179664392 -0.0466917674307614 -0.1250070316524074
v -0.0144171361884937 -0.0481291265828095 -0.1179012460294374
v -0.0138264911401180 -0.0455237085313027 -0.1179119740272423
v -0.0130387535166858 -0.0522375646344675 -0.1250518691816945
v -0.0151378925948620 -0.0543151844493546 -0.1182217105792500
v -0.0171553338436009 -0.0497268555481973 -0.1112245803186628
v -0.0148464761621826 -0.0510816641325210 -0.1180178786209572
v -0.0203344522084890 -0.0516734369960506 -0.1049126665332544
v -0.0199597425005450 -0.0480625304733591 -0.1047577982572505
v -0.0098444234010641 -0.0483859108379598 -0.1399703879752899
v -0.0112934458122642 -0.0503140071203647 -0.1322665852439141
v -0.0107043136866558 -0.0475892882317303 -0.1323878941421694
v -0.0098707482572161 -0.0507363601416371 -0.1548927578450204
v -0.0102596244237999 -0.0525605873991414 -0.1468583127197607
v -0.0095002747330207 -0.0492512751532006 -0.1476703396305306
v -0.0112450322837088 -0.0577276065080436 -0.1531322658975517
v -0.0111583280552960 -0.0592043814243343 -0.1463087091399103
v -0.0109802157840482 -0.0544593192260162 -0.1394229850103738
v -0.0108036439432544 -0.0558751563640065 -0.1464404709591036
v -0.0120449007969665 -0.0564920437454741 -0.1323092221582668
v -0.0117376124290731 -0.0533051104468005 -0.1322401778647021
v -0.0115050624458872 -0.0610337251115609 -0.1394824016136009
v -0.0123002271447228 -0.0632004780835945 -0.1326703980843647
v -0.0134961238231008 -0.0587530380520707 -0.1254350512571357
v -0.0122234256835144 -0.0598042965631209 -0.1324734430477417
v -0.0117655052233659 -0.0644924591115430 -0.1529892259268200
v -0.0114040817280879 -0.0659098476830619 -0.1464987872548636
v -0.0113495890007764 -0.0625576509535884 -0.1463560223609985
v -0.0116719240732832 -0.0711256626773644 -0.1533000627862948
v -0.0112093548140859 -0.0725100970402417 -0.1467408548976405
v -0.0115565568353507 -0.0677680744413017 -0.1398047917014811
v -0.0113484611856226 -0.0692357195563836 -0.1466550309152014
v -0.0122572051227565 -0.0700793252914611 -0.1329105401890741
v -0.0135925382649114 -0.0657658449432963 -0.1258405145587870
v -0.0123024552673438 -0.0666392965184209 -0.1328370946656406
v -0.0176768795830385 -0.0567326067177897 -0.1116762565339352
v -0.0207239060364931 -0.0596377100125916 -0.1053728701313973
v -0.0205805084658344 -0.0555565100722833 -0.1051376794102902
v -0.0154040019557965 -0.0613667606741859 -0.1187171240163423
v -0.0153146844971492 -0.0577636305745187 -0.1184723056048975
v -0.0154288689045545 -0.0687960091848166 -0.1189770716554607
v -0.0178302349362750 -0.0644511700738375 -0.1121130785984009
v -0.0154330225652431 -0.0650642889022301 -0.1189028009014269
v -0.0208061815273506 -0.0680983317275721 -0.1056369439235176
v -0.0207904746382567 -0.0638430026290472 -0.1055590971702155
v -0.0178325180742694 -0.0723427952898588 -0.1120979493707273
v -0.0207275920665081 -0.0764806665662636 -0.1053329839857125
v -0.0207968839292530 -0.0723296741233128 -0.1055472688649434
v -0.0135426118135887 -0.0728619478605553 -0.1258253853311135
v -0.0153739360542562 -0.0761343447909725 -0.1186755874094567
v -0.0154186635527965 -0.0725016796881179 -0.1188865713662862
v -0.0133597132048587 -0.0796698802521630 -0.1253481269672294
v -0.0150666751940495 -0.0829931664029367 -0.1180695930719140
v -0.0176624930629053 -0.0799302405065816 -0.1115887820902954
v -0.0152661059224737 -0.0796471589029659 -0.1183886822373927
v -0.0202690114218792 -0.0843162861322061 -0.1047044333450929
v -0.0205632886539732 -0.0804949733141055 -0.1050375514307779
v -0.0113527248770578 -0.0744093377593201 -0.1398064421626818
v -0.0120879503266194 -0.0768050647152714 -0.1326349131685486
v -0.0121915442746532 -0.0734792753650098 -0.1328277420521697
v -0.0111608587624704 -0.0774302869258028 -0.1533440750849816
v -0.0107570184143332 -0.0788142261503199 -0.1465070395608673
v -0.0110134175618699 -0.0757077830936382 -0.1466742862958768
v -0.0103461636060927 -0.0833027654165111 -0.1529974782328237
v -0.0100483928977904 -0.0846950669777786 -0.1460820458016737
v -0.0109593374498586 -0.0807295588661057 -0.1393891505557585
v -0.0104365538645205 -0.0818148746440334 -0.1462922045279028
v -0.0116969285604746 -0.0830978881661244 -0.1321029145081729
v -0.0119289283899270 -0.0800226113184503 -0.1323779913749649
v -0.0102896903253403 -0.0865259786031459 -0.1389402251091539
v -0.0109438781299449 -0.0886853320074628 -0.1316823219788480
v -0.0128559374310159 -0.0858608427392430 -0.1247663393939644
v -0.0113744009341610 -0.0859967307114382 -0.1318556204049269
v -0.0092593624130843 -0.0887326452285511 -0.1527306536720355
v -0.0090545951934444 -0.0900365095771450 -0.1458856409187843
v -0.0095889595148744 -0.0874406091852292 -0.1459288279868706
v -0.0079318139462596 -0.0937101611331516 -0.1530139828448312
v -0.0077467147225953 -0.0947216187723457 -0.1463378672877902
v -0.0092571617981500 -0.0915959203349886 -0.1388466989744447
v -0.0084417239342319 -0.0924681890795859 -0.1460044741252384
v -0.0096886473713998 -0.0932950701411626 -0.1317409133514747
v -0.0118433519766680 -0.0911057333583653 -0.1244378976150148
v -0.0103878102437250 -0.0911293899689094 -0.1316286819898235
v -0.0170607624167978 -0.0867985797781368 -0.1109360246853980
v -0.0191504663584430 -0.0911541468869207 -0.1040973387000830
v -0.0198097430850833 -0.0878881592474997 -0.1043765417198768
v -0.0142788825552440 -0.0889972691744049 -0.1175125624166603
v -0.0147471183978973 -0.0861254666850968 -0.1177628823654410
v -0.0127823268614624 -0.0937712281975795 -0.1173579692175232
v -0.0157678461275023 -0.0925333822970156 -0.1104909503149286
v -0.0136334697026900 -0.0915615357266396 -0.1173626455242587
v -0.0170919011181187 -0.0965437279379757 -0.1038585719797076
v -0.0182561639568157 -0.0940581333696435 -0.1039102864306645
v -0.0135243192019470 -0.0967195020558557 -0.1106045570609137
v -0.0138864303893919 -0.1001389825869467 -0.1042450549775503
v -0.0156226055418361 -0.0985545398342249 -0.1039853824152987
v -0.0101339968187360 -0.0950759177767738 -0.1247212267878105
v -0.0104066255014136 -0.0970245623011280 -0.1178652109598876
v -0.0116969560681613 -0.0955798585967366 -0.1175419956414071
v -0.0077327683254489 -0.0977183061591774 -0.1255794666122015
v -0.0073281577620846 -0.0989729317486155 -0.1187281270910140
v -0.0103354356082878 -0.0993269556761768 -0.1112617156956797
v -0.0089405758321591 -0.0981430248415042 -0.1182772761063420
v -0.0097659714786551 -0.1022224147760290 -0.1049792351350181
v -0.0119215288222103 -0.1013454697246962 -0.1045913767528414
v -0.0077750476398749 -0.0957363773339412 -0.1394964305338073
v -0.0078286051058393 -0.0967035475975818 -0.1325408368801057
v -0.0088288946242416 -0.0951479879158732 -0.1320649539005556
v -0.0063950145068663 -0.0982241725172078 -0.1543150964247572
v -0.0061101449036165 -0.0986296358188591 -0.1477250799270221
v -0.0069659365438930 -0.0967816694277507 -0.1469386351648639
v -0.0046888502405891 -0.1021049569539088 -0.1564744498290742
v -0.0042163507065005 -0.1016122942854844 -0.1495287589425771
v -0.0058616679698433 -0.0988452960824240 -0.1408077219578046
v -0.0051900402918841 -0.1002462625649955 -0.1486160538985613
v -0.0054867382004059 -0.0989850351307544 -0.1337099135639715
v -0.0067078594274688 -0.0979774285676954 -0.1331091456868979
v -0.0036402297166915 -0.1009202008886358 -0.1422315198203198
v -0.0028236640376195 -0.1002613917926691 -0.1347700598085877
v -0.0048373367332834 -0.0992565359982780 -0.1265821217916582
v -0.0041853220359264 -0.0997412214375655 -0.1342834488312328
v -0.0028617071682968 -0.1050224222031044 -0.1587053232187570
v -0.0021510488337085 -0.1035166514342852 -0.1511021986206271
v -0.0031997766375842 -0.1027087506765172 -0.1503842479983001
v -0.0009619630585522 -0.1066462009477774 -0.1602154952174449
v -0.0012339453105927 -0.1019586160607755 -0.1432182205415026
v -0.0010808842896037 -0.1040164661012462 -0.1515973369808526
v -0.0016453942848655 -0.0999142447867776 -0.1272989721065180
v -0.0014218723244477 -0.1005615006543391 -0.1351097797390758
v -0.0064713483374010 -0.1007105923161404 -0.1120808946049862
v -0.0050354746004337 -0.1031818828873994 -0.1056947100655439
v -0.0074579115201504 -0.1028185063463672 -0.1053621421335924
v -0.0037812066109223 -0.0999167204785787 -0.1195462056928533
v -0.0055985844544435 -0.0995514183994790 -0.1191676999241476
v -0.0022021333586404 -0.1012249860570413 -0.1126813874051931
v -0.0019052401455432 -0.1001056982860648 -0.1198133053305083
v -0.0025368056286228 -0.1033612330045477 -0.1059307260172515
v -0.0008029906356958 -0.0274950331433240 -0.1774490609219614
v -0.0017142680307728 -0.0313196743915128 -0.1678956413382765
v -0.0008515004411545 -0.0306707130473772 -0.1685585765872451
v -0.0008416416862487 -0.0192515295993024 -0.1964321154992749
v -0.0016103412397302 -0.0246719192594381 -0.1856766100077091
v -0.0007980722613175 -0.0237135514555349 -0.1867053974895110
v -0.0025749367838976 -0.0221923763821753 -0.1933567561285407
v -0.0033342617177588 -0.0282360902224615 -0.1824719645095827
v -0.0024639707758337 -0.0295786303785264 -0.1754520028690517
v -0.0024510064031018 -0.0261974955626663 -0.1842049487703721
v -0.0035186457415694 -0.0339065797698844 -0.1659508478900573
v -0.0025995671665501 -0.0323989109706844 -0.1669823861405272
v -0.0010938376592609 -0.0079865817504379 -0.2176983080709616
v -0.0018857509495310 -0.0153924762350779 -0.2052180706246102
v -0.0009385952787182 -0.0140341466668592 -0.2067282426232981
v -0.0015987687559442 0.0068981025885421 -0.2420701184687296
v -0.0026204730084263 -0.0029059120207903 -0.2273562568640274
v -0.0013122596945684 -0.0010342890191378 -0.2294440902829785
v -0.0047495046897167 0.0014048175587066 -0.2360871966160044
v -0.0052085529650192 -0.0094450392981689 -0.2204820859628963
v -0.0032930001877400 -0.0120508424572892 -0.2132805735902827
v -0.0039205880593258 -0.0057727631264962 -0.2242698944186216
v -0.0038399630296691 -0.0202418063197535 -0.2003409577763887
v -0.0028500164014582 -0.0175003902653048 -0.2030119541529386
v -0.0055266243460907 -0.0189679253496399 -0.2065466918912154
v -0.0059351134932768 -0.0271533876747684 -0.1945478389617499
v -0.0044582808108441 -0.0273979310093464 -0.1888509970504883
v -0.0048641567277956 -0.0234992665763039 -0.1974388968317334
v -0.0077598633968280 -0.0077260839575859 -0.2267951000557719
v -0.0077318330641019 -0.0184485802251367 -0.2119904630850283
v -0.0064803158432585 -0.0137334876514556 -0.2162899145129867
v -0.0105362142133592 -0.0186386583400899 -0.2168703267019178
v -0.0101579009984603 -0.0284000360350696 -0.2042580523595063
v -0.0078216456611094 -0.0275233660606036 -0.1996065025420541
v -0.0089590334899208 -0.0234005139811256 -0.2078808146951564
v -0.0082673802160591 -0.0351691825884596 -0.1897725045542414
v -0.0066313330431272 -0.0341571197801586 -0.1846615763692467
v -0.0070653493235516 -0.0310832733321918 -0.1919098518092150
v -0.0042899337683674 -0.0335378117222631 -0.1727342434251471
v -0.0055426338197380 -0.0382449545744939 -0.1641931067112566
v -0.0044828176673619 -0.0358408927894789 -0.1649468173262666
v -0.0053051874683232 -0.0336193445055803 -0.1789977436820002
v -0.0042743094023336 -0.0307337606652459 -0.1806592079574236
v -0.0077754602551751 -0.0402686125604224 -0.1770859594577960
v -0.0065135176210802 -0.0391362311305866 -0.1708884776489731
v -0.0064608954164629 -0.0368214042811588 -0.1777296393260892
v -0.0081762197424043 -0.0444468926285589 -0.1647432604448406
v -0.0067487358498740 -0.0411618146545825 -0.1639125283071289
v -0.0095144136839738 -0.0459217447575507 -0.1722281019902499
v -0.0117756830674372 -0.0516869432702101 -0.1711085391424066
v -0.0104452462935111 -0.0503321621935730 -0.1633403684242016
v -0.0099001814819629 -0.0479556356029238 -0.1673207306866813
v -0.0092734738563507 -0.0417243468471721 -0.1826535152416654
v -0.0108785198663952 -0.0476850149813739 -0.1785576206951330
v -0.0092829365005684 -0.0438896694194984 -0.1773060209512296
v -0.0121169709360659 -0.0497033364760865 -0.1846120625332242
v -0.0139151484142850 -0.0558005885269565 -0.1848458778699973
v -0.0130040113084100 -0.0535855155525022 -0.1779854608122058
v -0.0124575160971544 -0.0516551718920956 -0.1810140571155853
v -0.0154226246596783 -0.0598690771652504 -0.1810030540409136
v -0.0143201165775761 -0.0579630310444875 -0.1737602801382812
v -0.0136577589900278 -0.0556396905660326 -0.1755565320784327
v -0.0102090102803102 -0.0364986565933518 -0.1945863497231008
v -0.0108498568568754 -0.0434340320973442 -0.1879542464647465
v -0.0095537771836117 -0.0392908243297236 -0.1883723633022703
v -0.0129850310046013 -0.0294770169839335 -0.2089866236996601
v -0.0124090750609123 -0.0379397567907882 -0.1996065025420541
v -0.0113243644520916 -0.0332575083950021 -0.2014165083255453
v -0.0149000611358336 -0.0391445659596504 -0.2054738921107267
v -0.0141357325537655 -0.0466459946401273 -0.2000796347529363
v -0.0124596066813420 -0.0451909205378578 -0.1935383068606234
v -0.0133626565273334 -0.0424136344599794 -0.1990783549578135
v -0.0131726884431268 -0.0517286724309024 -0.1910075996861373
v -0.0120810458972629 -0.0475846944480548 -0.1887519693784432
v -0.0140844582257955 -0.0534117274896004 -0.1984539304701958
v -0.0146396183583550 -0.0599438980730178 -0.2008718561292972
v -0.0144471745823474 -0.0580473613595399 -0.1922564486613728
v -0.0140501561405065 -0.0558518270949338 -0.1949604542619378
v -0.0159626005491910 -0.0473041435516137 -0.2083126853760198
v -0.0149430281424266 -0.0542534296927598 -0.2076745070450624
v -0.0146789818579929 -0.0506036355534100 -0.2028634126448710
v -0.0158538626637481 -0.0536186017980399 -0.2194753046304377
v -0.0144360064615556 -0.0604967475598963 -0.2243909282400101
v -0.0145953034751148 -0.0609767016770749 -0.2113440324480673
v -0.0148784676017905 -0.0575621835326609 -0.2147687394396272
v -0.0146590938005239 -0.0679938300258779 -0.2196458522878487
v -0.0155570822321663 -0.0667486120652840 -0.2075782301416853
v -0.0148672169579387 -0.0639946525057096 -0.2090113806176714
v -0.0160219896447313 -0.0622058001332747 -0.1887629724531149
v -0.0181023134652189 -0.0693743032818733 -0.1962368109238526
v -0.0177936497129917 -0.0669262016904849 -0.1871702773943895
v -0.0169465229940191 -0.0644303467550214 -0.1877781972699996
v -0.0160511753002980 -0.0646386074508696 -0.1974554014437409
v -0.0151466675469126 -0.0601217352673988 -0.1902236306157802
v -0.0164755088750113 -0.0743391656506015 -0.2187133417094239
v -0.0176420823593893 -0.0719946304995602 -0.2066347164885888
v -0.0165277459720151 -0.0693710848825319 -0.2068492764446866
v -0.0188013387991107 -0.0806135039360061 -0.2196348492131771
v -0.0197532147889576 -0.0777750407629532 -0.2069648087287392
v -0.0187629655761932 -0.0747517534431028 -0.2067364949293019
v -0.0122035101183587 -0.0766501414238941 -0.1597726214619098
v -0.0127350686557475 -0.0823912982183959 -0.1660333709500949
v -0.0112684963404461 -0.0824833114303378 -0.1595883199611592
v -0.0117822574045535 -0.0796324973059659 -0.1597286091632231
v -0.0145878763997114 -0.0830883429988468 -0.1725581942304003
v -0.0150645571021752 -0.0898860425310098 -0.1792178051754338
v -0.0130414492699804 -0.0882729917841417 -0.1722611112142650
v -0.0138766926683075 -0.0857835461396744 -0.1724619173270231
v -0.0129817025745132 -0.0942295062576549 -0.1785686237698047
v -0.0111097219729338 -0.0928477951557588 -0.1718925082127637
v -0.0113011479645343 -0.0876295869927153 -0.1657115310159483
v -0.0121098739529027 -0.0906100448444062 -0.1720410497208314
v -0.0100097996133795 -0.0878496484861488 -0.1592829846390201
v -0.0106738076621286 -0.0852174379478165 -0.1594177723037482
v -0.0171407272619743 -0.0924406813929067 -0.1869089543709371
v -0.0170085528274807 -0.1005293166609244 -0.1945423374244141
v -0.0150266515099313 -0.0967830448120847 -0.1859929484045198
v -0.0161560346019191 -0.0947755338382369 -0.1865100929140887
v -0.0186403088012907 -0.1053225310647744 -0.2046321568983433
v -0.0174263945881377 -0.1149359174054200 -0.2136381735171122
v -0.0161689907223450 -0.1086124503916063 -0.2022582435379287
v -0.0174795394388019 -0.1072235872911737 -0.2035153448191679
v -0.0146751307818579 -0.1165005546237327 -0.2098998788974094
v -0.0133404303164966 -0.1103960487958854 -0.1997000286767634
v -0.0144354838155087 -0.1036671184804204 -0.1928616177683151
v -0.0147691245472407 -0.1096247332614007 -0.2009571299580027
v -0.0125165751004546 -0.1001978490364401 -0.1849944193780650
v -0.0137982682535851 -0.0985586659872268 -0.1854537977456076
v -0.0116991291754090 -0.1060924712149251 -0.1914532242103403
v -0.0099540965478541 -0.1034866680558049 -0.1847798594219673
v -0.0106446495142486 -0.0981281706906974 -0.1782302792236506
v -0.0112271797950540 -0.1017965957862350 -0.1847083394366014
v -0.0118426917921877 -0.1167525250337141 -0.2062110981137292
v -0.0106198650885507 -0.1117585045171060 -0.1977662383032159
v -0.0119433424177469 -0.1110622849672555 -0.1985804658289201
v -0.0094020447838893 -0.1166774290490799 -0.2032182618030326
v -0.0083231382969579 -0.1141373692611229 -0.1982201151334226
v -0.0091228967794688 -0.1088878023352651 -0.1915109903523666
v -0.0094120300741538 -0.1126197701870316 -0.1974168906823901
v -0.0075525104546402 -0.1076672862773091 -0.1867081482581789
v -0.0083013247014213 -0.1022488221552410 -0.1791215282720566
v -0.0087212295385792 -0.1053995525874762 -0.1853850285289096
v -0.0095871715152403 -0.0924800173848580 -0.1656097525752353
v -0.0085202033643276 -0.0928681508439014 -0.1594012676917407
v -0.0092880804379774 -0.0903949347345749 -0.1592554769523409
v -0.0090101427717708 -0.0972468244094959 -0.1721648343108878
v -0.0100686660628729 -0.0950401577840908 -0.1718980097500996
v -0.0069341101504052 -0.1019467877555034 -0.1738923170343413
v -0.0077446516460944 -0.0972157407235484 -0.1663662139589132
v -0.0079574786179313 -0.0995288620964021 -0.1727975111045093
v -0.0068924360050862 -0.0976577892484831 -0.1604795690095651
v -0.0077177766362088 -0.0952841509649353 -0.1597863753052494
v -0.0059208920192636 -0.1021176104897813 -0.1686328473412790
v -0.0052090481033794 -0.1022559741537776 -0.1628699869819873
v -0.0060557071916784 -0.1000041949222186 -0.1615468672527180
v -0.0061561102480574 -0.1073300420386222 -0.1823289245388509
v -0.0050373451231278 -0.1072447682099167 -0.1776113562733687
v -0.0059633913951830 -0.1045608432206275 -0.1755592828471006
v -0.0042596478053336 -0.1131039054725855 -0.1874646096418568
v -0.0032873060965974 -0.1123160853260933 -0.1821171153514211
v -0.0041764920685024 -0.1069441091945130 -0.1721318250868728
v -0.0041479941051027 -0.1098720273646467 -0.1798587342750590
v -0.0034916331932504 -0.1062088287295781 -0.1657940540759859
v -0.0043538891398965 -0.1043462832645297 -0.1643251436073168
v -0.0068816804995946 -0.1136427810546310 -0.1951667619120318
v -0.0054613210979143 -0.1134681072442180 -0.1917585595324794
v -0.0064718709834479 -0.1104213558676303 -0.1889280185731901
v -0.0079976123327962 -0.1194518543275437 -0.2056004274694510
v -0.0064194688403241 -0.1202184935552929 -0.2046486615103508
v -0.0073564906793642 -0.1168023139466035 -0.2008526007486217
v -0.0061106125342901 -0.1276164108107959 -0.2152858839491961
v -0.0043746299356526 -0.1277952107742107 -0.2133053305082939
v -0.0048863829386324 -0.1202817612346550 -0.2021097020298610
v -0.0054193443680418 -0.1239889721684103 -0.2089371098636376
v -0.0035782824062899 -0.1196639385918403 -0.1981238382300455
v -0.0045027882478910 -0.1166136112159842 -0.1949191927319190
v -0.0029336122612763 -0.1267854035962174 -0.2093304697831501
v -0.0017731647387217 -0.1246791400271914 -0.2035538555805188
v -0.0025087780466654 -0.1182948810258167 -0.1926910701109041
v -0.0026697310229627 -0.1224254352575648 -0.2010919176227307
v -0.0037837373180968 -0.1359660940253992 -0.2250511127203108
v -0.0022134252640222 -0.1342408119168800 -0.2206828920756544
v -0.0033038107086049 -0.1313178451303486 -0.2173407081441321
v -0.0012808101563881 -0.1415771119542217 -0.2315291729332616
v -0.0009781678367749 -0.1311101620959207 -0.2141938287880320
v -0.0011099764190356 -0.1362474976601274 -0.2229770331446994
v -0.0008284242427993 -0.1215779234309787 -0.1961927986251659
v -0.0008845866866923 -0.1262063667916203 -0.2052455783112894
v -0.0024856248267875 -0.1109318985323961 -0.1756665628251494
v -0.0017514914323871 -0.1089818786237079 -0.1682752474144494
v -0.0026236886569991 -0.1077762167165588 -0.1671501830292703
v -0.0016229452617666 -0.1161446051581039 -0.1859186776504860
v -0.0024473643853854 -0.1144509568892658 -0.1841966964643683
v -0.0008251618311592 -0.1133124137376138 -0.1780294731108925
v -0.0008088827821824 -0.1172660935440147 -0.1870987574090235
v -0.0008764554145099 -0.1097586956955284 -0.1690482134101348
v -0.0023734127205171 0.0254883474000766 -0.2699904204481141
v -0.0038969314487817 0.0133703861872902 -0.2529274024010085
v -0.0019582557100800 0.0158851389035024 -0.2556781710689282
v -0.0033015275706105 0.0447885656048012 -0.2996134482329406
v -0.0056105502981489 0.0320382026752601 -0.2812410642999054
v -0.0028269374523343 0.0352689804757317 -0.2847290389708275
v -0.0096530524248370 0.0358559945094657 -0.2899912594325577
v -0.0108745862672000 0.0210678621507298 -0.2696823343573070
v -0.0070022741979962 0.0182741814915906 -0.2622607604912598
v -0.0083075414386108 0.0271740184397778 -0.2760668684355485
v -0.0076373441603588 0.0047104162669456 -0.2438003519608511
v -0.0057965022601003 0.0095523192762178 -0.2488425109291478
v -0.0042446011007201 0.0612909769973847 -0.3287165807395305
v -0.0074696848100491 0.0497160175196456 -0.3100828737830428
v -0.0037798312265884 0.0536089053384855 -0.3143685713676616
v -0.0050642201330134 0.0714869761418957 -0.3550689445782006
v -0.0092085832234745 0.0629912271110258 -0.3372082036173984
v -0.0046785073503977 0.0673965831326992 -0.3423741471757515
v -0.0145108548770097 0.0601543593838003 -0.3410812859018292
v -0.0172297696437548 0.0485700472925903 -0.3203267363023756
v -0.0122535741081148 0.0509491871134740 -0.3170643246622228
v -0.0134418236495961 0.0565021638234034 -0.3296078297879364
v -0.0142193834289569 0.0367546706332751 -0.2960016889719622
v -0.0109795280918812 0.0439239990124741 -0.3037588566154956
v -0.0188218045180000 0.0349600691543243 -0.2992503467687752
v -0.0196539395477324 0.0203047989222488 -0.2786635940580646
v -0.0152501514641998 0.0216210417298484 -0.2750655886404257
v -0.0170992456704620 0.0287301282752199 -0.2874275430340566
v -0.0219120180395409 0.0428784318417978 -0.3196555487474032
v -0.0230359821172529 0.0309453222834956 -0.2998967774057363
v -0.0204240172363165 0.0398349813876115 -0.3101268860817295
v -0.0264084520118091 0.0252869911335849 -0.2979684885695247
v -0.0268377919854980 0.0152607144158846 -0.2832408731214829
v -0.0236729501099964 0.0177449335998828 -0.2809577351271096
v -0.0250770524688493 0.0225491510784045 -0.2905386623974738
v -0.0239272036579722 0.0040714127053879 -0.2630667357109602
v -0.0198394788943836 0.0055796591660082 -0.2591936534265294
v -0.0219183172997905 0.0119336597120358 -0.2703342665316040
v -0.0112771887694368 0.0065069432839639 -0.2501876368077605
v -0.0110646643821533 -0.0069258853520881 -0.2323516527649696
v -0.0093999266920150 -0.0008755696669988 -0.2381777808036234
v -0.0154705155421868 0.0066769407876413 -0.2552022880893780
v -0.0132683601773971 0.0141095177283602 -0.2625688465820669
v -0.0192266076351711 -0.0081034894188245 -0.2416492508625379
v -0.0149871779795467 -0.0071663025336642 -0.2371709994711648
v -0.0174627322422409 -0.0008532884407887 -0.2480695449334624
v -0.0140223458692738 -0.0193013185121918 -0.2215988980420717
v -0.0126119717578581 -0.0131610526916615 -0.2267015739210626
v -0.0179462348510012 -0.0201116949617609 -0.2266052970176854
v -0.0163403085949830 -0.0304079871319042 -0.2144193918188014
v -0.0152761462281116 -0.0250666545632845 -0.2174204804355017
v -0.0234173761930600 -0.0089069889467238 -0.2467546775101968
v -0.0219749006112896 -0.0205908788637125 -0.2325937204077465
v -0.0207438216016488 -0.0146968068389611 -0.2364227903934906
v -0.0257483225468817 -0.0200847374288153 -0.2405186849400230
v -0.0234207046231481 -0.0301128021461497 -0.2299722378672191
v -0.0199333626290196 -0.0308077563424129 -0.2211422704431970
v -0.0228803436260220 -0.0257436187324596 -0.2303766008614032
v -0.0177674073798997 -0.0396191560779265 -0.2129229736634531
v -0.0171817687304996 -0.0352753347513546 -0.2128349490660797
v -0.0274939053281701 0.0034153543780890 -0.2683867223147169
v -0.0271912382516389 -0.0087873305096693 -0.2536398514859997
v -0.0257154233536134 -0.0028275151137546 -0.2574909276210872
v -0.0288343824077341 0.0166435258252478 -0.2903241024413760
v -0.0301899612072849 0.0051362352567396 -0.2773597297094707
v -0.0286088193769647 0.0096939838626156 -0.2792027447169769
v -0.0315609443113760 0.0095429666627468 -0.2909182684736467
v -0.0320013423751099 -0.0029452480127416 -0.2771149112980258
v -0.0302114172028946 -0.0068821481302682 -0.2635618740711858
v -0.0313815941942277 0.0008744693595317 -0.2766527821618154
v -0.0288385085607359 -0.0179897520113277 -0.2512494335135775
v -0.0282627726785404 -0.0138330654772343 -0.2515492672983807
v -0.0307307623273979 -0.0140740328125441 -0.2651380645179038
v -0.0282790022136811 -0.0235383274913884 -0.2565034016693040
v -0.0263648523284225 -0.0278066952333993 -0.2416272447131946
v -0.0288264051785971 -0.0212815968762271 -0.2527816116616087
v -0.0320247239087873 0.0024190259665685 -0.2937900709629547
v -0.0311227468625764 -0.0086374136172677 -0.2817224488167913
v -0.0318671048641155 -0.0061760258132132 -0.2787818771107852
v -0.0300708529239639 -0.0029914609263626 -0.2986149192064858
v -0.0284135148015424 -0.0098964404365745 -0.2930693695719598
v -0.0289059023931000 -0.0173711041379125 -0.2742816195700686
v -0.0299124086486918 -0.0101473105390888 -0.2860163987074139
v -0.0257865857390525 -0.0242628799585184 -0.2719627215830124
v -0.0250875053897874 -0.0315343718860439 -0.2518821103071990
v -0.0272482341784382 -0.0245888460456669 -0.2627779050008287
v -0.0206925197659921 -0.0388455574054475 -0.2226882024345678
v -0.0180389082474234 -0.0465378069084180 -0.2190874462482610
v -0.0180641603037949 -0.0433898272448507 -0.2149227824850307
v -0.0232769769602493 -0.0362925965124379 -0.2355040336584054
v -0.0235564550569100 -0.0336562048057304 -0.2315924406126237
v -0.0214295057075011 -0.0385191511953121 -0.2513044488869359
v -0.0199965202776351 -0.0437772179963539 -0.2332043910520246
v -0.0225715423353613 -0.0379406645444486 -0.2419848446400241
v -0.0168900772209534 -0.0507670587199711 -0.2348933630141273
v -0.0176585869713968 -0.0490134161864856 -0.2256617833645890
v -0.0176470062353049 -0.0451156319994168 -0.2547319066471637
v -0.0141419767986417 -0.0521097364144693 -0.2610119115160243
v -0.0142550884062665 -0.0577507129648541 -0.2409478048522185
v -0.0157003422643915 -0.0517491106421051 -0.2470297543769887
v -0.0220248820779857 -0.0303390803767728 -0.2737369673738206
v -0.0178455842254420 -0.0365100997910104 -0.2781684556978391
v -0.0198401665865505 -0.0379467987585781 -0.2637379232659327
v -0.0173090467967643 -0.0251670576196636 -0.3039184011982348
v -0.0128088992867945 -0.0321900175980426 -0.3085974587023662
v -0.0137499647557764 -0.0434917707316838 -0.2839368175944666
v -0.0154878178771080 -0.0344956568801194 -0.2934929879468194
v -0.0101300907272276 -0.0515673123408422 -0.2902690870680176
v -0.0112130958594742 -0.0598613750129802 -0.2695475466925790
v -0.0122676580436946 -0.0519991004986456 -0.2757780377254169
v -0.0255552185863937 -0.0144998518023380 -0.2949013815047943
v -0.0217051602357134 -0.0193835664953625 -0.2990330360440095
v -0.0239462114694675 -0.0223890563419315 -0.2844209528800205
v -0.0279318552077896 -0.0007036466252538 -0.3108228305547132
v -0.0248001876024232 -0.0025587650148989 -0.3183351797868017
v -0.0268029947618488 -0.0070747019370225 -0.3042925057370719
v -0.0234167710239530 0.0111557423327481 -0.3405641413922603
v -0.0187586193616979 0.0083934204364232 -0.3495701580110293
v -0.0206561546042022 -0.0062568984120500 -0.3249397753584768
v -0.0221242398422709 0.0027741502015970 -0.3338495150738685
v -0.0159331123090709 -0.0116415280795027 -0.3302460081188938
v -0.0190414533961334 -0.0156623266414009 -0.3146821589958044
v -0.0135761986990240 0.0032071211899275 -0.3551349630262307
v -0.0084331690436746 -0.0043852754103975 -0.3564993442855188
v -0.0110954454835473 -0.0188402896834484 -0.3334313982363447
v -0.0123581308251825 -0.0077368119553908 -0.3446077713341022
v -0.0156273918793183 0.0237193280697375 -0.3711636920541984
v -0.0100854732594339 0.0183313974798833 -0.3764864294266229
v -0.0146868490563832 0.0137670470292042 -0.3642427580857126
v -0.0054720215880325 0.0324233102887688 -0.3919622539523389
v -0.0047224921413978 0.0099643844226721 -0.3755649219228699
v -0.0051310087962705 0.0215214639040697 -0.3849340400058042
v -0.0038168290651719 -0.0142233995512121 -0.3529866126965855
v -0.0042749145714406 -0.0020248408164557 -0.3646498718485647
v -0.0087158930473634 -0.0406545178968448 -0.3121376979779787
v -0.0052756717205164 -0.0503409646533103 -0.3141870206355789
v -0.0071401977390057 -0.0606095290752810 -0.2969452026250585
v -0.0077818695461713 -0.0509645639103277 -0.3034260136066773
v -0.0066835426324444 -0.0278556589156883 -0.3336789674164575
v -0.0098508877074337 -0.0298797020092302 -0.3223733081913077
v -0.0029829610511787 -0.0383571859361450 -0.3306091095830592
v -0.0033766785706181 -0.0264084795194957 -0.3413756181492966
v -0.0024487947850928 -0.0606541190353880 -0.3148114451231966
v -0.0026641634671789 -0.0498466790313718 -0.3214903114489056
v -0.0056353897392203 0.0725039353184255 -0.3764919309639588
v -0.0105874060182692 0.0684165681547638 -0.3603366665772667
v -0.0053844646213326 0.0731239585761746 -0.3665203945427501
v -0.0059140976206539 0.0652817921808025 -0.3910462479859216
v -0.0114399242438309 0.0650801608374440 -0.3775207184457607
v -0.0058132269336013 0.0698241364821382 -0.3847469877363856
v -0.0169890223699385 0.0537258130068721 -0.3719586641992272
v -0.0213878040544955 0.0493380619046735 -0.3534019787654413
v -0.0161639843233694 0.0606948854270465 -0.3597865128436828
v -0.0166936173226906 0.0580359924326354 -0.3667542098795232
v -0.0197226812567437 0.0529825553128002 -0.3399287138299709
v -0.0154273284741005 0.0614763788056025 -0.3511848592190981
v -0.0058698102451004 0.0513964620988778 -0.3968338652632246
v -0.0116735470267973 0.0546041334425388 -0.3871346549401399
v -0.0059342332473030 0.0590735823741747 -0.3951531456071256
v -0.0112300130867819 0.0385324924233516 -0.3874207348816035
v -0.0057170050455974 0.0424473863915348 -0.3958490900801093
v -0.0208279676152005 0.0259911879125723 -0.3602981558159158
v -0.0168025752696269 0.0409793011534661 -0.3764121586725891
v -0.0163349996114539 0.0328392265113583 -0.3751330512420065
v -0.0217875457573176 0.0398600133824896 -0.3606612572800812
v -0.0170229668553006 0.0479907354111264 -0.3752650881380666
v -0.0253146913740708 0.0251654071584628 -0.3453697342551160
v -0.0288750937840193 0.0213253340980470 -0.3273879594729253
v -0.0258040806277804 0.0356538130123737 -0.3419670334128993
v -0.0257723917727260 0.0308385924591803 -0.3444482267513628
v -0.0273090261659993 0.0111422635662753 -0.3280233870352147
v -0.0245048925859220 0.0186119758840111 -0.3442391683326010
v -0.0302928399554651 0.0078993823836648 -0.3118846272605301
v -0.0291837300285599 0.0040229991768325 -0.3127153593982419
v -0.0311274231693119 0.0154928792914570 -0.3082756187682196
v -0.0309934607351842 0.0117193748328048 -0.3102451691344500
v -0.0244659141938976 0.0424097008607843 -0.3336294535804349
v -0.0260583616834429 0.0340322348826350 -0.3145528728684122
v -0.0232919686494895 0.0436139873835995 -0.3274319717716119
v -0.0284236926456137 0.0294288235168715 -0.3225246004680433
v -0.0253359548158739 0.0396336251211198 -0.3384157910626150
v -0.0294125939817308 0.0225065141640517 -0.3044988133871659
v -0.0305368331363095 0.0192297985268258 -0.3064491083727209
v -0.0279450588973956 0.0248991327514082 -0.3021469061760946
v -0.0023905445077809 -0.0796870450486508 -0.3105422521505853
v -0.0046772419968105 -0.0701270511278495 -0.3041137057736572
v -0.0023653309621707 -0.0705565836553452 -0.3113729842882971
v -0.0026740772374580 -0.0961635717080692 -0.3142007744789185
v -0.0049387025586962 -0.0868915557591124 -0.3041164565423251
v -0.0025012051805226 -0.0881783653419653 -0.3116948242224437
v -0.0077385724473383 -0.0918839258145198 -0.2948436153627680
v -0.0093678527293471 -0.0822869615628217 -0.2791257231942751
v -0.0069409870720750 -0.0774382366472531 -0.2922386374342480
v -0.0072488255937018 -0.0848914718606681 -0.2929043234518846
v -0.0089272070964330 -0.0683263979578293 -0.2802755444974655
v -0.0068823406840749 -0.0693891574326801 -0.2934022125807780
v -0.0031135400398449 -0.1111470086422275 -0.3207503546772352
v -0.0056931558812466 -0.1017041699589929 -0.3094034339220666
v -0.0028859414402612 -0.1037754987659364 -0.3174274261263882
v -0.0035231019868114 -0.1257007755104567 -0.3251653383892462
v -0.0065737044395343 -0.1156351628008052 -0.3151855496620337
v -0.0033336840563385 -0.1184109634636029 -0.3235396341065057
v -0.0101708296111995 -0.1179386564833211 -0.3042787518937323
v -0.0123980444785540 -0.1061584896629552 -0.2874467984147320
v -0.0089946559441704 -0.1050246228180387 -0.3003341496239356
v -0.0096263699687581 -0.1114427162740288 -0.3027768322010482
v -0.0107566057990330 -0.0945353917335275 -0.2828420116646346
v -0.0083429438313669 -0.0985498635274895 -0.2975063594333142
v -0.0138377692916564 -0.0949870679487999 -0.2685050053674374
v -0.0145606162822124 -0.0848188515678350 -0.2496594892235199
v -0.0119521173697975 -0.0846626079074971 -0.2648272276584288
v -0.0128554147849690 -0.0898841169929422 -0.2665244519265352
v -0.0156231006801963 -0.1053841482829358 -0.2715721124321678
v -0.0167237107319177 -0.0936169100753092 -0.2525698024741789
v -0.0147950642957792 -0.1001081739778659 -0.2703315157629361
v -0.0190828799722723 -0.0910064306094534 -0.2361119535340157
v -0.0169508967162011 -0.0832413132444698 -0.2342689385265095
v -0.0180903476215135 -0.0870103889655666 -0.2352922244709756
v -0.0147473934747641 -0.0758382245438710 -0.2328412895878592
v -0.0157935658145473 -0.0795627653202342 -0.2333529325600923
v -0.0107994627748792 -0.0733184104133099 -0.2640157509013925
v -0.0123225358786196 -0.0651602907287405 -0.2509303443480988
v -0.0107583937986671 -0.0669222680912898 -0.2657707413115253
v -0.0127778431085336 -0.0756982379263606 -0.2481273110754887
v -0.0112320761632829 -0.0791863501357161 -0.2638452032439815
v -0.0135046787136580 -0.0677053019002998 -0.2342551846831699
v -0.0139414182550637 -0.0719312252817647 -0.2330393449319495
v -0.0135662134087594 -0.0630239337504874 -0.2367886426263240
v -0.0129593938406163 -0.0568398371820025 -0.1667375677290823
v -0.0118471205297430 -0.0567928210439305 -0.1598826522086265
v -0.0111546420252809 -0.0533920897520801 -0.1610379750491528
v -0.0167771031517620 -0.0650155177737479 -0.1791627898020753
v -0.0153491516285582 -0.0637484862176174 -0.1720080404968164
v -0.0148924415066235 -0.0607008545950559 -0.1726187111410945
v -0.0174739828860927 -0.0713702060119425 -0.1787804329572345
v -0.0158136189181364 -0.0703545121889998 -0.1718402436080733
v -0.0138843398052043 -0.0632789850213769 -0.1654364541491564
v -0.0156647198101419 -0.0670012701674324 -0.1717907297720507
v -0.0126441282435861 -0.0635812944979813 -0.1592059631163183
v -0.0123415161824282 -0.0601916598069373 -0.1593407507810464
v -0.0197200405188225 -0.0751952323677448 -0.1960415063484303
v -0.0188739040765704 -0.0730170361980526 -0.1867384067135260
v -0.0184367244121779 -0.0698241914975116 -0.1868456866915749
v -0.0205526431792284 -0.0878977869378375 -0.2204600798135529
v -0.0209377507927371 -0.0848867955539326 -0.2071958732968444
v -0.0204757591949600 -0.0811969694781585 -0.2071243533114785
v -0.0212219602115066 -0.0961454166348609 -0.2202345167827835
v -0.0211087935885084 -0.0925463109097548 -0.2069923164154184
v -0.0203838009983915 -0.0821546495898948 -0.1961212786398000
v -0.0211463415808255 -0.0887133898478756 -0.2071601133041615
v -0.0191232062409440 -0.0798581703674821 -0.1868924497589295
v -0.0191033456911616 -0.0763974558140590 -0.1867769174748769
v -0.0201258064050273 -0.0893149829555497 -0.1961212786398000
v -0.0185337715307821 -0.0865996992034462 -0.1871070097150273
v -0.0174221584043891 -0.0781123675247002 -0.1790885190480415
v -0.0189315601878500 -0.0832918998802728 -0.1870244866549897
v -0.0208781141280166 -0.1041834377593889 -0.2189939201135518
v -0.0203238067337442 -0.0997071119060833 -0.2061945935017217
v -0.0208322037989491 -0.0962546221509773 -0.2066787287872755
v -0.0195899841762032 -0.1108380973208201 -0.2167823021045443
v -0.0189852551922478 -0.0957468302548793 -0.1957031618022761
v -0.0195907818991169 -0.1027736688170801 -0.2055179044094134
v -0.0166018516799288 -0.0845033384016246 -0.1794241128255277
v -0.0179350667302094 -0.0896822105727169 -0.1870877543343518
v -0.0141564458418349 -0.0700045318913804 -0.1655189772091939
v -0.0127133650909576 -0.0702786459891386 -0.1594535322964311
v -0.0127613109888394 -0.0669544520847044 -0.1592747323330164
v -0.0155447862962207 -0.0769846624015998 -0.1722583604455971
v -0.0157702668039300 -0.0737035455345053 -0.1720217943401559
v -0.0137329925130954 -0.0764988766548452 -0.1659535986587252
v -0.0151472727160196 -0.0801341549879344 -0.1724619173270231
v -0.0125206737457698 -0.0735213621256290 -0.1596488368718534
v -0.0100210227495446 -0.1222658906748255 -0.2117649000542590
v -0.0080527377369014 -0.1259532960741717 -0.2149365363283703
v -0.0089063287622435 -0.1211430269045807 -0.2090251344610110
v -0.0126330151381677 -0.1239262546427817 -0.2171454035687098
v -0.0103248176412296 -0.1300739475387153 -0.2229522762266881
v -0.0112800770765381 -0.1232102295585223 -0.2144606533488202
v -0.0101940460987567 -0.1393330348749329 -0.2360376827799819
v -0.0075138896625426 -0.1435758204683321 -0.2391763098300782
v -0.0079595416944322 -0.1341934986957918 -0.2263632293749085
v -0.0090463153797539 -0.1369827781250623 -0.2313173637458317
v -0.0057217913830796 -0.1360675973892455 -0.2270041584745338
v -0.0069691549432345 -0.1310446938016242 -0.2210569966144915
v -0.0154075779550648 -0.1243584004005119 -0.2225314086204964
v -0.0129029205598639 -0.1327432934540646 -0.2302830747266940
v -0.0140292778063170 -0.1243644520915814 -0.2198576614752785
v -0.0178648671138041 -0.1223506143497974 -0.2275378075961102
v -0.0154033142636295 -0.1331121715324326 -0.2372672763745419
v -0.0167065459354298 -0.1237425032957647 -0.2251143803996730
v -0.0145643023122274 -0.1416544085537903 -0.2535738330379695
v -0.0113800675176170 -0.1514124853263684 -0.2609018807693075
v -0.0125185281462089 -0.1422862601168114 -0.2451042163094450
v -0.0136000478633748 -0.1425126483781812 -0.2494201723494109
v -0.0094937829189644 -0.1491521787119388 -0.2503746890771790
v -0.0113673039509978 -0.1411633963465666 -0.2406369679927435
v -0.0081150151395431 -0.1583276426806516 -0.2650747968385416
v -0.0050135234664637 -0.1619256480982905 -0.2658092520728761
v -0.0065713387784799 -0.1532194652643248 -0.2526523255342165
v -0.0073536573876363 -0.1562362332624323 -0.2589543365524204
v -0.0094600309874090 -0.1588788967217027 -0.2768398344312339
v -0.0060233856598303 -0.1655833451960232 -0.2791367262689469
v -0.0088267490246806 -0.1592799587934853 -0.2710302110045876
v -0.0032735797609444 -0.1696690618984843 -0.2914244099085439
v -0.0028056740105313 -0.1683987569276389 -0.2775302773668817
v -0.0030533532213908 -0.1697906458736063 -0.2845392359327410
v -0.0022662702809016 -0.1620255010009359 -0.2630474803302848
v -0.0025400900464123 -0.1657310614734905 -0.2703755280616227
v -0.0050566005038033 -0.1452452619728926 -0.2394156267041872
v -0.0029585342254076 -0.1444667944398713 -0.2367996457009956
v -0.0043767755352136 -0.1406726592162097 -0.2323956650636563
v -0.0039414939012020 -0.1542873136612112 -0.2517665780231464
v -0.0057968873677138 -0.1494918986424269 -0.2461550099405903
v -0.0017323460824584 -0.1524509004985080 -0.2477779634546629
v -0.0019938176474189 -0.1575194668460168 -0.2555213772548567
v -0.0014914722732834 -0.1470574683713180 -0.2397869804743563
v -0.0037422557265846 -0.1405164155558719 -0.3232508033963741
v -0.0072134232009457 -0.1297543082195031 -0.3166737155113782
v -0.0036586048513932 -0.1331487567557159 -0.3249975415005031
v -0.0037625013839805 -0.1540562490931059 -0.3158594879856740
v -0.0074453680150247 -0.1436671459881071 -0.3122532302620314
v -0.0037761727042600 -0.1475652602674160 -0.3201341824956211
v -0.0108623453466278 -0.1438266905708464 -0.2970579841404433
v -0.0140347793436528 -0.1304901388381716 -0.2859366264160442
v -0.0108020209897403 -0.1313470032782286 -0.3029748875451385
v -0.0109005810311119 -0.1378143354933745 -0.3005074480500145
v -0.0135967469409733 -0.1182423413442594 -0.2889542196447520
v -0.0105607510698771 -0.1246477812643771 -0.3042870041997361
v -0.0036006461555601 -0.1644104174360223 -0.3046858656565845
v -0.0073024105673529 -0.1555149817177037 -0.3034837797487036
v -0.0037032773345602 -0.1597508903894332 -0.3106385290539626
v -0.0068174500511987 -0.1634399462499802 -0.2919250498061052
v -0.0034567259388545 -0.1677960635124978 -0.2982105562123016
v -0.0128669129980009 -0.1487557929468916 -0.2707908941304786
v -0.0103992259336968 -0.1535974208792970 -0.2878924229389350
v -0.0099861705105220 -0.1569107217398062 -0.2825174209618200
v -0.0137716683205663 -0.1412214375654597 -0.2795108308077839
v -0.0106932555966108 -0.1491620814791434 -0.2927970434738357
v -0.0159895855898233 -0.1363140662618911 -0.2612484776214654
v -0.0185746204455007 -0.1226977613556888 -0.2488645170784911
v -0.0166868229240808 -0.1274461382302517 -0.2673689379075866
v -0.0164335046374521 -0.1322233981758278 -0.2645549015603048
v -0.0173804292436968 -0.1297606349874393 -0.2436022966167609
v -0.0153636481794381 -0.1395231129898861 -0.2575541953004493
v -0.0195662725502858 -0.1169032671567161 -0.2316997205906726
v -0.0188211993488931 -0.1200163120582008 -0.2297466748364496
v -0.0203857265364590 -0.1089931567752464 -0.2347090615133767
v -0.0200908716429447 -0.1131743251504842 -0.2333666864034319
v -0.0165875201751690 -0.1166147115234513 -0.2710934786839498
v -0.0183198717591647 -0.1031882096553356 -0.2539094268154558
v -0.0162177343431405 -0.1109514289899384 -0.2717894231569335
v -0.0189123048071746 -0.1133611023430360 -0.2524872794141413
v -0.0167410405745255 -0.1221778660774520 -0.2695833066852619
v -0.0202492609028435 -0.0999255229383161 -0.2362769996540909
v -0.0204416221557912 -0.1045223324592766 -0.2356910859278240
v -0.0197994277025786 -0.0953658487943725 -0.2364282919308264
v -0.1164449890966407 -0.1601299463118725 0.1382207340563729
v -0.1235334448770028 -0.1587661152063179 0.1498035882401889
v -0.1352602467852110 -0.1628003925346889 0.1386231715124895
v -0.1315874204598047 -0.1656633925642597 0.1244271008479932
v -0.1268530725054482 -0.1608798058507474 0.1384073462028046
v -0.1113786233640663 -0.1593938406163373 0.1591492972817592
v -0.1197794708758929 -0.1560439545325447 0.1673683189846362
v -0.1294068861367448 -0.1561168499022446 0.1589058542546483
v -0.1211875893570009 -0.1572812502793749 0.1592755575636167
v -0.1342735460640283 -0.1536532614832558 0.1644296728166977
v -0.1409474610061349 -0.1551262981049267 0.1577213732662421
v -0.1388180909802983 -0.1587479601331097 0.1497305553320556
v -0.1359685697172003 -0.1556525201510997 0.1580731965788690
v -0.1479943801796114 -0.1641876051739208 0.1389517783375592
v -0.1462597454576213 -0.1718793045231577 0.1249800961256111
v -0.1422628785831341 -0.1639639676812189 0.1387508071786810
v -0.1227027127392911 -0.1452980767313166 0.1935660896241694
v -0.1292066301777203 -0.1476370553296487 0.1823674353002017
v -0.1195709626108646 -0.1527466081303094 0.1814049413432966
v -0.1104392358639717 -0.1532282677240621 0.1925565575230428
v -0.1205738928671881 -0.1498448222625210 0.1880510735218573
v -0.1381425021954572 -0.1425792169799448 0.1785738502302738
v -0.1430641774960991 -0.1468627139496293 0.1696236742154636
v -0.1353138867742355 -0.1494943743342280 0.1733627940657667
v -0.1366246280444992 -0.1465829607761019 0.1763853386780768
v -0.1398311990806931 -0.1520490131961250 0.1649740499360790
v -0.1275308619052236 -0.1526522567649998 0.1725595696147342
v -0.1342928014447037 -0.1517260729545112 0.1694520262505854
v -0.1095650415813069 -0.1576418760517392 0.1757972243368756
v -0.1192733294409957 -0.1546726963515868 0.1746278725761430
v -0.1634278428678414 -0.1656939260964736 0.1263111518224874
v -0.1561374806672539 -0.1611892673258884 0.1398952644829690
v -0.1539184355828432 -0.1522214863916035 0.1519533964772281
v -0.1604894717767696 -0.1530885286757318 0.1404745763644328
v -0.1587397078271059 -0.1578148994009514 0.1403119234130987
v -0.1567489765421325 -0.1718322663789363 0.1255968509200290
v -0.1485162009959158 -0.1573689997998816 0.1504271324818329
v -0.1525873386244369 -0.1632881038195111 0.1393875826176177
v -0.1468624388727625 -0.1516152169771941 0.1603887936435238
v -0.1444183809113159 -0.1537762208427118 0.1587941730467308
v -0.1501889434228777 -0.1446362417898152 0.1623729230836942
v -0.1487610194073606 -0.1486564901979797 0.1616018826260763
v -0.0696313075985171 -0.1628245992989666 0.0438530291808417
v -0.0821343764248122 -0.1565330412017008 0.0573419734977193
v -0.0871735095475742 -0.1486911498831955 0.0450111027900359
v -0.0789338570796877 -0.1561413317433891 0.0444978093566021
v -0.0484454374719336 -0.1736122887839470 0.0424132768600526
v -0.0618221504271600 -0.1692779025939061 0.0555660772457103
v -0.0594179786113982 -0.1686713581026298 0.0431375542503158
v -0.0522544268464019 -0.1749472368184884 0.0668101192526987
v -0.0665171623895652 -0.1700632470485972 0.0803240955644543
v -0.0752767101356885 -0.1636492797456089 0.0691537741577662
v -0.0641724071770305 -0.1697163751195725 0.0680072537769773
v -0.0887381467658869 -0.1572212835224143 0.0826237381708351
v -0.0942319819494560 -0.1494286309630648 0.0707929572069795
v -0.0853640539178167 -0.1568515802134459 0.0701242453438083
v -0.0248300334424701 -0.1805004886052847 0.0411817577274249
v -0.0383407638471976 -0.1785182847031818 0.0537057323955963
v -0.0368655266105922 -0.1775786221262204 0.0417409889976130
v -0.0129881668808828 -0.1835164313727917 0.0524434046538880
v -0.0124909379364696 -0.1823091190044418 0.0407974753445166
v -0.0138583450412925 -0.1852463897880464 0.0756984029724806
v -0.0267380766212859 -0.1824595860505770 0.0647475929054925
v -0.0134453996488644 -0.1844929542499032 0.0640975862692631
v -0.0410202876066181 -0.1797643829097494 0.0775980838145459
v -0.0397252257177615 -0.1792365104023756 0.0656878056361875
v -0.0283348428176399 -0.1835675956700151 0.0880765869012522
v -0.0432921474494529 -0.1803555230964853 0.1008615269929491
v -0.0557864138160107 -0.1756764655923540 0.0908358829520424
v -0.0422262245906340 -0.1801327108343838 0.0893479921795647
v -0.0145340438568803 -0.1861164579177094 0.0984921248931498
v -0.0142226568436718 -0.1857849902932251 0.0871839624685123
v -0.0149806036424303 -0.1861890782105425 0.1203295971017901
v -0.0295267508814494 -0.1839397746707846 0.1106027965689662
v -0.0147881323587360 -0.1862484948137695 0.1095613280436052
v -0.0447970929876717 -0.1804190658527142 0.1228780742418710
v -0.0586571159978517 -0.1760346156729171 0.1137369673738205
v -0.0441663417321178 -0.1804462984625266 0.1120634822393183
v -0.0812200209195957 -0.1643906119016133 0.0937241900533580
v -0.0963597015140918 -0.1586907441448170 0.1060080501245067
v -0.1019957514377924 -0.1506268657948105 0.0948167953682557
v -0.0923708118687416 -0.1577667609492628 0.0946206655622330
v -0.0711202986784620 -0.1707006001489541 0.1040999794380042
v -0.0689048295933195 -0.1703947146730815 0.0923785140210117
v -0.0741788783603218 -0.1711932628173785 0.1262584305901980
v -0.0870098388118330 -0.1655811445810889 0.1165740826702262
v -0.0729498349194953 -0.1709701754784103 0.1154169718300658
v -0.1037958544540790 -0.1616637749211045 0.1272106311707478
v -0.1124225400735418 -0.1543522318017741 0.1147897140507200
v -0.1008019178359153 -0.1601954146061690 0.1166788869564739
v -0.0890756660814406 -0.1666478926705081 0.1377904038059636
v -0.1015751589084675 -0.1627786614622123 0.1488537203114695
v -0.1034390797578498 -0.1624785526005423 0.1381806828645680
v -0.0599574043471773 -0.1760827541246057 0.1348919738759499
v -0.0744352500001719 -0.1713973698525382 0.1464600839397059
v -0.0745931441217105 -0.1713594092449209 0.1365531905821933
v -0.0597453200828807 -0.1756244760645303 0.1547057055756018
v -0.0733731782174881 -0.1708045792046015 0.1657453654705637
v -0.0874758190241786 -0.1667895572569060 0.1574457462457165
v -0.0739478137922166 -0.1712361748085981 0.1561377557441208
v -0.0989677052881465 -0.1622485883399043 0.1674852266530228
v -0.1000468318365713 -0.1627027402469778 0.1584946143387943
v -0.0301671298273411 -0.1836746005711971 0.1317747202984034
v -0.0452319895140698 -0.1800075508599935 0.1433033568317747
v -0.0451329618420247 -0.1802873040335209 0.1332297668929862
v -0.0151724422493310 -0.1854945091218927 0.1409543929431780
v -0.0151071940165280 -0.1859459102602984 0.1307351222957365
v -0.0151375074872485 -0.1838671543779515 0.1615402654079149
v -0.0302642319613187 -0.1826920260030162 0.1520454647045434
v -0.0151810246475750 -0.1848098428004476 0.1511639258695352
v -0.0449497606487413 -0.1788315972544578 0.1633557727287419
v -0.0451516670689666 -0.1795368943409124 0.1532838332511541
v -0.0299792523273222 -0.1807334787114575 0.1728734323197439
v -0.0443338635439941 -0.1765556112586211 0.1845504453150627
v -0.0590468999180959 -0.1742075551236849 0.1746083421186008
v -0.0446837613185535 -0.1778484725325433 0.1737041644574556
v -0.0149127146717061 -0.1811075832502945 0.1834993766070507
v -0.0150465395674004 -0.1826414118595265 0.1722597358299310
v -0.0293955392159897 -0.1775511144395412 0.1957535008688991
v -0.0147406265838410 -0.1792414617859778 0.1954349618571540
v -0.0581047616493334 -0.1714925464484482 0.1963933296610572
v -0.0438788864063202 -0.1749211045161432 0.1961155020255973
v -0.0861678285225828 -0.1656559654888563 0.1760321399811160
v -0.0983493324915981 -0.1600012103382139 0.1852012771818925
v -0.0984508358554444 -0.1614145552797910 0.1762079140989960
v -0.0725418959260428 -0.1689037980550690 0.1855665792609922
v -0.0729539610724972 -0.1700318882857829 0.1754415499481136
v -0.0854754600488674 -0.1627984669966214 0.1960769912642464
v -0.0719876160394570 -0.1674057294385200 0.1964604484165544
v -0.0985163041497408 -0.1578093978636155 0.1950036413300242
v -0.1703765595998732 -0.1697570864958577 0.1095534883529016
v -0.1728360218658601 -0.1878230347992867 0.0910710736731496
v -0.1650851809902630 -0.1806319753476112 0.1093527647632035
v -0.1681861225096088 -0.1761157633486207 0.1095847921003425
v -0.1797214709185298 -0.1909836679987264 0.0717383963981435
v -0.1810974054062232 -0.2100643748637510 0.0524348772710174
v -0.1738540813498572 -0.2057640982051922 0.0713414604793627
v -0.1771992911269143 -0.1995583640903655 0.0717084130196632
v -0.1738527059655232 -0.2215326045171748 0.0509976006420294
v -0.1652791101813513 -0.2107550928762656 0.0702081437881798
v -0.1655332812062671 -0.1963215345988245 0.0904119895003160
v -0.1698321824804919 -0.2095227485130376 0.0707904815151784
v -0.1563303095508751 -0.1841160989423982 0.1085738846148821
v -0.1611182974942561 -0.1833007711092269 0.1089762120402520
v -0.1869367371344830 -0.2076293944389085 0.0346118218409657
v -0.1869609438987607 -0.2230854134302154 0.0176838665354550
v -0.1811397672437092 -0.2259728953009307 0.0331445618334973
v -0.1843518398172389 -0.2180836907613371 0.0341887536198396
v -0.1909762409233230 -0.2144449739674130 0.0052347127750511
v -0.1905993856158180 -0.2212880611825967 -0.0076974759634395
v -0.1864377476981224 -0.2326025228674838 0.0006596343265671
v -0.1889233422664546 -0.2245386445174774 0.0036337654103218
v -0.1856444260142944 -0.2338068093902990 -0.0154760996025827
v -0.1797101927669914 -0.2402964228316550 -0.0033210030127794
v -0.1805838368959226 -0.2368502598444853 0.0141125435738949
v -0.1833172757212344 -0.2381307426594019 -0.0018710728479189
v -0.1733625189889000 -0.2327879246757016 0.0309568755119009
v -0.1774328313868207 -0.2309798444302780 0.0319204697762731
v -0.1726894058958600 -0.2369880733547481 0.0128969788995412
v -0.1648659447274298 -0.2261681998763530 0.0307381894028012
v -0.1649281120993248 -0.2215469085142480 0.0498197214984262
v -0.1690608669460072 -0.2310805225635238 0.0306955524884485
v -0.1782382564527875 -0.2339404967475599 -0.0166333479811765
v -0.1718476706834766 -0.2328751240424747 -0.0016243288984066
v -0.1757650403434610 -0.2382732324764001 -0.0030533532213908
v -0.1706552124659335 -0.2216401595720904 -0.0108132716335921
v -0.1656468879522522 -0.2148933492602839 0.0012738809701136
v -0.1650692265319890 -0.2234551167391838 0.0142891429223754
v -0.1683250363273387 -0.2249160499787159 0.0004104146852536
v -0.1581488427172368 -0.2079710399074642 0.0301440233705306
v -0.1564997569008190 -0.2101235163901113 0.0489314982955550
v -0.1611158218024549 -0.2183615183967970 0.0306867500287111
v -0.1555397386357150 -0.1960657131127080 0.0895413712169194
v -0.1446425685577514 -0.1801071286857721 0.1078678723285738
v -0.1507657796125405 -0.1830721822329227 0.1082646156935479
v -0.1555039786430321 -0.2055074514884753 0.0691983366101865
v -0.1603409302687020 -0.2093830094647073 0.0697473900363033
v -0.1480802041620505 -0.1906524754511089 0.0669946958303161
v -0.1452062010578081 -0.1871017832545582 0.0880672342877813
v -0.1512551413585634 -0.1992301973882827 0.0683508247836005
v -0.1336788298780240 -0.1685371205916353 0.1049191308396240
v -0.1381777120344066 -0.1751584958521847 0.1072032040953444
v -0.1758805726275136 -0.2185763534297615 -0.0243176202550100
v -0.1723606890400436 -0.1987449617952617 -0.0253725400391572
v -0.1679468056354998 -0.2067827078429229 -0.0115851373218104
v -0.1718311660714691 -0.2125232869760044 -0.0192465782157001
v -0.1840613586459066 -0.2247606315489785 -0.0280113524222925
v -0.1813149912078557 -0.2068638555186265 -0.0351988358746997
v -0.1800600905415507 -0.2229932626798401 -0.0273200842560443
v -0.1863299175663400 -0.1878439406411629 -0.0412263201798453
v -0.1824650875879129 -0.1647853472054597 -0.0428704546126608
v -0.1774908726057138 -0.1847196175881398 -0.0365043506844944
v -0.1820885073572746 -0.1869837752787044 -0.0403540514352479
v -0.1730934938131774 -0.1621003219087034 -0.0319179940844720
v -0.1680879200681641 -0.1777145100984156 -0.0198602747055130
v -0.1727521234214886 -0.1814852637883999 -0.0296744671589167
v -0.1904062816553301 -0.2183307097877163 -0.0220523622569782
v -0.1890498776251789 -0.2067403460054369 -0.0339950995056181
v -0.1875768410035079 -0.2228653519367819 -0.0261479817266437
v -0.1932117906197413 -0.2063612900829976 -0.0076430107438147
v -0.1938609720253704 -0.1984057920185072 -0.0220245794934322
v -0.1923494246423485 -0.2121791658156476 -0.0160463339474425
v -0.1955705747524824 -0.1773181243333684 -0.0155855801955659
v -0.1950638831638516 -0.1618062647381028 -0.0285073160131184
v -0.1928976528378649 -0.1844918539424361 -0.0341098065590703
v -0.1948215404442079 -0.1811620484699193 -0.0262431583225538
v -0.1903630945872437 -0.1646766918430769 -0.0416449871711026
v -0.1899999931230783 -0.1868663174565843 -0.0391247329175546
v -0.1927422344081274 -0.1418645672800193 -0.0365544146742506
v -0.1892157489758544 -0.1191115842433220 -0.0392614461203503
v -0.1866074701249330 -0.1413941858378051 -0.0438046156522863
v -0.1900748140308458 -0.1416065451789685 -0.0416634173211777
v -0.1949219435005870 -0.1406291970712566 -0.0180095575457367
v -0.1931166140238313 -0.1223569411177336 -0.0268428258921602
v -0.1944207534492920 -0.1416962202375426 -0.0286214729128371
v -0.1916801626254437 -0.1073795558746447 -0.0149248455615316
v -0.1894171052423462 -0.0916121498701293 -0.0177908714366371
v -0.1900313518858926 -0.1016367761266289 -0.0299437674115061
v -0.1913751023801714 -0.1053131784513035 -0.0234285718215384
v -0.1861071053042385 -0.0816740077805492 -0.0275195149844685
v -0.1849795652272582 -0.0973403505442052 -0.0365703691325245
v -0.1878664969442399 -0.0986486161226678 -0.0345199461674572
v -0.1780734854095792 -0.1420439173971677 -0.0388279249782861
v -0.1737770598271554 -0.1225541712312234 -0.0298367625103240
v -0.1689610140433618 -0.1409254548567916 -0.0220350324143703
v -0.1734728248124836 -0.1419457149557229 -0.0318687553253162
v -0.1822188937921341 -0.1191864051510894 -0.0403444237449102
v -0.1825294555747422 -0.1417000713136777 -0.0428327690819103
v -0.1802229360466916 -0.0817075396506111 -0.0284275437217488
v -0.1776669218004606 -0.1017404801054095 -0.0318547264051098
v -0.1814709597913267 -0.0987028062654258 -0.0355082973498407
v -0.1733693959105698 -0.0917081516966397 -0.0202682136989655
v -0.1703119165361771 -0.1075448770715867 -0.0182285187317031
v -0.1738931422649417 -0.1054575938063693 -0.0261312020377694
v -0.1064544723716234 0.0178079262023782 0.0964928387176191
v -0.1145950971674647 0.0056817126835880 0.1080844953611725
v -0.1089067826390737 0.0185368798993769 0.1188435493443199
v -0.1078667170057333 0.0182067876592265 0.1077235119888814
v -0.1026105482350724 0.0167070685814767 0.0738185276648243
v -0.1109676585250791 0.0054231404288036 0.0856839683138957
v -0.1046945305778884 0.0173158136876873 0.0851814028782668
v -0.1137720671820232 -0.0071360440783171 0.0750893827894032
v -0.1208723512676574 -0.0207925102070710 0.0874078750380810
v -0.1185677572776743 -0.0075923966003250 0.0977031769315038
v -0.1163300069663217 -0.0073539049568164 0.0864684875379864
v -0.1255860684570045 -0.0219775413492108 0.1095778601632994
v -0.1219435005869453 -0.0078341891662351 0.1196351380438871
v -0.1204503833539985 -0.0077775233316760 0.1087674837137303
v -0.0975664637287082 0.0150428535373854 0.0510578424758568
v -0.1060399315333679 0.0048842648467581 0.0629018271293185
v -0.1002264570305865 0.0159572090426018 0.0624341964557721
v -0.0999346004749202 0.0037787309191212 0.0400366127309700
v -0.0946545000168485 0.0139400703784164 0.0397191740266921
v -0.1079668449852456 -0.0188152576885704 0.0410307405275562
v -0.1077938216360334 -0.0070246379472664 0.0520365659679027
v -0.1043652635683384 -0.0072048132950151 0.0404844378701073
v -0.1149326164830185 -0.0195134027764884 0.0644395068146855
v -0.1109280474562611 -0.0070141850263283 0.0635919949880995
v -0.1145464085620426 -0.0315164368743291 0.0535412364292547
v -0.1204217753598521 -0.0453890308973214 0.0663468898090210
v -0.1214585400707910 -0.0334506673708634 0.0770314254689545
v -0.1180960004511261 -0.0323900810032604 0.0653786192379133
v -0.1127658360032982 -0.0431355186815016 0.0422930682692645
v -0.1107602505675180 -0.0308573251938088 0.0416441619405023
v -0.1144966196491532 -0.0676193678871140 0.0435694249311792
v -0.1180236552351598 -0.0567114808144201 0.0552079271651472
v -0.1140042320575956 -0.0554546436069729 0.0429452755204282
v -0.1225767275343004 -0.0707352185726399 0.0681178346774277
v -0.1257786222637588 -0.0600958780419203 0.0789316564647534
v -0.1219140673621985 -0.0582556495630748 0.0672810508486465
v -0.1276318151153363 -0.0358339333447490 0.0994547563884883
v -0.1343365386665236 -0.0518341369016304 0.1104554103837391
v -0.1321144677365781 -0.0371283625568120 0.1210206727142316
v -0.1301559204450194 -0.0367251273777816 0.1103209528112512
v -0.1276675751080192 -0.0486118864840294 0.0892525405067879
v -0.1246849166413940 -0.0346705232443391 0.0883742200711211
v -0.1307410089406859 -0.0751819461550787 0.0902843538341245
v -0.1338554292265045 -0.0646091467184361 0.1001400278790404
v -0.1297196485342873 -0.0622408999414774 0.0899275791378953
v -0.1406839373677482 -0.0812422746381192 0.1071701948713294
v -0.1416797156255351 -0.0684324125822910 0.1192825445160332
v -0.1383036972393973 -0.0671190305741061 0.1094398540992298
v -0.1098040833785491 0.0171909287901638 0.1861335126834505
v -0.1169566320688737 0.0041630133020296 0.1972642230213205
v -0.1094398816069165 0.0158865142878363 0.1984946418464810
v -0.1100059897987744 0.0187126540172569 0.1629120737426064
v -0.1176833851509381 0.0057367280569464 0.1733977288278493
v -0.1099650033456224 0.0181248147529225 0.1743214369465367
v -0.1242161856603805 -0.0070130847188611 0.1621162763669773
v -0.1294308178241557 -0.0200432008219297 0.1733242833044159
v -0.1238027451295922 -0.0072933880461221 0.1845479696232616
v -0.1241300866010746 -0.0070361911756717 0.1731075227333838
v -0.1282655922164250 -0.0199865349873705 0.1964455942657476
v -0.1232011520219181 -0.0078289627057661 0.1966150416156915
v -0.1098888070535210 0.0189915819601840 0.1407619766748571
v -0.1176278196238461 0.0061977568856897 0.1512923867663270
v -0.1100106661055099 0.0189783782705780 0.1517585045171060
v -0.1167610524165847 0.0059840221601924 0.1298391144175351
v -0.1095507375842337 0.0188213093796398 0.1298233250053812
v -0.1284864789404589 -0.0220177025717624 0.1309374688389487
v -0.1237114196098172 -0.0074369781705875 0.1408262896463131
v -0.1230124492912988 -0.0076881233499686 0.1302802001734360
v -0.1295727574874204 -0.0209784621690224 0.1519040201796389
v -0.1240946016852584 -0.0071792311464035 0.1513971085295147
v -0.1340259768839155 -0.0360509414849612 0.1421233871039839
v -0.1381603821917987 -0.0489896220375081 0.1535858676508917
v -0.1340782414886060 -0.0339765318171096 0.1632242859864153
v -0.1342234820742721 -0.0350247397257071 0.1526445546127296
v -0.1379617766939749 -0.0519490365088895 0.1318161193668556
v -0.1333635917886805 -0.0368278960952151 0.1316017794722513
v -0.1471248622036821 -0.0812868370905395 0.1308054869582619
v -0.1421674269103572 -0.0648002701254832 0.1434363289891819
v -0.1425981972837535 -0.0672112363398547 0.1311233932932134
v -0.1443452104647492 -0.0753601409493865 0.1559397004000305
v -0.1406476272213316 -0.0605286289687575 0.1653533809353852
v -0.1414965144322517 -0.0625443097255489 0.1546952526546637
v -0.1331063949182300 -0.0325316080512248 0.1849831412265265
v -0.1352233864850609 -0.0443862106717446 0.1971385128931966
v -0.1322421034027696 -0.0322067147638568 0.1966541025307760
v -0.1370906082568448 -0.0461257967773370 0.1748014460790887
v -0.1337121141789059 -0.0331335312511390 0.1739220253359548
v -0.1416054448715013 -0.0710901502538616 0.1770100382425614
v -0.1385760233375214 -0.0574707314775273 0.1865659335180475
v -0.1396829326494922 -0.0588385126868889 0.1758640680155061
v -0.1385683211852512 -0.0682112232737035 0.1985287513779632
v -0.1373013171368074 -0.0564220762939444 0.1977973219891634
v -0.1410635434439211 -0.0810267794206744 0.1884493848249720
v -0.1389275715732815 -0.0906977943649128 0.1998089591160130
v -0.1391168244576344 -0.0796506248714875 0.1992310226188831
v -0.1448829857393275 -0.0847118466666529 0.1678915151852746
v -0.1437813028878257 -0.0936463433000559 0.1791762685685481
v -0.1429747775143917 -0.0826992192630828 0.1781411543188100
v -0.1471757514240386 -0.1056281414637803 0.1702194907089350
v -0.1436665958343735 -0.1134780100114226 0.1806380270386806
v -0.1409507619285364 -0.1025095950249598 0.1898583285366805
v -0.1440151182245989 -0.1039124870455988 0.1800353336235394
v -0.1362593259653995 -0.1114457421195635 0.2002089208803285
v -0.1379815822283840 -0.1013102598857468 0.2001665590428425
v -0.1489395442939086 -0.0898376290024544 0.1456096838060185
v -0.1488671990779424 -0.0978803264337178 0.1586470069229970
v -0.1468200770352766 -0.0871083163301445 0.1572867518167108
v -0.1552528334636510 -0.0951688937577494 0.1163513804388714
v -0.1550974150339136 -0.1029997820015831 0.1341701171621145
v -0.1513946053300269 -0.0928483453094924 0.1321442035458784
v -0.1625008338267525 -0.1155556655863023 0.1211697368683462
v -0.1599384928125853 -0.1223074272817110 0.1373959435789839
v -0.1539585968053948 -0.1102111971414012 0.1486655677345838
v -0.1579241049170678 -0.1128464335252682 0.1359138294207088
v -0.1514641997773253 -0.1168581545505622 0.1610520039693592
v -0.1504329366037222 -0.1077665890262210 0.1599318909677823
v -0.1564931550560160 -0.1278372975348299 0.1510547478611054
v -0.1518102464757496 -0.1327757525243460 0.1624689249102046
v -0.1473501501575847 -0.1234390935116932 0.1717082067120131
v -0.1519073486097271 -0.1252463485265164 0.1619184960997539
v -0.1661370749288754 -0.1357344793035604 0.1241852065036424
v -0.1617196155250633 -0.1395918822065841 0.1395931750678580
v -0.1612043965535619 -0.1313027159026751 0.1386370628942625
v -0.1664979757781065 -0.1532772314063511 0.1259863658150975
v -0.1564334633759221 -0.1423368742603011 0.1522894853930745
v -0.1614822241890218 -0.1469339588581284 0.1402203503241437
v -0.1457153683382400 -0.1376006007678771 0.1717230608628199
v -0.1512215819808148 -0.1392909481143137 0.1626411230288163
v -0.1381510295783278 -0.1216233111139994 0.1900877426435850
v -0.1304431006939502 -0.1300833001521863 0.1988307857777008
v -0.1337415474036526 -0.1210616041520102 0.1998403178788273
v -0.1413724547653285 -0.1302532976558637 0.1807224756367858
v -0.1427261080268117 -0.1223236568168518 0.1809040263688684
v -0.1333619413274797 -0.1374369300321359 0.1881484507327016
v -0.1397849861670721 -0.1370705276455690 0.1799827939419822
v -0.1263780147564985 -0.1384365593660579 0.1969492600088437
v -0.1351172068144792 -0.0898238751591148 0.0982941245644330
v -0.1378646745599974 -0.1030880816758233 0.1001665727966859
v -0.1448939888139992 -0.0952101552877682 0.1019603490450363
v -0.1401029750250836 -0.0928665003827007 0.1035422335828968
v -0.1264583372016018 -0.0846246472998799 0.0801015583792196
v -0.1294786811989775 -0.0980068617924421 0.0899878209717228
v -0.1306309781939691 -0.0870593526478555 0.0902076073882896
v -0.1233945310592729 -0.1061117265956006 0.0807202062526347
v -0.1244037880835326 -0.1176501008500563 0.0902796775273891
v -0.1313481035856957 -0.1104848986238592 0.0962703015323844
v -0.1273732428605518 -0.1081591237151331 0.0899149256020229
v -0.1323163741568034 -0.1225272136982778 0.0989178613598837
v -0.1390992195381597 -0.1156326871090040 0.0959325071399639
v -0.1352720750904831 -0.1130043276468068 0.0986538700908235
v -0.1183856563918580 -0.0808582673320776 0.0566757373263491
v -0.1213867450085583 -0.0937951598849904 0.0693490787331885
v -0.1224136069522927 -0.0825730690119720 0.0687947988466027
v -0.1132425442134486 -0.0908559635633182 0.0446213188697917
v -0.1142630793892468 -0.0794343594388157 0.0441336075849695
v -0.1085967710101992 -0.1123457936277068 0.0453010338076346
v -0.1154797443710677 -0.1030286650725962 0.0577408349545676
v -0.1113742221341976 -0.1018411582386553 0.0450160541736381
v -0.1165905047591736 -0.1144946941110857 0.0702414280890616
v -0.1194581810954799 -0.1044268807864998 0.0698189100216692
v -0.1088410392679104 -0.1231186289618805 0.0583564569824480
v -0.1078111514786413 -0.1330194706283237 0.0709536020971860
v -0.1166537724385358 -0.1251522722380735 0.0818331672556750
v -0.1127452052382888 -0.1240239069304929 0.0706543184661164
v -0.1000699382933819 -0.1317400881208743 0.0454754325411807
v -0.1048488487001587 -0.1223266826623865 0.0454597531597736
v -0.0979301153466072 -0.1410022013026265 0.0583336256025043
v -0.0941984225717074 -0.1405428229350839 0.0453312922629817
v -0.1055687248605532 -0.1421311167639407 0.0830663368495034
v -0.1016772124260473 -0.1414860615113136 0.0710344746960229
v -0.1247688150857655 -0.1286666542882077 0.0981067146950876
v -0.1249762230433267 -0.1399750642820253 0.1045454114084004
v -0.1333256311810632 -0.1355787857969561 0.0985045583675288
v -0.1289884942223543 -0.1315689903097297 0.1008723925291874
v -0.1158618261390417 -0.1350789711299951 0.0927726991711246
v -0.1206594417727604 -0.1266140307082060 0.0913722828422867
v -0.1144424295063952 -0.1447487482283331 0.1032748863760617
v -0.1097333886237836 -0.1430738051864368 0.0940608841383114
v -0.1263056695405322 -0.1525444266332173 0.1101036695941722
v -0.1199676234527786 -0.1475908424160276 0.1099648658071890
v -0.1591853323513089 -0.0866789213410823 0.0901536923223983
v -0.1687882657710164 -0.0956940154964553 0.0778624326835330
v -0.1650175120810322 -0.1067367012369519 0.1013796892869251
v -0.1615815269379337 -0.0958282530074498 0.0976924489336989
v -0.1735682764852604 -0.0834015730270628 0.0526032243134941
v -0.1808487359186433 -0.0963808824328348 0.0402316422295255
v -0.1772785132645504 -0.1093400287042711 0.0626688370231456
v -0.1752806299810404 -0.0956329484320275 0.0585564378646058
v -0.1844159327272015 -0.1272601862683004 0.0459757973618753
v -0.1808418589969735 -0.1388777826603922 0.0674158385133746
v -0.1735803798673992 -0.1209774306307719 0.0850611942874787
v -0.1792395362479103 -0.1239468854077912 0.0654517896844800
v -0.1700148335200418 -0.1298613131206852 0.1057376495644502
v -0.1678601564224603 -0.1182233610404508 0.1039263234119984
v -0.1834594904613658 -0.0846425272962213 0.0197373153460570
v -0.1885783958754975 -0.1019220308374922 0.0083304278339278
v -0.1871056343306933 -0.1143670584448942 0.0257747024184070
v -0.1852832500881965 -0.0986739231944126 0.0233457736846340
v -0.1889117890380493 -0.0924827681535259 -0.0053785779763833
v -0.1925620590603787 -0.1209449715604904 -0.0047461762596286
v -0.1907294969738106 -0.1055365408671386 -0.0043825246417296
v -0.1949406487275288 -0.1560761385259594 -0.0041929966805099
v -0.1919398351876953 -0.1348432302551544 0.0104375166335543
v -0.1940562766007927 -0.1381911908008794 -0.0048628088511484
v -0.1897923100886504 -0.1480350915558967 0.0290406900578280
v -0.1886878764684806 -0.1310460691859582 0.0275107125247311
v -0.1930954331050883 -0.1692388416788216 0.0134410809420557
v -0.1898401734634722 -0.1804462984625266 0.0326076117895194
v -0.1863508234082162 -0.1594887421353805 0.0495550975525723
v -0.1901798933939603 -0.1646588118467354 0.0308517961487863
v -0.1941888636505864 -0.1892801169626838 0.0005922404942031
v -0.1949439496499303 -0.1734013048271176 -0.0021975890888010
v -0.1912647965565878 -0.1996554662243431 0.0175925410156801
v -0.1927989002426866 -0.2028268274215876 0.0036453186387271
v -0.1853976820647820 -0.1884711158974486 0.0520979081091973
v -0.1887626973762481 -0.1949268948841892 0.0339728182794079
v -0.1766854475397469 -0.1473163157029693 0.0885706249540106
v -0.1719334946659157 -0.1519211024530668 0.1083575916745236
v -0.1713869169316001 -0.1412241883341276 0.1072191035382450
v -0.1819314384663364 -0.1674731232708840 0.0703748403694557
v -0.1817630914238598 -0.1535564344261449 0.0690720763283290
v -0.1766081509401784 -0.1708293361226128 0.0905984916160009
v -0.1812748299853040 -0.1801189569910442 0.0712787429537341
v -0.1716111045780356 -0.1615622715572583 0.1091400753298000
v -0.1404836814087237 -0.1701534722609049 0.0831139251474584
v -0.1354932368913838 -0.1513222601140606 0.0938375217224763
v -0.1334540920778550 -0.1605541148404658 0.0996641999148637
v -0.1516542778922785 -0.1886251589428521 0.0463603548216505
v -0.1461274334846944 -0.1673652931391016 0.0625029656724701
v -0.1464657780308485 -0.1798752388870665 0.0649203411778379
v -0.1511621653775877 -0.1597387870072944 0.0423178251872758
v -0.1481396207652776 -0.1390109198639195 0.0581440976412846
v -0.1422967130377495 -0.1471421920462899 0.0765013523466464
v -0.1467801908895917 -0.1535883433426928 0.0601188744679841
v -0.1402460149958154 -0.1298195014369328 0.0875800731566927
v -0.1377868278066952 -0.1409546130046715 0.0898387293099215
v -0.1604825948550998 -0.2001313492038932 0.0127344084712672
v -0.1554261318897299 -0.1808410337663731 0.0267765323672634
v -0.1563028018641959 -0.1953078763446961 0.0287116981251448
v -0.1637587603385921 -0.1897524239429656 -0.0041531105348251
v -0.1642640765428890 -0.2033043608623385 -0.0008114767570363
v -0.1640704224286674 -0.1564615212163349 -0.0089903372373618
v -0.1595121236690578 -0.1696786895888220 0.0080338949715261
v -0.1637133726555715 -0.1738411527371180 -0.0070592976324822
v -0.1559740850083795 -0.1483745364095179 0.0229425109979170
v -0.1553672654402365 -0.1650400683841091 0.0247247340178621
v -0.1608379941669951 -0.1351444394242916 0.0054135127384658
v -0.1587512610555112 -0.1145497094844441 0.0207592259061891
v -0.1534783125959760 -0.1274772219161992 0.0391990036715885
v -0.1570955733942904 -0.1313139940542135 0.0218168964590043
v -0.1657860768468489 -0.1211771364360629 -0.0088924098727838
v -0.1647713182852533 -0.1385034030446883 -0.0094057033062176
v -0.1689722921949002 -0.0925771195188356 -0.0084564130389186
v -0.1640286107449150 -0.1020518671186180 0.0044345141695533
v -0.1670844396581070 -0.1056927845274764 -0.0080377460476612
v -0.1637455566489861 -0.0846744362127692 0.0164944341634465
v -0.1579516126037470 -0.0964535027256679 0.0356785699303849
v -0.1609612286033178 -0.0987726757895910 0.0191811099214037
v -0.1463728020498728 -0.1210715069192147 0.0734301191289141
v -0.1455731535981086 -0.1068172987589219 0.0877294398953608
v -0.1427824987845041 -0.1182855284123457 0.0869738037422832
v -0.1522044316258625 -0.1094580366801248 0.0556681307632902
v -0.1499210185546224 -0.1240992779919939 0.0569543901924094
v -0.1585963927795073 -0.0834075421950721 0.0492800206857804
v -0.1520916501104778 -0.0957484807160801 0.0716115859625524
v -0.1550696322703676 -0.0956926401121213 0.0534036979958587
v -0.1531806794261072 -0.0866901994926207 0.0873624873550603
v -0.1487951289388429 -0.0958794173046731 0.0895570505983266
v -0.1611199479554568 -0.0762835189758338 0.0589522734759194
v -0.1663274281206955 -0.0762885253748094 0.0601804916861455
v -0.1594623347561684 -0.0804689510425070 0.0760527019769087
v -0.1648241330436774 -0.0718819315072356 0.0267113391498337
v -0.1674222340505275 -0.0656673674249848 0.0338504090736855
v -0.1628650355983850 -0.0732077469897995 0.0424152023981201
v -0.1724731954785615 -0.0595084789005728 0.0140641300453395
v -0.1757526618844553 -0.0595198945905446 0.0145680708653024
v -0.1719007605187675 -0.0656797733916771 0.0346404298351120
v -0.1718149365363284 -0.0613604614139364 0.0246265315764174
v -0.1777013064088096 -0.0718989037499166 0.0288962747027622
v -0.1724635677882238 -0.0732219959714993 0.0442986537050447
v -0.1750336109546611 -0.0747967010031366 -0.0160001210338214
v -0.1695166693142815 -0.0764287870691867 -0.0008824465886686
v -0.1717546947025010 -0.0823572987176604 -0.0117636622083583
v -0.1815268003952855 -0.0676921807337538 -0.0203339570701288
v -0.1762978642344370 -0.0622987486065638 -0.0085672690162357
v -0.1784115548788665 -0.0696590078390030 -0.0192053166856814
v -0.1770152647030304 -0.0578533468946229 0.0008871228954041
v -0.1707168296840949 -0.0642802098011263 0.0071572249970601
v -0.1741429120599888 -0.0593682447138822 0.0027612215888577
v -0.1671240507269250 -0.0729463139356004 0.0121105341373830
v -0.1850890458202414 -0.0764049103971491 0.0015365793778999
v -0.1859695668708425 -0.0747640768867350 -0.0143150001478538
v -0.1874629591806561 -0.0823011280214615 -0.0093416103962551
v -0.1804066873937086 -0.0642935785368524 0.0086676720726148
v -0.1818725720168430 -0.0729486795966548 0.0144624413484543
v -0.1816236274523962 -0.0622989686680572 -0.0077478150300625
v -0.1789452040004429 -0.0593784500656402 0.0034992528224606
v -0.1840184466546871 -0.0696441261805096 -0.0183415753239546
v -0.0199441181345112 0.0691854079974473 -0.0890998728457183
v -0.0166078483556249 0.0668191967893028 -0.0969893524621787
v -0.0179567152796260 0.0597953840726368 -0.1028966281765361
v -0.0192752412252199 0.0640112121330904 -0.0963462227476191
v -0.0143352733129364 0.0741458691363068 -0.0908136017258323
v -0.0112930056892773 0.0702227228621198 -0.0976883227806970
v -0.0132042122520612 0.0645814464779502 -0.1030649752190128
v -0.0139646072349342 0.0688652185245014 -0.0973923400720289
v -0.0101398009406253 0.0626088702661850 -0.1073402198826935
v -0.0105696635603611 0.0589497977841183 -0.1112157778589255
v -0.0140194575621725 0.0591896648119609 -0.1082589766177787
v -0.0121145502596382 0.0612868508443828 -0.1076606844325061
v -0.0135757035606637 0.0539794338780543 -0.1134560038620792
v -0.0160397871180128 0.0564730056755235 -0.1086374823864844
v -0.0028099927173400 0.0666934866611789 -0.1041399756144358
v -0.0057273754434755 0.0712688401865296 -0.0983077958847126
v -0.0029140542960474 0.0767511221416935 -0.0921468992991729
v -0.0028738105504357 0.0713098266396816 -0.0985275823012793
v -0.0028261947447940 0.0593549860089029 -0.1131066562412534
v -0.0054478148237548 0.0629015520524517 -0.1085172737956963
v -0.0027762682934713 0.0627571366973859 -0.1089959075439143
v -0.0078664556827098 0.0600833895521680 -0.1112127520133908
v -0.0082444663130554 0.0665419193075765 -0.1034250508376434
v -0.0079099453353496 0.0629994794170296 -0.1077957471741010
v -0.0086951522516073 0.0763233776138320 -0.0916795437024934
v -0.0085405315447835 0.0709651553255913 -0.0980109879454440
v -0.0072837878634711 0.0511670479919733 -0.1199667982221782
v -0.0033139885526762 0.0535002499761027 -0.1192725042103953
v -0.0037038825036671 0.0506116677979203 -0.1216194600378643
v -0.0094302951781088 0.0550373795077362 -0.1156967800189665
v -0.0106157114278621 0.0522500256165332 -0.1172391360110691
v -0.0058776774434906 0.0567656874617901 -0.1154712169881972
v -0.0084435669492394 0.0575389285343423 -0.1137673908752877
v -0.0030134395680193 0.0563420690869305 -0.1164834998579916
v -0.0193321821366458 0.0824917012747750 -0.0728552084773189
v -0.0170694548457885 0.0783116332070043 -0.0825874280244186
v -0.0199121266949033 0.0753823396525367 -0.0812703599862187
v -0.0171399295390606 0.0990086917412985 -0.0542608375127825
v -0.0157577508064910 0.0934381101118944 -0.0655422899736545
v -0.0183571446746150 0.0904040122711790 -0.0638527678578183
v -0.0123466326121506 0.1043374808047924 -0.0573224430401771
v -0.0105509033180459 0.0970894804416909 -0.0675371474116298
v -0.0138290768626658 0.0876216097635783 -0.0754692639424429
v -0.0131583569383670 0.0956230456648230 -0.0667374989598656
v -0.0114435277507859 0.0818466460221478 -0.0841198812493166
v -0.0142557485907468 0.0804302752350360 -0.0835001330684343
v -0.0145905721530060 0.1178555832695499 -0.0332988799557676
v -0.0136919235368833 0.1113797236715335 -0.0459243579877852
v -0.0158334519602321 0.1081959840152833 -0.0440769417504104
v -0.0129072117589859 0.1381518548089282 -0.0099525561174001
v -0.0118912153514898 0.1313178451303486 -0.0238040517447094
v -0.0135641778399452 0.1278777338342483 -0.0219247265907867
v -0.0097509522817282 0.1443837212261001 -0.0131665542289974
v -0.0081990511223480 0.1354467489008960 -0.0260396014411277
v -0.0107124284542262 0.1235166651881285 -0.0365095771449635
v -0.0100960637188054 0.1337877603172737 -0.0251456016240538
v -0.0092558689368760 0.1152049425811425 -0.0481178209235844
v -0.0114969751860035 0.1136675379726422 -0.0472406007953848
v -0.0065443812455343 0.1260715791268923 -0.0379342002380790
v -0.0046667890758724 0.1166111355241830 -0.0489152687604143
v -0.0074564261050697 0.1067383516981527 -0.0586901252218667
v -0.0069758943264709 0.1161366279289669 -0.0486473438921589
v -0.0060631617747684 0.1471919809591793 -0.0145944782445145
v -0.0041810033291178 0.1369679239742556 -0.0268425508152935
v -0.0062205882656335 0.1364535302333546 -0.0265751761007717
v -0.0020564884099801 0.1479225851173787 -0.0149509778638768
v -0.0022009477773445 0.1267383654519960 -0.0382909749343082
v -0.0021006822593989 0.1371491996294714 -0.0269311255664005
v -0.0024935525420885 0.1073520481879655 -0.0590579029927676
v -0.0023382496446351 0.1167770068748586 -0.0490074195107896
v -0.0083298501725076 0.0899149256020229 -0.0766696993891231
v -0.0057477036239314 0.0830564340822989 -0.0848386571022440
v -0.0086053396545997 0.0826699510844562 -0.0845578036212494
v -0.0052915986711037 0.0984054481724237 -0.0683109386379156
v -0.0079273026856442 0.0979678008773577 -0.0680391626935252
v -0.0027820173999872 0.0904579273370703 -0.0770704863840389
v -0.0026478183997541 0.0985501386043563 -0.0684198690771653
v -0.0028771114728372 0.0831626137528806 -0.0849871986103117
v -0.0156781710689281 0.2110488749699994 0.0892720709643301
v -0.0143492472177694 0.2100517213278786 0.0764177289791416
v -0.0154436680399879 0.1967767868133652 0.0669204250762823
v -0.0157487833006336 0.2044423538602568 0.0785531506960476
v -0.0126208567406555 0.2210437929248855 0.0853291191557341
v -0.0104984186518620 0.2167495679573961 0.0738353073536987
v -0.0122722793350567 0.2059486747828096 0.0634085187179492
v -0.0125862520708130 0.2140617918919718 0.0748563926832304
v -0.0097686947396363 0.1993239985998588 0.0502730481748994
v -0.0111797290355324 0.1871045340232261 0.0384868296634641
v -0.0134953536078738 0.1932786342983718 0.0526263307703046
v -0.0117723271296623 0.1968980957116204 0.0512105101369264
v -0.0142194659520170 0.1789545566139138 0.0417786745283635
v -0.0148911486453496 0.1882238217942026 0.0545901045223324
v -0.0081979233071942 0.2255495520029379 0.0837386247119429
v -0.0055354818212014 0.2192420394473981 0.0731544921083885
v -0.0078833729100175 0.2100737274772219 0.0619137510238017
v -0.0081243127376406 0.2183928771596113 0.0733203634590641
v -0.0028368677272255 0.2267763948288300 0.0837083662565958
v -0.0027144557707344 0.2111627567928513 0.0616920390691674
v -0.0028035284109703 0.2195501255382051 0.0731806244107338
v -0.0024439039184012 0.1917194986173949 0.0367222115629936
v -0.0051182177219647 0.2015507458365397 0.0495135609456868
v -0.0025883495319223 0.2018170202435943 0.0494648723402646
v -0.0071237481423715 0.1907674575814279 0.0370413007284723
v -0.0075311644897771 0.2007973102983965 0.0497451756675256
v -0.0045540625758610 0.1808459851499754 0.0237680166751597
v -0.0063675343278737 0.1692630484430993 0.0109343054549806
v -0.0087436758109094 0.1788954150875535 0.0245624386664548
v -0.0067171845332530 0.1801880012846090 0.0240287895448784
v -0.0021747412042453 0.1700915799658767 0.0105808316811529
v -0.0022998021509636 0.1810759494106134 0.0236865939225892
v -0.0041419699217200 0.1587707915130534 -0.0022834130712401
v -0.0020874070498075 0.1589718727026784 -0.0023725379760807
v -0.0080211864202803 0.1570686158613448 -0.0014804636970744
v -0.0061308306839993 0.1581964310151918 -0.0020157632798515
v -0.0122067560253868 0.1735803798673992 0.0268142178980139
v -0.0130319041027027 0.1589553680906708 0.0155776029664289
v -0.0135569708260352 0.1691414644679773 0.0287023455116739
v -0.0100902595969161 0.1660652798666428 0.0123625045473645
v -0.0105879286643161 0.1767621939855819 0.0254624901745982
v -0.0113748685648346 0.1524341208096337 0.0007484841545409
v -0.0097801379372949 0.1552077208574971 -0.0005889395718016
v -0.0127725616326912 0.1485684656006063 0.0026203822330602
v -0.0140526318323076 0.2206834422293880 0.1072515626085264
v -0.0138769127298009 0.2224219280275132 0.0964207685785197
v -0.0151035630018863 0.2164244271008480 0.0988607554023377
v -0.0106324361013631 0.2263087641552836 0.1201684845809101
v -0.0117106548961275 0.2299232741849300 0.1113872882853702
v -0.0125530227853046 0.2239403523322048 0.1143767136429186
v -0.0092493221074464 0.2355926084095124 0.1136711689872839
v -0.0091933164573676 0.2361042513817455 0.1073303996385490
v -0.0116044477178592 0.2309493108980641 0.1025046711490442
v -0.0106187922887702 0.2337083318719875 0.1088658787089817
v -0.0103350505006743 0.2295684250267684 0.0934331587282921
v -0.0122826772406214 0.2266993733061282 0.0946022354121580
v -0.0027855933992555 0.2352570146320262 0.1249364881899186
v -0.0057095504625074 0.2288587267104452 0.1276128870761323
v -0.0029039314673494 0.2293236066153236 0.1293937924778855
v -0.0026223215249711 0.2402304043836250 0.1147609410104536
v -0.0052046468735107 0.2383571309207717 0.1189415592319579
v -0.0026798043378247 0.2388495185123293 0.1201492016925480
v -0.0071490552141164 0.2384671616674885 0.1125813144410541
v -0.0078973743225373 0.2337963564693609 0.1207421573866047
v -0.0074195382972329 0.2372073096175813 0.1169059904176974
v -0.0083184894979091 0.2279014592140091 0.1245591625009714
v -0.0055067913039950 0.2322779321646693 0.0928931828387795
v -0.0027199408034583 0.2369487373627968 0.1012904268436511
v -0.0027957987510135 0.2326355320914989 0.0930521772677853
v -0.0077428911541469 0.2355403438048220 0.1008288753688609
v -0.0080481439532259 0.2313426708175766 0.0929418714442017
v -0.0051486412234319 0.2390778323117667 0.1079594454175289
v -0.0073500263729946 0.2379142571652366 0.1072988208142413
v -0.0026489077041466 0.2395372106793092 0.1085006591529421
f 1785 448 1787
f 1786 1787 448
f 1790 449 1794
f 1792 1794 449
f 1800 453 1802
f 1801 1802 453
f 1805 454 1808
f 1807 1808 454
f 1813 456 1815
f 1814 1815 456
f 1818 457 1822
f 1820 1822 457
f 1811 458 1828
f 1827 1828 458
f 1830 460 1834
f 1832 1834 460
f 1839 463 1841
f 1840 1841 463
f 1844 464 1848
f 1846 1848 464
f 1852 467 1854
f 1853 1854 467
f 1857 468 1860
f 1859 1860 468
f 1865 470 1867
f 1866 1867 470
f 1870 471 1874
f 1872 1874 471
f 1863 472 1880
f 1879 1880 472
f 1882 474 1886
f 1884 1886 474
f 1894 1892 1893
f 478 1893 1892
f 1900 1897 1899
f 479 1899 1897
f 1908 1906 1907
f 482 1907 1906
f 1914 1911 1913
f 483 1913 1911
f 1919 485 1921
f 1920 1921 485
f 1924 486 1928
f 1926 1928 486
f 1933 1917 1932
f 487 1932 1917
f 1935 489 1938
f 1937 1938 489
f 1944 492 1946
f 1945 1946 492
f 1949 493 1952
f 1951 1952 493
f 1960 1958 1959
f 496 1959 1958
f 1963 497 1966
f 1965 1966 497
f 1973 1971 1972
f 499 1972 1971
f 1976 500 1980
f 1978 1980 500
f 1969 501 1985
f 1984 1985 501
f 1987 503 1990
f 1989 1990 503
f 1995 505 1997
f 1996 1997 505
f 2000 506 2004
f 2002 2004 506
f 2008 509 2010
f 2009 2010 509
f 2013 510 2016
f 2015 2016 510
f 2023 2021 2022
f 512 2022 2021
f 2028 2030 513
f 2026 513 2030
f 2019 514 2036
f 2035 2036 514
f 2038 516 2042
f 2040 2042 516
f 2046 519 2048
f 2047 2048 519
f 2051 520 2054
f 2053 2054 520
f 1993 507 2059
f 2058 2059 507
f 2061 522 2064
f 2063 2064 522
f 2033 517 2070
f 2069 2070 517
f 2072 524 2076
f 2074 2076 524
f 2067 525 2081
f 2080 2081 525
f 2083 527 2086
f 2085 2086 527
f 2094 2092 2093
f 530 2093 2092
f 2100 2097 2099
f 531 2099 2097
f 2108 2106 2107
f 534 2107 2106
f 2114 2111 2113
f 535 2113 2111
f 2121 2119 2120
f 537 2120 2119
f 2124 538 2128
f 2126 2128 538
f 2133 2117 2132
f 539 2132 2117
f 2138 2135 2137
f 541 2137 2135
f 2144 2142 2143
f 543 2143 2142
f 2150 2147 2149
f 544 2149 2147
f 2156 2154 2155
f 546 2155 2154
f 2162 2159 2161
f 547 2161 2159
f 2169 2167 2168
f 549 2168 2167
f 2176 2172 2174
f 550 2174 2172
f 2181 2165 2180
f 551 2180 2165
f 2186 2183 2185
f 553 2185 2183
f 2192 2190 2191
f 555 2191 2190
f 556 2197 2195
f 2198 2195 2197
f 2204 2202 2203
f 558 2203 2202
f 559 2209 2207
f 2210 2207 2209
f 561 2216 2215
f 2217 2215 2216
f 2224 2220 2222
f 562 2222 2220
f 2229 2213 2228
f 563 2228 2213
f 2234 2231 2233
f 565 2233 2231
f 2239 2240 567
f 2238 567 2240
f 2245 2246 568
f 2243 568 2246
f 2251 2252 570
f 2250 570 2252
f 2257 2258 571
f 2255 571 2258
f 2264 2265 573
f 2263 573 2265
f 2267 474 2270
f 1881 2270 474
f 2261 574 2275
f 2274 2275 574
f 2276 471 2278
f 1869 2278 471
f 2285 578 2287
f 2286 2287 578
f 2294 2290 2292
f 579 2292 2290
f 2300 583 2302
f 2301 2302 583
f 2305 584 2308
f 2307 2308 584
f 2315 2313 2314
f 586 2314 2313
f 2322 2318 2320
f 587 2320 2318
f 2328 2311 2327
f 588 2327 2311
f 2334 2330 2332
f 590 2332 2330
f 2342 2340 2341
f 594 2341 2340
f 2345 595 2348
f 2347 2348 595
f 2356 2354 2355
f 598 2355 2354
f 2362 2359 2361
f 599 2361 2359
f 2369 2367 2368
f 601 2368 2367
f 2372 602 2376
f 2374 2376 602
f 2381 2365 2380
f 603 2380 2365
f 2386 2383 2385
f 605 2385 2383
f 2391 607 2393
f 2392 2393 607
f 2400 2396 2398
f 608 2398 2396
f 2404 611 2406
f 2405 2406 611
f 2409 612 2412
f 2411 2412 612
f 2417 614 2419
f 2418 2419 614
f 2422 615 2426
f 2424 2426 615
f 2415 616 2432
f 2431 2432 616
f 2434 618 2438
f 2436 2438 618
f 2445 2443 2444
f 621 2444 2443
f 2452 2448 2450
f 622 2450 2448
f 2457 2389 2456
f 609 2456 2389
f 2462 2459 2461
f 625 2461 2459
f 2468 2429 2467
f 619 2467 2429
f 2474 2470 2472
f 627 2472 2470
f 2480 2465 2479
f 628 2479 2465
f 2486 2482 2484
f 630 2484 2482
f 2494 2492 2493
f 634 2493 2492
f 2500 2497 2499
f 635 2499 2497
f 2508 2506 2507
f 638 2507 2506
f 2514 2511 2513
f 639 2513 2511
f 2521 2519 2520
f 641 2520 2519
f 2528 2524 2526
f 642 2526 2524
f 2533 2517 2532
f 643 2532 2517
f 2538 2535 2537
f 645 2537 2535
f 2542 647 2544
f 2543 2544 647
f 2547 648 2550
f 2549 2550 648
f 2554 650 2556
f 2555 2556 650
f 2559 651 2562
f 2561 2562 651
f 2569 2567 2568
f 653 2568 2567
f 2576 2572 2574
f 654 2574 2572
f 2565 655 2581
f 2580 2581 655
f 2583 657 2586
f 2585 2586 657
f 660 2594 2593
f 2595 2593 2594
f 2602 2598 2600
f 661 2600 2598
f 2609 2607 2608
f 664 2608 2607
f 2614 2611 2593
f 660 2593 2611
f 2620 668 2622
f 2621 2622 668
f 2624 664 2626
f 2607 2626 664
f 2635 2633 2634
f 671 2634 2633
f 2640 2637 2620
f 668 2620 2637
f 2600 661 2648
f 2647 2648 661
f 2649 671 2652
f 2633 2652 671
f 2659 2657 2658
f 677 2658 2657
f 2666 2662 2664
f 678 2664 2662
f 2672 2670 2671
f 681 2671 2670
f 2678 2675 2677
f 682 2677 2675
f 2685 2683 2684
f 684 2684 2683
f 2692 2688 2690
f 685 2690 2688
f 2698 2681 2697
f 686 2697 2681
f 2704 2700 2702
f 688 2702 2700
f 2709 2710 691
f 2708 691 2710
f 2715 2716 692
f 2713 692 2716
f 2722 2720 2721
f 694 2721 2720
f 2727 2728 695
f 2725 695 2728
f 2735 2733 2734
f 697 2734 2733
f 2740 2742 698
f 2738 698 2742
f 2746 2747 699
f 2731 699 2747
f 2749 701 2752
f 2751 2752 701
f 2758 2759 703
f 2757 703 2759
f 2764 2766 704
f 2762 704 2766
f 2772 2770 2771
f 707 2771 2770
f 703 2757 2774
f 2776 2774 2757
f 2783 2784 710
f 2782 710 2784
f 2770 2788 707
f 2786 707 2788
f 2795 713 2797
f 2796 2797 713
f 2802 2799 2782
f 710 2782 2799
f 2810 2764 2809
f 704 2809 2764
f 2814 2811 2795
f 713 2795 2811
f 2819 719 2821
f 2820 2821 719
f 2828 2824 2826
f 720 2826 2824
f 2834 2832 2833
f 723 2833 2832
f 2840 2837 2839
f 724 2839 2837
f 2845 726 2847
f 2846 2847 726
f 2852 2854 727
f 2850 727 2854
f 2860 2843 2859
f 728 2859 2843
f 2866 2862 2864
f 730 2864 2862
f 2870 733 2872
f 2871 2872 733
f 2875 734 2878
f 2877 2878 734
f 2882 736 2884
f 2883 2884 736
f 2887 737 2890
f 2889 2890 737
f 2896 2897 739
f 2895 739 2897
f 2902 2904 740
f 2900 740 2904
f 2893 741 2909
f 2908 2909 741
f 2911 743 2914
f 2913 2914 743
f 2918 745 2920
f 2919 2920 745
f 2923 746 2926
f 2925 2926 746
f 2932 2930 2931
f 748 2931 2930
f 2935 749 2938
f 2937 2938 749
f 2944 2945 751
f 2943 751 2945
f 2950 2952 752
f 2948 752 2952
f 2941 753 2957
f 2956 2957 753
f 2961 2962 755
f 2959 755 2962
f 2968 2966 2967
f 757 2967 2966
f 2974 2971 2973
f 758 2973 2971
f 2980 2978 2979
f 760 2979 2978
f 2986 2983 2985
f 761 2985 2983
f 2993 2991 2992
f 763 2992 2991
f 2996 764 3000
f 2998 3000 764
f 3005 2989 3004
f 765 3004 2989
f 3009 3010 767
f 3007 767 3010
f 3015 769 3017
f 3016 3017 769
f 3020 770 3024
f 3022 3024 770
f 3028 773 3030
f 3029 3030 773
f 3035 3036 774
f 3033 774 3036
f 3042 3043 776
f 3041 776 3043
f 3048 3050 777
f 3046 777 3050
f 3039 778 3056
f 3055 3056 778
f 3058 780 3062
f 3060 3062 780
f 3068 3066 3067
f 783 3067 3066
f 784 3073 3071
f 3074 3071 3073
f 3080 3078 3079
f 786 3079 3078
f 3086 3083 3085
f 787 3085 3083
f 3093 3091 3092
f 789 3092 3091
f 3100 3096 3098
f 790 3098 3096
f 791 3104 3089
f 3105 3089 3104
f 3109 3110 793
f 3107 793 3110
f 3114 795 3116
f 3115 3116 795
f 3119 796 3122
f 3121 3122 796
f 3126 798 3128
f 3127 3128 798
f 3131 799 3134
f 3133 3134 799
f 3141 3139 3140
f 801 3140 3139
f 3148 3144 3146
f 802 3146 3144
f 3153 3137 3152
f 803 3152 3137
f 3158 3155 3157
f 805 3157 3155
f 3164 3162 3163
f 807 3163 3162
f 3170 3167 3169
f 808 3169 3167
f 3176 3174 3175
f 810 3175 3174
f 3182 3179 3181
f 811 3181 3179
f 3189 3187 3188
f 813 3188 3187
f 3196 3192 3194
f 814 3194 3192
f 3201 3185 3200
f 815 3200 3185
f 817 3205 3203
f 3206 3203 3205
f 3212 3213 819
f 3211 819 3213
f 3218 3220 820
f 3216 820 3220
f 3225 3226 823
f 3224 823 3226
f 3229 824 3232
f 3231 3232 824
f 3237 826 3239
f 3238 3239 826
f 3242 827 3246
f 3244 3246 827
f 3251 3252 828
f 3235 828 3252
f 3256 3258 830
f 3254 830 3258
f 3265 3263 3264
f 833 3264 3263
f 3272 3268 3270
f 834 3270 3268
f 3278 3276 3277
f 837 3277 3276
f 838 3283 3281
f 3284 3281 3283
f 840 3290 3289
f 3291 3289 3290
f 841 3296 3294
f 3298 3294 3296
f 842 3303 3287
f 3304 3287 3303
f 844 3308 3306
f 3310 3306 3308
f 3316 3314 3315
f 847 3315 3314
f 848 3321 3319
f 3322 3319 3321
f 3328 3326 3327
f 850 3327 3326
f 3334 3331 3333
f 851 3333 3331
f 3341 3339 3340
f 853 3340 3339
f 3344 854 3348
f 3346 3348 854
f 3353 3337 3352
f 855 3352 3337
f 3355 857 3358
f 3357 3358 857
f 859 3363 3362
f 3364 3362 3363
f 3370 3367 3369
f 860 3369 3367
f 3376 3374 3375
f 862 3375 3374
f 863 3381 3379
f 3382 3379 3381
f 865 3388 3387
f 3389 3387 3388
f 3396 3392 3394
f 866 3394 3392
f 3401 3385 3400
f 867 3400 3385
f 3406 3403 3405
f 869 3405 3403
f 3412 3413 871
f 3411 871 3413
f 3418 3420 872
f 3416 872 3420
f 3424 875 3426
f 3425 3426 875
f 3429 876 3432
f 3431 3432 876
f 3437 878 3439
f 3438 3439 878
f 3442 879 3446
f 3444 3446 879
f 3435 880 3452
f 3451 3452 880
f 3454 882 3458
f 3456 3458 882
f 3464 886 3466
f 3465 3466 886
f 3471 3472 887
f 3469 887 3472
f 3480 3478 3479
f 890 3479 3478
f 3486 3483 3485
f 891 3485 3483
f 3493 3491 3492
f 893 3492 3491
f 894 3498 3496
f 3500 3496 3498
f 3504 3505 895
f 3489 895 3505
f 3509 3510 897
f 3507 897 3510
f 3518 3516 3517
f 900 3517 3516
f 3524 3521 3523
f 901 3523 3521
f 904 3531 3530
f 3532 3530 3531
f 3538 3535 3537
f 905 3537 3535
f 907 3544 3543
f 3545 3543 3544
f 3552 3548 3550
f 908 3550 3548
f 909 3556 3541
f 3557 3541 3556
f 911 3561 3559
f 3562 3559 3561
f 3567 913 3569
f 3568 3569 913
f 3572 914 3576
f 3574 3576 914
f 3581 3509 3580
f 897 3580 3509
f 3585 3586 917
f 3583 917 3586
f 3592 3498 3591
f 894 3591 3498
f 3596 3593 3558
f 911 3558 3593
f 3602 3589 3601
f 919 3601 3589
f 3606 3603 3547
f 908 3547 3603
f 3613 3611 3612
f 923 3612 3611
f 3616 924 3620
f 3618 3620 924
f 3626 3624 3625
f 927 3625 3624
f 3631 3632 928
f 3629 928 3632
f 3638 3639 930
f 3637 930 3639
f 3644 3646 931
f 3642 931 3646
f 3651 3652 932
f 3635 932 3652
f 3654 934 3658
f 3656 3658 934
f 3664 3662 3663
f 937 3663 3662
f 938 3669 3667
f 3670 3667 3669
f 3674 3675 826
f 3240 826 3675
f 3677 940 3680
f 3679 3680 940
f 3227 823 3686
f 3685 3686 823
f 835 3271 3687
f 3690 3687 3271
f 942 3694 3683
f 3695 3683 3694
f 3696 845 3698
f 3309 3698 845
f 3704 3702 3703
f 945 3703 3702
f 3710 3707 3709
f 946 3709 3707
f 948 3715 3714
f 3716 3714 3715
f 3722 3719 3721
f 949 3721 3719
f 951 3728 3727
f 3729 3727 3728
f 3736 3732 3734
f 952 3734 3732
f 3741 3725 3740
f 953 3740 3725
f 955 3745 3743
f 3746 3743 3745
f 3752 3753 957
f 3751 957 3753
f 3760 3756 3758
f 958 3758 3756
f 3764 3765 844
f 3308 844 3765
f 3769 3770 961
f 3767 961 3770
f 3775 3776 841
f 3296 841 3776
f 3780 3777 3742
f 955 3742 3777
f 3786 3773 3785
f 963 3785 3773
f 3790 3787 3731
f 952 3731 3787
f 3797 968 3799
f 3798 3799 968
f 3802 969 3806
f 3804 3806 969
f 3814 3815 973
f 3813 973 3815
f 3820 3817 3797
f 968 3797 3817
f 3828 3804 3827
f 969 3827 3804
f 3832 3829 3813
f 973 3813 3829
f 3838 980 3840
f 3839 3840 980
f 3843 981 3846
f 3845 3846 981
f 3852 984 3854
f 3853 3854 984
f 3857 985 3860
f 3859 3860 985
f 3865 987 3867
f 3866 3867 987
f 3870 988 3874
f 3872 3874 988
f 3863 989 3879
f 3878 3879 989
f 3881 991 3884
f 3883 3884 991
f 993 3889 3888
f 3890 3888 3889
f 3895 3896 994
f 3893 994 3896
f 3901 1799 3900
f 452 3900 1799
f 3905 3906 996
f 3903 996 3906
f 3911 3912 447
f 1784 447 3912
f 3916 3918 998
f 3914 998 3918
f 3922 3923 999
f 3909 999 3923
f 3925 1001 3928
f 3927 3928 1001
f 3933 1003 3935
f 3934 3935 1003
f 1004 3940 3938
f 3942 3938 3940
f 3946 1007 3948
f 3947 3948 1007
f 3951 1008 3954
f 3953 3954 1008
f 3959 1010 3961
f 3960 3961 1010
f 3966 3968 1011
f 3964 1011 3968
f 3974 3957 3973
f 1012 3973 3957
f 1014 3978 3976
f 3980 3976 3978
f 3987 3988 1018
f 3986 1018 3988
f 3991 1019 3994
f 3993 3994 1019
f 4002 4000 4001
f 1022 4001 4000
f 4008 4005 4007
f 1023 4007 4005
f 4014 4015 1025
f 4013 1025 4015
f 4022 4018 4020
f 1026 4020 4018
f 1027 4026 4011
f 4027 4011 4026
f 4032 4029 4031
f 1029 4031 4029
f 4038 1032 4040
f 4039 4040 1032
f 4043 1033 4046
f 4045 4046 1033
f 4052 1036 4054
f 4053 4054 1036
f 4057 1037 4060
f 4059 4060 1037
f 4065 1039 4067
f 4066 4067 1039
f 4069 582 4072
f 2295 4072 582
f 4063 1040 4077
f 4076 4077 1040
f 4078 577 4080
f 2279 4080 577
f 1043 4085 4084
f 4086 4084 4085
f 4092 4089 4091
f 1044 4091 4089
f 4098 4096 4097
f 1046 4097 4096
f 1047 4103 4101
f 4104 4101 4103
f 4111 4109 4110
f 1049 4110 4109
f 1035 4047 4113
f 4116 4113 4047
f 4120 4121 1050
f 4107 1050 4121
f 4033 4124 1031
f 4122 1031 4124
f 4130 4128 4129
f 1053 4129 4128
f 4136 4133 4135
f 1054 4135 4133
f 3824 977 4141
f 4140 4141 977
f 4146 4143 4145
f 1056 4145 4143
f 972 4151 3812
f 4152 3812 4151
f 1058 4156 4154
f 4158 4154 4156
f 4163 4149 4162
f 1059 4162 4149
f 4168 4165 4167
f 1061 4167 4165
f 4174 1064 4176
f 4175 4176 1064
f 4179 1065 4182
f 4181 4182 1065
f 3851 983 4189
f 4188 4189 983
f 4191 1068 4194
f 4193 4194 1068
f 4200 3837 4199
f 979 4199 3837
f 4204 4201 2349
f 597 2349 4201
f 4197 1070 4209
f 4208 4209 1070
f 4210 593 4212
f 2335 4212 593
f 1073 4218 4217
f 4219 4217 4218
f 4222 1074 4226
f 4224 4226 1074
f 1005 4230 3931
f 4231 3931 4230
f 4236 4233 4235
f 1077 4235 4233
f 4242 3971 4241
f 1015 4241 3971
f 4246 4243 4028
f 1029 4028 4243
f 4252 4239 4251
f 1079 4251 4239
f 4256 4253 4017
f 1026 4017 4253
f 4260 1083 4262
f 4261 4262 1083
f 4265 1084 4268
f 4267 4268 1084
f 4274 4272 4273
f 1086 4273 4272
f 4279 4280 1087
f 4277 1087 4280
f 4287 4285 4286
f 1089 4286 4285
f 4289 1021 4292
f 3995 4292 1021
f 4283 1090 4297
f 4296 4297 1090
f 4298 1017 4300
f 3981 4300 1017
f 1093 4305 4304
f 4306 4304 4305
f 1094 4311 4309
f 4312 4309 4311
f 4316 1096 4318
f 4317 4318 1096
f 4320 1093 4322
f 4304 4322 1093
f 4311 1094 4327
f 4326 4327 1094
f 4316 4330 1096
f 4328 1096 4330
f 4335 1099 4337
f 4336 4337 1099
f 4342 4344 1100
f 4340 1100 4344
f 4352 4350 4351
f 1104 4351 4350
f 4356 4354 4335
f 1099 4335 4354
f 4364 4342 4363
f 1100 4363 4342
f 4350 4368 1104
f 4365 1104 4368
f 1109 4373 4372
f 4374 4372 4373
f 4380 4377 4379
f 1110 4379 4377
f 4384 1112 4386
f 4385 4386 1112
f 4392 4389 4391
f 1113 4391 4389
f 4399 4397 4398
f 1115 4398 4397
f 4406 4402 4404
f 1116 4404 4402
f 4411 4395 4410
f 1117 4410 4395
f 1119 4415 4413
f 4416 4413 4415
f 4422 4423 1121
f 4421 1121 4423
f 4428 4430 1122
f 4426 1122 4430
f 4434 4435 1119
f 4415 1119 4435
f 4439 4440 1125
f 4437 1125 4440
f 4445 4446 1116
f 4404 1116 4446
f 4452 4448 4450
f 1127 4450 4448
f 4457 4458 1128
f 4443 1128 4458
f 4462 4464 1130
f 4460 1130 4464
f 4470 4468 4469
f 1133 4469 4468
f 4473 1134 4476
f 4475 4476 1134
f 4483 4484 1137
f 4482 1137 4484
f 4468 4488 1133
f 4486 1133 4488
f 4494 4475 4493
f 1134 4493 4475
f 1137 4482 4495
f 4498 4495 4482
f 4504 4505 1141
f 4503 1141 4505
f 4508 1142 4512
f 4510 4512 1142
f 4517 4518 1145
f 4516 1145 4518
f 4523 4524 1146
f 4521 1146 4524
f 4529 1148 4531
f 4530 4531 1148
f 4536 4538 1149
f 4534 1149 4538
f 4527 1150 4544
f 4543 4544 1150
f 4546 1152 4550
f 4548 4550 1152
f 4554 1155 4556
f 4555 4556 1155
f 4559 1156 4562
f 4561 4562 1156
f 4566 1158 4568
f 4567 4568 1158
f 4571 1159 4574
f 4573 4574 1159
f 4579 1161 4581
f 4580 4581 1161
f 4584 1162 4588
f 4586 4588 1162
f 4577 1163 4593
f 4592 4593 1163
f 4595 1165 4598
f 4597 4598 1165
f 4605 4603 4604
f 1167 4604 4603
f 4612 4608 4610
f 1168 4610 4608
f 4617 4618 1171
f 4616 1171 4618
f 4624 4621 4623
f 1172 4623 4621
f 4630 4631 1174
f 4629 1174 4631
f 4636 4638 1175
f 4634 1175 4638
f 4644 4627 4643
f 1176 4643 4627
f 4650 4646 4648
f 1178 4648 4646
f 4656 4657 1181
f 4655 1181 4657
f 4662 4664 1182
f 4660 1182 4664
f 4669 4670 1185
f 4668 1185 4670
f 4675 4676 1186
f 4673 1186 4676
f 4682 4683 1188
f 4681 1188 4683
f 4690 4686 4688
f 1189 4688 4686
f 4695 4696 1190
f 4679 1190 4696
f 4702 4698 4700
f 1192 4700 4698
f 4709 4710 1196
f 4708 1196 4710
f 4715 4716 1197
f 4713 1197 4716
f 4723 4724 1200
f 4722 1200 4724
f 4729 4730 1201
f 4727 1201 4730
f 4735 1203 4737
f 4736 4737 1203
f 4744 4740 4742
f 1204 4742 4740
f 4748 4749 1205
f 4733 1205 4749
f 4753 4754 1207
f 4751 1207 4754
f 4758 1209 4760
f 4759 4760 1209
f 4765 4766 1210
f 4763 1210 4766
f 4771 4772 1212
f 4770 1212 4772
f 4777 4778 1213
f 4775 1213 4778
f 4784 4785 1215
f 4783 1215 4785
f 4717 4790 1199
f 4787 1199 4790
f 4794 4795 1216
f 4781 1216 4795
f 4703 4798 1195
f 4796 1195 4798
f 4805 4803 4804
f 1219 4804 4803
f 4812 4808 4810
f 1220 4810 4808
f 4818 4816 4817
f 1223 4817 4816
f 4824 4821 4823
f 1224 4823 4821
f 4830 4831 1226
f 4829 1226 4831
f 4836 4833 2119
f 537 2119 4833
f 4842 4827 4841
f 1227 4841 4827
f 4846 4843 2106
f 534 2106 4843
f 4852 4850 4851
f 1231 4851 4850
f 4858 4855 4857
f 1232 4857 4855
f 4864 4862 4863
f 1234 4863 4862
f 4870 4867 4869
f 1235 4869 4867
f 4877 4875 4876
f 1237 4876 4875
f 4882 4879 2167
f 549 2167 4879
f 4887 4873 4886
f 1238 4886 4873
f 4890 4888 2154
f 546 2154 4888
f 1241 4895 4894
f 4896 4894 4895
f 4902 4899 4901
f 1242 4901 4899
f 4908 4906 4907
f 1244 4907 4906
f 4914 4911 4913
f 1245 4913 4911
f 4921 4919 4920
f 1247 4920 4919
f 561 2215 4923
f 4926 4923 2215
f 1248 4930 4917
f 4931 4917 4930
f 4934 4932 2202
f 558 2202 4932
f 4938 1251 4940
f 4939 4940 1251
f 4943 1252 4946
f 4945 4946 1252
f 4582 1161 4951
f 4950 4951 1161
f 4955 4956 1254
f 4953 1254 4956
f 4569 1158 4962
f 4961 4962 1158
f 4963 573 4966
f 2263 4966 573
f 4959 1256 4971
f 4970 4971 1256
f 4972 570 4974
f 2250 4974 570
f 4983 4981 4982
f 1260 4982 4981
f 4986 1261 4990
f 4988 4990 1261
f 4998 4996 4997
f 1265 4997 4996
f 5004 5001 5003
f 1266 5003 5001
f 5011 5009 5010
f 1268 5010 5009
f 5018 5014 5016
f 1269 5016 5014
f 5007 1270 5024
f 5023 5024 1270
f 5026 1272 5030
f 5028 5030 1272
f 5035 1275 5037
f 5036 5037 1275
f 5044 5040 5042
f 1276 5042 5040
f 5050 5048 5049
f 1279 5049 5048
f 5056 5053 5055
f 1280 5055 5053
f 5061 1282 5063
f 5062 5063 1282
f 5070 5066 5068
f 1283 5068 5066
f 5076 5059 5075
f 1284 5075 5059
f 5082 5078 5080
f 1286 5080 5078
f 5090 5088 5089
f 1290 5089 5088
f 5093 1291 5096
f 5095 5096 1291
f 5103 5104 1294
f 5102 1294 5104
f 5107 1295 5110
f 5109 5110 1295
f 5116 5117 1297
f 5115 1297 5117
f 5122 5124 1298
f 5120 1298 5124
f 5113 1299 5129
f 5128 5129 1299
f 5131 1301 5134
f 5133 5134 1301
f 5142 5140 5141
f 1304 5141 5140
f 5148 5145 5147
f 1305 5147 5145
f 5156 5154 5155
f 1308 5155 5154
f 5162 5159 5161
f 1309 5161 5159
f 5169 5167 5168
f 1311 5168 5167
f 5174 5171 5097
f 1293 5097 5171
f 5179 5165 5178
f 1312 5178 5165
f 5182 5180 5083
f 1289 5083 5180
f 5189 5187 5188
f 1315 5188 5187
f 5196 5192 5194
f 1316 5194 5192
f 5202 5200 5201
f 1319 5201 5200
f 5208 5205 5207
f 1320 5207 5205
f 5215 5213 5214
f 1322 5214 5213
f 5220 5217 2519
f 641 2519 5217
f 5226 5211 5225
f 1323 5225 5211
f 5230 5227 2506
f 638 2506 5227
f 5235 5236 1327
f 5234 1327 5236
f 5241 5242 1328
f 5239 1328 5242
f 5247 5248 1330
f 5246 1330 5248
f 5253 5254 1331
f 5251 1331 5254
f 5261 5259 5260
f 1333 5260 5259
f 5266 5263 2567
f 653 2567 5263
f 5270 5271 1334
f 5257 1334 5271
f 2554 5274 650
f 5272 650 5274
f 5282 5280 5281
f 1338 5281 5280
f 1339 5287 5285
f 5288 5285 5287
f 5295 1342 5297
f 5296 5297 1342
f 5299 1338 5302
f 5280 5302 1338
f 5311 5309 5310
f 1346 5310 5309
f 5316 5313 5295
f 1342 5295 5313
f 5321 1349 5323
f 5322 5323 1349
f 5325 1346 5328
f 5309 5328 1346
f 5333 5287 5332
f 1339 5332 5287
f 5336 5334 5321
f 1349 5321 5334
f 5344 5342 5343
f 1354 5343 5342
f 5350 5347 5349
f 1355 5349 5347
f 5358 5356 5357
f 1358 5357 5356
f 5364 5361 5363
f 1359 5363 5361
f 5371 5369 5370
f 1361 5370 5369
f 5378 5374 5376
f 1362 5376 5374
f 5383 5367 5382
f 1363 5382 5367
f 5388 5385 5387
f 1365 5387 5385
f 5392 1367 5394
f 5393 5394 1367
f 5397 1368 5400
f 5399 5400 1368
f 5404 1370 5406
f 5405 5406 1370
f 5409 1371 5412
f 5411 5412 1371
f 5417 1373 5419
f 5418 5419 1373
f 5426 5422 5424
f 1374 5424 5422
f 5415 1375 5431
f 5430 5431 1375
f 5436 5433 5435
f 1377 5435 5433
f 5442 1380 5444
f 5443 5444 1380
f 5447 1381 5450
f 5449 5450 1381
f 5457 5455 5456
f 1383 5456 5455
f 5462 5459 5442
f 1380 5442 5459
f 5470 5468 5469
f 1387 5469 5468
f 1383 5455 5472
f 5474 5472 5455
f 5479 1389 5481
f 5480 5481 1389
f 5483 1387 5486
f 5468 5486 1387
f 1381 5490 5449
f 5491 5449 5490
f 5494 5492 5479
f 1389 5479 5492
f 5500 5498 5499
f 1393 5499 5498
f 5505 5506 1394
f 5503 1394 5506
f 5512 5510 5511
f 1396 5511 5510
f 5518 5515 5517
f 1397 5517 5515
f 5523 1399 5525
f 5524 5525 1399
f 5528 1400 5532
f 5530 5532 1400
f 5537 5521 5536
f 1401 5536 5521
f 5542 5539 5541
f 1403 5541 5539
f 5546 1405 5548
f 5547 5548 1405
f 5551 1406 5554
f 5553 5554 1406
f 5558 1408 5560
f 5559 5560 1408
f 5563 1409 5566
f 5565 5566 1409
f 5571 1411 5573
f 5572 5573 1411
f 5576 1412 5580
f 5578 5580 1412
f 5569 1413 5585
f 5584 5585 1413
f 5587 1415 5590
f 5589 5590 1415
f 5594 1417 5596
f 5595 5596 1417
f 5599 1418 5602
f 5601 5602 1418
f 5606 1420 5608
f 5607 5608 1420
f 5611 1421 5614
f 5613 5614 1421
f 5619 1423 5621
f 5620 5621 1423
f 5624 1424 5628
f 5626 5628 1424
f 5617 1425 5633
f 5632 5633 1425
f 5638 5635 5637
f 1427 5637 5635
f 5644 5642 5643
f 1429 5643 5642
f 5650 5647 5649
f 1430 5649 5647
f 5654 1432 5656
f 5655 5656 1432
f 5662 5659 5661
f 1433 5661 5659
f 5667 1435 5669
f 5668 5669 1435
f 5674 5671 2991
f 763 2991 5671
f 5679 5665 5678
f 1436 5678 5665
f 5682 5680 2978
f 760 2978 5680
f 5687 5688 1439
f 5686 1439 5688
f 5693 5694 1440
f 5691 1440 5694
f 5699 5700 1442
f 5698 1442 5700
f 5705 5706 1443
f 5703 1443 5706
f 5711 1445 5713
f 5712 5713 1445
f 5716 1446 5720
f 5718 5720 1446
f 5709 1447 5725
f 5724 5725 1447
f 5729 5730 1449
f 5727 1449 5730
f 1451 5735 5734
f 5736 5734 5735
f 5742 5739 5741
f 1452 5741 5739
f 5746 1454 5748
f 5747 5748 1454
f 1455 5753 5751
f 5754 5751 5753
f 5761 5759 5760
f 1457 5760 5759
f 5768 5764 5766
f 1458 5766 5764
f 5773 5757 5772
f 1459 5772 5757
f 5778 5775 5777
f 1461 5777 5775
f 5783 5784 1463
f 5782 1463 5784
f 5789 5790 1464
f 5787 1464 5790
f 5796 5794 5795
f 1466 5795 5794
f 5802 5799 5801
f 1467 5801 5799
f 5809 5807 5808
f 1469 5808 5807
f 5816 5812 5814
f 1470 5814 5812
f 5820 5821 1471
f 5805 1471 5821
f 5825 5826 1473
f 5823 1473 5826
f 5832 5830 5831
f 1475 5831 5830
f 5838 5835 5837
f 1476 5837 5835
f 1478 5843 5842
f 5844 5842 5843
f 5850 5847 5849
f 1479 5849 5847
f 5857 5855 5856
f 1481 5856 5855
f 5862 5859 3187
f 813 3187 5859
f 5867 5853 5866
f 1482 5866 5853
f 5870 5868 3174
f 810 3174 5868
f 5874 1485 5876
f 5875 5876 1485
f 5879 1486 5882
f 5881 5882 1486
f 5886 1488 5888
f 5887 5888 1488
f 5891 1489 5894
f 5893 5894 1489
f 5900 5901 1491
f 5899 1491 5901
f 5906 5908 1492
f 5904 1492 5908
f 5912 5913 1493
f 5897 1493 5913
f 5915 1495 5918
f 5917 5918 1495
f 5923 1497 5925
f 5924 5925 1497
f 5932 5928 5930
f 1498 5930 5928
f 5937 5938 1501
f 5936 1501 5938
f 5944 5941 5943
f 1502 5943 5941
f 5951 5949 5950
f 1504 5950 5949
f 1505 5956 5954
f 5958 5954 5956
f 5964 5947 5963
f 1506 5963 5947
f 5968 5970 1508
f 5966 1508 5970
f 1512 5977 5976
f 5978 5976 5977
f 5984 5981 5983
f 1513 5983 5981
f 5991 5992 1516
f 5990 1516 5992
f 5998 5995 5997
f 1517 5997 5995
f 6004 6005 1519
f 6003 1519 6005
f 6012 6008 6010
f 1520 6010 6008
f 6017 6001 6016
f 1521 6016 6001
f 6022 6019 6021
f 1523 6021 6019
f 6028 6026 6027
f 1525 6027 6026
f 1526 6033 6031
f 6034 6031 6033
f 6040 6038 6039
f 1528 6039 6038
f 6046 6043 6045
f 1529 6045 6043
f 6053 6051 6052
f 1531 6052 6051
f 865 3387 6055
f 6058 6055 3387
f 1532 6062 6049
f 6063 6049 6062
f 6066 6064 3374
f 862 3374 6064
f 6070 1535 6072
f 6071 6072 1535
f 6075 1536 6078
f 6077 6078 1536
f 6083 6084 1538
f 6082 1538 6084
f 6089 6090 1539
f 6087 1539 6090
f 6096 6097 1541
f 6095 1541 6097
f 6102 6104 1542
f 6100 1542 6104
f 6108 6109 1543
f 6093 1543 6109
f 6113 6114 1545
f 6111 1545 6114
f 6118 1547 6120
f 6119 6120 1547
f 6125 6126 1548
f 6123 1548 6126
f 6130 1550 6132
f 6131 6132 1550
f 6135 1551 6138
f 6137 6138 1551
f 1553 6144 6143
f 6145 6143 6144
f 6152 6148 6150
f 1554 6150 6148
f 6157 6141 6156
f 1555 6156 6141
f 6162 6159 6161
f 1557 6161 6159
f 6169 6167 6168
f 1559 6168 6167
f 6176 6172 6174
f 1560 6174 6172
f 1563 6181 6180
f 6182 6180 6181
f 1564 6187 6185
f 6188 6185 6187
f 6195 6193 6194
f 1566 6194 6193
f 907 3543 6197
f 6200 6197 3543
f 6206 6191 6205
f 1567 6205 6191
f 904 3530 6207
f 6210 6207 3530
f 6214 1571 6216
f 6215 6216 1571
f 6221 6222 1572
f 6219 1572 6222
f 6227 6196 6226
f 1566 6226 6196
f 6232 6229 6231
f 1574 6231 6229
f 6238 6183 6237
f 1563 6237 6183
f 6242 6239 6143
f 1553 6143 6239
f 6235 1576 6247
f 6246 6247 1576
f 6250 6248 6130
f 1550 6130 6248
f 6254 1579 6256
f 6255 6256 1579
f 6262 6259 6261
f 1580 6261 6259
f 6266 1582 6268
f 6267 6268 1582
f 6271 1583 6274
f 6273 6274 1583
f 6279 1585 6281
f 6280 6281 1585
f 6283 1508 6286
f 5965 6286 1508
f 6277 1586 6291
f 6290 6291 1586
f 6294 6292 5953
f 1505 5953 6292
f 6300 6298 6299
f 1589 6299 6298
f 6306 6303 6305
f 1590 6305 6303
f 1592 6311 6310
f 6312 6310 6311
f 1593 6317 6315
f 6318 6315 6317
f 1595 6324 6323
f 6325 6323 6324
f 1515 5985 6327
f 6330 6327 5985
f 1596 6334 6321
f 6335 6321 6334
f 6338 6336 5971
f 1511 5971 6336
f 6344 6342 6343
f 1599 6343 6342
f 6350 6347 6349
f 1600 6349 6347
f 1602 6355 6354
f 6356 6354 6355
f 6362 6359 6361
f 1603 6361 6359
f 6369 6367 6368
f 1605 6368 6367
f 951 3727 6371
f 6374 6371 3727
f 6379 6365 6378
f 1606 6378 6365
f 948 3714 6380
f 6382 6380 3714
f 6388 6386 6387
f 1609 6387 6386
f 6391 1610 6394
f 6393 6394 1610
f 6399 6370 6398
f 1605 6398 6370
f 6404 6401 6403
f 1612 6403 6401
f 6410 6357 6409
f 1602 6409 6357
f 6411 1595 6414
f 6323 6414 1595
f 6407 1614 6419
f 6418 6419 1614
f 6420 1592 6422
f 6310 6422 1592
f 6429 1618 6431
f 6430 6431 1618
f 6436 6438 1619
f 6434 1619 6438
f 6447 6445 6446
f 1623 6446 6445
f 6452 6449 6429
f 1618 6429 6449
f 6460 6436 6459
f 1619 6459 6436
f 6461 1623 6464
f 6445 6464 1623
f 6469 1629 6471
f 6470 6471 1629
f 6474 1630 6478
f 6476 6478 1630
f 3883 991 6483
f 6482 6483 991
f 6485 1633 6488
f 6487 6488 1633
f 6493 6494 988
f 3872 988 6494
f 6496 1635 6500
f 6498 6500 1635
f 6491 1636 6506
f 6505 6506 1636
f 6508 1638 6512
f 6510 6512 1638
f 6516 1641 6518
f 6517 6518 1641
f 1642 6523 6521
f 6524 6521 6523
f 6528 6529 1001
f 3927 1001 6529
f 6531 1644 6534
f 6533 6534 1644
f 3916 998 6540
f 6539 6540 998
f 6541 1143 6544
f 4511 6544 1143
f 6537 1646 6549
f 6548 6549 1646
f 6552 6550 4549
f 1153 4549 6550
f 1650 6559 6558
f 6560 6558 6559
f 6565 6566 1651
f 6563 1651 6566
f 1654 6573 6572
f 6574 6572 6573
f 6580 6577 6579
f 1655 6579 6577
f 6585 1657 6587
f 6586 6587 1657
f 6590 1658 6594
f 6592 6594 1658
f 6598 6599 1659
f 6583 1659 6599
f 6603 6604 1661
f 6601 1661 6604
f 6610 6611 1663
f 6609 1663 6611
f 6614 1664 6618
f 6616 6618 1664
f 6624 6622 6623
f 1667 6623 6622
f 1668 6629 6627
f 6630 6627 6629
f 6637 6635 6636
f 1670 6636 6635
f 6640 1671 6644
f 6642 6644 1671
f 6650 6633 6649
f 1672 6649 6633
f 6656 6652 6654
f 1674 6654 6652
f 6661 1677 6663
f 6662 6663 1677
f 6666 1678 6670
f 6668 6670 1678
f 4978 1262 6675
f 6674 6675 1262
f 6677 1681 6680
f 6679 6680 1681
f 5021 1273 6686
f 6685 6686 1273
f 6688 1683 6692
f 6690 6692 1683
f 6683 1684 6698
f 6697 6698 1684
f 6700 1686 6704
f 6702 6704 1686
f 6710 6708 6709
f 1689 6709 6708
f 6713 1690 6716
f 6715 6716 1690
f 6659 1679 6721
f 6720 6721 1679
f 6723 1692 6726
f 6725 6726 1692
f 1687 6731 6695
f 6732 6695 6731
f 6738 6734 6736
f 1694 6736 6734
f 1695 6742 6729
f 6743 6729 6742
f 6748 6745 6747
f 1697 6747 6745
f 6754 6752 6753
f 1699 6753 6752
f 6760 6757 6759
f 1700 6759 6757
f 6766 6764 6765
f 1702 6765 6764
f 6772 6769 6771
f 1703 6771 6769
f 1705 6778 6777
f 6779 6777 6778
f 1627 6463 6781
f 6784 6781 6463
f 6789 6775 6788
f 1706 6788 6775
f 6439 6792 1622
f 6790 1622 6792
f 6797 1709 6799
f 6798 6799 1709
f 6802 1710 6806
f 6804 6806 1710
f 5033 1277 6811
f 6810 6811 1277
f 6813 1713 6816
f 6815 6816 1713
f 6822 5073 6821
f 1287 6821 5073
f 6826 6823 6477
f 1631 6477 6823
f 1715 6831 6819
f 6832 6819 6831
f 1639 6511 6833
f 6836 6833 6511
f 6842 1720 6844
f 6843 6844 1720
f 1721 6849 6847
f 6850 6847 6849
f 6857 6638 6856
f 1670 6856 6638
f 6862 6859 6861
f 1724 6861 6859
f 6868 6625 6867
f 1667 6867 6625
f 6872 6869 6567
f 1653 6567 6869
f 6877 6865 6876
f 1726 6876 6865
f 1649 6553 6878
f 6880 6878 6553
f 6884 1729 6886
f 6885 6886 1729
f 6889 1730 6892
f 6891 6892 1730
f 1665 6896 6607
f 6897 6607 6896
f 6899 1732 6902
f 6901 6902 1732
f 6647 1675 6908
f 6907 6908 1675
f 6914 6910 6912
f 1734 6912 6910
f 6905 1735 6919
f 6918 6919 1735
f 6924 6921 6923
f 1737 6923 6921
f 1739 6929 6928
f 6930 6928 6929
f 1740 6935 6933
f 6936 6933 6935
f 6940 1742 6942
f 6941 6942 1742
f 6944 1739 6946
f 6928 6946 1739
f 6935 1740 6951
f 6950 6951 1740
f 6940 6954 1742
f 6952 1742 6954
f 6960 1746 6962
f 6961 6962 1746
f 6965 1747 6968
f 6967 6968 1747
f 6973 1749 6975
f 6974 6975 1749
f 6980 6977 6960
f 1746 6960 6977
f 6985 6967 6984
f 1747 6984 6967
f 6988 6986 6973
f 1749 6973 6986
f 6994 6992 6993
f 1753 6993 6992
f 1754 6999 6997
f 7000 6997 6999
f 1756 7005 7004
f 7006 7004 7005
f 7012 7009 7011
f 1757 7011 7009
f 7019 7017 7018
f 1759 7018 7017
f 7024 7021 4397
f 1115 4397 7021
f 7029 7015 7028
f 1760 7028 7015
f 4384 7032 1112
f 7030 1112 7032
f 7038 1764 7040
f 7039 7040 1764
f 7043 1765 7046
f 7045 7046 1765
f 4462 1130 7053
f 7052 7053 1130
f 7055 1768 7058
f 7057 7058 1768
f 7064 4450 7063
f 1127 7063 4450
f 7065 1759 7068
f 7017 7068 1759
f 7061 1770 7073
f 7072 7073 1770
f 7074 1756 7076
f 7004 7076 1756
f 7080 1773 7082
f 7081 7082 1773
f 7088 7085 7087
f 1774 7087 7085
f 1776 7093 7092
f 7094 7092 7093
f 7098 7096 7080
f 1773 7080 7096
f 7087 1774 7103
f 7102 7103 1774
f 7104 1776 7106
f 7092 7106 1776
f 1780 1787 451
f 1786 451 1787
f 1793 1794 116
f 1792 116 1794
f 1802 1801 1796
f 455 1796 1801
f 1808 1807 1788
f 117 1788 1807
f 1815 1814 1809
f 459 1809 1814
f 1822 1820 1821
f 115 1821 1820
f 1828 1827 1823
f 462 1823 1827
f 1833 1834 18
f 1832 18 1834
f 1841 1840 1835
f 466 1835 1840
f 1847 1848 120
f 1846 120 1848
f 1854 1853 1849
f 469 1849 1853
f 1860 1859 1842
f 121 1842 1859
f 1867 1866 1861
f 473 1861 1866
f 1874 1872 1873
f 119 1873 1872
f 1880 1879 1875
f 476 1875 1879
f 1886 1884 1885
f 17 1885 1884
f 1888 1894 480
f 1893 480 1894
f 1900 1899 1803
f 114 1803 1899
f 1902 1908 484
f 1907 484 1908
f 1895 1914 125
f 1913 125 1914
f 1921 1920 1915
f 488 1915 1920
f 1928 1926 1927
f 124 1927 1926
f 1929 1933 490
f 1932 490 1933
f 1938 1937 1816
f 16 1816 1937
f 1946 1945 1940
f 494 1940 1945
f 1952 1951 1909
f 123 1909 1951
f 1954 1960 498
f 1959 498 1960
f 1966 1965 1947
f 129 1947 1965
f 1973 1972 1967
f 502 1967 1972
f 1980 1978 1979
f 128 1979 1978
f 1985 1984 1981
f 504 1981 1984
f 1990 1989 1922
f 21 1922 1989
f 1997 1996 1991
f 508 1991 1996
f 2004 2002 2003
f 132 2003 2002
f 2010 2009 2005
f 511 2005 2009
f 2016 2015 1998
f 133 1998 2015
f 2017 2023 515
f 2022 515 2023
f 2030 2028 2029
f 131 2029 2028
f 2036 2035 2031
f 518 2031 2035
f 2042 2040 2041
f 20 2041 2040
f 2048 2047 2043
f 521 2043 2047
f 2054 2053 1855
f 118 1855 2053
f 2059 2058 2055
f 523 2055 2058
f 2064 2063 2049
f 135 2049 2063
f 2070 2069 2065
f 526 2065 2069
f 2076 2074 2075
f 134 2075 2074
f 2081 2080 2077
f 528 2077 2080
f 2086 2085 1868
f 5 1868 2085
f 2088 2094 532
f 2093 532 2094
f 1961 2100 127
f 2099 127 2100
f 2102 2108 536
f 2107 536 2108
f 2095 2114 139
f 2113 139 2114
f 2115 2121 540
f 2120 540 2121
f 2128 2126 2127
f 138 2127 2126
f 2129 2133 542
f 2132 542 2133
f 2138 2137 1974
f 19 1974 2137
f 2139 2144 545
f 2143 545 2144
f 2011 2150 130
f 2149 130 2150
f 2151 2156 548
f 2155 548 2156
f 2145 2162 142
f 2161 142 2162
f 2163 2169 552
f 2168 552 2169
f 2175 2176 141
f 2174 141 2176
f 2177 2181 554
f 2180 554 2181
f 2024 2186 6
f 2185 6 2186
f 2187 2192 557
f 2191 557 2192
f 2197 131 2198
f 2028 2198 131
f 2199 2204 560
f 2203 560 2204
f 2209 145 2210
f 2193 2210 145
f 2216 564 2217
f 2211 2217 564
f 2223 2224 144
f 2222 144 2224
f 2225 2229 566
f 2228 566 2229
f 2040 2234 20
f 2233 20 2234
f 2235 2240 569
f 2239 569 2240
f 2074 2246 134
f 2245 134 2246
f 572 2247 2251
f 2252 2251 2247
f 147 2241 2257
f 2258 2257 2241
f 2265 2264 2259
f 575 2259 2264
f 2270 1881 2269
f 119 2269 1881
f 2275 2274 2271
f 576 2271 2274
f 2278 1869 2085
f 5 2085 1869
f 2287 2286 2280
f 581 2280 2286
f 2293 2294 151
f 2292 151 2294
f 2302 2301 2296
f 585 2296 2301
f 2308 2307 2288
f 152 2288 2307
f 2309 2315 589
f 2314 589 2315
f 2321 2322 150
f 2320 150 2322
f 2323 2328 592
f 2327 592 2328
f 2333 2334 25
f 2332 25 2334
f 2342 2341 2336
f 596 2336 2341
f 2348 2347 2303
f 149 2303 2347
f 2350 2356 600
f 2355 600 2356
f 2343 2362 156
f 2361 156 2362
f 2363 2369 604
f 2368 604 2369
f 2376 2374 2375
f 155 2375 2374
f 2377 2381 606
f 2380 606 2381
f 2316 2386 29
f 2385 29 2386
f 2393 2392 2387
f 610 2387 2392
f 2399 2400 159
f 2398 159 2400
f 2406 2405 2401
f 613 2401 2405
f 2412 2411 2394
f 160 2394 2411
f 2419 2418 2413
f 617 2413 2418
f 2426 2424 2425
f 158 2425 2424
f 2432 2431 2427
f 620 2427 2431
f 2437 2438 28
f 2436 28 2438
f 2439 2445 624
f 2444 624 2445
f 2451 2452 162
f 2450 162 2452
f 2453 2457 626
f 2456 626 2457
f 2446 2462 163
f 2461 163 2462
f 2463 2468 629
f 2467 629 2468
f 2473 2474 161
f 2472 161 2474
f 2475 2480 632
f 2479 632 2480
f 2485 2486 8
f 2484 8 2486
f 2488 2494 636
f 2493 636 2494
f 2357 2500 154
f 2499 154 2500
f 2502 2508 640
f 2507 640 2508
f 2495 2514 167
f 2513 167 2514
f 2515 2521 644
f 2520 644 2521
f 2527 2528 166
f 2526 166 2528
f 2529 2533 646
f 2532 646 2533
f 2370 2538 27
f 2537 27 2538
f 2544 2543 2539
f 649 2539 2543
f 2550 2549 2407
f 157 2407 2549
f 2556 2555 2551
f 652 2551 2555
f 2562 2561 2545
f 170 2545 2561
f 2563 2569 656
f 2568 656 2569
f 2575 2576 169
f 2574 169 2576
f 2581 2580 2577
f 658 2577 2580
f 2586 2585 2420
f 7 2420 2585
f 2588 2595 663
f 2594 663 2595
f 2600 174 2602
f 2601 2602 174
f 2603 2609 666
f 2608 666 2609
f 2613 2614 171
f 2593 171 2614
f 2622 2621 2616
f 669 2616 2621
f 2626 2607 2091
f 136 2091 2607
f 2628 2635 673
f 2634 673 2635
f 2639 2640 172
f 2620 172 2640
f 2648 2647 2642
f 676 2642 2647
f 2652 2633 2651
f 173 2651 2633
f 2653 2659 680
f 2658 680 2659
f 2665 2666 178
f 2664 178 2666
f 2667 2672 683
f 2671 683 2672
f 2660 2678 179
f 2677 179 2678
f 2679 2685 687
f 2684 687 2685
f 2691 2692 177
f 2690 177 2692
f 2693 2698 690
f 2697 690 2698
f 2703 2704 33
f 2702 33 2704
f 693 2705 2709
f 2710 2709 2705
f 2716 2715 2690
f 177 2690 2715
f 696 2717 2721
f 2722 2721 2717
f 182 2711 2727
f 2728 2727 2711
f 2729 2735 700
f 2734 700 2735
f 181 2741 2740
f 2742 2740 2741
f 702 2743 2746
f 2747 2746 2743
f 2752 2751 2702
f 33 2702 2751
f 706 2753 2758
f 2759 2758 2753
f 185 2765 2764
f 2766 2764 2765
f 2767 2772 708
f 2771 708 2772
f 2723 2776 180
f 2757 180 2776
f 711 2778 2783
f 2784 2783 2778
f 162 2477 2770
f 2788 2770 2477
f 2790 2797 715
f 2796 715 2797
f 2801 2802 183
f 2782 183 2802
f 2804 2810 718
f 2809 718 2810
f 2813 2814 184
f 2795 184 2814
f 2821 2820 2815
f 722 2815 2820
f 2827 2828 189
f 2826 189 2828
f 2829 2834 725
f 2833 725 2834
f 2822 2840 190
f 2839 190 2840
f 729 2841 2846
f 2847 2846 2841
f 2853 2854 188
f 2852 188 2854
f 2855 2860 732
f 2859 732 2860
f 2865 2866 39
f 2864 39 2866
f 2872 2871 2867
f 735 2867 2871
f 2878 2877 2835
f 187 2835 2877
f 2884 2883 2879
f 738 2879 2883
f 2890 2889 2873
f 193 2873 2889
f 2897 2896 2891
f 742 2891 2896
f 192 2903 2902
f 2904 2902 2903
f 2909 2908 2905
f 744 2905 2908
f 2914 2913 2848
f 40 2848 2913
f 2920 2919 2915
f 747 2915 2919
f 2926 2925 2885
f 191 2885 2925
f 750 2927 2931
f 2932 2931 2927
f 2938 2937 2921
f 196 2921 2937
f 2945 2944 2939
f 754 2939 2944
f 195 2951 2950
f 2952 2950 2951
f 2957 2956 2953
f 756 2953 2956
f 38 2898 2961
f 2962 2961 2898
f 2963 2968 759
f 2967 759 2968
f 2933 2974 194
f 2973 194 2974
f 2975 2980 762
f 2979 762 2980
f 2969 2986 199
f 2985 199 2986
f 2987 2993 766
f 2992 766 2993
f 3000 2998 2999
f 198 2999 2998
f 3001 3005 768
f 3004 768 3005
f 41 2946 3009
f 3010 3009 2946
f 3017 3016 3011
f 772 3011 3016
f 3024 3022 3023
f 202 3023 3022
f 3030 3029 3025
f 775 3025 3029
f 3036 3035 3018
f 203 3018 3035
f 779 3037 3042
f 3043 3042 3037
f 201 3049 3048
f 3050 3048 3049
f 3056 3055 3051
f 782 3051 3055
f 3062 3060 3061
f 45 3061 3060
f 3063 3068 785
f 3067 785 3068
f 3073 200 3074
f 3031 3074 200
f 3075 3080 788
f 3079 788 3080
f 3069 3086 206
f 3085 206 3086
f 3087 3093 792
f 3092 792 3093
f 3098 205 3100
f 3099 3100 205
f 3104 794 3105
f 3101 3105 794
f 44 3044 3109
f 3110 3109 3044
f 3116 3115 3111
f 797 3111 3115
f 3081 3122 204
f 3121 204 3122
f 3128 3127 3123
f 800 3123 3127
f 3134 3133 3117
f 209 3117 3133
f 3140 804 3141
f 3135 3141 804
f 3147 3148 208
f 3146 208 3148
f 3149 3153 806
f 3152 806 3153
f 3094 3158 46
f 3157 46 3158
f 3159 3164 809
f 3163 809 3164
f 3129 3170 207
f 3169 207 3170
f 3171 3176 812
f 3175 812 3176
f 3165 3182 212
f 3181 212 3182
f 3183 3189 816
f 3188 816 3189
f 3195 3196 211
f 3194 211 3196
f 3197 3201 818
f 3200 818 3201
f 3205 43 3206
f 3142 3206 43
f 822 3207 3212
f 3213 3212 3207
f 215 3219 3218
f 3220 3218 3219
f 3226 3225 3221
f 825 3221 3225
f 3232 3231 3214
f 216 3214 3231
f 3239 3238 3233
f 829 3233 3238
f 3246 3244 3245
f 214 3245 3244
f 832 3247 3251
f 3252 3251 3247
f 50 3257 3256
f 3258 3256 3257
f 3259 3265 836
f 3264 836 3265
f 3271 3272 219
f 3270 219 3272
f 3273 3278 839
f 3277 839 3278
f 3283 220 3284
f 3266 3284 220
f 3290 843 3291
f 3285 3291 843
f 3296 218 3298
f 3297 3298 218
f 3303 846 3304
f 3299 3304 846
f 3308 59 3310
f 3309 3310 59
f 3311 3316 849
f 3315 849 3316
f 3321 217 3322
f 3279 3322 217
f 3323 3328 852
f 3327 852 3328
f 3317 3334 223
f 3333 223 3334
f 3340 856 3341
f 3335 3341 856
f 3348 3346 3347
f 222 3347 3346
f 3349 3353 858
f 3352 858 3353
f 58 3292 3357
f 3358 3357 3292
f 3359 3364 861
f 3363 861 3364
f 3329 3370 221
f 3369 221 3370
f 3371 3376 864
f 3375 864 3376
f 3365 3382 226
f 3381 226 3382
f 3388 868 3389
f 3383 3389 868
f 3395 3396 225
f 3394 225 3396
f 3397 3401 870
f 3400 870 3401
f 3342 3406 48
f 3405 48 3406
f 874 3407 3412
f 3413 3412 3407
f 229 3419 3418
f 3420 3418 3419
f 3426 3425 3421
f 877 3421 3425
f 3432 3431 3414
f 230 3414 3431
f 3439 3438 3433
f 881 3433 3438
f 3446 3444 3445
f 228 3445 3444
f 3452 3451 3447
f 884 3447 3451
f 55 3457 3456
f 3458 3456 3457
f 3466 3465 3460
f 888 3460 3465
f 3472 3471 3427
f 227 3427 3471
f 3474 3480 892
f 3479 892 3480
f 3486 3485 3467
f 234 3467 3485
f 3487 3493 896
f 3492 896 3493
f 233 3499 3498
f 3500 3498 3499
f 898 3501 3504
f 3505 3504 3501
f 54 3440 3509
f 3510 3509 3440
f 3512 3518 902
f 3517 902 3518
f 3481 3524 232
f 3523 232 3524
f 3526 3532 906
f 3531 906 3532
f 3519 3538 238
f 3537 238 3538
f 3539 3545 910
f 3544 910 3545
f 3550 237 3552
f 3551 3552 237
f 3556 912 3557
f 3553 3557 912
f 3561 56 3562
f 3494 3562 56
f 3569 3568 3563
f 916 3563 3568
f 3576 3574 3575
f 239 3575 3574
f 918 3577 3580
f 3581 3580 3577
f 240 3570 3585
f 3586 3585 3570
f 3587 3592 920
f 3591 920 3592
f 3595 3596 237
f 3558 237 3596
f 3597 3602 922
f 3601 922 3602
f 3605 3606 53
f 3547 53 3606
f 3607 3613 926
f 3612 926 3613
f 243 3619 3618
f 3620 3618 3619
f 3621 3626 929
f 3625 929 3626
f 244 3614 3631
f 3632 3631 3614
f 933 3633 3638
f 3639 3638 3633
f 242 3645 3644
f 3646 3644 3645
f 936 3647 3651
f 3652 3651 3647
f 3658 3656 3657
f 57 3657 3656
f 3659 3664 939
f 3663 939 3664
f 241 3627 3669
f 3670 3669 3627
f 941 3671 3674
f 3675 3674 3671
f 3679 245 3680
f 3665 3680 245
f 3686 3685 3681
f 943 3681 3685
f 3690 3271 3689
f 219 3689 3271
f 3695 3694 3691
f 944 3691 3694
f 59 3640 3309
f 3698 3309 3640
f 3699 3704 947
f 3703 947 3704
f 3346 3710 222
f 3709 222 3710
f 3715 950 3716
f 3711 3716 950
f 3705 3722 248
f 3721 248 3722
f 3723 3729 954
f 3728 954 3729
f 3735 3736 247
f 3734 247 3736
f 3737 3741 956
f 3740 956 3741
f 3745 58 3746
f 3357 3746 58
f 960 3747 3752
f 3753 3752 3747
f 3759 3760 249
f 3758 249 3760
f 962 3761 3764
f 3765 3764 3761
f 250 3754 3769
f 3770 3769 3754
f 964 3771 3775
f 3776 3775 3771
f 3779 3780 247
f 3742 247 3780
f 3781 3786 966
f 3785 966 3786
f 3789 3790 60
f 3731 60 3790
f 3799 3798 3792
f 971 3792 3798
f 3806 3804 3805
f 253 3805 3804
f 975 3808 3814
f 3815 3814 3808
f 3819 3820 251
f 3797 251 3820
f 3822 3828 978
f 3827 978 3828
f 3831 3832 252
f 3813 252 3832
f 3840 3839 3834
f 982 3834 3839
f 3846 3845 2491
f 164 2491 3845
f 3854 3853 3848
f 986 3848 3853
f 3860 3859 3841
f 258 3841 3859
f 3867 3866 3861
f 990 3861 3866
f 3874 3872 3873
f 257 3873 3872
f 3879 3878 3875
f 992 3875 3878
f 3884 3883 2505
f 9 2505 3883
f 3885 3890 995
f 3889 995 3890
f 3896 3895 3855
f 256 3855 3895
f 3900 997 3901
f 3897 3901 997
f 260 3891 3905
f 3906 3905 3891
f 1000 3907 3911
f 3912 3911 3907
f 259 3917 3916
f 3918 3916 3917
f 1002 3919 3922
f 3923 3922 3919
f 3928 3927 3868
f 11 3868 3927
f 3934 1006 3935
f 3929 3935 1006
f 3940 263 3942
f 3941 3942 263
f 3948 3947 3943
f 1009 3943 3947
f 3954 3953 3936
f 264 3936 3953
f 3961 3960 3955
f 1013 3955 3960
f 262 3967 3966
f 3968 3966 3967
f 3969 3974 1016
f 3973 1016 3974
f 3979 3980 64
f 3978 64 3980
f 3988 3987 3982
f 1020 3982 3987
f 262 3966 3993
f 3994 3993 3966
f 3996 4002 1024
f 4001 1024 4002
f 268 3989 4007
f 4008 4007 3989
f 1028 4009 4014
f 4015 4014 4009
f 4021 4022 267
f 4020 267 4022
f 4026 1030 4027
f 4023 4027 1030
f 3978 4032 64
f 4031 64 4032
f 4040 4039 4034
f 1034 4034 4039
f 4046 4045 2673
f 176 2673 4045
f 4054 4053 4048
f 1038 4048 4053
f 4060 4059 4041
f 271 4041 4059
f 4067 4066 4061
f 1041 4061 4066
f 4072 2295 4071
f 148 4071 2295
f 4077 4076 4073
f 1042 4073 4076
f 4080 2279 2686
f 3 2686 2279
f 4085 1045 4086
f 4081 4086 1045
f 2619 4092 172
f 4091 172 4092
f 4093 4098 1048
f 4097 1048 4098
f 4103 273 4104
f 4087 4104 273
f 4105 4111 1051
f 4110 1051 4111
f 269 4115 4047
f 4116 4047 4115
f 1052 4117 4120
f 4121 4120 4117
f 2630 4124 12
f 4033 12 4124
f 4125 4130 1055
f 4129 1055 4130
f 4099 4136 272
f 4135 272 4136
f 4141 4140 4137
f 1057 4137 4140
f 4131 4146 275
f 4145 275 4146
f 4151 1060 4152
f 4147 4152 1060
f 4156 274 4158
f 4157 4158 274
f 4159 4163 1062
f 4162 1062 4163
f 4112 4168 67
f 4167 67 4168
f 1066 4170 4175
f 4176 4175 4170
f 4182 4181 4055
f 270 4055 4181
f 4189 4188 4184
f 1069 4184 4188
f 4194 4193 4177
f 277 4177 4193
f 4195 4200 1071
f 4199 1071 4200
f 4203 4204 153
f 2349 153 4204
f 4209 4208 4205
f 1072 4205 4208
f 4212 2335 4068
f 14 4068 2335
f 1076 4213 4218
f 4219 4218 4213
f 4226 4224 4225
f 278 4225 4224
f 4230 1078 4231
f 4227 4231 1078
f 4220 4236 279
f 4235 279 4236
f 4237 4242 1080
f 4241 1080 4242
f 4245 4246 267
f 4028 267 4246
f 4247 4252 1082
f 4251 1082 4252
f 4255 4256 65
f 4017 65 4256
f 1085 4257 4261
f 4262 4261 4257
f 4268 4267 3949
f 261 3949 4267
f 4273 1088 4274
f 4269 4274 1088
f 4280 4279 4263
f 281 4263 4279
f 4287 4286 4281
f 1091 4281 4286
f 4292 3995 4291
f 265 4291 3995
f 4297 4296 4293
f 1092 4293 4296
f 3962 4300 63
f 3981 63 4300
f 4305 1095 4306
f 4301 4306 1095
f 4275 4312 280
f 4311 280 4312
f 1097 4313 4317
f 4318 4317 4313
f 4322 4304 4249
f 278 4249 4304
f 4327 4326 4323
f 1098 4323 4326
f 4316 266 4330
f 4003 4330 266
f 1102 4331 4336
f 4337 4336 4331
f 284 4343 4342
f 4344 4342 4343
f 4346 4352 1105
f 4351 1105 4352
f 2998 4356 198
f 4335 198 4356
f 4364 4363 4358
f 1108 4358 4363
f 283 4367 4350
f 4368 4350 4367
f 4373 1111 4374
f 4369 4374 1111
f 4379 195 4380
f 2950 4380 195
f 4381 4386 1114
f 4385 1114 4386
f 4375 4392 288
f 4391 288 4392
f 4393 4399 1118
f 4398 1118 4399
f 4405 4406 287
f 4404 287 4406
f 4407 4411 1120
f 4410 1120 4411
f 4415 38 4416
f 2961 4416 38
f 1124 4417 4422
f 4423 4422 4417
f 290 4429 4428
f 4430 4428 4429
f 1126 4431 4434
f 4435 4434 4431
f 291 4424 4439
f 4440 4439 4424
f 1129 4441 4445
f 4446 4445 4441
f 289 4451 4450
f 4452 4450 4451
f 1132 4453 4457
f 4458 4457 4453
f 70 4463 4462
f 4464 4462 4463
f 4465 4470 1135
f 4469 1135 4470
f 188 2852 4475
f 4476 4475 2852
f 1138 4478 4483
f 4484 4483 4478
f 290 4455 4468
f 4488 4468 4455
f 4489 4494 1140
f 4493 1140 4494
f 4497 4498 292
f 4482 292 4498
f 4499 4505 1144
f 4504 1144 4505
f 4512 4510 4511
f 296 4511 4510
f 1147 4513 4517
f 4518 4517 4513
f 297 4506 4523
f 4524 4523 4506
f 1151 4525 4530
f 4531 4530 4525
f 295 4537 4536
f 4538 4536 4537
f 4544 4543 4539
f 1154 4539 4543
f 4550 4548 4549
f 72 4549 4548
f 4556 4555 4551
f 1157 4551 4555
f 4562 4561 4519
f 294 4519 4561
f 4568 4567 4563
f 1160 4563 4567
f 4574 4573 4557
f 300 4557 4573
f 4581 4580 4575
f 1164 4575 4580
f 4588 4586 4587
f 299 4587 4586
f 4593 4592 4589
f 1166 4589 4592
f 4598 4597 4532
f 82 4532 4597
f 4599 4605 1170
f 4604 1170 4605
f 4611 4612 303
f 4610 303 4612
f 1173 4613 4617
f 4618 4617 4613
f 4606 4624 304
f 4623 304 4624
f 1177 4625 4630
f 4631 4630 4625
f 302 4637 4636
f 4638 4636 4637
f 4639 4644 1180
f 4643 1180 4644
f 4649 4650 80
f 4648 80 4650
f 1184 4651 4656
f 4657 4656 4651
f 4663 4664 307
f 4662 307 4664
f 1187 4665 4669
f 4670 4669 4665
f 308 4658 4675
f 4676 4675 4658
f 1191 4677 4682
f 4683 4682 4677
f 4689 4690 306
f 4688 306 4690
f 4691 4696 1194
f 4695 1194 4696
f 4701 4702 74
f 4700 74 4702
f 1198 4704 4709
f 4710 4709 4704
f 305 4671 4715
f 4716 4715 4671
f 1202 4718 4723
f 4724 4723 4718
f 312 4711 4729
f 4730 4729 4711
f 1206 4731 4736
f 4737 4736 4731
f 4743 4744 311
f 4742 311 4744
f 1208 4745 4748
f 4749 4748 4745
f 83 4684 4753
f 4754 4753 4684
f 1211 4755 4759
f 4760 4759 4755
f 301 4619 4765
f 4766 4765 4619
f 1214 4767 4771
f 4772 4771 4767
f 314 4761 4777
f 4778 4777 4761
f 1217 4779 4784
f 4785 4784 4779
f 309 4789 4717
f 4790 4717 4789
f 1218 4791 4794
f 4795 4794 4791
f 85 4632 4703
f 4798 4703 4632
f 4799 4805 1222
f 4804 1222 4805
f 4811 4812 316
f 4810 316 4812
f 4813 4818 1225
f 4817 1225 4818
f 4806 4824 317
f 4823 317 4824
f 1228 4825 4830
f 4831 4830 4825
f 4835 4836 137
f 2119 137 4836
f 4837 4842 1230
f 4841 1230 4842
f 4845 4846 15
f 2106 15 4846
f 4847 4852 1233
f 4851 1233 4852
f 4819 4858 315
f 4857 315 4858
f 4859 4864 1236
f 4863 1236 4864
f 4853 4870 319
f 4869 319 4870
f 4871 4877 1239
f 4876 1239 4877
f 4881 4882 140
f 2167 140 4882
f 4883 4887 1240
f 4886 1240 4887
f 4832 4890 23
f 2154 23 4890
f 4895 1243 4896
f 4891 4896 1243
f 4865 4902 318
f 4901 318 4902
f 4903 4908 1246
f 4907 1246 4908
f 4913 321 4914
f 4897 4914 321
f 4915 4921 1249
f 4920 1249 4921
f 2215 143 4926
f 4925 4926 143
f 4927 4931 1250
f 4930 1250 4931
f 4878 4934 22
f 2202 22 4934
f 4940 4939 4935
f 1253 4935 4939
f 4909 4946 320
f 4945 320 4946
f 1255 4947 4950
f 4951 4950 4947
f 322 4941 4955
f 4956 4955 4941
f 4962 4961 4957
f 1257 4957 4961
f 146 4965 2263
f 4966 2263 4965
f 4971 4970 4967
f 1258 4967 4970
f 4922 4974 24
f 2250 24 4974
f 1263 4976 4982
f 4983 4982 4976
f 4990 4988 4989
f 326 4989 4988
f 4992 4998 1267
f 4997 1267 4998
f 4984 5004 327
f 5003 327 5004
f 5005 5011 1271
f 5010 1271 5011
f 325 5017 5016
f 5018 5016 5017
f 5024 5023 5019
f 1274 5019 5023
f 5030 5028 5029
f 81 5029 5028
f 5037 5036 5031
f 1278 5031 5036
f 5042 330 5044
f 5043 5044 330
f 5045 5050 1281
f 5049 1281 5050
f 5038 5056 331
f 5055 331 5056
f 5057 5063 1285
f 5062 1285 5063
f 5069 5070 329
f 5068 329 5070
f 5071 5076 1288
f 5075 1288 5076
f 5081 5082 71
f 5080 71 5082
f 5084 5090 1292
f 5089 1292 5090
f 5096 5095 5051
f 328 5051 5095
f 1296 5098 5103
f 5104 5103 5098
f 5110 5109 5091
f 335 5091 5109
f 5117 5116 5111
f 1300 5111 5116
f 5124 5122 5123
f 334 5123 5122
f 5129 5128 5125
f 1302 5125 5128
f 5134 5133 5064
f 87 5064 5133
f 5136 5142 1306
f 5141 1306 5142
f 4999 5148 324
f 5147 324 5148
f 5150 5156 1310
f 5155 1310 5156
f 5143 5162 338
f 5161 338 5162
f 5163 5169 1313
f 5168 1313 5169
f 5173 5174 332
f 5097 332 5174
f 5175 5179 1314
f 5178 1314 5179
f 5012 5182 89
f 5083 89 5182
f 5183 5189 1318
f 5188 1318 5189
f 5195 5196 340
f 5194 340 5196
f 5197 5202 1321
f 5201 1321 5202
f 5190 5208 341
f 5207 341 5208
f 5209 5215 1324
f 5214 1324 5215
f 5219 5220 165
f 2519 165 5220
f 5221 5226 1326
f 5225 1326 5226
f 5229 5230 9
f 2506 9 5230
f 1329 5231 5235
f 5236 5235 5231
f 339 5203 5241
f 5242 5241 5203
f 1332 5243 5247
f 5248 5247 5243
f 343 5237 5253
f 5254 5253 5237
f 5255 5261 1335
f 5260 1335 5261
f 5265 5266 168
f 2567 168 5266
f 1336 5267 5270
f 5271 5270 5267
f 5216 5274 31
f 2554 31 5274
f 5276 5282 1340
f 5281 1340 5282
f 5287 171 5288
f 2592 5288 171
f 5297 5296 5290
f 1344 5290 5296
f 5302 5280 5301
f 344 5301 5280
f 5304 5311 1348
f 5310 1348 5311
f 5315 5316 345
f 5295 345 5316
f 5323 5322 5317
f 1351 5317 5322
f 5328 5309 5327
f 346 5327 5309
f 5329 5333 1352
f 5332 1352 5333
f 4839 5336 316
f 5321 316 5336
f 5338 5344 1356
f 5343 1356 5344
f 5294 5350 345
f 5349 345 5350
f 5352 5358 1360
f 5357 1360 5358
f 5345 5364 351
f 5363 351 5364
f 5365 5371 1364
f 5370 1364 5371
f 5377 5378 350
f 5376 350 5378
f 5379 5383 1366
f 5382 1366 5383
f 5306 5388 79
f 5387 79 5388
f 5394 5393 5389
f 1369 5389 5393
f 5400 5399 4980
f 323 4980 5399
f 5406 5405 5401
f 1372 5401 5405
f 5412 5411 5395
f 354 5395 5411
f 5419 5418 5413
f 1376 5413 5418
f 5425 5426 353
f 5424 353 5426
f 5431 5430 5427
f 1378 5427 5430
f 5436 5435 4995
f 86 4995 5435
f 5444 5443 5438
f 1382 5438 5443
f 5450 5449 5424
f 353 5424 5449
f 5451 5457 1385
f 5456 1385 5457
f 5461 5462 355
f 5442 355 5462
f 5464 5470 1388
f 5469 1388 5470
f 5455 184 5474
f 2794 5474 184
f 5481 5480 5475
f 1391 5475 5480
f 5486 5468 5485
f 356 5485 5468
f 5490 1392 5491
f 5487 5491 1392
f 5479 336 5494
f 5139 5494 336
f 5495 5500 1395
f 5499 1395 5500
f 344 5279 5505
f 5506 5505 5279
f 5507 5512 1398
f 5511 1398 5512
f 5501 5518 360
f 5517 360 5518
f 5525 5524 5519
f 1402 5519 5524
f 5532 5530 5531
f 359 5531 5530
f 5533 5537 1404
f 5536 1404 5537
f 5292 5542 91
f 5541 91 5542
f 5548 5547 5543
f 1407 5543 5547
f 5554 5553 5341
f 348 5341 5553
f 5560 5559 5555
f 1410 5555 5559
f 5566 5565 5549
f 363 5549 5565
f 5573 5572 5567
f 1414 5567 5572
f 5580 5578 5579
f 362 5579 5578
f 5585 5584 5581
f 1416 5581 5584
f 5590 5589 5355
f 90 5355 5589
f 5596 5595 5591
f 1419 5591 5595
f 5602 5601 5407
f 352 5407 5601
f 5608 5607 5603
f 1422 5603 5607
f 5614 5613 5597
f 366 5597 5613
f 5621 5620 5615
f 1426 5615 5620
f 5628 5626 5627
f 365 5627 5626
f 5633 5632 5629
f 1428 5629 5632
f 5420 5638 92
f 5637 92 5638
f 5639 5644 1431
f 5643 1431 5644
f 5649 355 5650
f 5441 5650 355
f 5651 5656 1434
f 5655 1434 5656
f 5645 5662 368
f 5661 368 5662
f 1437 5663 5668
f 5669 5668 5663
f 5673 5674 197
f 2991 197 5674
f 5675 5679 1438
f 5678 1438 5679
f 5453 5682 37
f 2978 37 5682
f 1441 5683 5687
f 5688 5687 5683
f 356 5467 5693
f 5694 5693 5467
f 1444 5695 5699
f 5700 5699 5695
f 371 5689 5705
f 5706 5705 5689
f 5713 5712 5707
f 1448 5707 5712
f 5720 5718 5719
f 370 5719 5718
f 5725 5724 5721
f 1450 5721 5724
f 78 5477 5729
f 5730 5729 5477
f 5731 5736 1453
f 5735 1453 5736
f 5157 5742 337
f 5741 337 5742
f 5748 5747 5743
f 1456 5743 5747
f 5737 5754 374
f 5753 374 5754
f 5760 1460 5761
f 5755 5761 1460
f 5767 5768 373
f 5766 373 5768
f 5769 5773 1462
f 5772 1462 5773
f 5170 5778 88
f 5777 88 5778
f 1465 5779 5783
f 5784 5783 5779
f 333 5105 5789
f 5790 5789 5105
f 5791 5796 1468
f 5795 1468 5796
f 377 5785 5801
f 5802 5801 5785
f 5803 5809 1472
f 5808 1472 5809
f 5815 5816 376
f 5814 376 5816
f 1474 5817 5820
f 5821 5820 5817
f 77 5118 5825
f 5826 5825 5118
f 5827 5832 1477
f 5831 1477 5832
f 5249 5838 342
f 5837 342 5838
f 5843 1480 5844
f 5839 5844 1480
f 5833 5850 379
f 5849 379 5850
f 5851 5857 1483
f 5856 1483 5857
f 5861 5862 210
f 3187 210 5862
f 5863 5867 1484
f 5866 1484 5867
f 5262 5870 30
f 3174 30 5870
f 5876 5875 5871
f 1487 5871 5875
f 5882 5881 5701
f 369 5701 5881
f 5888 5887 5883
f 1490 5883 5887
f 5894 5893 5877
f 382 5877 5893
f 1494 5895 5900
f 5901 5900 5895
f 381 5907 5906
f 5908 5906 5907
f 1496 5909 5912
f 5913 5912 5909
f 97 5714 5917
f 5918 5917 5714
f 5919 5925 1500
f 5924 1500 5925
f 5932 5930 5931
f 385 5931 5930
f 1503 5933 5937
f 5938 5937 5933
f 5926 5944 386
f 5943 386 5944
f 5945 5951 1507
f 5950 1507 5951
f 384 5957 5956
f 5958 5956 5957
f 5964 5963 5959
f 1510 5959 5963
f 105 5969 5968
f 5970 5968 5969
f 5972 5978 1514
f 5977 1514 5978
f 5797 5984 375
f 5983 375 5984
f 5992 5991 5986
f 1518 5986 5991
f 5997 390 5998
f 5979 5998 390
f 5999 6005 1522
f 6004 1522 6005
f 6011 6012 389
f 6010 389 6012
f 6013 6017 1524
f 6016 1524 6017
f 5810 6022 96
f 6021 96 6022
f 6023 6028 1527
f 6027 1527 6028
f 6033 378 6034
f 5845 6034 378
f 6035 6040 1530
f 6039 1530 6040
f 6029 6046 392
f 6045 392 6046
f 6052 1533 6053
f 6047 6053 1533
f 3387 224 6058
f 6057 6058 224
f 6062 1534 6063
f 6059 6063 1534
f 5858 6066 47
f 3374 47 6066
f 6072 6071 6067
f 1537 6067 6071
f 6078 6077 5889
f 380 5889 6077
f 6084 6083 6079
f 1540 6079 6083
f 395 6073 6089
f 6090 6089 6073
f 1544 6091 6096
f 6097 6096 6091
f 394 6103 6102
f 6104 6102 6103
f 1546 6105 6108
f 6109 6108 6105
f 100 5902 6113
f 6114 6113 5902
f 1549 6115 6119
f 6120 6119 6115
f 383 5939 6125
f 6126 6125 5939
f 6132 6131 6127
f 1552 6127 6131
f 6138 6137 6121
f 398 6121 6137
f 6144 1556 6145
f 6139 6145 1556
f 6151 6152 397
f 6150 397 6152
f 6153 6157 1558
f 6156 1558 6157
f 5952 6162 101
f 6161 101 6162
f 6163 6169 1562
f 6168 1562 6169
f 6175 6176 400
f 6174 400 6176
f 6181 1565 6182
f 6177 6182 1565
f 6170 6188 401
f 6187 401 6188
f 6189 6195 1568
f 6194 1568 6195
f 3543 236 6200
f 6199 6200 236
f 6201 6206 1570
f 6205 1570 6206
f 3530 32 6210
f 6209 6210 32
f 6216 6215 6211
f 1573 6211 6215
f 393 6085 6221
f 6222 6221 6085
f 6223 6227 1575
f 6226 1575 6227
f 6217 6232 402
f 6231 402 6232
f 6233 6238 1577
f 6237 1577 6238
f 6241 6242 396
f 6143 396 6242
f 6247 6246 6243
f 1578 6243 6246
f 6250 6130 6098
f 102 6098 6130
f 6256 6255 6251
f 1581 6251 6255
f 6203 6262 400
f 6261 400 6262
f 6268 6267 6263
f 1584 6263 6267
f 6274 6273 6257
f 404 6257 6273
f 6281 6280 6275
f 1587 6275 6280
f 6286 5965 6285
f 384 6285 5965
f 6291 6290 6287
f 1588 6287 6290
f 6165 6294 101
f 5953 101 6294
f 6295 6300 1591
f 6299 1591 6300
f 5749 6306 372
f 6305 372 6306
f 6311 1594 6312
f 6307 6312 1594
f 6317 406 6318
f 6301 6318 406
f 6324 1597 6325
f 6319 6325 1597
f 5985 387 6330
f 6329 6330 387
f 6334 1598 6335
f 6331 6335 1598
f 5762 6338 98
f 5971 98 6338
f 6339 6344 1601
f 6343 1601 6344
f 6041 6350 391
f 6349 391 6350
f 6351 6356 1604
f 6355 1604 6356
f 6345 6362 408
f 6361 408 6362
f 6363 6369 1607
f 6368 1607 6369
f 3727 246 6374
f 6373 6374 246
f 6375 6379 1608
f 6378 1608 6379
f 3714 52 6382
f 6054 6382 52
f 6388 6387 6383
f 1611 6383 6387
f 6394 6393 6269
f 403 6269 6393
f 6395 6399 1613
f 6398 1613 6399
f 6389 6404 409
f 6403 409 6404
f 6405 6410 1615
f 6409 1615 6410
f 6414 6323 6413
f 405 6413 6323
f 6419 6418 6415
f 1616 6415 6418
f 6422 6310 6282
f 105 6282 6310
f 6431 6430 6424
f 1621 6424 6430
f 6438 6436 6437
f 412 6437 6436
f 6440 6447 1625
f 6446 1625 6447
f 6451 6452 410
f 6429 410 6452
f 6460 6459 6454
f 1628 6454 6459
f 411 6463 6445
f 6464 6445 6463
f 6471 6470 6465
f 1632 6465 6470
f 6478 6476 6477
f 415 6477 6476
f 6483 6482 6479
f 1634 6479 6482
f 6488 6487 6472
f 416 6472 6487
f 6494 6493 6489
f 1637 6489 6493
f 6500 6498 6499
f 414 6499 6498
f 6506 6505 6501
f 1640 6501 6505
f 6512 6510 6511
f 106 6511 6510
f 6518 6517 6513
f 1643 6513 6517
f 6428 6524 410
f 6523 410 6524
f 6529 6528 6525
f 1645 6525 6528
f 6534 6533 6519
f 417 6519 6533
f 6540 6539 6535
f 1647 6535 6539
f 6544 4511 6543
f 296 6543 4511
f 6549 6548 6545
f 1648 6545 6548
f 4549 72 6552
f 6442 6552 72
f 6559 1652 6560
f 6554 6560 1652
f 6566 6565 6458
f 412 6458 6565
f 6568 6574 1656
f 6573 1656 6574
f 6561 6580 421
f 6579 421 6580
f 1660 6581 6586
f 6587 6586 6581
f 6594 6592 6593
f 420 6593 6592
f 1662 6595 6598
f 6599 6598 6595
f 106 6426 6603
f 6604 6603 6426
f 1666 6605 6610
f 6611 6610 6605
f 6618 6616 6617
f 424 6617 6616
f 6623 1669 6624
f 6619 6624 1669
f 6629 425 6630
f 6612 6630 425
f 6631 6637 1673
f 6636 1673 6637
f 6644 6642 6643
f 423 6643 6642
f 6645 6650 1676
f 6649 1676 6650
f 6655 6656 111
f 6654 111 6656
f 6663 6662 6657
f 1680 6657 6662
f 6670 6668 6669
f 427 6669 6668
f 6675 6674 6671
f 1682 6671 6674
f 6680 6679 6664
f 428 6664 6679
f 6686 6685 6681
f 1685 6681 6685
f 6692 6690 6691
f 426 6691 6690
f 6698 6697 6693
f 1688 6693 6697
f 6704 6702 6703
f 112 6703 6702
f 6709 1691 6710
f 6705 6710 1691
f 6716 6715 4693
f 307 4693 6715
f 6717 6721 1693
f 6720 1693 6721
f 6726 6725 6711
f 430 6711 6725
f 6731 1696 6732
f 6727 6732 1696
f 6737 6738 429
f 6736 429 6738
f 6742 1698 6743
f 6739 6743 1698
f 4653 6748 80
f 6747 80 6748
f 6749 6754 1701
f 6753 1701 6754
f 4641 6760 303
f 6759 303 6760
f 6761 6766 1704
f 6765 1704 6766
f 6755 6772 432
f 6771 432 6772
f 6778 1707 6779
f 6773 6779 1707
f 6783 6784 411
f 6463 411 6784
f 6785 6789 1708
f 6788 1708 6789
f 72 4601 6439
f 6792 6439 4601
f 6799 6798 6793
f 1712 6793 6798
f 6806 6804 6805
f 433 6805 6804
f 6811 6810 6807
f 1714 6807 6810
f 6816 6815 6800
f 434 6800 6815
f 6817 6822 1716
f 6821 1716 6822
f 6825 6826 415
f 6477 415 6826
f 6832 6831 6827
f 1718 6827 6831
f 106 6835 6511
f 6836 6511 6835
f 6844 6843 6838
f 1722 6838 6843
f 6849 431 6850
f 6767 6850 431
f 6852 6857 1725
f 6856 1725 6857
f 6845 6862 436
f 6861 436 6862
f 6863 6868 1727
f 6867 1727 6868
f 6871 6872 418
f 6567 418 6872
f 6873 6877 1728
f 6876 1728 6877
f 6553 107 6880
f 6780 6880 107
f 6886 6885 6881
f 1731 6881 6885
f 6892 6891 6829
f 433 6829 6891
f 1733 6893 6896
f 6897 6896 6893
f 6902 6901 6887
f 438 6887 6901
f 6908 6907 6903
f 1736 6903 6907
f 6913 6914 437
f 6912 437 6914
f 6919 6918 6915
f 1738 6915 6918
f 112 6795 6923
f 6924 6923 6795
f 6929 1741 6930
f 6925 6930 1741
f 6841 6936 435
f 6935 435 6936
f 1743 6937 6941
f 6942 6941 6937
f 6946 6928 6912
f 437 6912 6928
f 6951 6950 6947
f 1744 6947 6950
f 6642 6954 423
f 6940 423 6954
f 6962 6961 6956
f 1748 6956 6961
f 6968 6967 5657
f 367 5657 6967
f 6975 6974 6969
f 1751 6969 6974
f 6979 6980 440
f 6960 440 6980
f 6981 6985 1752
f 6984 1752 6985
f 4349 6988 283
f 6973 283 6988
f 6993 1755 6994
f 6989 6994 1755
f 6999 440 7000
f 6959 7000 440
f 7001 7006 1758
f 7005 1758 7006
f 6995 7012 443
f 7011 443 7012
f 7013 7019 1761
f 7018 1761 7019
f 7023 7024 286
f 4397 286 7024
f 7025 7029 1762
f 7028 1762 7029
f 68 6971 4384
f 7032 4384 6971
f 7040 7039 7034
f 1766 7034 7039
f 7046 7045 5561
f 361 5561 7045
f 7053 7052 7048
f 1769 7048 7052
f 7058 7057 7041
f 445 7041 7057
f 7064 7063 7059
f 1771 7059 7063
f 7068 7017 7067
f 442 7067 7017
f 7073 7072 7069
f 1772 7069 7072
f 7076 7004 5574
f 93 5574 7004
f 7077 7082 1775
f 7081 1775 7082
f 7087 444 7088
f 7037 7088 444
f 7089 7094 1777
f 7093 1777 7094
f 5513 7098 358
f 7080 358 7098
f 7103 7102 7099
f 1778 7099 7102
f 292 4481 7092
f 7106 7092 4481
f 113 1785 1784
f 1787 1784 1785
f 1781 451 1794
f 1790 1794 451
f 2 1800 1799
f 1802 1799 1800
f 455 1805 1797
f 1808 1797 1805
f 114 1813 1804
f 1815 1804 1813
f 459 1818 1810
f 1822 1810 1818
f 117 1811 1789
f 1828 1789 1811
f 462 1830 1824
f 1834 1824 1830
f 115 1839 1829
f 1841 1829 1839
f 466 1844 1836
f 1848 1836 1844
f 16 1852 1817
f 1854 1817 1852
f 469 1857 1850
f 1860 1850 1857
f 118 1865 1856
f 1867 1856 1865
f 473 1870 1862
f 1874 1862 1870
f 121 1863 1843
f 1880 1843 1863
f 476 1882 1876
f 1886 1876 1882
f 1891 122 1894
f 1892 1894 122
f 1889 480 1900
f 1897 1900 480
f 1905 13 1908
f 1906 1908 13
f 1903 484 1914
f 1911 1914 484
f 123 1919 1910
f 1921 1910 1919
f 488 1924 1916
f 1928 1916 1924
f 1896 125 1933
f 1917 1933 125
f 490 1935 1930
f 1938 1930 1935
f 1943 126 1946
f 1944 1946 126
f 494 1949 1941
f 1952 1941 1949
f 1957 4 1960
f 1958 1960 4
f 1955 498 1966
f 1963 1966 498
f 1962 127 1973
f 1971 1973 127
f 502 1976 1968
f 1980 1968 1976
f 129 1969 1948
f 1985 1948 1969
f 504 1987 1982
f 1990 1982 1987
f 128 1995 1986
f 1997 1986 1995
f 508 2000 1992
f 2004 1992 2000
f 19 2008 1975
f 2010 1975 2008
f 511 2013 2006
f 2016 2006 2013
f 2012 130 2023
f 2021 2023 130
f 515 2026 2018
f 2030 2018 2026
f 133 2019 1999
f 2036 1999 2019
f 518 2038 2032
f 2042 2032 2038
f 124 2046 1934
f 2048 1934 2046
f 521 2051 2044
f 2054 2044 2051
f 21 1993 1923
f 2059 1923 1993
f 523 2061 2056
f 2064 2056 2061
f 132 2033 2060
f 2070 2060 2033
f 526 2072 2066
f 2076 2066 2072
f 135 2067 2050
f 2081 2050 2067
f 528 2083 2078
f 2086 2078 2083
f 2091 136 2094
f 2092 2094 136
f 2089 532 2100
f 2097 2100 532
f 2105 15 2108
f 2106 2108 15
f 2103 536 2114
f 2111 2114 536
f 2110 137 2121
f 2119 2121 137
f 540 2124 2116
f 2128 2116 2124
f 2096 139 2133
f 2117 2133 139
f 2130 542 2138
f 2135 2138 542
f 2134 138 2144
f 2142 2144 138
f 2140 545 2150
f 2147 2150 545
f 2123 23 2156
f 2154 2156 23
f 2152 548 2162
f 2159 2162 548
f 2158 140 2169
f 2167 2169 140
f 2164 552 2176
f 2172 2176 552
f 2146 142 2181
f 2165 2181 142
f 2178 554 2186
f 2183 2186 554
f 2182 141 2192
f 2190 2192 141
f 2195 2198 557
f 2188 557 2198
f 2171 22 2204
f 2202 2204 22
f 2200 560 2210
f 2207 2210 560
f 2215 2217 143
f 2206 143 2217
f 2212 564 2224
f 2220 2224 564
f 2213 2229 145
f 2194 145 2229
f 2226 566 2234
f 2231 2234 566
f 2230 144 2240
f 2238 2240 144
f 2246 2236 2243
f 569 2243 2236
f 2219 24 2252
f 2250 2252 24
f 2258 2248 2255
f 572 2255 2248
f 146 2263 2254
f 2265 2254 2263
f 575 2267 2260
f 2270 2260 2267
f 147 2261 2242
f 2275 2242 2261
f 576 2276 2272
f 2278 2272 2276
f 148 2285 2284
f 2287 2284 2285
f 581 2290 2281
f 2294 2281 2290
f 14 2300 2299
f 2302 2299 2300
f 585 2305 2297
f 2308 2297 2305
f 149 2313 2304
f 2315 2304 2313
f 2310 589 2322
f 2318 2322 589
f 2289 152 2328
f 2311 2328 152
f 2324 592 2334
f 2330 2334 592
f 2340 2342 153
f 2339 153 2342
f 596 2345 2337
f 2348 2337 2345
f 2353 1 2356
f 2354 2356 1
f 2351 600 2362
f 2359 2362 600
f 2358 154 2369
f 2367 2369 154
f 2364 604 2376
f 2372 2376 604
f 2344 156 2381
f 2365 2381 156
f 2378 606 2386
f 2383 2386 606
f 155 2391 2382
f 2393 2382 2391
f 2388 610 2400
f 2396 2400 610
f 27 2404 2371
f 2406 2371 2404
f 613 2409 2402
f 2412 2402 2409
f 157 2417 2408
f 2419 2408 2417
f 617 2422 2414
f 2426 2414 2422
f 160 2415 2395
f 2432 2395 2415
f 620 2434 2428
f 2438 2428 2434
f 2329 150 2445
f 2443 2445 150
f 2440 624 2452
f 2448 2452 624
f 2317 29 2457
f 2389 2457 29
f 2454 626 2462
f 2459 2462 626
f 2458 159 2468
f 2429 2468 159
f 2464 629 2474
f 2470 2474 629
f 2447 163 2480
f 2465 2480 163
f 2476 632 2486
f 2482 2486 632
f 2491 164 2494
f 2492 2494 164
f 2489 636 2500
f 2497 2500 636
f 2505 9 2508
f 2506 2508 9
f 2503 640 2514
f 2511 2514 640
f 2510 165 2521
f 2519 2521 165
f 2516 644 2528
f 2524 2528 644
f 2496 167 2533
f 2517 2533 167
f 2530 646 2538
f 2535 2538 646
f 166 2542 2534
f 2544 2534 2542
f 649 2547 2540
f 2550 2540 2547
f 2523 31 2556
f 2554 2556 31
f 652 2559 2552
f 2562 2552 2559
f 2558 168 2569
f 2567 2569 168
f 2564 656 2576
f 2572 2576 656
f 170 2565 2546
f 2581 2546 2565
f 658 2583 2578
f 2586 2578 2583
f 2593 2595 171
f 2592 171 2595
f 2589 663 2602
f 2598 2602 663
f 2101 136 2609
f 2607 2609 136
f 2604 666 2614
f 2611 2614 666
f 172 2620 2619
f 2622 2619 2620
f 669 2624 2617
f 2626 2617 2624
f 2632 173 2635
f 2633 2635 173
f 2629 673 2640
f 2637 2640 673
f 2648 2646 2600
f 174 2600 2646
f 676 2649 2643
f 2652 2643 2649
f 2651 173 2659
f 2657 2659 173
f 2654 680 2666
f 2662 2666 680
f 2627 12 2672
f 2670 2672 12
f 2668 683 2678
f 2675 2678 683
f 2674 176 2685
f 2683 2685 176
f 2680 687 2692
f 2688 2692 687
f 2661 179 2698
f 2681 2698 179
f 2694 690 2704
f 2700 2704 690
f 2710 2293 2708
f 151 2708 2293
f 2716 2706 2713
f 693 2713 2706
f 2722 2333 2720
f 25 2720 2333
f 2728 2718 2725
f 696 2725 2718
f 2724 180 2735
f 2733 2735 180
f 2742 2730 2738
f 700 2738 2730
f 2747 2712 2731
f 182 2731 2712
f 702 2749 2744
f 2752 2744 2749
f 2759 2733 2757
f 180 2757 2733
f 2766 2754 2762
f 706 2762 2754
f 2770 2772 162
f 2451 162 2772
f 2774 2776 708
f 2768 708 2776
f 2784 2781 2782
f 183 2782 2781
f 2788 2779 2786
f 711 2786 2779
f 184 2795 2794
f 2797 2794 2795
f 2791 715 2802
f 2799 2802 715
f 2808 185 2810
f 2764 2810 185
f 2805 718 2814
f 2811 2814 718
f 174 2819 2601
f 2821 2601 2819
f 2816 722 2828
f 2824 2828 722
f 2641 35 2834
f 2832 2834 35
f 2830 725 2840
f 2837 2840 725
f 2847 2836 2845
f 187 2845 2836
f 2854 2842 2850
f 729 2850 2842
f 2823 190 2860
f 2843 2860 190
f 2856 732 2866
f 2862 2866 732
f 178 2870 2665
f 2872 2665 2870
f 735 2875 2868
f 2878 2868 2875
f 33 2882 2703
f 2884 2703 2882
f 738 2887 2880
f 2890 2880 2887
f 191 2895 2886
f 2897 2886 2895
f 2904 2892 2900
f 742 2900 2892
f 193 2893 2874
f 2909 2874 2893
f 744 2911 2906
f 2914 2906 2911
f 2920 2748 2918
f 181 2918 2748
f 747 2923 2916
f 2926 2916 2923
f 2737 36 2932
f 2930 2932 36
f 2938 2928 2935
f 750 2935 2928
f 2945 2934 2943
f 194 2943 2934
f 754 2948 2940
f 2952 2940 2948
f 196 2941 2922
f 2957 2922 2941
f 2962 2954 2959
f 756 2959 2954
f 2966 2968 185
f 2765 185 2968
f 2964 759 2974
f 2971 2974 759
f 2803 37 2980
f 2978 2980 37
f 2976 762 2986
f 2983 2986 762
f 2982 197 2993
f 2991 2993 197
f 766 2996 2988
f 3000 2988 2996
f 2970 199 3005
f 2989 3005 199
f 3002 768 3010
f 3007 3010 768
f 183 3015 2801
f 3017 2801 3015
f 772 3020 3012
f 3024 3012 3020
f 8 3028 2777
f 3030 2777 3028
f 3036 3026 3033
f 775 3033 3026
f 3043 3032 3041
f 200 3041 3032
f 3050 3038 3046
f 779 3046 3038
f 203 3039 3019
f 3056 3019 3039
f 782 3058 3052
f 3062 3052 3058
f 2481 161 3068
f 3066 3068 161
f 3064 785 3074
f 3071 3074 785
f 2469 28 3080
f 3078 3080 28
f 3076 788 3086
f 3083 3086 788
f 3082 204 3093
f 3091 3093 204
f 3096 3100 792
f 3088 792 3100
f 3070 206 3105
f 3089 3105 206
f 3110 3102 3107
f 794 3107 3102
f 158 3114 2433
f 3116 2433 3114
f 797 3119 3112
f 3122 3112 3119
f 7 3126 2421
f 3128 2421 3126
f 800 3131 3124
f 3134 3124 3131
f 3130 207 3141
f 3139 3141 207
f 3136 804 3148
f 3144 3148 804
f 209 3137 3118
f 3153 3118 3137
f 3150 806 3158
f 3155 3158 806
f 2582 169 3164
f 3162 3164 169
f 3160 809 3170
f 3167 3170 809
f 2571 30 3176
f 3174 3176 30
f 3172 812 3182
f 3179 3182 812
f 3178 210 3189
f 3187 3189 210
f 3184 816 3196
f 3192 3196 816
f 3166 212 3201
f 3185 3201 212
f 3203 3206 818
f 3198 818 3206
f 3213 3057 3211
f 201 3211 3057
f 3220 3208 3216
f 822 3216 3208
f 44 3224 3045
f 3226 3045 3224
f 825 3229 3222
f 3232 3222 3229
f 213 3237 3228
f 3239 3228 3237
f 829 3242 3234
f 3246 3234 3242
f 3252 3215 3235
f 216 3235 3215
f 3258 3248 3254
f 832 3254 3248
f 3106 205 3265
f 3263 3265 205
f 3260 836 3272
f 3268 3272 836
f 3095 46 3278
f 3276 3278 46
f 3281 3284 839
f 3274 839 3284
f 3289 3291 217
f 3280 217 3291
f 3294 3298 843
f 3286 843 3298
f 3287 3304 220
f 3267 220 3304
f 3306 3310 846
f 3300 846 3310
f 3154 208 3316
f 3314 3316 208
f 3312 849 3322
f 3319 3322 849
f 3143 43 3328
f 3326 3328 43
f 3324 852 3334
f 3331 3334 852
f 3330 221 3341
f 3339 3341 221
f 3336 856 3348
f 3344 3348 856
f 3337 3353 223
f 3318 223 3353
f 3358 3350 3355
f 858 3355 3350
f 3362 3364 211
f 3202 211 3364
f 3360 861 3370
f 3367 3370 861
f 3191 47 3376
f 3374 3376 47
f 3379 3382 864
f 3372 864 3382
f 3387 3389 224
f 3378 224 3389
f 3392 3396 868
f 3384 868 3396
f 3366 226 3401
f 3385 3401 226
f 3398 870 3406
f 3403 3406 870
f 3413 3253 3411
f 214 3411 3253
f 3420 3408 3416
f 874 3416 3408
f 49 3424 3241
f 3426 3241 3424
f 877 3429 3422
f 3432 3422 3429
f 227 3437 3428
f 3439 3428 3437
f 881 3442 3434
f 3446 3434 3442
f 230 3435 3415
f 3452 3415 3435
f 3458 3448 3454
f 884 3454 3448
f 231 3464 3463
f 3466 3463 3464
f 888 3469 3461
f 3472 3461 3469
f 3477 51 3480
f 3478 3480 51
f 3475 892 3486
f 3483 3486 892
f 3482 232 3493
f 3491 3493 232
f 3496 3500 896
f 3488 896 3500
f 3505 3468 3489
f 234 3489 3468
f 3510 3502 3507
f 898 3507 3502
f 3515 235 3518
f 3516 3518 235
f 3513 902 3524
f 3521 3524 902
f 3530 3532 32
f 3529 32 3532
f 3527 906 3538
f 3535 3538 906
f 3543 3545 236
f 3534 236 3545
f 3540 910 3552
f 3548 3552 910
f 3520 238 3557
f 3541 3557 238
f 3559 3562 912
f 3554 912 3562
f 228 3567 3453
f 3569 3453 3567
f 916 3572 3564
f 3576 3564 3572
f 3581 3441 3509
f 54 3509 3441
f 3586 3578 3583
f 918 3583 3578
f 3582 233 3592
f 3498 3592 233
f 3588 920 3596
f 3593 3596 920
f 3571 240 3602
f 3589 3602 240
f 3598 922 3606
f 3603 3606 922
f 3525 235 3613
f 3611 3613 235
f 926 3616 3608
f 3620 3608 3616
f 3511 51 3626
f 3624 3626 51
f 3632 3622 3629
f 929 3629 3622
f 3639 3628 3637
f 241 3637 3628
f 3646 3634 3642
f 933 3642 3634
f 3652 3615 3635
f 244 3635 3615
f 936 3654 3648
f 3658 3648 3654
f 3662 3664 231
f 3473 231 3664
f 3660 939 3670
f 3667 3670 939
f 3675 3459 3240
f 49 3240 3459
f 941 3677 3672
f 3680 3672 3677
f 213 3227 3676
f 3686 3676 3227
f 3687 3690 943
f 3682 943 3690
f 3683 3695 245
f 3666 245 3695
f 944 3696 3692
f 3698 3692 3696
f 3402 225 3704
f 3702 3704 225
f 3700 947 3710
f 3707 3710 947
f 3714 3716 52
f 3391 52 3716
f 3712 950 3722
f 3719 3722 950
f 3727 3729 246
f 3718 246 3729
f 3724 954 3736
f 3732 3736 954
f 3706 248 3741
f 3725 3741 248
f 3738 956 3746
f 3743 3746 956
f 3753 3653 3751
f 242 3751 3653
f 3760 3748 3756
f 960 3756 3748
f 3765 3641 3308
f 59 3308 3641
f 3770 3762 3767
f 962 3767 3762
f 3776 3766 3296
f 218 3296 3766
f 3772 964 3780
f 3777 3780 964
f 3755 250 3786
f 3773 3786 250
f 3782 966 3790
f 3787 3790 966
f 3799 3796 3797
f 251 3797 3796
f 971 3802 3793
f 3806 3793 3802
f 252 3813 3812
f 3815 3812 3813
f 3820 3809 3817
f 975 3817 3809
f 3826 253 3828
f 3804 3828 253
f 3823 978 3832
f 3829 3832 978
f 255 3838 3837
f 3840 3837 3838
f 982 3843 3835
f 3846 3835 3843
f 61 3852 3851
f 3854 3851 3852
f 986 3857 3849
f 3860 3849 3857
f 256 3865 3856
f 3867 3856 3865
f 990 3870 3862
f 3874 3862 3870
f 258 3863 3842
f 3879 3842 3863
f 992 3881 3876
f 3884 3876 3881
f 3805 253 3890
f 3888 3890 253
f 3896 3886 3893
f 995 3893 3886
f 2 1799 3821
f 3901 3821 1799
f 3906 3898 3903
f 997 3903 3898
f 3912 3902 1784
f 113 1784 3902
f 3918 3908 3914
f 1000 3914 3908
f 3923 3892 3909
f 260 3909 3892
f 3928 3920 3925
f 1002 3925 3920
f 3935 3819 3933
f 251 3933 3819
f 3938 3942 1006
f 3930 1006 3942
f 61 3946 3791
f 3948 3791 3946
f 1009 3951 3944
f 3954 3944 3951
f 3961 3950 3959
f 261 3959 3950
f 1013 3964 3956
f 3968 3956 3964
f 3937 264 3974
f 3957 3974 264
f 3970 1016 3980
f 3976 3980 1016
f 3988 3985 3986
f 265 3986 3985
f 1020 3991 3983
f 3994 3983 3991
f 3999 66 4002
f 4000 4002 66
f 3997 1024 4008
f 4005 4008 1024
f 4015 4004 4013
f 266 4013 4004
f 4010 1028 4022
f 4018 4022 1028
f 4011 4027 268
f 3990 268 4027
f 4029 4032 1030
f 4024 1030 4032
f 269 4038 4037
f 4040 4037 4038
f 1034 4043 4035
f 4046 4035 4043
f 4054 4051 4052
f 67 4052 4051
f 1038 4057 4049
f 4060 4049 4057
f 270 4065 4056
f 4067 4056 4065
f 1041 4069 4062
f 4072 4062 4069
f 271 4063 4042
f 4077 4042 4063
f 1042 4078 4074
f 4080 4074 4078
f 4084 4086 126
f 1953 126 4086
f 4089 4092 1045
f 4082 1045 4092
f 1939 13 4098
f 4096 4098 13
f 4101 4104 1048
f 4094 1048 4104
f 4100 272 4111
f 4109 4111 272
f 4113 4116 1051
f 4106 1051 4116
f 4121 4088 4107
f 273 4107 4088
f 4118 1052 4124
f 4122 4124 1052
f 1901 122 4130
f 4128 4130 122
f 4126 1055 4136
f 4133 4136 1055
f 2 3824 1887
f 4141 1887 3824
f 4138 1057 4146
f 4143 4146 1057
f 4142 252 4152
f 3812 4152 252
f 4154 4158 1060
f 4148 1060 4158
f 4132 275 4163
f 4149 4163 275
f 4160 1062 4168
f 4165 4168 1062
f 276 4174 4173
f 4176 4173 4174
f 1066 4179 4171
f 4182 4171 4179
f 61 3851 4187
f 4189 4187 3851
f 1069 4191 4185
f 4194 4185 4191
f 4190 255 4200
f 3837 4200 255
f 4196 1071 4204
f 4201 4204 1071
f 277 4197 4178
f 4209 4178 4197
f 1072 4210 4206
f 4212 4206 4210
f 4217 4219 274
f 4164 274 4219
f 1076 4222 4214
f 4226 4214 4222
f 3931 4231 62
f 4153 62 4231
f 4228 1078 4236
f 4233 4236 1078
f 4232 263 4242
f 3971 4242 263
f 4238 1080 4246
f 4243 4246 1080
f 4221 279 4252
f 4239 4252 279
f 4248 1082 4256
f 4253 4256 1082
f 276 4260 4183
f 4262 4183 4260
f 4268 4258 4265
f 1085 4265 4258
f 67 4272 4169
f 4274 4169 4272
f 4277 4280 1088
f 4270 1088 4280
f 4276 280 4287
f 4285 4287 280
f 1091 4289 4282
f 4292 4282 4289
f 281 4283 4264
f 4297 4264 4283
f 1092 4298 4294
f 4300 4294 4298
f 4225 278 4306
f 4304 4306 278
f 4309 4312 1095
f 4302 1095 4312
f 4013 266 4318
f 4316 4318 266
f 1097 4320 4314
f 4322 4314 4320
f 280 4311 4285
f 4327 4285 4311
f 1098 4328 4324
f 4330 4324 4328
f 198 4335 3006
f 4337 3006 4335
f 4344 4332 4340
f 1102 4340 4332
f 4349 283 4352
f 4350 4352 283
f 4347 1105 4356
f 4354 4356 1105
f 4362 284 4364
f 4342 4364 284
f 4368 4359 4365
f 1108 4365 4359
f 4372 4374 284
f 4343 284 4374
f 4377 4380 1111
f 4370 1111 4380
f 68 4384 4357
f 4386 4357 4384
f 4382 1114 4392
f 4389 4392 1114
f 4388 286 4399
f 4397 4399 286
f 4394 1118 4406
f 4402 4406 1118
f 4376 288 4411
f 4395 4411 288
f 4408 1120 4416
f 4413 4416 1120
f 4423 2910 4421
f 192 4421 2910
f 4430 4418 4426
f 1124 4426 4418
f 4435 2899 4415
f 38 4415 2899
f 4440 4432 4437
f 1126 4437 4432
f 4446 4436 4404
f 287 4404 4436
f 4452 4442 4448
f 1129 4448 4442
f 4458 4425 4443
f 291 4443 4425
f 4464 4454 4460
f 1132 4460 4454
f 4468 4470 290
f 4429 290 4470
f 4466 1135 4476
f 4473 4476 1135
f 292 4482 4481
f 4484 4481 4482
f 4488 4479 4486
f 1138 4486 4479
f 2861 188 4494
f 4475 4494 188
f 4490 1140 4498
f 4495 4498 1140
f 1793 116 4505
f 4503 4505 116
f 4500 1144 4512
f 4508 4512 1144
f 1833 18 4518
f 4516 4518 18
f 4524 4514 4521
f 1147 4521 4514
f 294 4529 4520
f 4531 4520 4529
f 4538 4526 4534
f 1151 4534 4526
f 297 4527 4507
f 4544 4507 4527
f 1154 4546 4540
f 4550 4540 4546
f 1847 120 4556
f 4554 4556 120
f 1157 4559 4552
f 4562 4552 4559
f 4568 1885 4566
f 17 4566 1885
f 1160 4571 4564
f 4574 4564 4571
f 298 4579 4570
f 4581 4570 4579
f 1164 4584 4576
f 4588 4576 4584
f 300 4577 4558
f 4593 4558 4577
f 1166 4595 4590
f 4598 4590 4595
f 4605 4545 4603
f 295 4603 4545
f 4600 1170 4612
f 4608 4612 1170
f 4618 4533 4616
f 82 4616 4533
f 4614 1173 4624
f 4621 4624 1173
f 4631 4620 4629
f 301 4629 4620
f 4638 4626 4634
f 1177 4634 4626
f 4607 304 4644
f 4627 4644 304
f 4640 1180 4650
f 4646 4650 1180
f 4657 4645 4655
f 302 4655 4645
f 4664 4652 4660
f 1184 4660 4652
f 4670 4633 4668
f 85 4668 4633
f 4676 4666 4673
f 1187 4673 4666
f 4683 4672 4681
f 305 4681 4672
f 4690 4678 4686
f 1191 4686 4678
f 4696 4659 4679
f 308 4679 4659
f 4692 1194 4702
f 4698 4702 1194
f 4710 4707 4708
f 309 4708 4707
f 4716 4705 4713
f 1198 4713 4705
f 4724 4721 4722
f 84 4722 4721
f 4730 4719 4727
f 1202 4727 4719
f 4737 4726 4735
f 310 4735 4726
f 4732 1206 4744
f 4740 4744 1206
f 4749 4712 4733
f 312 4733 4712
f 4754 4746 4751
f 1208 4751 4746
f 299 4758 4594
f 4760 4594 4758
f 4766 4756 4763
f 1211 4763 4756
f 4772 4583 4770
f 75 4770 4583
f 4778 4768 4775
f 1214 4775 4768
f 4785 4774 4783
f 313 4783 4774
f 4790 4780 4787
f 1217 4787 4780
f 4795 4762 4781
f 314 4781 4762
f 4798 4792 4796
f 1218 4796 4792
f 4697 306 4805
f 4803 4805 306
f 4800 1222 4812
f 4808 4812 1222
f 4818 4685 4816
f 83 4816 4685
f 4814 1225 4824
f 4821 4824 1225
f 4831 4820 4829
f 315 4829 4820
f 4826 1228 4836
f 4833 4836 1228
f 4807 317 4842
f 4827 4842 317
f 4838 1230 4846
f 4843 4846 1230
f 4750 311 4852
f 4850 4852 311
f 4848 1233 4858
f 4855 4858 1233
f 4739 76 4864
f 4862 4864 76
f 4860 1236 4870
f 4867 4870 1236
f 4866 318 4877
f 4875 4877 318
f 4872 1239 4882
f 4879 4882 1239
f 4854 319 4887
f 4873 4887 319
f 4884 1240 4890
f 4888 4890 1240
f 4894 4896 310
f 4735 310 4896
f 4892 1243 4902
f 4899 4902 1243
f 4722 84 4908
f 4906 4908 84
f 4904 1246 4914
f 4911 4914 1246
f 4910 320 4921
f 4919 4921 320
f 4923 4926 1249
f 4916 1249 4926
f 4917 4931 321
f 4898 321 4931
f 4928 1250 4934
f 4932 4934 1250
f 4783 313 4940
f 4938 4940 313
f 4936 1253 4946
f 4943 4946 1253
f 4951 4770 4582
f 75 4582 4770
f 4956 4948 4953
f 1255 4953 4948
f 298 4569 4952
f 4962 4952 4569
f 4966 4958 4963
f 1257 4963 4958
f 322 4959 4942
f 4971 4942 4959
f 1258 4972 4968
f 4974 4968 4972
f 4980 323 4983
f 4981 4983 323
f 1263 4986 4977
f 4990 4977 4986
f 4995 86 4998
f 4996 4998 86
f 4993 1267 5004
f 5001 5004 1267
f 5000 324 5011
f 5009 5011 324
f 5006 1271 5018
f 5014 5018 1271
f 5024 4985 5007
f 327 5007 4985
f 1274 5026 5020
f 5030 5020 5026
f 325 5035 5025
f 5037 5025 5035
f 1278 5040 5032
f 5044 5032 5040
f 5013 89 5050
f 5048 5050 89
f 5046 1281 5056
f 5053 5056 1281
f 328 5061 5052
f 5063 5052 5061
f 5058 1285 5070
f 5066 5070 1285
f 5039 331 5076
f 5059 5076 331
f 5072 1288 5082
f 5078 5082 1288
f 5087 332 5090
f 5088 5090 332
f 1292 5093 5085
f 5096 5085 5093
f 5101 88 5104
f 5102 5104 88
f 1296 5107 5099
f 5110 5099 5107
f 333 5115 5106
f 5117 5106 5115
f 1300 5120 5112
f 5124 5112 5120
f 335 5113 5092
f 5129 5092 5113
f 1302 5131 5126
f 5134 5126 5131
f 5139 336 5142
f 5140 5142 336
f 5137 1306 5148
f 5145 5148 1306
f 5153 78 5156
f 5154 5156 78
f 5151 1310 5162
f 5159 5162 1310
f 5158 337 5169
f 5167 5169 337
f 5164 1313 5174
f 5171 5174 1313
f 5144 338 5179
f 5165 5179 338
f 5176 1314 5182
f 5180 5182 1314
f 5077 329 5189
f 5187 5189 329
f 5184 1318 5196
f 5192 5196 1318
f 5065 87 5202
f 5200 5202 87
f 5198 1321 5208
f 5205 5208 1321
f 5204 339 5215
f 5213 5215 339
f 5210 1324 5220
f 5217 5220 1324
f 5191 341 5226
f 5211 5226 341
f 5222 1326 5230
f 5227 5230 1326
f 5236 5130 5234
f 334 5234 5130
f 5242 5232 5239
f 1329 5239 5232
f 5248 5119 5246
f 77 5246 5119
f 5254 5244 5251
f 1332 5251 5244
f 5250 342 5261
f 5259 5261 342
f 5256 1335 5266
f 5263 5266 1335
f 5271 5238 5257
f 343 5257 5238
f 5274 5268 5272
f 1336 5272 5268
f 5280 5282 344
f 5279 344 5282
f 5277 1340 5288
f 5285 5288 1340
f 345 5295 5294
f 5297 5294 5295
f 1344 5299 5291
f 5302 5291 5299
f 5308 346 5311
f 5309 5311 346
f 5305 1348 5316
f 5313 5316 1348
f 316 5321 4811
f 5323 4811 5321
f 1351 5325 5318
f 5328 5318 5325
f 2613 171 5333
f 5287 5333 171
f 5330 1352 5336
f 5334 5336 1352
f 5341 348 5344
f 5342 5344 348
f 5339 1356 5350
f 5347 5350 1356
f 5355 90 5358
f 5356 5358 90
f 5353 1360 5364
f 5361 5364 1360
f 5360 349 5371
f 5369 5371 349
f 5366 1364 5378
f 5374 5378 1364
f 5346 351 5383
f 5367 5383 351
f 5380 1366 5388
f 5385 5388 1366
f 349 5392 5369
f 5394 5369 5392
f 1369 5397 5390
f 5400 5390 5397
f 90 5404 5356
f 5406 5356 5404
f 1372 5409 5402
f 5412 5402 5409
f 352 5417 5408
f 5419 5408 5417
f 5414 1376 5426
f 5422 5426 1376
f 354 5415 5396
f 5431 5396 5415
f 1378 5433 5428
f 5436 5428 5433
f 355 5442 5441
f 5444 5441 5442
f 1382 5447 5439
f 5450 5439 5447
f 2813 184 5457
f 5455 5457 184
f 5452 1385 5462
f 5459 5462 1385
f 5467 356 5470
f 5468 5470 356
f 5465 1388 5474
f 5472 5474 1388
f 336 5479 5149
f 5481 5149 5479
f 1391 5483 5476
f 5486 5476 5483
f 5432 353 5491
f 5449 5491 353
f 5488 1392 5494
f 5492 5494 1392
f 2827 189 5500
f 5498 5500 189
f 5506 5496 5503
f 1395 5503 5496
f 2865 39 5512
f 5510 5512 39
f 5508 1398 5518
f 5515 5518 1398
f 5514 358 5525
f 5523 5525 358
f 1402 5528 5520
f 5532 5520 5528
f 5502 360 5537
f 5521 5537 360
f 5534 1404 5542
f 5539 5542 1404
f 359 5546 5538
f 5548 5538 5546
f 1407 5551 5544
f 5554 5544 5551
f 94 5558 5527
f 5560 5527 5558
f 1410 5563 5556
f 5566 5556 5563
f 361 5571 5562
f 5573 5562 5571
f 1414 5576 5568
f 5580 5568 5576
f 363 5569 5550
f 5585 5550 5569
f 1416 5587 5582
f 5590 5582 5587
f 362 5594 5586
f 5596 5586 5594
f 1419 5599 5592
f 5602 5592 5599
f 93 5606 5575
f 5608 5575 5606
f 1422 5611 5604
f 5614 5604 5611
f 364 5619 5610
f 5621 5610 5619
f 1426 5624 5616
f 5628 5616 5624
f 366 5617 5598
f 5633 5598 5617
f 1428 5635 5630
f 5638 5630 5635
f 5634 365 5644
f 5642 5644 365
f 5640 1431 5650
f 5647 5650 1431
f 95 5654 5623
f 5656 5623 5654
f 5652 1434 5662
f 5659 5662 1434
f 367 5667 5658
f 5669 5658 5667
f 5664 1437 5674
f 5671 5674 1437
f 5646 368 5679
f 5665 5679 368
f 5676 1438 5682
f 5680 5682 1438
f 5688 3023 5686
f 202 5686 3023
f 5694 5684 5691
f 1441 5691 5684
f 5700 3061 5698
f 45 5698 3061
f 5706 5696 5703
f 1444 5703 5696
f 369 5711 5702
f 5713 5702 5711
f 1448 5716 5708
f 5720 5708 5716
f 5725 5690 5709
f 371 5709 5690
f 5730 5722 5727
f 1450 5727 5722
f 5734 5736 370
f 5726 370 5736
f 5732 1453 5742
f 5739 5742 1453
f 97 5746 5715
f 5748 5715 5746
f 5751 5754 1456
f 5744 1456 5754
f 5759 5761 372
f 5750 372 5761
f 5756 1460 5768
f 5764 5768 1460
f 5738 374 5773
f 5757 5773 374
f 5770 1462 5778
f 5775 5778 1462
f 5774 373 5784
f 5782 5784 373
f 5790 5780 5787
f 1465 5787 5780
f 5763 98 5796
f 5794 5796 98
f 5792 1468 5802
f 5799 5802 1468
f 5798 375 5809
f 5807 5809 375
f 5812 5816 1472
f 5804 1472 5816
f 5821 5786 5805
f 377 5805 5786
f 5826 5818 5823
f 1474 5823 5818
f 5822 376 5832
f 5830 5832 376
f 5828 1477 5838
f 5835 5838 1477
f 5842 5844 96
f 5811 96 5844
f 5840 1480 5850
f 5847 5850 1480
f 5846 378 5857
f 5855 5857 378
f 5852 1483 5862
f 5859 5862 1483
f 5834 379 5867
f 5853 5867 379
f 5864 1484 5870
f 5868 5870 1484
f 215 5874 3219
f 5876 3219 5874
f 1487 5879 5872
f 5882 5872 5879
f 50 5886 3257
f 5888 3257 5886
f 1490 5891 5884
f 5894 5884 5891
f 5901 5890 5899
f 380 5899 5890
f 5908 5896 5904
f 1494 5904 5896
f 5913 5878 5897
f 382 5897 5878
f 5918 5910 5915
f 1496 5915 5910
f 381 5923 5914
f 5925 5914 5923
f 5920 1500 5932
f 5928 5932 1500
f 5938 5903 5936
f 100 5936 5903
f 1503 5941 5934
f 5944 5934 5941
f 5940 383 5951
f 5949 5951 383
f 5954 5958 1507
f 5946 1507 5958
f 5927 386 5964
f 5947 5964 386
f 1510 5966 5960
f 5970 5960 5966
f 5976 5978 387
f 5975 387 5978
f 5973 1514 5984
f 5981 5984 1514
f 104 5990 5989
f 5992 5989 5990
f 5987 1518 5998
f 5995 5998 1518
f 6005 5994 6003
f 388 6003 5994
f 6008 6012 1522
f 6000 1522 6012
f 5980 390 6017
f 6001 6017 390
f 6014 1524 6022
f 6019 6022 1524
f 6018 389 6028
f 6026 6028 389
f 6024 1527 6034
f 6031 6034 1527
f 6007 99 6040
f 6038 6040 99
f 6036 1530 6046
f 6043 6046 1530
f 6042 391 6053
f 6051 6053 391
f 6055 6058 1533
f 6048 1533 6058
f 6030 392 6063
f 6049 6063 392
f 6060 1534 6066
f 6064 6066 1534
f 229 6070 3419
f 6072 3419 6070
f 1537 6075 6068
f 6078 6068 6075
f 55 6082 3457
f 6084 3457 6082
f 6090 6080 6087
f 1540 6087 6080
f 6097 6086 6095
f 393 6095 6086
f 6104 6092 6100
f 1544 6100 6092
f 6109 6074 6093
f 395 6093 6074
f 6114 6106 6111
f 1546 6111 6106
f 6120 6110 6118
f 394 6118 6110
f 6126 6116 6123
f 1549 6123 6116
f 102 6130 6099
f 6132 6099 6130
f 1552 6135 6128
f 6138 6128 6135
f 396 6143 6134
f 6145 6134 6143
f 6140 1556 6152
f 6148 6152 1556
f 6157 6122 6141
f 398 6141 6122
f 6154 1558 6162
f 6159 6162 1558
f 6158 397 6169
f 6167 6169 397
f 6164 1562 6176
f 6172 6176 1562
f 6180 6182 103
f 6147 103 6182
f 6185 6188 1565
f 6178 1565 6188
f 6193 6195 399
f 6184 399 6195
f 6190 1568 6200
f 6197 6200 1568
f 6171 401 6206
f 6191 6206 401
f 6202 1570 6210
f 6207 6210 1570
f 239 6214 3575
f 6216 3575 6214
f 1573 6219 6212
f 6222 6212 6219
f 3605 53 6227
f 6196 6227 53
f 6224 1575 6232
f 6229 6232 1575
f 6228 399 6238
f 6183 6238 399
f 6234 1577 6242
f 6239 6242 1577
f 402 6235 6218
f 6247 6218 6235
f 1578 6248 6244
f 6250 6244 6248
f 243 6254 3619
f 6256 3619 6254
f 6252 1581 6262
f 6259 6262 1581
f 57 6266 3657
f 6268 3657 6266
f 1584 6271 6264
f 6274 6264 6271
f 403 6279 6270
f 6281 6270 6279
f 1587 6283 6276
f 6286 6276 6283
f 404 6277 6258
f 6291 6258 6277
f 6288 1588 6294
f 6292 6294 1588
f 5931 385 6300
f 6298 6300 385
f 6296 1591 6306
f 6303 6306 1591
f 6310 6312 105
f 5969 105 6312
f 6315 6318 1594
f 6308 1594 6318
f 6323 6325 405
f 6314 405 6325
f 6327 6330 1597
f 6320 1597 6330
f 6321 6335 406
f 6302 406 6335
f 6332 1598 6338
f 6336 6338 1598
f 6003 388 6344
f 6342 6344 388
f 6340 1601 6350
f 6347 6350 1601
f 6354 6356 104
f 5990 104 6356
f 6352 1604 6362
f 6359 6362 1604
f 6358 407 6369
f 6367 6369 407
f 6364 1607 6374
f 6371 6374 1607
f 6346 408 6379
f 6365 6379 408
f 6380 6382 1608
f 6376 1608 6382
f 3759 249 6388
f 6386 6388 249
f 1611 6391 6384
f 6394 6384 6391
f 3789 60 6399
f 6370 6399 60
f 6396 1613 6404
f 6401 6404 1613
f 6400 407 6410
f 6357 6410 407
f 1615 6411 6406
f 6414 6406 6411
f 409 6407 6390
f 6419 6390 6407
f 1616 6420 6416
f 6422 6416 6420
f 410 6429 6428
f 6431 6428 6429
f 1621 6434 6425
f 6438 6425 6434
f 6444 411 6447
f 6445 6447 411
f 6441 1625 6452
f 6449 6452 1625
f 6458 412 6460
f 6436 6460 412
f 1628 6461 6455
f 6464 6455 6461
f 340 6469 5195
f 6471 5195 6469
f 1632 6474 6466
f 6478 6466 6474
f 9 3883 5229
f 6483 5229 3883
f 1634 6485 6480
f 6488 6480 6485
f 257 3872 6484
f 6494 6484 3872
f 1637 6496 6490
f 6500 6490 6496
f 416 6491 6473
f 6506 6473 6491
f 1640 6508 6502
f 6512 6502 6508
f 414 6516 6507
f 6518 6507 6516
f 6514 1643 6524
f 6521 6524 1643
f 6529 6495 3927
f 11 3927 6495
f 1645 6531 6526
f 6534 6526 6531
f 259 3916 6530
f 6540 6530 3916
f 1647 6541 6536
f 6544 6536 6541
f 417 6537 6520
f 6549 6520 6537
f 6550 6552 1648
f 6546 1648 6552
f 6558 6560 418
f 6557 418 6560
f 6563 6566 1652
f 6555 1652 6566
f 6571 109 6574
f 6572 6574 109
f 6569 1656 6580
f 6577 6580 1656
f 419 6585 6576
f 6587 6576 6585
f 6594 6582 6590
f 1660 6590 6582
f 6599 6562 6583
f 421 6583 6562
f 6604 6596 6601
f 1662 6601 6596
f 419 6609 6585
f 6611 6585 6609
f 6618 6606 6614
f 1666 6614 6606
f 6572 109 6624
f 6622 6624 109
f 6627 6630 1669
f 6620 1669 6630
f 6626 422 6637
f 6635 6637 422
f 1673 6640 6632
f 6644 6632 6640
f 425 6633 6613
f 6650 6613 6633
f 6646 1676 6656
f 6652 6656 1676
f 350 6661 5384
f 6663 5384 6661
f 1680 6666 6658
f 6670 6658 6666
f 73 4978 5373
f 6675 5373 4978
f 1682 6677 6672
f 6680 6672 6677
f 326 5021 6676
f 6686 6676 5021
f 1685 6688 6682
f 6692 6682 6688
f 428 6683 6665
f 6698 6665 6683
f 1688 6700 6694
f 6704 6694 6700
f 5327 346 6710
f 6708 6710 346
f 1691 6713 6706
f 6716 6706 6713
f 5303 79 6721
f 6659 6721 79
f 1693 6723 6718
f 6726 6718 6723
f 427 6695 6722
f 6732 6722 6695
f 6728 1696 6738
f 6734 6738 1696
f 6729 6743 430
f 6712 430 6743
f 6740 1698 6748
f 6745 6748 1698
f 6744 429 6754
f 6752 6754 429
f 6750 1701 6760
f 6757 6760 1701
f 6733 112 6766
f 6764 6766 112
f 6762 1704 6772
f 6769 6772 1704
f 6777 6779 431
f 6768 431 6779
f 6781 6784 1707
f 6774 1707 6784
f 6756 432 6789
f 6775 6789 432
f 6792 6786 6790
f 1708 6790 6786
f 426 6797 6699
f 6799 6699 6797
f 1712 6802 6794
f 6806 6794 6802
f 81 5033 6687
f 6811 6687 5033
f 1714 6813 6808
f 6816 6808 6813
f 6812 330 6822
f 5073 6822 330
f 6818 1716 6826
f 6823 6826 1716
f 434 6819 6801
f 6832 6801 6819
f 1718 6833 6828
f 6836 6828 6833
f 435 6842 6841
f 6844 6841 6842
f 1722 6847 6839
f 6850 6839 6847
f 6855 110 6857
f 6638 6857 110
f 6853 1725 6862
f 6859 6862 1725
f 6858 422 6868
f 6625 6868 422
f 6864 1727 6872
f 6869 6872 1727
f 6846 436 6877
f 6865 6877 436
f 6878 6880 1728
f 6874 1728 6880
f 420 6884 6600
f 6886 6600 6884
f 1731 6889 6882
f 6892 6882 6889
f 6589 108 6897
f 6607 6897 108
f 1733 6899 6894
f 6902 6894 6899
f 424 6647 6898
f 6908 6898 6647
f 1736 6910 6904
f 6914 6904 6910
f 438 6905 6888
f 6919 6888 6905
f 6921 6924 1738
f 6916 1738 6924
f 6920 437 6930
f 6928 6930 437
f 6933 6936 1741
f 6926 1741 6936
f 6940 6942 423
f 6651 423 6942
f 1743 6944 6938
f 6946 6938 6944
f 435 6935 6851
f 6951 6851 6935
f 1744 6952 6948
f 6954 6948 6952
f 440 6960 6959
f 6962 6959 6960
f 1748 6965 6957
f 6968 6957 6965
f 283 6973 4367
f 6975 4367 6973
f 6980 6970 6977
f 1751 6977 6970
f 5667 367 6985
f 6967 6985 367
f 6982 1752 6988
f 6986 6988 1752
f 6992 6994 364
f 5619 364 6994
f 6997 7000 1755
f 6990 1755 7000
f 7004 7006 93
f 5606 93 7006
f 7002 1758 7012
f 7009 7012 1758
f 7008 442 7019
f 7017 7019 442
f 7014 1761 7024
f 7021 7024 1761
f 6996 443 7029
f 7015 7029 443
f 7026 1762 7032
f 7030 7032 1762
f 444 7038 7037
f 7040 7037 7038
f 1766 7043 7035
f 7046 7035 7043
f 70 4462 7051
f 7053 7051 4462
f 1769 7055 7049
f 7058 7049 7055
f 289 4450 7054
f 7064 7054 4450
f 1771 7065 7060
f 7068 7060 7065
f 445 7061 7042
f 7073 7042 7061
f 1772 7074 7070
f 7076 7070 7074
f 358 7080 5523
f 7082 5523 7080
f 7078 1775 7088
f 7085 7088 1775
f 4497 292 7094
f 7092 7094 292
f 7090 1777 7098
f 7096 7098 1777
f 444 7087 7047
f 7103 7047 7087
f 1778 7104 7100
f 7106 7100 7104
f 1783 1780 1781
f 451 1781 1780
f 1788 117 1791
f 1789 1791 117
f 1796 455 1798
f 1797 1798 455
f 1803 114 1806
f 1804 1806 114
f 1809 459 1812
f 1810 1812 459
f 1816 16 1819
f 1817 1819 16
f 1823 462 1826
f 1824 1826 462
f 1821 115 1831
f 1829 1831 115
f 1835 466 1838
f 1836 1838 466
f 1842 121 1845
f 1843 1845 121
f 1849 469 1851
f 1850 1851 469
f 1855 118 1858
f 1856 1858 118
f 1861 473 1864
f 1862 1864 473
f 1868 5 1871
f 1869 1871 5
f 1875 476 1878
f 1876 1878 476
f 1873 119 1883
f 1881 1883 119
f 1890 1888 1889
f 480 1889 1888
f 1898 1895 1896
f 125 1896 1895
f 1904 1902 1903
f 484 1903 1902
f 1909 123 1912
f 1910 1912 123
f 1918 1915 1916
f 488 1916 1915
f 1922 21 1925
f 1923 1925 21
f 1929 490 1931
f 1930 1931 490
f 1927 124 1936
f 1934 1936 124
f 1940 494 1942
f 1941 1942 494
f 1947 129 1950
f 1948 1950 129
f 1956 1954 1955
f 498 1955 1954
f 1964 1961 1962
f 127 1962 1961
f 1967 502 1970
f 1968 1970 502
f 1974 19 1977
f 1975 1977 19
f 1981 504 1983
f 1982 1983 504
f 1979 128 1988
f 1986 1988 128
f 1991 508 1994
f 1992 1994 508
f 1998 133 2001
f 1999 2001 133
f 2005 511 2007
f 2006 2007 511
f 2014 2011 2012
f 130 2012 2011
f 2017 515 2020
f 2018 2020 515
f 2027 2024 2025
f 6 2025 2024
f 2031 518 2034
f 2032 2034 518
f 2029 131 2039
f 2037 2039 131
f 2043 521 2045
f 2044 2045 521
f 2049 135 2052
f 2050 2052 135
f 2055 523 2057
f 2056 2057 523
f 2003 132 2062
f 2060 2062 132
f 2065 526 2068
f 2066 2068 526
f 2041 20 2073
f 2071 2073 20
f 2077 528 2079
f 2078 2079 528
f 2075 134 2084
f 2082 2084 134
f 2090 2088 2089
f 532 2089 2088
f 2098 2095 2096
f 139 2096 2095
f 2104 2102 2103
f 536 2103 2102
f 2112 2109 2110
f 137 2110 2109
f 2118 2115 2116
f 540 2116 2115
f 2125 2122 2123
f 23 2123 2122
f 2131 2129 2130
f 542 2130 2129
f 2127 138 2136
f 2134 2136 138
f 2141 2139 2140
f 545 2140 2139
f 2148 2145 2146
f 142 2146 2145
f 2153 2151 2152
f 548 2152 2151
f 2160 2157 2158
f 140 2158 2157
f 2166 2163 2164
f 552 2164 2163
f 2173 2170 2171
f 22 2171 2170
f 2179 2177 2178
f 554 2178 2177
f 2184 2175 2182
f 141 2182 2175
f 557 2188 2187
f 2189 2187 2188
f 145 2194 2193
f 2196 2193 2194
f 2201 2199 2200
f 560 2200 2199
f 143 2206 2205
f 2208 2205 2206
f 564 2212 2211
f 2214 2211 2212
f 2219 2221 24
f 2218 24 2221
f 2227 2225 2226
f 566 2226 2225
f 2232 2223 2230
f 144 2230 2223
f 2237 2235 2236
f 569 2236 2235
f 2242 2244 147
f 2241 147 2244
f 2248 2249 572
f 2247 572 2249
f 2253 146 2256
f 2254 2256 146
f 2259 575 2262
f 2260 2262 575
f 1884 2268 17
f 2266 17 2268
f 2271 576 2273
f 2272 2273 576
f 2269 119 2277
f 1872 2277 119
f 2280 581 2283
f 2281 2283 581
f 2288 152 2291
f 2289 2291 152
f 2296 585 2298
f 2297 2298 585
f 2303 149 2306
f 2304 2306 149
f 2312 2309 2310
f 589 2310 2309
f 2319 2316 2317
f 29 2317 2316
f 2326 2323 2324
f 592 2324 2323
f 2331 2321 2329
f 150 2329 2321
f 2336 596 2338
f 2337 2338 596
f 2346 2343 2344
f 156 2344 2343
f 2352 2350 2351
f 600 2351 2350
f 2360 2357 2358
f 154 2358 2357
f 2366 2363 2364
f 604 2364 2363
f 2370 27 2373
f 2371 2373 27
f 2379 2377 2378
f 606 2378 2377
f 2375 155 2384
f 2382 2384 155
f 2390 2387 2388
f 610 2388 2387
f 2394 160 2397
f 2395 2397 160
f 2401 613 2403
f 2402 2403 613
f 2407 157 2410
f 2408 2410 157
f 2413 617 2416
f 2414 2416 617
f 2420 7 2423
f 2421 2423 7
f 2427 620 2430
f 2428 2430 620
f 2425 158 2435
f 2433 2435 158
f 2442 2439 2440
f 624 2440 2439
f 2449 2446 2447
f 163 2447 2446
f 2455 2453 2454
f 626 2454 2453
f 2460 2399 2458
f 159 2458 2399
f 2466 2463 2464
f 629 2464 2463
f 2471 2437 2469
f 28 2469 2437
f 2478 2475 2476
f 632 2476 2475
f 2483 2473 2481
f 161 2481 2473
f 2490 2488 2489
f 636 2489 2488
f 2498 2495 2496
f 167 2496 2495
f 2504 2502 2503
f 640 2503 2502
f 2512 2509 2510
f 165 2510 2509
f 2518 2515 2516
f 644 2516 2515
f 2525 2522 2523
f 31 2523 2522
f 2531 2529 2530
f 646 2530 2529
f 2536 2527 2534
f 166 2534 2527
f 2539 649 2541
f 2540 2541 649
f 2545 170 2548
f 2546 2548 170
f 2551 652 2553
f 2552 2553 652
f 2560 2557 2558
f 168 2558 2557
f 2566 2563 2564
f 656 2564 2563
f 2573 2570 2571
f 30 2571 2570
f 2577 658 2579
f 2578 2579 658
f 2584 2575 2582
f 169 2582 2575
f 2591 2588 2589
f 663 2589 2588
f 2599 2596 2597
f 175 2597 2596
f 2606 2603 2604
f 666 2604 2603
f 175 2596 2610
f 2612 2610 2596
f 2616 669 2618
f 2617 2618 669
f 2623 175 2625
f 2610 2625 175
f 2631 2628 2629
f 673 2629 2628
f 2638 2636 2623
f 175 2623 2636
f 2642 676 2645
f 2643 2645 676
f 2597 175 2650
f 2636 2650 175
f 2656 2653 2654
f 680 2654 2653
f 2663 2660 2661
f 179 2661 2660
f 2669 2667 2668
f 683 2668 2667
f 2676 2673 2674
f 176 2674 2673
f 2682 2679 2680
f 687 2680 2679
f 2689 2686 2687
f 3 2687 2686
f 2696 2693 2694
f 690 2694 2693
f 2701 2691 2699
f 177 2699 2691
f 2706 2707 693
f 2705 693 2707
f 2712 2714 182
f 2711 182 2714
f 2718 2719 696
f 2717 696 2719
f 2726 2723 2724
f 180 2724 2723
f 2730 2732 700
f 2729 700 2732
f 2739 2736 2737
f 36 2737 2736
f 2743 702 2745
f 2744 2745 702
f 2748 2750 181
f 2741 181 2750
f 2754 2756 706
f 2753 706 2756
f 2761 2763 186
f 2760 186 2763
f 2769 2767 2768
f 708 2768 2767
f 2775 2773 2760
f 186 2760 2773
f 2779 2780 711
f 2778 711 2780
f 2785 186 2787
f 2773 2787 186
f 2793 2790 2791
f 715 2791 2790
f 2800 2798 2785
f 186 2785 2798
f 2807 2804 2805
f 718 2805 2804
f 186 2798 2761
f 2812 2761 2798
f 2815 722 2818
f 2816 2818 722
f 2825 2822 2823
f 190 2823 2822
f 2831 2829 2830
f 725 2830 2829
f 2836 2838 187
f 2835 187 2838
f 2842 2844 729
f 2841 729 2844
f 2848 40 2851
f 2849 2851 40
f 2858 2855 2856
f 732 2856 2855
f 2863 2853 2861
f 188 2861 2853
f 2867 735 2869
f 2868 2869 735
f 2873 193 2876
f 2874 2876 193
f 2879 738 2881
f 2880 2881 738
f 2885 191 2888
f 2886 2888 191
f 2891 742 2894
f 2892 2894 742
f 2899 2901 38
f 2898 38 2901
f 2905 744 2907
f 2906 2907 744
f 2903 192 2912
f 2910 2912 192
f 2915 747 2917
f 2916 2917 747
f 2921 196 2924
f 2922 2924 196
f 2928 2929 750
f 2927 750 2929
f 2936 2933 2934
f 194 2934 2933
f 2939 754 2942
f 2940 2942 754
f 2947 2949 41
f 2946 41 2949
f 2953 756 2955
f 2954 2955 756
f 2958 2960 195
f 2951 195 2960
f 2965 2963 2964
f 759 2964 2963
f 2972 2969 2970
f 199 2970 2969
f 2977 2975 2976
f 762 2976 2975
f 2984 2981 2982
f 197 2982 2981
f 2990 2987 2988
f 766 2988 2987
f 2997 2994 2995
f 42 2995 2994
f 3003 3001 3002
f 768 3002 3001
f 2999 198 3008
f 3006 3008 198
f 3011 772 3014
f 3012 3014 772
f 3018 203 3021
f 3019 3021 203
f 3025 775 3027
f 3026 3027 775
f 3032 3034 200
f 3031 200 3034
f 3038 3040 779
f 3037 779 3040
f 44 3045 3044
f 3047 3044 3045
f 3051 782 3054
f 3052 3054 782
f 3057 3059 201
f 3049 201 3059
f 3065 3063 3064
f 785 3064 3063
f 3072 3069 3070
f 206 3070 3069
f 3077 3075 3076
f 788 3076 3075
f 3084 3081 3082
f 204 3082 3081
f 3090 3087 3088
f 792 3088 3087
f 3097 3094 3095
f 46 3095 3094
f 3102 3103 794
f 3101 794 3103
f 205 3106 3099
f 3108 3099 3106
f 3111 797 3113
f 3112 3113 797
f 3117 209 3120
f 3118 3120 209
f 3123 800 3125
f 3124 3125 800
f 3132 3129 3130
f 207 3130 3129
f 3138 3135 3136
f 804 3136 3135
f 3145 3142 3143
f 43 3143 3142
f 3151 3149 3150
f 806 3150 3149
f 3156 3147 3154
f 208 3154 3147
f 3161 3159 3160
f 809 3160 3159
f 3168 3165 3166
f 212 3166 3165
f 3173 3171 3172
f 812 3172 3171
f 3180 3177 3178
f 210 3178 3177
f 3186 3183 3184
f 816 3184 3183
f 3193 3190 3191
f 47 3191 3190
f 818 3198 3197
f 3199 3197 3198
f 211 3202 3195
f 3204 3195 3202
f 3207 822 3210
f 3208 3210 822
f 3215 3217 216
f 3214 216 3217
f 3221 825 3223
f 3222 3223 825
f 3227 213 3230
f 3228 3230 213
f 3233 829 3236
f 3234 3236 829
f 3240 49 3243
f 3241 3243 49
f 3248 3250 832
f 3247 832 3250
f 3253 3255 214
f 3245 214 3255
f 3262 3259 3260
f 836 3260 3259
f 3269 3266 3267
f 220 3267 3266
f 3275 3273 3274
f 839 3274 3273
f 217 3280 3279
f 3282 3279 3280
f 843 3286 3285
f 3288 3285 3286
f 58 3293 3292
f 3295 3292 3293
f 846 3300 3299
f 3302 3299 3300
f 218 3305 3297
f 3307 3297 3305
f 3313 3311 3312
f 849 3312 3311
f 3320 3317 3318
f 223 3318 3317
f 3325 3323 3324
f 852 3324 3323
f 3332 3329 3330
f 221 3330 3329
f 856 3336 3335
f 3338 3335 3336
f 3345 3342 3343
f 48 3343 3342
f 858 3350 3349
f 3351 3349 3350
f 3347 222 3356
f 3354 3356 222
f 3361 3359 3360
f 861 3360 3359
f 3368 3365 3366
f 226 3366 3365
f 3373 3371 3372
f 864 3372 3371
f 224 3378 3377
f 3380 3377 3378
f 868 3384 3383
f 3386 3383 3384
f 52 3391 3390
f 3393 3390 3391
f 3399 3397 3398
f 870 3398 3397
f 3404 3395 3402
f 225 3402 3395
f 3408 3410 874
f 3407 874 3410
f 3414 230 3417
f 3415 3417 230
f 3421 877 3423
f 3422 3423 877
f 3427 227 3430
f 3428 3430 227
f 3433 881 3436
f 3434 3436 881
f 3441 3443 54
f 3440 54 3443
f 3448 3450 884
f 3447 884 3450
f 3445 228 3455
f 3453 3455 228
f 3460 888 3462
f 3461 3462 888
f 3467 234 3470
f 3468 3470 234
f 3476 3474 3475
f 892 3475 3474
f 3484 3481 3482
f 232 3482 3481
f 3490 3487 3488
f 896 3488 3487
f 56 3495 3494
f 3497 3494 3495
f 3502 3503 898
f 3501 898 3503
f 3506 3508 233
f 3499 233 3508
f 3514 3512 3513
f 902 3513 3512
f 3522 3519 3520
f 238 3520 3519
f 3528 3526 3527
f 906 3527 3526
f 236 3534 3533
f 3536 3533 3534
f 3542 3539 3540
f 910 3540 3539
f 53 3547 3546
f 3549 3546 3547
f 912 3554 3553
f 3555 3553 3554
f 237 3558 3551
f 3560 3551 3558
f 3563 916 3566
f 3564 3566 916
f 3571 3573 240
f 3570 240 3573
f 3578 3579 918
f 3577 918 3579
f 3584 3506 3582
f 233 3582 3506
f 3590 3587 3588
f 920 3588 3587
f 3594 3495 3561
f 56 3561 3495
f 3600 3597 3598
f 922 3598 3597
f 3604 3595 3550
f 237 3550 3595
f 3610 3607 3608
f 926 3608 3607
f 3615 3617 244
f 3614 244 3617
f 3623 3621 3622
f 929 3622 3621
f 3628 3630 241
f 3627 241 3630
f 3634 3636 933
f 3633 933 3636
f 3641 3643 59
f 3640 59 3643
f 3647 936 3650
f 3648 3650 936
f 3653 3655 242
f 3645 242 3655
f 3661 3659 3660
f 939 3660 3659
f 245 3666 3665
f 3668 3665 3666
f 3671 941 3673
f 3672 3673 941
f 3237 213 3678
f 3676 3678 213
f 943 3682 3681
f 3684 3681 3682
f 3688 3224 3261
f 44 3261 3224
f 3691 944 3693
f 3692 3693 944
f 3689 219 3697
f 3301 3697 219
f 3701 3699 3700
f 947 3700 3699
f 3708 3705 3706
f 248 3706 3705
f 3713 3711 3712
f 950 3712 3711
f 246 3718 3717
f 3720 3717 3718
f 3726 3723 3724
f 954 3724 3723
f 3733 3730 3731
f 60 3731 3730
f 3739 3737 3738
f 956 3738 3737
f 247 3742 3735
f 3744 3735 3742
f 3747 960 3750
f 3748 3750 960
f 3757 3754 3755
f 250 3755 3754
f 3762 3763 962
f 3761 962 3763
f 3766 3768 218
f 3305 218 3768
f 3774 3771 3772
f 964 3772 3771
f 3778 3293 3745
f 58 3745 3293
f 3784 3781 3782
f 966 3782 3781
f 3788 3779 3734
f 247 3734 3779
f 3792 971 3795
f 3793 3795 971
f 3800 254 3803
f 3801 3803 254
f 3809 3811 975
f 3808 975 3811
f 3818 3816 3800
f 254 3800 3816
f 3825 3822 3823
f 978 3823 3822
f 3830 3801 3816
f 254 3816 3801
f 3834 982 3836
f 3835 3836 982
f 3841 258 3844
f 3842 3844 258
f 3848 986 3850
f 3849 3850 986
f 3855 256 3858
f 3856 3858 256
f 3861 990 3864
f 3862 3864 990
f 3868 11 3871
f 3869 3871 11
f 3875 992 3877
f 3876 3877 992
f 3873 257 3882
f 3880 3882 257
f 3887 3885 3886
f 995 3886 3885
f 3892 3894 260
f 3891 260 3894
f 3898 3899 997
f 3897 997 3899
f 3904 1795 3902
f 113 3902 1795
f 3908 3910 1000
f 3907 1000 3910
f 3913 3915 10
f 1779 10 3915
f 3919 1002 3921
f 3920 3921 1002
f 3924 3926 259
f 3917 259 3926
f 1006 3930 3929
f 3932 3929 3930
f 3939 3936 3937
f 264 3937 3936
f 3943 1009 3945
f 3944 3945 1009
f 3950 3952 261
f 3949 261 3952
f 3955 1013 3958
f 3956 3958 1013
f 3965 3962 3963
f 63 3963 3962
f 3972 3969 3970
f 1016 3970 3969
f 262 3975 3967
f 3977 3967 3975
f 3982 1020 3984
f 3983 3984 1020
f 3990 3992 268
f 3989 268 3992
f 3997 3998 1024
f 3996 1024 3998
f 4006 4003 4004
f 266 4004 4003
f 4010 4012 1028
f 4009 1028 4012
f 4017 4019 65
f 4016 65 4019
f 1030 4024 4023
f 4025 4023 4024
f 4030 4021 4028
f 267 4028 4021
f 4034 1034 4036
f 4035 4036 1034
f 4041 271 4044
f 4042 4044 271
f 4048 1038 4050
f 4049 4050 1038
f 4055 270 4058
f 4056 4058 270
f 4061 1041 4064
f 4062 4064 1041
f 4068 14 4070
f 2299 4070 14
f 4073 1042 4075
f 4074 4075 1042
f 4071 148 4079
f 2284 4079 148
f 4083 4081 4082
f 1045 4082 4081
f 4088 4090 273
f 4087 273 4090
f 4095 4093 4094
f 1048 4094 4093
f 4102 4099 4100
f 272 4100 4099
f 1051 4106 4105
f 4108 4105 4106
f 4114 4112 4051
f 67 4051 4112
f 4119 4117 4118
f 1052 4118 4117
f 4037 4123 269
f 4115 269 4123
f 4127 4125 4126
f 1055 4126 4125
f 4134 4131 4132
f 275 4132 4131
f 4137 1057 4139
f 4138 4139 1057
f 4144 3831 4142
f 252 4142 3831
f 4150 4147 4148
f 1060 4148 4147
f 62 4153 3807
f 4155 3807 4153
f 4161 4159 4160
f 1062 4160 4159
f 274 4164 4157
f 4166 4157 4164
f 4171 4172 1066
f 4170 1066 4172
f 4177 277 4180
f 4178 4180 277
f 4184 1069 4186
f 4185 4186 1069
f 4192 3847 4190
f 255 4190 3847
f 4198 4195 4196
f 1071 4196 4195
f 4202 3833 2353
f 1 2353 3833
f 4205 1072 4207
f 4206 4207 1072
f 2339 4211 153
f 4203 153 4211
f 4214 4216 1076
f 4213 1076 4216
f 4223 4220 4221
f 279 4221 4220
f 1078 4228 4227
f 4229 4227 4228
f 263 4232 3941
f 4234 3941 4232
f 4240 4237 4238
f 1080 4238 4237
f 4244 3979 4031
f 64 4031 3979
f 4250 4247 4248
f 1082 4248 4247
f 4254 4245 4020
f 267 4020 4245
f 4258 4259 1085
f 4257 1085 4259
f 4263 281 4266
f 4264 4266 281
f 4269 1088 4271
f 4270 4271 1088
f 4278 4275 4276
f 280 4276 4275
f 4281 1091 4284
f 4282 4284 1091
f 4288 66 4290
f 3999 4290 66
f 4293 1092 4295
f 4294 4295 1092
f 4291 265 4299
f 3985 4299 265
f 1095 4302 4301
f 4303 4301 4302
f 282 4308 4307
f 4310 4307 4308
f 1097 4314 4313
f 4315 4313 4314
f 4319 282 4321
f 4307 4321 282
f 1098 4324 4323
f 4325 4323 4324
f 4319 4329 282
f 4308 282 4329
f 4332 4334 1102
f 4331 1102 4334
f 4339 4341 285
f 4338 285 4341
f 4348 4346 4347
f 1105 4347 4346
f 4355 4353 4338
f 285 4338 4353
f 4358 1108 4361
f 4359 4361 1108
f 4339 285 4366
f 4353 4366 285
f 1111 4370 4369
f 4371 4369 4370
f 4378 4375 4376
f 288 4376 4375
f 4383 4381 4382
f 1114 4382 4381
f 4390 4387 4388
f 286 4388 4387
f 4396 4393 4394
f 1118 4394 4393
f 4403 4400 4401
f 69 4401 4400
f 4409 4407 4408
f 1120 4408 4407
f 4414 4405 4412
f 287 4412 4405
f 4418 4420 1124
f 4417 1124 4420
f 4425 4427 291
f 4424 291 4427
f 4432 4433 1126
f 4431 1126 4433
f 4436 4438 287
f 4412 287 4438
f 4442 4444 1129
f 4441 1129 4444
f 4447 4449 69
f 4401 69 4449
f 4454 4456 1132
f 4453 1132 4456
f 4459 4461 289
f 4451 289 4461
f 4467 4465 4466
f 1135 4466 4465
f 4471 293 4474
f 4472 4474 293
f 4479 4480 1138
f 4478 1138 4480
f 4471 4487 293
f 4485 293 4487
f 4492 4489 4490
f 1140 4490 4489
f 4496 4472 4485
f 293 4485 4472
f 4502 4499 4500
f 1144 4500 4499
f 4507 4509 297
f 4506 297 4509
f 4514 4515 1147
f 4513 1147 4515
f 4519 294 4522
f 4520 4522 294
f 4526 4528 1151
f 4525 1151 4528
f 4533 4535 82
f 4532 82 4535
f 4539 1154 4542
f 4540 4542 1154
f 4545 4547 295
f 4537 295 4547
f 4551 1157 4553
f 4552 4553 1157
f 4557 300 4560
f 4558 4560 300
f 4563 1160 4565
f 4564 4565 1160
f 4569 298 4572
f 4570 4572 298
f 4575 1164 4578
f 4576 4578 1164
f 4582 75 4585
f 4583 4585 75
f 4589 1166 4591
f 4590 4591 1166
f 4587 299 4596
f 4594 4596 299
f 4602 4599 4600
f 1170 4600 4599
f 4609 4606 4607
f 304 4607 4606
f 4614 4615 1173
f 4613 1173 4615
f 4620 4622 301
f 4619 301 4622
f 4628 4625 4626
f 1177 4626 4625
f 4633 4635 85
f 4632 85 4635
f 4642 4639 4640
f 1180 4640 4639
f 4645 4647 302
f 4637 302 4647
f 4652 4654 1184
f 4651 1184 4654
f 4659 4661 308
f 4658 308 4661
f 4666 4667 1187
f 4665 1187 4667
f 4672 4674 305
f 4671 305 4674
f 4678 4680 1191
f 4677 1191 4680
f 4685 4687 83
f 4684 83 4687
f 4694 4691 4692
f 1194 4692 4691
f 4699 4689 4697
f 306 4697 4689
f 4705 4706 1198
f 4704 1198 4706
f 4712 4714 312
f 4711 312 4714
f 4719 4720 1202
f 4718 1202 4720
f 4726 4728 310
f 4725 310 4728
f 4732 4734 1206
f 4731 1206 4734
f 4741 4738 4739
f 76 4739 4738
f 4746 4747 1208
f 4745 1208 4747
f 4752 4743 4750
f 311 4750 4743
f 4756 4757 1211
f 4755 1211 4757
f 4762 4764 314
f 4761 314 4764
f 4768 4769 1214
f 4767 1214 4769
f 4774 4776 313
f 4773 313 4776
f 4780 4782 1217
f 4779 1217 4782
f 4721 4788 84
f 4786 84 4788
f 4792 4793 1218
f 4791 1218 4793
f 4707 4797 309
f 4789 309 4797
f 4802 4799 4800
f 1222 4800 4799
f 4809 4806 4807
f 317 4807 4806
f 4815 4813 4814
f 1225 4814 4813
f 4820 4822 315
f 4819 315 4822
f 4828 4825 4826
f 1228 4826 4825
f 4834 4832 2122
f 23 2122 4832
f 4840 4837 4838
f 1230 4838 4837
f 4844 4835 2109
f 137 2109 4835
f 4849 4847 4848
f 1233 4848 4847
f 4856 4853 4854
f 319 4854 4853
f 4861 4859 4860
f 1236 4860 4859
f 4868 4865 4866
f 318 4866 4865
f 4874 4871 4872
f 1239 4872 4871
f 4880 4878 2170
f 22 2170 4878
f 4885 4883 4884
f 1240 4884 4883
f 4889 4881 2157
f 140 2157 4881
f 1243 4892 4891
f 4893 4891 4892
f 321 4898 4897
f 4900 4897 4898
f 4905 4903 4904
f 1246 4904 4903
f 4912 4909 4910
f 320 4910 4909
f 1249 4916 4915
f 4918 4915 4916
f 4922 24 4924
f 2218 4924 24
f 4929 4927 4928
f 1250 4928 4927
f 143 2205 4925
f 4933 4925 2205
f 4937 4935 4936
f 1253 4936 4935
f 4941 322 4944
f 4942 4944 322
f 4948 4949 1255
f 4947 1255 4949
f 4579 298 4954
f 4952 4954 298
f 4958 4960 1257
f 4957 1257 4960
f 4566 17 4964
f 2266 4964 17
f 4967 1258 4969
f 4968 4969 1258
f 2253 4973 146
f 4965 146 4973
f 4977 4979 1263
f 4976 1263 4979
f 4985 4987 327
f 4984 327 4987
f 4994 4992 4993
f 1267 4993 4992
f 5002 4999 5000
f 324 5000 4999
f 5008 5005 5006
f 1271 5006 5005
f 5015 5012 5013
f 89 5013 5012
f 5019 1274 5022
f 5020 5022 1274
f 5017 325 5027
f 5025 5027 325
f 5031 1278 5034
f 5032 5034 1278
f 5041 5038 5039
f 331 5039 5038
f 5047 5045 5046
f 1281 5046 5045
f 5051 328 5054
f 5052 5054 328
f 5060 5057 5058
f 1285 5058 5057
f 5065 5067 87
f 5064 87 5067
f 5074 5071 5072
f 1288 5072 5071
f 5079 5069 5077
f 329 5077 5069
f 5086 5084 5085
f 1292 5085 5084
f 5091 335 5094
f 5092 5094 335
f 5099 5100 1296
f 5098 1296 5100
f 5105 333 5108
f 5106 5108 333
f 5111 1300 5114
f 5112 5114 1300
f 5119 5121 77
f 5118 77 5121
f 5125 1302 5127
f 5126 5127 1302
f 5123 334 5132
f 5130 5132 334
f 5138 5136 5137
f 1306 5137 5136
f 5146 5143 5144
f 338 5144 5143
f 5152 5150 5151
f 1310 5151 5150
f 5160 5157 5158
f 337 5158 5157
f 5166 5163 5164
f 1313 5164 5163
f 5172 5170 5101
f 88 5101 5170
f 5177 5175 5176
f 1314 5176 5175
f 5181 5173 5087
f 332 5087 5173
f 5186 5183 5184
f 1318 5184 5183
f 5193 5190 5191
f 341 5191 5190
f 5199 5197 5198
f 1321 5198 5197
f 5206 5203 5204
f 339 5204 5203
f 5212 5209 5210
f 1324 5210 5209
f 5218 5216 2522
f 31 2522 5216
f 5224 5221 5222
f 1326 5222 5221
f 5228 5219 2509
f 165 2509 5219
f 5232 5233 1329
f 5231 1329 5233
f 5238 5240 343
f 5237 343 5240
f 5244 5245 1332
f 5243 1332 5245
f 5252 5249 5250
f 342 5250 5249
f 5258 5255 5256
f 1335 5256 5255
f 5264 5262 2570
f 30 2570 5262
f 5268 5269 1336
f 5267 1336 5269
f 5273 5265 2557
f 168 2557 5265
f 5278 5276 5277
f 1340 5277 5276
f 5286 5283 5284
f 347 5284 5283
f 5290 1344 5293
f 5291 5293 1344
f 5298 347 5300
f 5283 5300 347
f 5307 5304 5305
f 1348 5305 5304
f 5314 5312 5298
f 347 5298 5312
f 5317 1351 5320
f 5318 5320 1351
f 347 5312 5324
f 5326 5324 5312
f 5331 5329 5330
f 1352 5330 5329
f 347 5324 5284
f 5335 5284 5324
f 5340 5338 5339
f 1356 5339 5338
f 5348 5345 5346
f 351 5346 5345
f 5354 5352 5353
f 1360 5353 5352
f 5362 5359 5360
f 349 5360 5359
f 5368 5365 5366
f 1364 5366 5365
f 5375 5372 5373
f 73 5373 5372
f 5381 5379 5380
f 1366 5380 5379
f 5386 5377 5384
f 350 5384 5377
f 5389 1369 5391
f 5390 5391 1369
f 5395 354 5398
f 5396 5398 354
f 5401 1372 5403
f 5402 5403 1372
f 5407 352 5410
f 5408 5410 352
f 5413 1376 5416
f 5414 5416 1376
f 5423 5420 5421
f 92 5421 5420
f 5427 1378 5429
f 5428 5429 1378
f 5434 5425 5432
f 353 5432 5425
f 5438 1382 5440
f 5439 5440 1382
f 5445 357 5448
f 5446 5448 357
f 5454 5451 5452
f 1385 5452 5451
f 357 5445 5458
f 5460 5458 5445
f 5466 5464 5465
f 1388 5465 5464
f 5473 5471 5458
f 357 5458 5471
f 5475 1391 5478
f 5476 5478 1391
f 5482 357 5484
f 5471 5484 357
f 5489 5487 5488
f 1392 5488 5487
f 5493 5446 5482
f 357 5482 5446
f 5496 5497 1395
f 5495 1395 5497
f 5504 5501 5502
f 360 5502 5501
f 5509 5507 5508
f 1398 5508 5507
f 5516 5513 5514
f 358 5514 5513
f 5519 1402 5522
f 5520 5522 1402
f 5526 94 5529
f 5527 5529 94
f 5535 5533 5534
f 1404 5534 5533
f 5531 359 5540
f 5538 5540 359
f 5543 1407 5545
f 5544 5545 1407
f 5549 363 5552
f 5550 5552 363
f 5555 1410 5557
f 5556 5557 1410
f 5561 361 5564
f 5562 5564 361
f 5567 1414 5570
f 5568 5570 1414
f 5574 93 5577
f 5575 5577 93
f 5581 1416 5583
f 5582 5583 1416
f 5579 362 5588
f 5586 5588 362
f 5591 1419 5593
f 5592 5593 1419
f 5597 366 5600
f 5598 5600 366
f 5603 1422 5605
f 5604 5605 1422
f 5609 364 5612
f 5610 5612 364
f 5615 1426 5618
f 5616 5618 1426
f 5622 95 5625
f 5623 5625 95
f 5629 1428 5631
f 5630 5631 1428
f 5636 5627 5634
f 365 5634 5627
f 5641 5639 5640
f 1431 5640 5639
f 5648 5645 5646
f 368 5646 5645
f 5653 5651 5652
f 1434 5652 5651
f 5657 367 5660
f 5658 5660 367
f 5666 5663 5664
f 1437 5664 5663
f 5672 5670 2994
f 42 2994 5670
f 5677 5675 5676
f 1438 5676 5675
f 5681 5673 2981
f 197 2981 5673
f 5683 1441 5685
f 5684 5685 1441
f 5690 5692 371
f 5689 371 5692
f 5696 5697 1444
f 5695 1444 5697
f 5701 369 5704
f 5702 5704 369
f 5707 1448 5710
f 5708 5710 1448
f 97 5715 5714
f 5717 5714 5715
f 5722 5723 1450
f 5721 1450 5723
f 5719 370 5728
f 5726 5728 370
f 5733 5731 5732
f 1453 5732 5731
f 5740 5737 5738
f 374 5738 5737
f 5743 1456 5745
f 5744 5745 1456
f 372 5750 5749
f 5752 5749 5750
f 5758 5755 5756
f 1460 5756 5755
f 5765 5762 5763
f 98 5763 5762
f 5771 5769 5770
f 1462 5770 5769
f 5776 5767 5774
f 373 5774 5767
f 5780 5781 1465
f 5779 1465 5781
f 5786 5788 377
f 5785 377 5788
f 5793 5791 5792
f 1468 5792 5791
f 5800 5797 5798
f 375 5798 5797
f 5806 5803 5804
f 1472 5804 5803
f 5813 5810 5811
f 96 5811 5810
f 5818 5819 1474
f 5817 1474 5819
f 5824 5815 5822
f 376 5822 5815
f 5829 5827 5828
f 1477 5828 5827
f 5836 5833 5834
f 379 5834 5833
f 1480 5840 5839
f 5841 5839 5840
f 378 5846 5845
f 5848 5845 5846
f 5854 5851 5852
f 1483 5852 5851
f 5860 5858 3190
f 47 3190 5858
f 5865 5863 5864
f 1484 5864 5863
f 5869 5861 3177
f 210 3177 5861
f 5872 5873 1487
f 5871 1487 5873
f 5877 382 5880
f 5878 5880 382
f 5883 1490 5885
f 5884 5885 1490
f 5889 380 5892
f 5890 5892 380
f 5896 5898 1494
f 5895 1494 5898
f 5903 5905 100
f 5902 100 5905
f 5910 5911 1496
f 5909 1496 5911
f 5914 5916 381
f 5907 381 5916
f 5922 5919 5920
f 1500 5920 5919
f 5929 5926 5927
f 386 5927 5926
f 5933 1503 5935
f 5934 5935 1503
f 5939 383 5942
f 5940 5942 383
f 5948 5945 5946
f 1507 5946 5945
f 5955 5952 5953
f 101 5953 5952
f 5959 1510 5962
f 5960 5962 1510
f 5965 5967 384
f 5957 384 5967
f 5974 5972 5973
f 1514 5973 5972
f 5982 5979 5980
f 390 5980 5979
f 1518 5987 5986
f 5988 5986 5987
f 5994 5996 388
f 5993 388 5996
f 1522 6000 5999
f 6002 5999 6000
f 6009 6006 6007
f 99 6007 6006
f 6015 6013 6014
f 1524 6014 6013
f 6020 6011 6018
f 389 6018 6011
f 6025 6023 6024
f 1527 6024 6023
f 6032 6029 6030
f 392 6030 6029
f 6037 6035 6036
f 1530 6036 6035
f 6044 6041 6042
f 391 6042 6041
f 1533 6048 6047
f 6050 6047 6048
f 52 3390 6054
f 6056 6054 3390
f 6061 6059 6060
f 1534 6060 6059
f 224 3377 6057
f 6065 6057 3377
f 6067 1537 6069
f 6068 6069 1537
f 6074 6076 395
f 6073 395 6076
f 6079 1540 6081
f 6080 6081 1540
f 6086 6088 393
f 6085 393 6088
f 6092 6094 1544
f 6091 1544 6094
f 6098 102 6101
f 6099 6101 102
f 6106 6107 1546
f 6105 1546 6107
f 6110 6112 394
f 6103 394 6112
f 6116 6117 1549
f 6115 1549 6117
f 6122 6124 398
f 6121 398 6124
f 6127 1552 6129
f 6128 6129 1552
f 6133 396 6136
f 6134 6136 396
f 6142 6139 6140
f 1556 6140 6139
f 103 6147 6146
f 6149 6146 6147
f 6155 6153 6154
f 1558 6154 6153
f 6160 6151 6158
f 397 6158 6151
f 6166 6163 6164
f 1562 6164 6163
f 6173 6170 6171
f 401 6171 6170
f 1565 6178 6177
f 6179 6177 6178
f 399 6184 6183
f 6186 6183 6184
f 6192 6189 6190
f 1568 6190 6189
f 53 3546 6196
f 6198 6196 3546
f 6204 6201 6202
f 1570 6202 6201
f 236 3533 6199
f 6208 6199 3533
f 6211 1573 6213
f 6212 6213 1573
f 6217 402 6220
f 6218 6220 402
f 6225 6223 6224
f 1575 6224 6223
f 6230 6193 6228
f 399 6228 6193
f 6236 6233 6234
f 1577 6234 6233
f 6240 6180 6146
f 103 6146 6180
f 6243 1578 6245
f 6244 6245 1578
f 6249 6241 6133
f 396 6133 6241
f 6253 6251 6252
f 1581 6252 6251
f 6257 404 6260
f 6258 6260 404
f 6263 1584 6265
f 6264 6265 1584
f 6269 403 6272
f 6270 6272 403
f 6275 1587 6278
f 6276 6278 1587
f 6282 105 6284
f 5968 6284 105
f 6289 6287 6288
f 1588 6288 6287
f 6285 384 6293
f 5956 6293 384
f 6297 6295 6296
f 1591 6296 6295
f 6304 6301 6302
f 406 6302 6301
f 1594 6308 6307
f 6309 6307 6308
f 405 6314 6313
f 6316 6313 6314
f 1597 6320 6319
f 6322 6319 6320
f 104 5989 6326
f 6328 6326 5989
f 6333 6331 6332
f 1598 6332 6331
f 387 5975 6329
f 6337 6329 5975
f 6341 6339 6340
f 1601 6340 6339
f 6348 6345 6346
f 408 6346 6345
f 6353 6351 6352
f 1604 6352 6351
f 407 6358 6357
f 6360 6357 6358
f 6366 6363 6364
f 1607 6364 6363
f 6372 6370 3730
f 60 3730 6370
f 6377 6375 6376
f 1608 6376 6375
f 246 3717 6373
f 6381 6373 3717
f 6383 1611 6385
f 6384 6385 1611
f 6392 6389 6390
f 409 6390 6389
f 6397 6395 6396
f 1613 6396 6395
f 6402 6367 6400
f 407 6400 6367
f 6408 6405 6406
f 1615 6406 6405
f 6412 6354 6326
f 104 6326 6354
f 6415 1616 6417
f 6416 6417 1616
f 6413 405 6421
f 6313 6421 405
f 6424 1621 6427
f 6425 6427 1621
f 6432 413 6435
f 6433 6435 413
f 6443 6440 6441
f 1625 6441 6440
f 6450 6448 6432
f 413 6432 6448
f 6454 1628 6457
f 6455 6457 1628
f 6462 6433 6448
f 413 6448 6433
f 6465 1632 6468
f 6466 6468 1632
f 6472 416 6475
f 6473 6475 416
f 6479 1634 6481
f 6480 6481 1634
f 3880 257 6486
f 6484 6486 257
f 6489 1637 6492
f 6490 6492 1637
f 6495 6497 11
f 3869 11 6497
f 6501 1640 6504
f 6502 6504 1640
f 6499 414 6509
f 6507 6509 414
f 6515 6513 6514
f 1643 6514 6513
f 6519 417 6522
f 6520 6522 417
f 6525 1645 6527
f 6526 6527 1645
f 3924 259 6532
f 6530 6532 259
f 6535 1647 6538
f 6536 6538 1647
f 3913 10 6542
f 4501 6542 10
f 6545 1648 6547
f 6546 6547 1648
f 6551 6543 4541
f 296 4541 6543
f 1652 6555 6554
f 6556 6554 6555
f 6564 6561 6562
f 421 6562 6561
f 6570 6568 6569
f 1656 6569 6568
f 419 6576 6575
f 6578 6575 6576
f 6582 6584 1660
f 6581 1660 6584
f 6591 6588 6589
f 108 6589 6588
f 6596 6597 1662
f 6595 1662 6597
f 6593 420 6602
f 6600 6602 420
f 6606 6608 1666
f 6605 1666 6608
f 6612 425 6615
f 6613 6615 425
f 1669 6620 6619
f 6621 6619 6620
f 6628 6625 6626
f 422 6626 6625
f 6631 1673 6634
f 6632 6634 1673
f 6638 110 6641
f 6639 6641 110
f 6645 1676 6648
f 6646 6648 1676
f 6653 6643 6651
f 423 6651 6643
f 6657 1680 6660
f 6658 6660 1680
f 6664 428 6667
f 6665 6667 428
f 6671 1682 6673
f 6672 6673 1682
f 4989 326 6678
f 6676 6678 326
f 6681 1685 6684
f 6682 6684 1685
f 5029 81 6689
f 6687 6689 81
f 6693 1688 6696
f 6694 6696 1688
f 6691 426 6701
f 6699 6701 426
f 6707 6705 6706
f 1691 6706 6705
f 6711 430 6714
f 6712 6714 430
f 6719 6717 6718
f 1693 6718 6717
f 6669 427 6724
f 6722 6724 427
f 1696 6728 6727
f 6730 6727 6728
f 6735 6703 6733
f 112 6733 6703
f 6741 6739 6740
f 1698 6740 6739
f 6746 6737 6744
f 429 6744 6737
f 6751 6749 6750
f 1701 6750 6749
f 6758 6755 6756
f 432 6756 6755
f 6763 6761 6762
f 1704 6762 6761
f 431 6768 6767
f 6770 6767 6768
f 6776 6773 6774
f 1707 6774 6773
f 107 6456 6780
f 6782 6780 6456
f 6786 6787 1708
f 6785 1708 6787
f 6791 6783 6444
f 411 6444 6783
f 6793 1712 6796
f 6794 6796 1712
f 6800 434 6803
f 6801 6803 434
f 6807 1714 6809
f 6808 6809 1714
f 5043 330 6814
f 6812 6814 330
f 6820 6817 6818
f 1716 6818 6817
f 6824 5081 6467
f 71 6467 5081
f 6827 1718 6830
f 6828 6830 1718
f 6834 6825 6503
f 415 6503 6825
f 6838 1722 6840
f 6839 6840 1722
f 6848 6845 6846
f 436 6846 6845
f 6854 6852 6853
f 1725 6853 6852
f 6860 6635 6858
f 422 6858 6635
f 6866 6863 6864
f 1727 6864 6863
f 6870 6622 6571
f 109 6571 6622
f 1728 6874 6873
f 6875 6873 6874
f 418 6557 6871
f 6879 6871 6557
f 6881 1731 6883
f 6882 6883 1731
f 6887 438 6890
f 6888 6890 438
f 6893 1733 6895
f 6894 6895 1733
f 6617 424 6900
f 6898 6900 424
f 6903 1736 6906
f 6904 6906 1736
f 6655 111 6911
f 6909 6911 111
f 6915 1738 6917
f 6916 6917 1738
f 6922 6913 6920
f 437 6920 6913
f 1741 6926 6925
f 6927 6925 6926
f 439 6932 6931
f 6934 6931 6932
f 1743 6938 6937
f 6939 6937 6938
f 6943 439 6945
f 6931 6945 439
f 1744 6948 6947
f 6949 6947 6948
f 6943 6953 439
f 6932 439 6953
f 6956 1748 6958
f 6957 6958 1748
f 6963 441 6966
f 6964 6966 441
f 6970 6972 1751
f 6969 1751 6972
f 6963 6978 441
f 6976 441 6978
f 6983 6981 6982
f 1752 6982 6981
f 6987 6964 6976
f 441 6976 6964
f 1755 6990 6989
f 6991 6989 6990
f 6998 6995 6996
f 443 6996 6995
f 7003 7001 7002
f 1758 7002 7001
f 7010 7007 7008
f 442 7008 7007
f 7016 7013 7014
f 1761 7014 7013
f 7022 7020 4400
f 69 4400 7020
f 7027 7025 7026
f 1762 7026 7025
f 7031 7023 4387
f 286 4387 7023
f 7034 1766 7036
f 7035 7036 1766
f 7041 445 7044
f 7042 7044 445
f 7048 1769 7050
f 7049 7050 1769
f 4459 289 7056
f 7054 7056 289
f 7059 1771 7062
f 7060 7062 1771
f 4447 69 7066
f 7020 7066 69
f 7069 1772 7071
f 7070 7071 1772
f 7067 442 7075
f 7007 7075 442
f 7079 7077 7078
f 1775 7078 7077
f 7084 7086 446
f 7083 446 7086
f 7091 7089 7090
f 1777 7090 7089
f 7097 7095 7083
f 446 7083 7095
f 7099 1778 7101
f 7100 7101 1778
f 7084 446 7105
f 7095 7105 446
f 447 1784 1780
f 1787 1780 1784
f 450 1781 1793
f 1794 1793 1781
f 1799 1802 452
f 1796 452 1802
f 1797 1808 448
f 1788 448 1808
f 1804 1815 454
f 1809 454 1815
f 1810 1822 458
f 1821 458 1822
f 1789 1828 449
f 1823 449 1828
f 1824 1834 461
f 1833 461 1834
f 1829 1841 460
f 1835 460 1841
f 465 1836 1847
f 1848 1847 1836
f 1817 1854 457
f 1849 457 1854
f 1850 1860 463
f 1842 463 1860
f 1856 1867 468
f 1861 468 1867
f 1862 1874 472
f 1873 472 1874
f 1843 1880 464
f 1875 464 1880
f 1876 1886 475
f 1885 475 1886
f 477 1891 1888
f 1894 1888 1891
f 1889 1900 453
f 1803 453 1900
f 481 1905 1902
f 1908 1902 1905
f 478 1903 1895
f 1914 1895 1903
f 483 1910 1915
f 1921 1915 1910
f 1916 1928 487
f 1927 487 1928
f 479 1896 1929
f 1933 1929 1896
f 1930 1938 456
f 1816 456 1938
f 491 1943 1940
f 1946 1940 1943
f 1941 1952 482
f 1909 482 1952
f 495 1957 1954
f 1960 1954 1957
f 1955 1966 492
f 1947 492 1966
f 497 1962 1967
f 1973 1967 1962
f 1968 1980 501
f 1979 501 1980
f 1948 1985 493
f 1981 493 1985
f 1982 1990 485
f 1922 485 1990
f 1986 1997 503
f 1991 503 1997
f 1992 2004 507
f 2003 507 2004
f 1975 2010 500
f 2005 500 2010
f 2006 2016 505
f 1998 505 2016
f 510 2012 2017
f 2023 2017 2012
f 2018 2030 514
f 2029 514 2030
f 1999 2036 506
f 2031 506 2036
f 2032 2042 517
f 2041 517 2042
f 1934 2048 489
f 2043 489 2048
f 2044 2054 467
f 1855 467 2054
f 1923 2059 486
f 2055 486 2059
f 2056 2064 519
f 2049 519 2064
f 2060 2070 522
f 2065 522 2070
f 2066 2076 525
f 2075 525 2076
f 2050 2081 520
f 2077 520 2081
f 2078 2086 470
f 1868 470 2086
f 529 2091 2088
f 2094 2088 2091
f 496 2089 1961
f 2100 1961 2089
f 533 2105 2102
f 2108 2102 2105
f 530 2103 2095
f 2114 2095 2103
f 535 2110 2115
f 2121 2115 2110
f 2116 2128 539
f 2127 539 2128
f 531 2096 2129
f 2133 2129 2096
f 499 2130 1974
f 2138 1974 2130
f 541 2134 2139
f 2144 2139 2134
f 509 2140 2011
f 2150 2011 2140
f 538 2123 2151
f 2156 2151 2123
f 543 2152 2145
f 2162 2145 2152
f 547 2158 2163
f 2169 2163 2158
f 551 2164 2175
f 2176 2175 2164
f 544 2146 2177
f 2181 2177 2146
f 512 2178 2024
f 2186 2024 2178
f 553 2182 2187
f 2192 2187 2182
f 2198 2028 2188
f 513 2188 2028
f 550 2171 2199
f 2204 2199 2171
f 555 2200 2193
f 2210 2193 2200
f 2217 2211 2206
f 559 2206 2211
f 563 2212 2223
f 2224 2223 2212
f 2229 2225 2194
f 556 2194 2225
f 516 2226 2040
f 2234 2040 2226
f 565 2230 2235
f 2240 2235 2230
f 524 2236 2074
f 2246 2074 2236
f 562 2219 2247
f 2252 2247 2219
f 2241 567 2258
f 2248 2258 567
f 2254 2265 571
f 2259 571 2265
f 2260 2270 574
f 2269 574 2270
f 2242 2275 568
f 2271 568 2275
f 2272 2278 527
f 2085 527 2278
f 2284 2287 577
f 2280 577 2287
f 580 2281 2293
f 2294 2293 2281
f 2299 2302 582
f 2296 582 2302
f 2297 2308 578
f 2288 578 2308
f 584 2304 2309
f 2315 2309 2304
f 588 2310 2321
f 2322 2321 2310
f 579 2289 2323
f 2328 2323 2289
f 591 2324 2333
f 2334 2333 2324
f 2339 2342 593
f 2336 593 2342
f 2337 2348 583
f 2303 583 2348
f 597 2353 2350
f 2356 2350 2353
f 594 2351 2343
f 2362 2343 2351
f 599 2358 2363
f 2369 2363 2358
f 603 2364 2375
f 2376 2375 2364
f 595 2344 2377
f 2381 2377 2344
f 586 2378 2316
f 2386 2316 2378
f 2382 2393 605
f 2387 605 2393
f 609 2388 2399
f 2400 2399 2388
f 2371 2406 602
f 2401 602 2406
f 2402 2412 607
f 2394 607 2412
f 2408 2419 612
f 2413 612 2419
f 2414 2426 616
f 2425 616 2426
f 2395 2432 608
f 2427 608 2432
f 619 2428 2437
f 2438 2437 2428
f 590 2329 2439
f 2445 2439 2329
f 623 2440 2451
f 2452 2451 2440
f 587 2317 2453
f 2457 2453 2317
f 621 2454 2446
f 2462 2446 2454
f 625 2458 2463
f 2468 2463 2458
f 628 2464 2473
f 2474 2473 2464
f 622 2447 2475
f 2480 2475 2447
f 631 2476 2485
f 2486 2485 2476
f 633 2491 2488
f 2494 2488 2491
f 598 2489 2357
f 2500 2357 2489
f 637 2505 2502
f 2508 2502 2505
f 634 2503 2495
f 2514 2495 2503
f 639 2510 2515
f 2521 2515 2510
f 643 2516 2527
f 2528 2527 2516
f 635 2496 2529
f 2533 2529 2496
f 601 2530 2370
f 2538 2370 2530
f 2534 2544 645
f 2539 645 2544
f 2540 2550 611
f 2407 611 2550
f 642 2523 2551
f 2556 2551 2523
f 2552 2562 647
f 2545 647 2562
f 651 2558 2563
f 2569 2563 2558
f 655 2564 2575
f 2576 2575 2564
f 2546 2581 648
f 2577 648 2581
f 2578 2586 614
f 2420 614 2586
f 2595 2588 2592
f 659 2592 2588
f 2602 2601 2589
f 662 2589 2601
f 533 2101 2603
f 2609 2603 2101
f 665 2604 2613
f 2614 2613 2604
f 2619 2622 667
f 2616 667 2622
f 2617 2626 529
f 2091 529 2626
f 670 2632 2628
f 2635 2628 2632
f 672 2629 2639
f 2640 2639 2629
f 2642 674 2648
f 2646 2648 674
f 2643 2652 675
f 2651 675 2652
f 675 2651 2653
f 2659 2653 2651
f 679 2654 2665
f 2666 2665 2654
f 670 2627 2667
f 2672 2667 2627
f 677 2668 2660
f 2678 2660 2668
f 682 2674 2679
f 2685 2679 2674
f 686 2680 2691
f 2692 2691 2680
f 678 2661 2693
f 2698 2693 2661
f 689 2694 2703
f 2704 2703 2694
f 2705 580 2710
f 2293 2710 580
f 2690 685 2716
f 2706 2716 685
f 2717 591 2722
f 2333 2722 591
f 2711 691 2728
f 2718 2728 691
f 695 2724 2729
f 2735 2729 2724
f 2741 699 2742
f 2730 2742 699
f 2743 692 2747
f 2712 2747 692
f 2744 2752 688
f 2702 688 2752
f 2753 697 2759
f 2733 2759 697
f 2765 705 2766
f 2754 2766 705
f 2772 2767 2451
f 623 2451 2767
f 694 2768 2723
f 2776 2723 2768
f 2778 709 2784
f 2781 2784 709
f 2477 631 2788
f 2779 2788 631
f 2794 2797 712
f 2790 712 2797
f 714 2791 2801
f 2802 2801 2791
f 716 2808 2804
f 2810 2804 2808
f 717 2805 2813
f 2814 2813 2805
f 2601 2821 662
f 2815 662 2821
f 721 2816 2827
f 2828 2827 2816
f 674 2641 2829
f 2834 2829 2641
f 719 2830 2822
f 2840 2822 2830
f 2841 724 2847
f 2836 2847 724
f 728 2842 2853
f 2854 2853 2842
f 720 2823 2855
f 2860 2855 2823
f 731 2856 2865
f 2866 2865 2856
f 2665 2872 679
f 2867 679 2872
f 2835 723 2878
f 2868 2878 723
f 2703 2884 689
f 2879 689 2884
f 2880 2890 733
f 2873 733 2890
f 2886 2897 737
f 2891 737 2897
f 2892 2904 741
f 2903 741 2904
f 2874 2909 734
f 2905 734 2909
f 2906 2914 726
f 2848 726 2914
f 2748 2920 701
f 2915 701 2920
f 2916 2926 736
f 2885 736 2926
f 698 2737 2927
f 2932 2927 2737
f 2928 2938 745
f 2921 745 2938
f 2934 2945 749
f 2939 749 2945
f 2940 2952 753
f 2951 753 2952
f 2922 2957 746
f 2953 746 2957
f 2898 739 2962
f 2954 2962 739
f 2968 2963 2765
f 705 2765 2963
f 748 2964 2933
f 2974 2933 2964
f 716 2803 2975
f 2980 2975 2803
f 757 2976 2969
f 2986 2969 2976
f 761 2982 2987
f 2993 2987 2982
f 2988 3000 765
f 2999 765 3000
f 758 2970 3001
f 3005 3001 2970
f 2946 751 3010
f 3002 3010 751
f 2801 3017 714
f 3011 714 3017
f 3012 3024 771
f 3023 771 3024
f 2777 3030 709
f 3025 709 3030
f 3026 3036 769
f 3018 769 3036
f 3037 774 3043
f 3032 3043 774
f 3049 778 3050
f 3038 3050 778
f 3019 3056 770
f 3051 770 3056
f 3052 3062 781
f 3061 781 3062
f 630 2481 3063
f 3068 3063 2481
f 773 3064 3031
f 3074 3031 3064
f 627 2469 3075
f 3080 3075 2469
f 783 3076 3069
f 3086 3069 3076
f 787 3082 3087
f 3093 3087 3082
f 3100 3099 3088
f 791 3088 3099
f 3105 3101 3070
f 784 3070 3101
f 3044 776 3110
f 3102 3110 776
f 2433 3116 618
f 3111 618 3116
f 786 3112 3081
f 3122 3081 3112
f 2421 3128 615
f 3123 615 3128
f 3124 3134 795
f 3117 795 3134
f 799 3130 3135
f 3141 3135 3130
f 803 3136 3147
f 3148 3147 3136
f 3118 3153 796
f 3149 796 3153
f 789 3150 3094
f 3158 3094 3150
f 657 2582 3159
f 3164 3159 2582
f 798 3160 3129
f 3170 3129 3160
f 654 2571 3171
f 3176 3171 2571
f 807 3172 3165
f 3182 3165 3172
f 811 3178 3183
f 3189 3183 3178
f 815 3184 3195
f 3196 3195 3184
f 808 3166 3197
f 3201 3197 3166
f 3206 3142 3198
f 801 3198 3142
f 3057 3213 780
f 3207 780 3213
f 3208 3220 821
f 3219 821 3220
f 3045 3226 777
f 3221 777 3226
f 3222 3232 819
f 3214 819 3232
f 3228 3239 824
f 3233 824 3239
f 3234 3246 828
f 3245 828 3246
f 3247 820 3252
f 3215 3252 820
f 3257 831 3258
f 3248 3258 831
f 793 3106 3259
f 3265 3259 3106
f 835 3260 3271
f 3272 3271 3260
f 790 3095 3273
f 3278 3273 3095
f 833 3274 3266
f 3284 3266 3274
f 3291 3285 3280
f 838 3280 3285
f 3298 3297 3286
f 842 3286 3297
f 834 3267 3299
f 3304 3299 3267
f 3310 3309 3300
f 845 3300 3309
f 805 3154 3311
f 3316 3311 3154
f 837 3312 3279
f 3322 3279 3312
f 802 3143 3323
f 3328 3323 3143
f 847 3324 3317
f 3334 3317 3324
f 851 3330 3335
f 3341 3335 3330
f 3336 3348 855
f 3347 855 3348
f 3353 3349 3318
f 848 3318 3349
f 3358 3292 3350
f 840 3350 3292
f 3364 3359 3202
f 817 3202 3359
f 850 3360 3329
f 3370 3329 3360
f 814 3191 3371
f 3376 3371 3191
f 859 3372 3365
f 3382 3365 3372
f 3389 3383 3378
f 863 3378 3383
f 867 3384 3395
f 3396 3395 3384
f 860 3366 3397
f 3401 3397 3366
f 853 3398 3342
f 3406 3342 3398
f 3407 830 3413
f 3253 3413 830
f 3419 873 3420
f 3408 3420 873
f 3241 3426 827
f 3421 827 3426
f 3422 3432 871
f 3414 871 3432
f 3428 3439 876
f 3433 876 3439
f 3434 3446 880
f 3445 880 3446
f 3447 872 3452
f 3415 3452 872
f 3457 883 3458
f 3448 3458 883
f 3463 3466 885
f 3460 885 3466
f 3461 3472 875
f 3427 875 3472
f 889 3477 3474
f 3480 3474 3477
f 3475 3486 886
f 3467 886 3486
f 891 3482 3487
f 3493 3487 3482
f 3499 895 3500
f 3488 3500 895
f 3501 887 3505
f 3468 3505 887
f 3440 878 3510
f 3502 3510 878
f 899 3515 3512
f 3518 3512 3515
f 890 3513 3481
f 3524 3481 3513
f 903 3529 3526
f 3532 3526 3529
f 900 3527 3519
f 3538 3519 3527
f 905 3534 3539
f 3545 3539 3534
f 909 3540 3551
f 3552 3551 3540
f 3557 3553 3520
f 901 3520 3553
f 3562 3494 3554
f 893 3554 3494
f 3453 3569 882
f 3563 882 3569
f 3564 3576 915
f 3575 915 3576
f 3577 879 3581
f 3441 3581 879
f 3570 913 3586
f 3578 3586 913
f 917 3582 3587
f 3592 3587 3582
f 919 3588 3595
f 3596 3595 3588
f 3597 914 3602
f 3571 3602 914
f 921 3598 3605
f 3606 3605 3598
f 903 3525 3607
f 3613 3607 3525
f 3619 925 3620
f 3608 3620 925
f 899 3511 3621
f 3626 3621 3511
f 3614 923 3632
f 3622 3632 923
f 3633 928 3639
f 3628 3639 928
f 3645 932 3646
f 3634 3646 932
f 3615 3652 924
f 3647 924 3652
f 3648 3658 935
f 3657 935 3658
f 889 3473 3659
f 3664 3659 3473
f 927 3660 3627
f 3670 3627 3660
f 3671 885 3675
f 3459 3675 885
f 3672 3680 937
f 3665 937 3680
f 3676 3686 940
f 3681 940 3686
f 3690 3689 3682
f 942 3682 3689
f 3695 3691 3666
f 938 3666 3691
f 3640 930 3698
f 3692 3698 930
f 869 3402 3699
f 3704 3699 3402
f 854 3700 3346
f 3710 3346 3700
f 3716 3711 3391
f 866 3391 3711
f 945 3712 3705
f 3722 3705 3712
f 949 3718 3723
f 3729 3723 3718
f 953 3724 3735
f 3736 3735 3724
f 946 3706 3737
f 3741 3737 3706
f 857 3738 3357
f 3746 3357 3738
f 3747 934 3753
f 3653 3753 934
f 3759 959 3760
f 3748 3760 959
f 3761 931 3765
f 3641 3765 931
f 3754 957 3770
f 3762 3770 957
f 3771 961 3776
f 3766 3776 961
f 963 3772 3779
f 3780 3779 3772
f 958 3755 3781
f 3786 3781 3755
f 965 3782 3789
f 3790 3789 3782
f 3792 967 3799
f 3796 3799 967
f 3793 3806 970
f 3805 970 3806
f 3808 972 3815
f 3812 3815 972
f 3819 974 3820
f 3809 3820 974
f 976 3826 3822
f 3828 3822 3826
f 977 3823 3831
f 3832 3831 3823
f 3837 3840 979
f 3834 979 3840
f 3835 3846 633
f 2491 633 3846
f 3851 3854 983
f 3848 983 3854
f 3849 3860 980
f 3841 980 3860
f 3856 3867 985
f 3861 985 3867
f 3862 3874 989
f 3873 989 3874
f 3842 3879 981
f 3875 981 3879
f 3876 3884 637
f 2505 637 3884
f 970 3805 3885
f 3890 3885 3805
f 3886 3896 984
f 3855 984 3896
f 3901 3897 3821
f 976 3821 3897
f 3891 993 3906
f 3898 3906 993
f 3907 996 3912
f 3902 3912 996
f 3917 999 3918
f 3908 3918 999
f 3919 994 3923
f 3892 3923 994
f 3920 3928 987
f 3868 987 3928
f 3935 3929 3819
f 974 3819 3929
f 3942 3941 3930
f 1005 3930 3941
f 3791 3948 967
f 3943 967 3948
f 3944 3954 1003
f 3936 1003 3954
f 3950 3961 1008
f 3955 1008 3961
f 3956 3968 1012
f 3967 1012 3968
f 1004 3937 3969
f 3974 3969 3937
f 1015 3970 3979
f 3980 3979 3970
f 3985 3988 1017
f 3982 1017 3988
f 3966 1011 3994
f 3983 3994 1011
f 3996 1021 4002
f 3999 4002 1021
f 3989 1018 4008
f 3997 4008 1018
f 4009 1023 4015
f 4004 4015 1023
f 1027 4010 4021
f 4022 4021 4010
f 4027 4023 3990
f 1019 3990 4023
f 1014 4024 3978
f 4032 3978 4024
f 4037 4040 1031
f 4034 1031 4040
f 4035 4046 681
f 2673 681 4046
f 4051 4054 1035
f 4048 1035 4054
f 4049 4060 1032
f 4041 1032 4060
f 4056 4067 1037
f 4061 1037 4067
f 4062 4072 1040
f 4071 1040 4072
f 4042 4077 1033
f 4073 1033 4077
f 4074 4080 684
f 2686 684 4080
f 4086 4081 1953
f 495 1953 4081
f 667 4082 2619
f 4092 2619 4082
f 491 1939 4093
f 4098 4093 1939
f 4104 4087 4094
f 1043 4094 4087
f 1047 4100 4105
f 4111 4105 4100
f 4115 1050 4116
f 4106 4116 1050
f 4117 1044 4121
f 4088 4121 1044
f 672 4118 2630
f 4124 2630 4118
f 481 1901 4125
f 4130 4125 1901
f 1046 4126 4099
f 4136 4099 4126
f 1887 4141 477
f 4137 477 4141
f 1053 4138 4131
f 4146 4131 4138
f 1056 4142 4147
f 4152 4147 4142
f 1059 4148 4157
f 4158 4157 4148
f 1054 4132 4159
f 4163 4159 4132
f 1049 4160 4112
f 4168 4112 4160
f 4170 1063 4176
f 4173 4176 1063
f 4171 4182 1036
f 4055 1036 4182
f 4187 4189 1067
f 4184 1067 4189
f 4185 4194 1064
f 4177 1064 4194
f 1068 4190 4195
f 4200 4195 4190
f 4204 4203 4196
f 1070 4196 4203
f 4178 4209 1065
f 4205 1065 4209
f 4206 4212 1039
f 4068 1039 4212
f 4213 1061 4219
f 4164 4219 1061
f 4214 4226 1075
f 4225 1075 4226
f 4231 4227 4153
f 1058 4153 4227
f 1073 4228 4220
f 4236 4220 4228
f 1077 4232 4237
f 4242 4237 4232
f 1079 4238 4245
f 4246 4245 4238
f 1074 4221 4247
f 4252 4247 4221
f 1081 4248 4255
f 4256 4255 4248
f 4257 1067 4262
f 4183 4262 1067
f 3949 1007 4268
f 4258 4268 1007
f 4169 4274 1063
f 4269 1063 4274
f 4270 4280 1083
f 4263 1083 4280
f 4281 1087 4287
f 4276 4287 1087
f 4282 4292 1090
f 4291 1090 4292
f 4264 4297 1084
f 4293 1084 4297
f 4294 4300 1010
f 3962 1010 4300
f 4306 4301 4225
f 1075 4225 4301
f 4312 4275 4302
f 1086 4302 4275
f 4318 4313 4013
f 1025 4013 4313
f 4314 4322 1081
f 4249 1081 4322
f 4285 4327 1089
f 4323 1089 4327
f 4330 4003 4324
f 1022 4324 4003
f 3006 4337 767
f 4331 767 4337
f 4343 1101 4344
f 4332 4344 1101
f 1103 4349 4346
f 4352 4346 4349
f 764 4347 2998
f 4356 2998 4347
f 4362 4364 1106
f 4358 1106 4364
f 4359 4368 1107
f 4367 1107 4368
f 4374 4369 4343
f 1101 4343 4369
f 4380 2950 4370
f 752 4370 2950
f 4357 4386 1106
f 4381 1106 4386
f 1109 4382 4375
f 4392 4375 4382
f 1113 4388 4393
f 4399 4393 4388
f 1117 4394 4405
f 4406 4405 4394
f 1110 4376 4407
f 4411 4407 4376
f 4416 2961 4408
f 755 4408 2961
f 4417 743 4423
f 2910 4423 743
f 4429 1123 4430
f 4418 4430 1123
f 4431 740 4435
f 2899 4435 740
f 4424 1121 4440
f 4432 4440 1121
f 4441 1125 4446
f 4436 4446 1125
f 4451 1128 4452
f 4442 4452 1128
f 4453 1122 4458
f 4425 4458 1122
f 4463 1131 4464
f 4454 4464 1131
f 4470 4465 4429
f 1123 4429 4465
f 727 4466 2852
f 4476 2852 4466
f 4478 1136 4484
f 4481 4484 1136
f 4455 1131 4488
f 4479 4488 1131
f 730 2861 4489
f 4494 4489 2861
f 1139 4490 4497
f 4498 4497 4490
f 450 1793 4499
f 4505 4499 1793
f 1143 4500 4511
f 4512 4511 4500
f 4513 461 4518
f 1833 4518 461
f 4506 1141 4524
f 4514 4524 1141
f 4525 1146 4531
f 4520 4531 1146
f 4537 1150 4538
f 4526 4538 1150
f 4507 4544 1142
f 4539 1142 4544
f 4540 4550 1153
f 4549 1153 4550
f 465 1847 4551
f 4556 4551 1847
f 4552 4562 1145
f 4519 1145 4562
f 1885 4568 475
f 4563 475 4568
f 4564 4574 1155
f 4557 1155 4574
f 4570 4581 1159
f 4575 1159 4581
f 4576 4588 1163
f 4587 1163 4588
f 4558 4593 1156
f 4589 1156 4593
f 4590 4598 1148
f 4532 1148 4598
f 4599 1152 4605
f 4545 4605 1152
f 1169 4600 4611
f 4612 4611 4600
f 4613 1149 4618
f 4533 4618 1149
f 1167 4614 4606
f 4624 4606 4614
f 4625 1172 4631
f 4620 4631 1172
f 1176 4626 4637
f 4638 4637 4626
f 1168 4607 4639
f 4644 4639 4607
f 1179 4640 4649
f 4650 4649 4640
f 4651 1178 4657
f 4645 4657 1178
f 1183 4652 4663
f 4664 4663 4652
f 4665 1175 4670
f 4633 4670 1175
f 4658 1181 4676
f 4666 4676 1181
f 4677 1186 4683
f 4672 4683 1186
f 1190 4678 4689
f 4690 4689 4678
f 4691 1182 4696
f 4659 4696 1182
f 1193 4692 4701
f 4702 4701 4692
f 4704 1195 4710
f 4707 4710 1195
f 4671 1185 4716
f 4705 4716 1185
f 4718 1199 4724
f 4721 4724 1199
f 4711 1196 4730
f 4719 4730 1196
f 4731 1201 4737
f 4726 4737 1201
f 1205 4732 4743
f 4744 4743 4732
f 4745 1197 4749
f 4712 4749 1197
f 4684 1188 4754
f 4746 4754 1188
f 4594 4760 1165
f 4755 1165 4760
f 4619 1171 4766
f 4756 4766 1171
f 4583 4772 1162
f 4767 1162 4772
f 4761 1209 4778
f 4768 4778 1209
f 4779 1213 4785
f 4774 4785 1213
f 4789 1216 4790
f 4780 4790 1216
f 4791 1210 4795
f 4762 4795 1210
f 4632 1174 4798
f 4792 4798 1174
f 1192 4697 4799
f 4805 4799 4697
f 1221 4800 4811
f 4812 4811 4800
f 1189 4685 4813
f 4818 4813 4685
f 1219 4814 4806
f 4824 4806 4814
f 4825 1224 4831
f 4820 4831 1224
f 1227 4826 4835
f 4836 4835 4826
f 1220 4807 4837
f 4842 4837 4807
f 1229 4838 4845
f 4846 4845 4838
f 1207 4750 4847
f 4852 4847 4750
f 1223 4848 4819
f 4858 4819 4848
f 1204 4739 4859
f 4864 4859 4739
f 1231 4860 4853
f 4870 4853 4860
f 1235 4866 4871
f 4877 4871 4866
f 1238 4872 4881
f 4882 4881 4872
f 1232 4854 4883
f 4887 4883 4854
f 1226 4884 4832
f 4890 4832 4884
f 4896 4891 4735
f 1203 4735 4891
f 1234 4892 4865
f 4902 4865 4892
f 1200 4722 4903
f 4908 4903 4722
f 4914 4897 4904
f 1241 4904 4897
f 1245 4910 4915
f 4921 4915 4910
f 4926 4925 4916
f 1248 4916 4925
f 1242 4898 4927
f 4931 4927 4898
f 1237 4928 4878
f 4934 4878 4928
f 1215 4783 4935
f 4940 4935 4783
f 1244 4936 4909
f 4946 4909 4936
f 4947 1212 4951
f 4770 4951 1212
f 4941 1251 4956
f 4948 4956 1251
f 4952 4962 1254
f 4957 1254 4962
f 4965 1256 4966
f 4958 4966 1256
f 4942 4971 1252
f 4967 1252 4971
f 1247 4968 4922
f 4974 4922 4968
f 1259 4980 4976
f 4983 4976 4980
f 4977 4990 1262
f 4989 1262 4990
f 1264 4995 4992
f 4998 4992 4995
f 1260 4993 4984
f 5004 4984 4993
f 1266 5000 5005
f 5011 5005 5000
f 1270 5006 5017
f 5018 5017 5006
f 4985 5024 1261
f 5019 1261 5024
f 5020 5030 1273
f 5029 1273 5030
f 5025 5037 1272
f 5031 1272 5037
f 5032 5044 1277
f 5043 1277 5044
f 1269 5013 5045
f 5050 5045 5013
f 1275 5046 5038
f 5056 5038 5046
f 1280 5052 5057
f 5063 5057 5052
f 1284 5058 5069
f 5070 5069 5058
f 1276 5039 5071
f 5076 5071 5039
f 1287 5072 5081
f 5082 5081 5072
f 1289 5087 5084
f 5090 5084 5087
f 5085 5096 1279
f 5051 1279 5096
f 1293 5101 5098
f 5104 5098 5101
f 5099 5110 1290
f 5091 1290 5110
f 5106 5117 1295
f 5111 1295 5117
f 5112 5124 1299
f 5123 1299 5124
f 5092 5129 1291
f 5125 1291 5129
f 5126 5134 1282
f 5064 1282 5134
f 1303 5139 5136
f 5142 5136 5139
f 1265 5137 4999
f 5148 4999 5137
f 1307 5153 5150
f 5156 5150 5153
f 1304 5151 5143
f 5162 5143 5151
f 1309 5158 5163
f 5169 5163 5158
f 1312 5164 5173
f 5174 5173 5164
f 1305 5144 5175
f 5179 5175 5144
f 1268 5176 5012
f 5182 5012 5176
f 1286 5077 5183
f 5189 5183 5077
f 1317 5184 5195
f 5196 5195 5184
f 1283 5065 5197
f 5202 5197 5065
f 1315 5198 5190
f 5208 5190 5198
f 1320 5204 5209
f 5215 5209 5204
f 1323 5210 5219
f 5220 5219 5210
f 1316 5191 5221
f 5226 5221 5191
f 1325 5222 5229
f 5230 5229 5222
f 5130 5236 1301
f 5231 1301 5236
f 5203 1319 5242
f 5232 5242 1319
f 5243 1298 5248
f 5119 5248 1298
f 5237 1327 5254
f 5244 5254 1327
f 1331 5250 5255
f 5261 5255 5250
f 1334 5256 5265
f 5266 5265 5256
f 5267 1328 5271
f 5238 5271 1328
f 1322 5268 5216
f 5274 5216 5268
f 5282 5276 5279
f 1337 5279 5276
f 5288 2592 5277
f 659 5277 2592
f 5294 5297 1341
f 5290 1341 5297
f 5291 5302 1343
f 5301 1343 5302
f 1345 5308 5304
f 5311 5304 5308
f 1347 5305 5315
f 5316 5315 5305
f 4811 5323 1221
f 5317 1221 5323
f 5318 5328 1350
f 5327 1350 5328
f 665 2613 5329
f 5333 5329 2613
f 1229 5330 4839
f 5336 4839 5330
f 1353 5341 5338
f 5344 5338 5341
f 1341 5339 5294
f 5350 5294 5339
f 1357 5355 5352
f 5358 5352 5355
f 1354 5353 5345
f 5364 5345 5353
f 1359 5360 5365
f 5371 5365 5360
f 1363 5366 5377
f 5378 5377 5366
f 1355 5346 5379
f 5383 5379 5346
f 1347 5380 5306
f 5388 5306 5380
f 5369 5394 1361
f 5389 1361 5394
f 5390 5400 1259
f 4980 1259 5400
f 5356 5406 1358
f 5401 1358 5406
f 5402 5412 1367
f 5395 1367 5412
f 5408 5419 1371
f 5413 1371 5419
f 1375 5414 5425
f 5426 5425 5414
f 5396 5431 1368
f 5427 1368 5431
f 5428 5436 1264
f 4995 1264 5436
f 5441 5444 1379
f 5438 1379 5444
f 5439 5450 1374
f 5424 1374 5450
f 717 2813 5451
f 5457 5451 2813
f 1384 5452 5461
f 5462 5461 5452
f 1386 5467 5464
f 5470 5464 5467
f 5474 2794 5465
f 712 5465 2794
f 5149 5481 1307
f 5475 1307 5481
f 5476 5486 1390
f 5485 1390 5486
f 1377 5432 5487
f 5491 5487 5432
f 5494 5139 5488
f 1303 5488 5139
f 721 2827 5495
f 5500 5495 2827
f 5279 1337 5506
f 5496 5506 1337
f 731 2865 5507
f 5512 5507 2865
f 1393 5508 5501
f 5518 5501 5508
f 1397 5514 5519
f 5525 5519 5514
f 5520 5532 1401
f 5531 1401 5532
f 1394 5502 5533
f 5537 5533 5502
f 1343 5534 5292
f 5542 5292 5534
f 5538 5548 1403
f 5543 1403 5548
f 5544 5554 1353
f 5341 1353 5554
f 5527 5560 1400
f 5555 1400 5560
f 5556 5566 1405
f 5549 1405 5566
f 5562 5573 1409
f 5567 1409 5573
f 5568 5580 1413
f 5579 1413 5580
f 5550 5585 1406
f 5581 1406 5585
f 5582 5590 1357
f 5355 1357 5590
f 5586 5596 1415
f 5591 1415 5596
f 5592 5602 1370
f 5407 1370 5602
f 5575 5608 1412
f 5603 1412 5608
f 5604 5614 1417
f 5597 1417 5614
f 5610 5621 1421
f 5615 1421 5621
f 5616 5628 1425
f 5627 1425 5628
f 5598 5633 1418
f 5629 1418 5633
f 1373 5630 5420
f 5638 5420 5630
f 1427 5634 5639
f 5644 5639 5634
f 5650 5441 5640
f 1379 5640 5441
f 5623 5656 1424
f 5651 1424 5656
f 1429 5652 5645
f 5662 5645 5652
f 5663 1433 5669
f 5658 5669 1433
f 1436 5664 5673
f 5674 5673 5664
f 1430 5646 5675
f 5679 5675 5646
f 1384 5676 5453
f 5682 5453 5676
f 5683 771 5688
f 3023 5688 771
f 5684 5694 1386
f 5467 1386 5694
f 5695 781 5700
f 3061 5700 781
f 5689 1439 5706
f 5696 5706 1439
f 5702 5713 1443
f 5707 1443 5713
f 5708 5720 1447
f 5719 1447 5720
f 5721 1440 5725
f 5690 5725 1440
f 5477 1390 5730
f 5722 5730 1390
f 1449 5726 5731
f 5736 5731 5726
f 1308 5732 5157
f 5742 5157 5732
f 5715 5748 1446
f 5743 1446 5748
f 5754 5737 5744
f 1451 5744 5737
f 5761 5755 5750
f 1455 5750 5755
f 1459 5756 5767
f 5768 5767 5756
f 1452 5738 5769
f 5773 5769 5738
f 1311 5770 5170
f 5778 5170 5770
f 1461 5774 5779
f 5784 5779 5774
f 5105 1294 5790
f 5780 5790 1294
f 1458 5763 5791
f 5796 5791 5763
f 5785 1463 5802
f 5792 5802 1463
f 1467 5798 5803
f 5809 5803 5798
f 1471 5804 5815
f 5816 5815 5804
f 5817 1464 5821
f 5786 5821 1464
f 5118 1297 5826
f 5818 5826 1297
f 1473 5822 5827
f 5832 5827 5822
f 1330 5828 5249
f 5838 5249 5828
f 5844 5839 5811
f 1470 5811 5839
f 1475 5840 5833
f 5850 5833 5840
f 1479 5846 5851
f 5857 5851 5846
f 1482 5852 5861
f 5862 5861 5852
f 1476 5834 5863
f 5867 5863 5834
f 1333 5864 5262
f 5870 5262 5864
f 5871 821 5876
f 3219 5876 821
f 5701 1442 5882
f 5872 5882 1442
f 3257 5888 831
f 5883 831 5888
f 5884 5894 1485
f 5877 1485 5894
f 5895 1489 5901
f 5890 5901 1489
f 5907 1493 5908
f 5896 5908 1493
f 5909 1486 5913
f 5878 5913 1486
f 5714 1445 5918
f 5910 5918 1445
f 5914 5925 1495
f 5919 1495 5925
f 1499 5920 5931
f 5932 5931 5920
f 5933 1492 5938
f 5903 5938 1492
f 5934 5944 1497
f 5926 1497 5944
f 1502 5940 5945
f 5951 5945 5940
f 1506 5946 5957
f 5958 5957 5946
f 1498 5927 5959
f 5964 5959 5927
f 5960 5970 1509
f 5969 1509 5970
f 1511 5975 5972
f 5978 5972 5975
f 1466 5973 5797
f 5984 5797 5973
f 5992 5986 5989
f 1515 5989 5986
f 5998 5979 5987
f 1512 5987 5979
f 5999 1517 6005
f 5994 6005 1517
f 1521 6000 6011
f 6012 6011 6000
f 1513 5980 6013
f 6017 6013 5980
f 1469 6014 5810
f 6022 5810 6014
f 1523 6018 6023
f 6028 6023 6018
f 6034 5845 6024
f 1478 6024 5845
f 1520 6007 6035
f 6040 6035 6007
f 1525 6036 6029
f 6046 6029 6036
f 1529 6042 6047
f 6053 6047 6042
f 6058 6057 6048
f 1532 6048 6057
f 1526 6030 6059
f 6063 6059 6030
f 1481 6060 5858
f 6066 5858 6060
f 3419 6072 873
f 6067 873 6072
f 6068 6078 1488
f 5889 1488 6078
f 3457 6084 883
f 6079 883 6084
f 6080 6090 1535
f 6073 1535 6090
f 6091 1539 6097
f 6086 6097 1539
f 6103 1543 6104
f 6092 6104 1543
f 6105 1536 6109
f 6074 6109 1536
f 5902 1491 6114
f 6106 6114 1491
f 6115 1545 6120
f 6110 6120 1545
f 5939 1501 6126
f 6116 6126 1501
f 6099 6132 1542
f 6127 1542 6132
f 6128 6138 1547
f 6121 1547 6138
f 6134 6145 1551
f 6139 1551 6145
f 1555 6140 6151
f 6152 6151 6140
f 6153 1548 6157
f 6122 6157 1548
f 1504 6154 5952
f 6162 5952 6154
f 1557 6158 6163
f 6169 6163 6158
f 1561 6164 6175
f 6176 6175 6164
f 6182 6177 6147
f 1554 6147 6177
f 6188 6170 6178
f 1559 6178 6170
f 1564 6184 6189
f 6195 6189 6184
f 1567 6190 6199
f 6200 6199 6190
f 1560 6171 6201
f 6206 6201 6171
f 1569 6202 6209
f 6210 6209 6202
f 3575 6216 915
f 6211 915 6216
f 6212 6222 1538
f 6085 1538 6222
f 921 3605 6223
f 6227 6223 3605
f 6224 6232 1571
f 6217 1571 6232
f 1574 6228 6233
f 6238 6233 6228
f 1576 6234 6241
f 6242 6241 6234
f 6218 6247 1572
f 6243 1572 6247
f 6244 6250 1541
f 6098 1541 6250
f 3619 6256 925
f 6251 925 6256
f 1569 6252 6203
f 6262 6203 6252
f 3657 6268 935
f 6263 935 6268
f 6264 6274 1579
f 6257 1579 6274
f 6270 6281 1583
f 6275 1583 6281
f 6276 6286 1586
f 6285 1586 6286
f 6258 6291 1580
f 6287 1580 6291
f 1561 6288 6165
f 6294 6165 6288
f 1499 5931 6295
f 6300 6295 5931
f 1454 6296 5749
f 6306 5749 6296
f 6312 6307 5969
f 1509 5969 6307
f 1589 6308 6301
f 6318 6301 6308
f 6325 6319 6314
f 1593 6314 6319
f 6330 6329 6320
f 1596 6320 6329
f 1590 6302 6331
f 6335 6331 6302
f 1457 6332 5762
f 6338 5762 6332
f 1519 6003 6339
f 6344 6339 6003
f 1528 6340 6041
f 6350 6041 6340
f 1516 5990 6351
f 6356 6351 5990
f 1599 6352 6345
f 6362 6345 6352
f 1603 6358 6363
f 6369 6363 6358
f 1606 6364 6373
f 6374 6373 6364
f 1600 6346 6375
f 6379 6375 6346
f 6382 6054 6376
f 1531 6376 6054
f 3759 6388 959
f 6383 959 6388
f 6384 6394 1582
f 6269 1582 6394
f 965 3789 6395
f 6399 6395 3789
f 1609 6396 6389
f 6404 6389 6396
f 1612 6400 6405
f 6410 6405 6400
f 6406 6414 1614
f 6413 1614 6414
f 6390 6419 1610
f 6415 1610 6419
f 6416 6422 1585
f 6282 1585 6422
f 6428 6431 1617
f 6424 1617 6431
f 6425 6438 1620
f 6437 1620 6438
f 1622 6444 6440
f 6447 6440 6444
f 1624 6441 6451
f 6452 6451 6441
f 6458 6460 1626
f 6454 1626 6460
f 6455 6464 1627
f 6463 1627 6464
f 5195 6471 1317
f 6465 1317 6471
f 6466 6478 1631
f 6477 1631 6478
f 5229 6483 1325
f 6479 1325 6483
f 6480 6488 1629
f 6472 1629 6488
f 6484 6494 1633
f 6489 1633 6494
f 6490 6500 1636
f 6499 1636 6500
f 6473 6506 1630
f 6501 1630 6506
f 6502 6512 1639
f 6511 1639 6512
f 6507 6518 1638
f 6513 1638 6518
f 1617 6514 6428
f 6524 6428 6514
f 6495 6529 1635
f 6525 1635 6529
f 6526 6534 1641
f 6519 1641 6534
f 6530 6540 1644
f 6535 1644 6540
f 6536 6544 1646
f 6543 1646 6544
f 6520 6549 1642
f 6545 1642 6549
f 6552 6442 6546
f 1624 6546 6442
f 6560 6554 6557
f 1649 6557 6554
f 6566 6458 6555
f 1626 6555 6458
f 1653 6571 6568
f 6574 6568 6571
f 1650 6569 6561
f 6580 6561 6569
f 6581 1655 6587
f 6576 6587 1655
f 6593 1659 6594
f 6582 6594 1659
f 6595 1651 6599
f 6562 6599 1651
f 6426 1620 6604
f 6596 6604 1620
f 6585 6611 1657
f 6605 1657 6611
f 6606 6618 1665
f 6617 1665 6618
f 1654 6572 6619
f 6624 6619 6572
f 6630 6612 6620
f 1663 6620 6612
f 1668 6626 6631
f 6637 6631 6626
f 6632 6644 1672
f 6643 1672 6644
f 6613 6650 1664
f 6645 1664 6650
f 6646 6656 1675
f 6655 1675 6656
f 5384 6663 1365
f 6657 1365 6663
f 6658 6670 1679
f 6669 1679 6670
f 5373 6675 1362
f 6671 1362 6675
f 6672 6680 1677
f 6664 1677 6680
f 6676 6686 1681
f 6681 1681 6686
f 6682 6692 1684
f 6691 1684 6692
f 6665 6698 1678
f 6693 1678 6698
f 6703 1687 6704
f 6694 6704 1687
f 1350 5327 6705
f 6710 6705 5327
f 6706 6716 1193
f 4693 1193 6716
f 1345 5303 6717
f 6721 6717 5303
f 6718 6726 1689
f 6711 1689 6726
f 6722 6732 1692
f 6727 1692 6732
f 1695 6728 6737
f 6738 6737 6728
f 6743 6739 6712
f 1690 6712 6739
f 1183 6740 4653
f 6748 4653 6740
f 1697 6744 6749
f 6754 6749 6744
f 1179 6750 4641
f 6760 4641 6750
f 1694 6733 6761
f 6766 6761 6733
f 1699 6762 6755
f 6772 6755 6762
f 1703 6768 6773
f 6779 6773 6768
f 1706 6774 6783
f 6784 6783 6774
f 1700 6756 6785
f 6789 6785 6756
f 4601 1169 6792
f 6786 6792 1169
f 6699 6799 1686
f 6793 1686 6799
f 6794 6806 1711
f 6805 1711 6806
f 6687 6811 1683
f 6807 1683 6811
f 6808 6816 1709
f 6800 1709 6816
f 6822 6817 6812
f 1713 6812 6817
f 1715 6818 6825
f 6826 6825 6818
f 6801 6832 1710
f 6827 1710 6832
f 6835 1717 6836
f 6828 6836 1717
f 6841 6844 1719
f 6838 1719 6844
f 6839 6850 1702
f 6767 1702 6850
f 1723 6855 6852
f 6857 6852 6855
f 1720 6853 6845
f 6862 6845 6853
f 1724 6858 6863
f 6868 6863 6858
f 1726 6864 6871
f 6872 6871 6864
f 1721 6846 6873
f 6877 6873 6846
f 6880 6780 6874
f 1705 6874 6780
f 6600 6886 1661
f 6881 1661 6886
f 6882 6892 1717
f 6829 1717 6892
f 6589 6897 1658
f 6893 1658 6897
f 6894 6902 1729
f 6887 1729 6902
f 6898 6908 1732
f 6903 1732 6908
f 6904 6914 1735
f 6913 1735 6914
f 6888 6919 1730
f 6915 1730 6919
f 6916 6924 1711
f 6795 1711 6924
f 6930 6925 6920
f 1737 6920 6925
f 6936 6841 6926
f 1719 6926 6841
f 6942 6937 6651
f 1674 6651 6937
f 6938 6946 1734
f 6912 1734 6946
f 6851 6951 1723
f 6947 1723 6951
f 6954 6642 6948
f 1671 6948 6642
f 6959 6962 1745
f 6956 1745 6962
f 6957 6968 1432
f 5657 1432 6968
f 6969 1107 6975
f 4367 6975 1107
f 6979 1750 6980
f 6970 6980 1750
f 1435 5667 6981
f 6985 6981 5667
f 1103 6982 4349
f 6988 4349 6982
f 6994 6989 5619
f 1423 5619 6989
f 7000 6959 6990
f 1745 6990 6959
f 7006 7001 5606
f 1420 5606 7001
f 1753 7002 6995
f 7012 6995 7002
f 1757 7008 7013
f 7019 7013 7008
f 1760 7014 7023
f 7024 7023 7014
f 1754 6996 7025
f 7029 7025 6996
f 6971 1750 7032
f 7026 7032 1750
f 7037 7040 1763
f 7034 1763 7040
f 7035 7046 1408
f 5561 1408 7046
f 7051 7053 1767
f 7048 1767 7053
f 7049 7058 1764
f 7041 1764 7058
f 7054 7064 1768
f 7059 1768 7064
f 7060 7068 1770
f 7067 1770 7068
f 7042 7073 1765
f 7069 1765 7073
f 7070 7076 1411
f 5574 1411 7076
f 1399 5523 7077
f 7082 7077 5523
f 7088 7037 7078
f 1763 7078 7037
f 1139 4497 7089
f 7094 7089 4497
f 1396 7090 5513
f 7098 5513 7090
f 7047 7103 1767
f 7099 1767 7103
f 7100 7106 1136
f 4481 1136 7106
f 10 1779 1782
f 1783 1782 1779
f 1786 1791 451
f 1790 451 1791
f 1795 1798 113
f 1785 113 1798
f 1801 1806 455
f 1805 455 1806
f 1807 1812 117
f 1811 117 1812
f 1814 1819 459
f 1818 459 1819
f 1792 1826 116
f 1825 116 1826
f 1827 1831 462
f 1830 462 1831
f 18 1832 1837
f 1838 1837 1832
f 1840 1845 466
f 1844 466 1845
f 1820 1851 115
f 1839 115 1851
f 1853 1858 469
f 1857 469 1858
f 1859 1864 121
f 1863 121 1864
f 1866 1871 473
f 1870 473 1871
f 1846 1878 120
f 1877 120 1878
f 1879 1883 476
f 1882 476 1883
f 2 1887 1800
f 1890 1800 1887
f 480 1893 1897
f 1898 1897 1893
f 122 1901 1892
f 1904 1892 1901
f 484 1907 1911
f 1912 1911 1907
f 125 1913 1917
f 1918 1917 1913
f 1920 1925 488
f 1924 488 1925
f 1899 1931 114
f 1813 114 1931
f 1932 1936 490
f 1935 490 1936
f 13 1939 1906
f 1942 1906 1939
f 1945 1950 494
f 1949 494 1950
f 126 1953 1944
f 1956 1944 1953
f 498 1959 1963
f 1964 1963 1959
f 1965 1970 129
f 1969 129 1970
f 1972 1977 502
f 1976 502 1977
f 1951 1983 123
f 1919 123 1983
f 1984 1988 504
f 1987 504 1988
f 1989 1994 21
f 1993 21 1994
f 1996 2001 508
f 2000 508 2001
f 1978 2007 128
f 1995 128 2007
f 2009 2014 511
f 2013 511 2014
f 2015 2020 133
f 2019 133 2020
f 515 2022 2026
f 2027 2026 2022
f 2002 2034 132
f 2033 132 2034
f 2035 2039 518
f 2038 518 2039
f 1937 2045 16
f 1852 16 2045
f 2047 2052 521
f 2051 521 2052
f 1926 2057 124
f 2046 124 2057
f 2058 2062 523
f 2061 523 2062
f 2063 2068 135
f 2067 135 2068
f 2069 2073 526
f 2072 526 2073
f 2053 2079 118
f 1865 118 2079
f 2080 2084 528
f 2083 528 2084
f 4 2087 1958
f 2090 1958 2087
f 532 2093 2097
f 2098 2097 2093
f 136 2101 2092
f 2104 2092 2101
f 536 2107 2111
f 2112 2111 2107
f 139 2113 2117
f 2118 2117 2113
f 2120 2125 540
f 2124 540 2125
f 127 2099 1971
f 2131 1971 2099
f 542 2132 2135
f 2136 2135 2132
f 2137 2141 19
f 2008 19 2141
f 545 2143 2147
f 2148 2147 2143
f 2126 2153 138
f 2142 138 2153
f 548 2155 2159
f 2160 2159 2155
f 142 2161 2165
f 2166 2165 2161
f 552 2168 2172
f 2173 2172 2168
f 130 2149 2021
f 2179 2021 2149
f 554 2180 2183
f 2184 2183 2180
f 2189 2025 2185
f 6 2185 2025
f 557 2191 2195
f 2196 2195 2191
f 141 2174 2190
f 2201 2190 2174
f 2208 2207 2203
f 560 2203 2207
f 2214 2213 2209
f 145 2209 2213
f 564 2216 2220
f 2221 2220 2216
f 131 2197 2037
f 2227 2037 2197
f 566 2228 2231
f 2232 2231 2228
f 20 2233 2071
f 2237 2071 2233
f 2243 569 2244
f 2239 2244 569
f 144 2222 2238
f 2249 2238 2222
f 2255 572 2256
f 2251 2256 572
f 2257 2262 147
f 2261 147 2262
f 2264 2268 575
f 2267 575 2268
f 134 2245 2082
f 2273 2082 2245
f 2274 2277 576
f 2276 576 2277
f 2279 2283 3
f 2282 3 2283
f 2286 2291 581
f 2290 581 2291
f 2295 2298 148
f 2285 148 2298
f 2301 2306 585
f 2305 585 2306
f 152 2307 2311
f 2312 2311 2307
f 589 2314 2318
f 2319 2318 2314
f 151 2292 2325
f 2326 2325 2292
f 592 2327 2330
f 2331 2330 2327
f 2335 2338 14
f 2300 14 2338
f 2341 2346 596
f 2345 596 2346
f 153 2349 2340
f 2352 2340 2349
f 600 2355 2359
f 2360 2359 2355
f 156 2361 2365
f 2366 2365 2361
f 604 2368 2372
f 2373 2372 2368
f 2347 2379 149
f 2313 149 2379
f 606 2380 2383
f 2384 2383 2380
f 29 2385 2389
f 2390 2389 2385
f 2392 2397 610
f 2396 610 2397
f 2374 2403 155
f 2391 155 2403
f 2405 2410 613
f 2409 613 2410
f 2411 2416 160
f 2415 160 2416
f 2418 2423 617
f 2422 617 2423
f 159 2398 2429
f 2430 2429 2398
f 2431 2435 620
f 2434 620 2435
f 25 2332 2441
f 2442 2441 2332
f 624 2444 2448
f 2449 2448 2444
f 150 2320 2443
f 2455 2443 2320
f 626 2456 2459
f 2460 2459 2456
f 163 2461 2465
f 2466 2465 2461
f 629 2467 2470
f 2471 2470 2467
f 162 2450 2477
f 2478 2477 2450
f 632 2479 2482
f 2483 2482 2479
f 1 2487 2354
f 2490 2354 2487
f 636 2493 2497
f 2498 2497 2493
f 164 2501 2492
f 2504 2492 2501
f 640 2507 2511
f 2512 2511 2507
f 167 2513 2517
f 2518 2517 2513
f 644 2520 2524
f 2525 2524 2520
f 154 2499 2367
f 2531 2367 2499
f 646 2532 2535
f 2536 2535 2532
f 2537 2541 27
f 2404 27 2541
f 2543 2548 649
f 2547 649 2548
f 2526 2553 166
f 2542 166 2553
f 2555 2560 652
f 2559 652 2560
f 2561 2566 170
f 2565 170 2566
f 656 2568 2572
f 2573 2572 2568
f 2549 2579 157
f 2417 157 2579
f 658 2580 2583
f 2584 2583 2580
f 2591 2590 2587
f 34 2587 2590
f 663 2594 2598
f 2599 2598 2594
f 15 2105 2605
f 2606 2605 2105
f 666 2608 2611
f 2612 2611 2608
f 2615 2618 4
f 2087 4 2618
f 2621 2625 669
f 2624 669 2625
f 12 2627 2630
f 2631 2630 2627
f 673 2634 2637
f 2638 2637 2634
f 2641 2645 35
f 2644 35 2645
f 2647 2650 676
f 2649 676 2650
f 35 2644 2655
f 2656 2655 2644
f 680 2658 2662
f 2663 2662 2658
f 173 2632 2657
f 2669 2657 2632
f 683 2671 2675
f 2676 2675 2671
f 179 2677 2681
f 2682 2681 2677
f 687 2684 2688
f 2689 2688 2684
f 178 2664 2695
f 2696 2695 2664
f 690 2697 2700
f 2701 2700 2697
f 3 2282 2687
f 2707 2687 2282
f 2713 693 2714
f 2709 2714 693
f 2708 151 2719
f 2325 2719 151
f 696 2721 2725
f 2726 2725 2721
f 2731 182 2732
f 2727 2732 182
f 700 2734 2738
f 2739 2738 2734
f 2715 2745 177
f 2699 177 2745
f 2749 702 2750
f 2746 2750 702
f 2755 36 2756
f 2736 2756 36
f 2762 706 2763
f 2758 2763 706
f 2720 25 2769
f 2441 2769 25
f 2775 2774 2771
f 708 2771 2774
f 2485 8 2780
f 2777 2780 8
f 2786 711 2787
f 2783 2787 711
f 26 2789 2792
f 2793 2792 2789
f 715 2796 2799
f 2800 2799 2796
f 37 2803 2806
f 2807 2806 2803
f 718 2809 2811
f 2812 2811 2809
f 2590 2818 34
f 2817 34 2818
f 722 2820 2824
f 2825 2824 2820
f 2646 2831 174
f 2819 174 2831
f 725 2833 2837
f 2838 2837 2833
f 190 2839 2843
f 2844 2843 2839
f 2846 2851 729
f 2850 729 2851
f 189 2826 2857
f 2858 2857 2826
f 732 2859 2862
f 2863 2862 2859
f 2655 2869 35
f 2832 35 2869
f 2871 2876 735
f 2875 735 2876
f 2870 178 2881
f 2695 2881 178
f 2883 2888 738
f 2887 738 2888
f 2889 2894 193
f 2893 193 2894
f 2900 742 2901
f 2896 2901 742
f 2877 2907 187
f 2845 187 2907
f 2908 2912 744
f 2911 744 2912
f 2751 2917 33
f 2882 33 2917
f 2919 2924 747
f 2923 747 2924
f 2918 181 2929
f 2740 2929 181
f 2935 750 2936
f 2931 2936 750
f 2937 2942 196
f 2941 196 2942
f 2944 2949 754
f 2948 754 2949
f 2925 2955 191
f 2895 191 2955
f 2959 756 2960
f 2956 2960 756
f 36 2755 2930
f 2965 2930 2755
f 759 2967 2971
f 2972 2971 2967
f 185 2808 2966
f 2977 2966 2808
f 762 2979 2983
f 2984 2983 2979
f 199 2985 2989
f 2990 2989 2985
f 2992 2997 766
f 2996 766 2997
f 194 2973 2943
f 3003 2943 2973
f 768 3004 3007
f 3008 3007 3004
f 2792 3014 26
f 3013 26 3014
f 3016 3021 772
f 3020 772 3021
f 2781 3027 183
f 3015 183 3027
f 3033 775 3034
f 3029 3034 775
f 3039 203 3040
f 3035 3040 203
f 3046 779 3047
f 3042 3047 779
f 3022 3054 202
f 3053 202 3054
f 3055 3059 782
f 3058 782 3059
f 8 2484 3028
f 3065 3028 2484
f 785 3067 3071
f 3072 3071 3067
f 161 2472 3066
f 3077 3066 2472
f 788 3079 3083
f 3084 3083 3079
f 206 3085 3089
f 3090 3089 3085
f 792 3092 3096
f 3097 3096 3092
f 3041 200 3103
f 3073 3103 200
f 3108 3107 3104
f 794 3104 3107
f 28 2436 3078
f 3113 3078 2436
f 3115 3120 797
f 3119 797 3120
f 2424 3125 158
f 3114 158 3125
f 3127 3132 800
f 3131 800 3132
f 3133 3138 209
f 3137 209 3138
f 3145 3144 3140
f 804 3140 3144
f 204 3121 3091
f 3151 3091 3121
f 806 3152 3155
f 3156 3155 3152
f 2585 3161 7
f 3126 7 3161
f 809 3163 3167
f 3168 3167 3163
f 169 2574 3162
f 3173 3162 2574
f 812 3175 3179
f 3180 3179 3175
f 212 3181 3185
f 3186 3185 3181
f 816 3188 3192
f 3193 3192 3188
f 207 3169 3139
f 3199 3139 3169
f 3204 3203 3200
f 818 3200 3203
f 3060 3210 45
f 3209 45 3210
f 3216 822 3217
f 3212 3217 822
f 3211 201 3223
f 3048 3223 201
f 3225 3230 825
f 3229 825 3230
f 3231 3236 216
f 3235 216 3236
f 3238 3243 829
f 3242 829 3243
f 3249 215 3250
f 3218 3250 215
f 3254 832 3255
f 3251 3255 832
f 44 3109 3261
f 3262 3261 3109
f 836 3264 3268
f 3269 3268 3264
f 205 3098 3263
f 3275 3263 3098
f 3282 3281 3277
f 839 3277 3281
f 3288 3287 3283
f 220 3283 3287
f 3295 3294 3290
f 843 3290 3294
f 219 3270 3301
f 3302 3301 3270
f 3307 3306 3303
f 846 3303 3306
f 46 3157 3276
f 3313 3276 3157
f 849 3315 3319
f 3320 3319 3315
f 208 3146 3314
f 3325 3314 3146
f 852 3327 3331
f 3332 3331 3327
f 3338 3337 3333
f 223 3333 3337
f 3345 3344 3340
f 856 3340 3344
f 3351 3289 3321
f 217 3321 3289
f 3352 3356 858
f 3355 858 3356
f 43 3205 3326
f 3361 3326 3205
f 861 3363 3367
f 3368 3367 3363
f 3373 3362 3194
f 211 3194 3362
f 864 3375 3379
f 3380 3379 3375
f 226 3381 3385
f 3386 3385 3381
f 3393 3392 3388
f 868 3388 3392
f 221 3369 3339
f 3399 3339 3369
f 870 3400 3403
f 3404 3403 3400
f 3409 50 3410
f 3256 3410 50
f 3416 874 3417
f 3412 3417 874
f 3411 214 3423
f 3244 3423 214
f 3425 3430 877
f 3429 877 3430
f 3431 3436 230
f 3435 230 3436
f 3438 3443 881
f 3442 881 3443
f 3449 229 3450
f 3418 3450 229
f 3451 3455 884
f 3454 884 3455
f 3459 3462 49
f 3424 49 3462
f 3465 3470 888
f 3469 888 3470
f 231 3473 3464
f 3476 3464 3473
f 892 3479 3483
f 3484 3483 3479
f 3485 3490 234
f 3489 234 3490
f 3497 3496 3492
f 896 3492 3496
f 3437 227 3503
f 3471 3503 227
f 3507 898 3508
f 3504 3508 898
f 51 3511 3478
f 3514 3478 3511
f 902 3517 3521
f 3522 3521 3517
f 235 3525 3516
f 3528 3516 3525
f 906 3531 3535
f 3536 3535 3531
f 238 3537 3541
f 3542 3541 3537
f 910 3544 3548
f 3549 3548 3544
f 232 3523 3491
f 3555 3491 3523
f 3560 3559 3556
f 912 3556 3559
f 3565 55 3566
f 3456 3566 55
f 3568 3573 916
f 3572 916 3573
f 3444 3579 228
f 3567 228 3579
f 3583 918 3584
f 3580 3584 918
f 240 3585 3589
f 3590 3589 3585
f 920 3591 3593
f 3594 3593 3591
f 3574 3600 239
f 3599 239 3600
f 922 3601 3603
f 3604 3603 3601
f 3610 3609 3529
f 32 3529 3609
f 3612 3617 926
f 3616 926 3617
f 235 3515 3611
f 3623 3611 3515
f 3629 929 3630
f 3625 3630 929
f 3635 244 3636
f 3631 3636 244
f 3642 933 3643
f 3638 3643 933
f 3649 243 3650
f 3618 3650 243
f 3654 936 3655
f 3651 3655 936
f 51 3477 3624
f 3661 3624 3477
f 939 3663 3667
f 3668 3667 3663
f 3463 3673 231
f 3662 231 3673
f 3674 3678 941
f 3677 941 3678
f 3684 3683 3679
f 245 3679 3683
f 3688 3687 3685
f 943 3685 3687
f 3637 241 3693
f 3669 3693 241
f 3694 3697 944
f 3696 944 3697
f 48 3405 3343
f 3701 3343 3405
f 947 3703 3707
f 3708 3707 3703
f 225 3394 3702
f 3713 3702 3394
f 3720 3719 3715
f 950 3715 3719
f 248 3721 3725
f 3726 3725 3721
f 954 3728 3732
f 3733 3732 3728
f 222 3709 3354
f 3739 3354 3709
f 956 3740 3743
f 3744 3743 3740
f 3656 3750 57
f 3749 57 3750
f 3756 960 3757
f 3752 3757 960
f 3751 242 3763
f 3644 3763 242
f 3767 962 3768
f 3764 3768 962
f 250 3769 3773
f 3774 3773 3769
f 964 3775 3777
f 3778 3777 3775
f 249 3758 3783
f 3784 3783 3758
f 966 3785 3787
f 3788 3787 3785
f 3791 3795 61
f 3794 61 3795
f 3798 3803 971
f 3802 971 3803
f 3810 62 3811
f 3807 3811 62
f 3817 975 3818
f 3814 3818 975
f 2 3821 3824
f 3825 3824 3821
f 978 3827 3829
f 3830 3829 3827
f 3833 3836 1
f 2487 1 3836
f 3839 3844 982
f 3843 982 3844
f 3847 3850 255
f 3838 255 3850
f 3853 3858 986
f 3857 986 3858
f 3859 3864 258
f 3863 258 3864
f 3866 3871 990
f 3870 990 3871
f 3845 3877 164
f 2501 164 3877
f 3878 3882 992
f 3881 992 3882
f 61 3794 3852
f 3887 3852 3794
f 3893 995 3894
f 3889 3894 995
f 3899 3888 3826
f 253 3826 3888
f 3904 3903 3900
f 997 3900 3903
f 3909 260 3910
f 3905 3910 260
f 3914 1000 3915
f 3911 3915 1000
f 3895 3921 256
f 3865 256 3921
f 3925 1002 3926
f 3922 3926 1002
f 3932 3931 3810
f 62 3810 3931
f 3939 3938 3934
f 1006 3934 3938
f 3796 3945 251
f 3933 251 3945
f 3947 3952 1009
f 3951 1009 3952
f 3953 3958 264
f 3957 264 3958
f 3960 3965 1013
f 3964 1013 3965
f 3972 3971 3940
f 263 3940 3971
f 1016 3973 3976
f 3977 3976 3973
f 3981 3984 63
f 3963 63 3984
f 3987 3992 1020
f 3991 1020 3992
f 3986 265 3998
f 3995 3998 265
f 1024 4001 4005
f 4006 4005 4001
f 268 4007 4011
f 4012 4011 4007
f 4018 1028 4019
f 4014 4019 1028
f 4025 3975 3993
f 262 3993 3975
f 4030 4029 4026
f 1030 4026 4029
f 12 4033 2670
f 4036 2670 4033
f 4039 4044 1034
f 4043 1034 4044
f 4047 4050 269
f 4038 269 4050
f 4053 4058 1038
f 4057 1038 4058
f 4059 4064 271
f 4063 271 4064
f 4066 4070 1041
f 4069 1041 4070
f 4045 4075 176
f 2683 176 4075
f 4076 4079 1042
f 4078 1042 4079
f 4 1957 2615
f 4083 2615 1957
f 4089 1045 4090
f 4085 4090 1045
f 4095 4084 1943
f 126 1943 4084
f 1048 4097 4101
f 4102 4101 4097
f 4108 4107 4103
f 273 4103 4107
f 1051 4110 4113
f 4114 4113 4110
f 172 4091 2639
f 4119 2639 4091
f 4122 1052 4123
f 4120 4123 1052
f 13 1905 4096
f 4127 4096 1905
f 1055 4129 4133
f 4134 4133 4129
f 122 1891 4128
f 4139 4128 1891
f 4140 4144 1057
f 4143 1057 4144
f 275 4145 4149
f 4150 4149 4145
f 4155 4154 4151
f 1060 4151 4154
f 272 4135 4109
f 4161 4109 4135
f 1062 4162 4165
f 4166 4165 4162
f 67 4169 4052
f 4172 4052 4169
f 4175 4180 1066
f 4179 1066 4180
f 4183 4186 276
f 4174 276 4186
f 4188 4192 1069
f 4191 1069 4192
f 4193 4198 277
f 4197 277 4198
f 1071 4199 4201
f 4202 4201 4199
f 4181 4207 270
f 4065 270 4207
f 4208 4211 1072
f 4210 1072 4211
f 4167 4216 67
f 4215 67 4216
f 4222 1076 4223
f 4218 4223 1076
f 4229 4217 4156
f 274 4156 4217
f 1078 4230 4233
f 4234 4233 4230
f 279 4235 4239
f 4240 4239 4235
f 1080 4241 4243
f 4244 4243 4241
f 4224 4250 278
f 4249 278 4250
f 1082 4251 4253
f 4254 4253 4251
f 61 4187 3946
f 4259 3946 4187
f 4261 4266 1085
f 4265 1085 4266
f 4173 4271 276
f 4260 276 4271
f 1088 4273 4277
f 4278 4277 4273
f 4279 4284 281
f 4283 281 4284
f 4286 4290 1091
f 4289 1091 4290
f 4267 4295 261
f 3959 261 4295
f 4296 4299 1092
f 4298 1092 4299
f 4303 4272 4215
f 67 4215 4272
f 4310 4309 4305
f 1095 4305 4309
f 4315 4255 4016
f 65 4016 4255
f 4317 4321 1097
f 4320 1097 4321
f 4325 4000 4288
f 66 4288 4000
f 4326 4329 1098
f 4328 1098 4329
f 4333 41 4334
f 3009 4334 41
f 4340 1102 4341
f 4336 4341 1102
f 42 4345 2995
f 4348 2995 4345
f 1105 4351 4354
f 4355 4354 4351
f 4357 4361 68
f 4360 68 4361
f 4363 4366 1108
f 4365 1108 4366
f 4371 2947 4333
f 41 4333 2947
f 1111 4373 4377
f 4378 4377 4373
f 4383 4372 4362
f 284 4362 4372
f 1114 4385 4389
f 4390 4389 4385
f 288 4391 4395
f 4396 4395 4391
f 1118 4398 4402
f 4403 4402 4398
f 4409 2958 4379
f 195 4379 2958
f 1120 4410 4413
f 4414 4413 4410
f 2913 4420 40
f 4419 40 4420
f 4426 1124 4427
f 4422 4427 1124
f 4421 192 4433
f 2902 4433 192
f 4437 1126 4438
f 4434 4438 1126
f 4443 291 4444
f 4439 4444 291
f 4448 1129 4449
f 4445 4449 1129
f 4455 290 4456
f 4428 4456 290
f 4460 1132 4461
f 4457 4461 1132
f 40 4419 2849
f 4467 2849 4419
f 4473 1135 4474
f 4469 4474 1135
f 4463 70 4480
f 4477 4480 70
f 4486 1138 4487
f 4483 4487 1138
f 39 2864 4491
f 4492 4491 2864
f 1140 4493 4495
f 4496 4495 4493
f 10 1782 4501
f 4502 4501 1782
f 4508 1144 4509
f 4504 4509 1144
f 4503 116 4515
f 1825 4515 116
f 4521 1147 4522
f 4517 4522 1147
f 4527 297 4528
f 4523 4528 297
f 4534 1151 4535
f 4530 4535 1151
f 4510 4542 296
f 4541 296 4542
f 4543 4547 1154
f 4546 1154 4547
f 18 1837 4516
f 4553 4516 1837
f 4555 4560 1157
f 4559 1157 4560
f 1877 4565 120
f 4554 120 4565
f 4567 4572 1160
f 4571 1160 4572
f 4573 4578 300
f 4577 300 4578
f 4580 4585 1164
f 4584 1164 4585
f 4561 4591 294
f 4529 294 4591
f 4592 4596 1166
f 4595 1166 4596
f 72 4548 4601
f 4602 4601 4548
f 1170 4604 4608
f 4609 4608 4604
f 4603 295 4615
f 4536 4615 295
f 4621 1173 4622
f 4617 4622 1173
f 304 4623 4627
f 4628 4627 4623
f 4634 1177 4635
f 4630 4635 1177
f 303 4610 4641
f 4642 4641 4610
f 1180 4643 4646
f 4647 4646 4643
f 80 4648 4653
f 4654 4653 4648
f 4660 1184 4661
f 4656 4661 1184
f 4655 302 4667
f 4636 4667 302
f 4673 1187 4674
f 4669 4674 1187
f 4679 308 4680
f 4675 4680 308
f 4686 1191 4687
f 4682 4687 1191
f 307 4662 4693
f 4694 4693 4662
f 1194 4695 4698
f 4699 4698 4695
f 4668 85 4706
f 4703 4706 85
f 4713 1198 4714
f 4709 4714 1198
f 4708 309 4720
f 4717 4720 309
f 4727 1202 4728
f 4723 4728 1202
f 4733 312 4734
f 4729 4734 312
f 1206 4736 4740
f 4741 4740 4736
f 4681 305 4747
f 4715 4747 305
f 4751 1208 4752
f 4748 4752 1208
f 4616 82 4757
f 4597 4757 82
f 4763 1211 4764
f 4759 4764 1211
f 4586 4769 299
f 4758 299 4769
f 4775 1214 4776
f 4771 4776 1214
f 4781 314 4782
f 4777 4782 314
f 4787 1217 4788
f 4784 4788 1217
f 4629 301 4793
f 4765 4793 301
f 4796 1218 4797
f 4794 4797 1218
f 74 4700 4801
f 4802 4801 4700
f 1222 4804 4808
f 4809 4808 4804
f 306 4688 4803
f 4815 4803 4688
f 1225 4817 4821
f 4822 4821 4817
f 317 4823 4827
f 4828 4827 4823
f 4833 1228 4834
f 4830 4834 1228
f 316 4810 4839
f 4840 4839 4810
f 1230 4841 4843
f 4844 4843 4841
f 4816 83 4849
f 4753 4849 83
f 1233 4851 4855
f 4856 4855 4851
f 311 4742 4850
f 4861 4850 4742
f 1236 4863 4867
f 4868 4867 4863
f 319 4869 4873
f 4874 4873 4869
f 1239 4876 4879
f 4880 4879 4876
f 4829 315 4885
f 4857 4885 315
f 1240 4886 4888
f 4889 4888 4886
f 4893 4862 4738
f 76 4738 4862
f 1243 4895 4899
f 4900 4899 4895
f 310 4725 4894
f 4905 4894 4725
f 1246 4907 4911
f 4912 4911 4907
f 4918 4917 4913
f 321 4913 4917
f 1249 4920 4923
f 4924 4923 4920
f 318 4901 4875
f 4929 4875 4901
f 4933 4932 4930
f 1250 4930 4932
f 84 4786 4906
f 4937 4906 4786
f 4939 4944 1253
f 4943 1253 4944
f 313 4773 4938
f 4949 4938 4773
f 4950 4954 1255
f 4953 1255 4954
f 4959 322 4960
f 4955 4960 322
f 4963 1257 4964
f 4961 4964 1257
f 320 4945 4919
f 4969 4919 4945
f 4970 4973 1258
f 4972 1258 4973
f 4978 73 4979
f 4975 4979 73
f 4986 1263 4987
f 4982 4987 1263
f 323 4991 4981
f 4994 4981 4991
f 1267 4997 5001
f 5002 5001 4997
f 327 5003 5007
f 5008 5007 5003
f 1271 5010 5014
f 5015 5014 5010
f 4988 5022 326
f 5021 326 5022
f 5023 5027 1274
f 5026 1274 5027
f 5028 5034 81
f 5033 81 5034
f 5040 1278 5041
f 5036 5041 1278
f 5035 325 5047
f 5016 5047 325
f 1281 5049 5053
f 5054 5053 5049
f 331 5055 5059
f 5060 5059 5055
f 1285 5062 5066
f 5067 5066 5062
f 330 5042 5073
f 5074 5073 5042
f 1288 5075 5078
f 5079 5078 5075
f 89 5083 5048
f 5086 5048 5083
f 5089 5094 1292
f 5093 1292 5094
f 332 5097 5088
f 5100 5088 5097
f 5103 5108 1296
f 5107 1296 5108
f 5109 5114 335
f 5113 335 5114
f 5120 1300 5121
f 5116 5121 1300
f 5095 5127 328
f 5061 328 5127
f 5128 5132 1302
f 5131 1302 5132
f 86 5135 4996
f 5138 4996 5135
f 1306 5141 5145
f 5146 5145 5141
f 336 5149 5140
f 5152 5140 5149
f 1310 5155 5159
f 5160 5159 5155
f 338 5161 5165
f 5166 5165 5161
f 1313 5168 5171
f 5172 5171 5168
f 324 5147 5009
f 5177 5009 5147
f 1314 5178 5180
f 5181 5180 5178
f 71 5080 5185
f 5186 5185 5080
f 1318 5188 5192
f 5193 5192 5188
f 329 5068 5187
f 5199 5187 5068
f 1321 5201 5205
f 5206 5205 5201
f 341 5207 5211
f 5212 5211 5207
f 1324 5214 5217
f 5218 5217 5214
f 340 5194 5223
f 5224 5223 5194
f 1326 5225 5227
f 5228 5227 5225
f 5200 87 5233
f 5133 5233 87
f 5239 1329 5240
f 5235 5240 1329
f 5234 334 5245
f 5122 5245 334
f 1332 5247 5251
f 5252 5251 5247
f 5257 343 5258
f 5253 5258 343
f 1335 5260 5263
f 5264 5263 5260
f 5213 339 5269
f 5241 5269 339
f 5272 1336 5273
f 5270 5273 1336
f 5278 2587 5275
f 34 5275 2587
f 1340 5281 5285
f 5286 5285 5281
f 5289 5293 91
f 5292 91 5293
f 5296 5300 1344
f 5299 1344 5300
f 79 5303 5306
f 5307 5306 5303
f 1348 5310 5313
f 5314 5313 5310
f 4801 5320 74
f 5319 74 5320
f 5322 5326 1351
f 5325 1351 5326
f 15 2605 4845
f 5331 4845 2605
f 1352 5332 5334
f 5335 5334 5332
f 91 5337 5289
f 5340 5289 5337
f 1356 5343 5347
f 5348 5347 5343
f 348 5351 5342
f 5354 5342 5351
f 1360 5357 5361
f 5362 5361 5357
f 351 5363 5367
f 5368 5367 5363
f 1364 5370 5374
f 5375 5374 5370
f 345 5349 5315
f 5381 5315 5349
f 1366 5382 5385
f 5386 5385 5382
f 73 5372 4975
f 5391 4975 5372
f 5393 5398 1369
f 5397 1369 5398
f 5359 5403 349
f 5392 349 5403
f 5405 5410 1372
f 5409 1372 5410
f 5411 5416 354
f 5415 354 5416
f 1376 5418 5422
f 5423 5422 5418
f 5399 5429 323
f 4991 323 5429
f 1378 5430 5433
f 5434 5433 5430
f 5437 5440 92
f 5421 92 5440
f 5443 5448 1382
f 5447 1382 5448
f 37 2806 5453
f 5454 5453 2806
f 1385 5456 5459
f 5460 5459 5456
f 26 5463 2789
f 5466 2789 5463
f 1388 5469 5472
f 5473 5472 5469
f 5153 5478 78
f 5477 78 5478
f 5480 5484 1391
f 5483 1391 5484
f 5435 5489 86
f 5135 86 5489
f 5493 5492 5490
f 1392 5490 5492
f 5275 34 5497
f 2817 5497 34
f 1395 5499 5503
f 5504 5503 5499
f 189 2857 5498
f 5509 5498 2857
f 1398 5511 5515
f 5516 5515 5511
f 360 5517 5521
f 5522 5521 5517
f 5524 5529 1402
f 5528 1402 5529
f 5301 344 5535
f 5505 5535 344
f 1404 5536 5539
f 5540 5539 5536
f 5541 5545 91
f 5337 91 5545
f 5547 5552 1407
f 5551 1407 5552
f 5530 5557 359
f 5546 359 5557
f 5559 5564 1410
f 5563 1410 5564
f 5565 5570 363
f 5569 363 5570
f 5572 5577 1414
f 5576 1414 5577
f 5553 5583 348
f 5351 348 5583
f 5584 5588 1416
f 5587 1416 5588
f 5589 5593 90
f 5404 90 5593
f 5595 5600 1419
f 5599 1419 5600
f 5578 5605 362
f 5594 362 5605
f 5607 5612 1422
f 5611 1422 5612
f 5613 5618 366
f 5617 366 5618
f 5620 5625 1426
f 5624 1426 5625
f 5601 5631 352
f 5417 352 5631
f 5632 5636 1428
f 5635 1428 5636
f 92 5637 5437
f 5641 5437 5637
f 1431 5643 5647
f 5648 5647 5643
f 365 5626 5642
f 5653 5642 5626
f 1434 5655 5659
f 5660 5659 5655
f 368 5661 5665
f 5666 5665 5661
f 5668 5672 1437
f 5671 1437 5672
f 355 5649 5461
f 5677 5461 5649
f 1438 5678 5680
f 5681 5680 5678
f 3013 5685 26
f 5463 26 5685
f 5691 1441 5692
f 5687 5692 1441
f 5686 202 5697
f 3053 5697 202
f 5703 1444 5704
f 5699 5704 1444
f 5705 5710 371
f 5709 371 5710
f 5712 5717 1448
f 5716 1448 5717
f 5485 356 5723
f 5693 5723 356
f 5724 5728 1450
f 5727 1450 5728
f 78 5729 5154
f 5733 5154 5729
f 1453 5735 5739
f 5740 5739 5735
f 5718 5745 370
f 5734 370 5745
f 5752 5751 5747
f 1456 5747 5751
f 374 5753 5757
f 5758 5757 5753
f 1460 5760 5764
f 5765 5764 5760
f 337 5741 5167
f 5771 5167 5741
f 1462 5772 5775
f 5776 5775 5772
f 88 5777 5102
f 5781 5102 5777
f 5787 1465 5788
f 5783 5788 1465
f 373 5766 5782
f 5793 5782 5766
f 1468 5795 5799
f 5800 5799 5795
f 5805 377 5806
f 5801 5806 377
f 5813 5812 5808
f 1472 5808 5812
f 5115 333 5819
f 5789 5819 333
f 5823 1474 5824
f 5820 5824 1474
f 5246 77 5829
f 5825 5829 77
f 1477 5831 5835
f 5836 5835 5831
f 376 5814 5830
f 5841 5830 5814
f 5848 5847 5843
f 1480 5843 5847
f 379 5849 5853
f 5854 5853 5849
f 1483 5856 5859
f 5860 5859 5856
f 342 5837 5259
f 5865 5259 5837
f 1484 5866 5868
f 5869 5868 5866
f 5698 45 5873
f 3209 5873 45
f 5875 5880 1487
f 5879 1487 5880
f 3249 5885 215
f 5874 215 5885
f 5887 5892 1490
f 5891 1490 5892
f 5897 382 5898
f 5893 5898 382
f 5904 1494 5905
f 5900 5905 1494
f 5881 5911 369
f 5711 369 5911
f 5915 1496 5916
f 5912 5916 1496
f 97 5917 5921
f 5922 5921 5917
f 1500 5924 5928
f 5929 5928 5924
f 5906 5935 381
f 5923 381 5935
f 5937 5942 1503
f 5941 1503 5942
f 386 5943 5947
f 5948 5947 5943
f 1507 5950 5954
f 5955 5954 5950
f 5930 5962 385
f 5961 385 5962
f 5963 5967 1510
f 5966 1510 5967
f 98 5971 5794
f 5974 5794 5971
f 1514 5977 5981
f 5982 5981 5977
f 5988 5976 5985
f 387 5985 5976
f 5995 1518 5996
f 5991 5996 1518
f 6002 6001 5997
f 390 5997 6001
f 6009 6008 6004
f 1522 6004 6008
f 375 5983 5807
f 6015 5807 5983
f 1524 6016 6019
f 6020 6019 6016
f 96 6021 5842
f 6025 5842 6021
f 1527 6027 6031
f 6032 6031 6027
f 389 6010 6026
f 6037 6026 6010
f 1530 6039 6043
f 6044 6043 6039
f 392 6045 6049
f 6050 6049 6045
f 6056 6055 6052
f 1533 6052 6055
f 6061 5855 6033
f 378 6033 5855
f 1534 6062 6064
f 6065 6064 6062
f 3409 6069 50
f 5886 50 6069
f 6071 6076 1537
f 6075 1537 6076
f 3449 6081 229
f 6070 229 6081
f 6087 1540 6088
f 6083 6088 1540
f 6093 395 6094
f 6089 6094 395
f 6100 1544 6101
f 6096 6101 1544
f 6077 6107 380
f 5899 380 6107
f 6111 1546 6112
f 6108 6112 1546
f 5936 100 6117
f 6113 6117 100
f 6123 1549 6124
f 6119 6124 1549
f 6102 6129 394
f 6118 394 6129
f 6131 6136 1552
f 6135 1552 6136
f 6141 398 6142
f 6137 6142 398
f 6149 6148 6144
f 1556 6144 6148
f 383 6125 5949
f 6155 5949 6125
f 1558 6156 6159
f 6160 6159 6156
f 101 6161 6165
f 6166 6165 6161
f 1562 6168 6172
f 6173 6172 6168
f 397 6150 6167
f 6179 6167 6150
f 6186 6185 6181
f 1565 6181 6185
f 401 6187 6191
f 6192 6191 6187
f 1568 6194 6197
f 6198 6197 6194
f 400 6174 6203
f 6204 6203 6174
f 1570 6205 6207
f 6208 6207 6205
f 3565 6213 55
f 6082 55 6213
f 6219 1573 6220
f 6215 6220 1573
f 3599 6225 239
f 6214 239 6225
f 1575 6226 6229
f 6230 6229 6226
f 402 6231 6235
f 6236 6235 6231
f 1577 6237 6239
f 6240 6239 6237
f 6095 393 6245
f 6221 6245 393
f 6246 6249 1578
f 6248 1578 6249
f 6253 6209 3609
f 32 3609 6209
f 6255 6260 1581
f 6259 1581 6260
f 3649 6265 243
f 6254 243 6265
f 6267 6272 1584
f 6271 1584 6272
f 6273 6278 404
f 6277 404 6278
f 6280 6284 1587
f 6283 1587 6284
f 400 6261 6175
f 6289 6175 6261
f 6290 6293 1588
f 6292 1588 6293
f 97 5921 5746
f 6297 5746 5921
f 1591 6299 6303
f 6304 6303 6299
f 385 5961 6298
f 6309 6298 5961
f 6316 6315 6311
f 1594 6311 6315
f 6322 6321 6317
f 406 6317 6321
f 6328 6327 6324
f 1597 6324 6327
f 372 6305 5759
f 6333 5759 6305
f 6337 6336 6334
f 1598 6334 6336
f 99 6006 6038
f 6341 6038 6006
f 1601 6343 6347
f 6348 6347 6343
f 388 5993 6342
f 6353 6342 5993
f 1604 6355 6359
f 6360 6359 6355
f 408 6361 6365
f 6366 6365 6361
f 1607 6368 6371
f 6372 6371 6368
f 391 6349 6051
f 6377 6051 6349
f 6381 6380 6378
f 1608 6378 6380
f 3749 6385 57
f 6266 57 6385
f 6387 6392 1611
f 6391 1611 6392
f 249 3783 6386
f 6397 6386 3783
f 1613 6398 6401
f 6402 6401 6398
f 409 6403 6407
f 6408 6407 6403
f 1615 6409 6411
f 6412 6411 6409
f 6393 6417 403
f 6279 403 6417
f 6418 6421 1616
f 6420 1616 6421
f 6423 6427 106
f 6426 106 6427
f 6430 6435 1621
f 6434 1621 6435
f 72 6439 6442
f 6443 6442 6439
f 1625 6446 6449
f 6450 6449 6446
f 6453 6457 107
f 6456 107 6457
f 6459 6462 1628
f 6461 1628 6462
f 5185 6468 71
f 6467 71 6468
f 6470 6475 1632
f 6474 1632 6475
f 5223 6481 340
f 6469 340 6481
f 6482 6486 1634
f 6485 1634 6486
f 6487 6492 416
f 6491 416 6492
f 6493 6497 1637
f 6496 1637 6497
f 6476 6504 415
f 6503 415 6504
f 6505 6509 1640
f 6508 1640 6509
f 106 6510 6423
f 6515 6423 6510
f 6517 6522 1643
f 6521 1643 6522
f 6498 6527 414
f 6516 414 6527
f 6528 6532 1645
f 6531 1645 6532
f 6533 6538 417
f 6537 417 6538
f 6539 6542 1647
f 6541 1647 6542
f 6547 6451 6523
f 410 6523 6451
f 6551 6550 6548
f 1648 6548 6550
f 6556 6453 6553
f 107 6553 6453
f 6564 6563 6559
f 1652 6559 6563
f 6570 6558 6567
f 418 6567 6558
f 1656 6573 6577
f 6578 6577 6573
f 6583 421 6584
f 6579 6584 421
f 6586 6591 1660
f 6590 1660 6591
f 6437 412 6597
f 6565 6597 412
f 6601 1662 6602
f 6598 6602 1662
f 6588 6608 108
f 6607 108 6608
f 6614 1666 6615
f 6610 6615 1666
f 6621 6609 6575
f 419 6575 6609
f 6628 6627 6623
f 1669 6623 6627
f 425 6629 6633
f 6634 6633 6629
f 6636 6641 1673
f 6640 1673 6641
f 6616 6648 424
f 6647 424 6648
f 1676 6649 6652
f 6653 6652 6649
f 79 5387 6659
f 6660 6659 5387
f 6662 6667 1680
f 6666 1680 6667
f 5376 6673 350
f 6661 350 6673
f 6674 6678 1682
f 6677 1682 6678
f 6679 6684 428
f 6683 428 6684
f 6685 6689 1685
f 6688 1685 6689
f 6668 6696 427
f 6695 427 6696
f 6697 6701 1688
f 6700 1688 6701
f 74 5319 4701
f 6707 4701 5319
f 6709 6714 1691
f 6713 1691 6714
f 346 5308 6708
f 6719 6708 5308
f 6720 6724 1693
f 6723 1693 6724
f 6730 6729 6725
f 430 6725 6729
f 1696 6731 6734
f 6735 6734 6731
f 6715 6741 307
f 4663 307 6741
f 1698 6742 6745
f 6746 6745 6742
f 80 6747 4649
f 6751 4649 6747
f 1701 6753 6757
f 6758 6757 6753
f 429 6736 6752
f 6763 6752 6736
f 1704 6765 6769
f 6770 6769 6765
f 432 6771 6775
f 6776 6775 6771
f 6782 6781 6778
f 1707 6778 6781
f 303 6759 4611
f 6787 4611 6759
f 6790 1708 6791
f 6788 6791 1708
f 112 6702 6795
f 6796 6795 6702
f 6798 6803 1712
f 6802 1712 6803
f 6690 6809 426
f 6797 426 6809
f 6810 6814 1714
f 6813 1714 6814
f 6815 6820 434
f 6819 434 6820
f 1716 6821 6823
f 6824 6823 6821
f 6804 6830 433
f 6829 433 6830
f 6834 6833 6831
f 1718 6831 6833
f 6764 112 6840
f 6837 6840 112
f 6843 6848 1722
f 6847 1722 6848
f 6851 6854 435
f 6842 435 6854
f 1725 6856 6859
f 6860 6859 6856
f 436 6861 6865
f 6866 6865 6861
f 1727 6867 6869
f 6870 6869 6867
f 6875 6777 6849
f 431 6849 6777
f 1728 6876 6878
f 6879 6878 6876
f 106 6603 6835
f 6883 6835 6603
f 6885 6890 1731
f 6889 1731 6890
f 6592 6895 420
f 6884 420 6895
f 6896 6900 1733
f 6899 1733 6900
f 6901 6906 438
f 6905 438 6906
f 6907 6911 1736
f 6910 1736 6911
f 6891 6917 433
f 6805 433 6917
f 1738 6918 6921
f 6922 6921 6918
f 6927 6837 6923
f 112 6923 6837
f 6934 6933 6929
f 1741 6929 6933
f 6939 6909 6654
f 111 6654 6909
f 6941 6945 1743
f 6944 1743 6945
f 6949 6639 6855
f 110 6855 6639
f 6950 6953 1744
f 6952 1744 6953
f 6955 6958 95
f 5654 95 6958
f 6961 6966 1748
f 6965 1748 6966
f 6971 68 6972
f 4360 6972 68
f 6977 1751 6978
f 6974 6978 1751
f 42 5670 4345
f 6983 4345 5670
f 1752 6984 6986
f 6987 6986 6984
f 6991 6955 5622
f 95 5622 6955
f 1755 6993 6997
f 6998 6997 6993
f 7003 6992 5609
f 364 5609 6992
f 1758 7005 7009
f 7010 7009 7005
f 443 7011 7015
f 7016 7015 7011
f 1761 7018 7021
f 7022 7021 7018
f 7027 6979 6999
f 440 6999 6979
f 1762 7028 7030
f 7031 7030 7028
f 7033 7036 94
f 5558 94 7036
f 7039 7044 1766
f 7043 1766 7044
f 7047 7050 444
f 7038 444 7050
f 7052 7056 1769
f 7055 1769 7056
f 7057 7062 445
f 7061 445 7062
f 7063 7066 1771
f 7065 1771 7066
f 7045 7071 361
f 5571 361 7071
f 7072 7075 1772
f 7074 1772 7075
f 94 5526 7033
f 7079 7033 5526
f 7081 7086 1775
f 7085 1775 7086
f 39 4491 5510
f 7091 5510 4491
f 1777 7093 7096
f 7097 7096 7093
f 7051 7101 70
f 4477 70 7101
f 7102 7105 1778
f 7104 1778 7105
f 1782 1783 450
f 1781 450 1783
f 1791 1789 1790
f 449 1790 1789
f 1798 1797 1785
f 448 1785 1797
f 1806 1804 1805
f 454 1805 1804
f 1812 1810 1811
f 458 1811 1810
f 1819 1817 1818
f 457 1818 1817
f 1826 1824 1825
f 461 1825 1824
f 1831 1829 1830
f 460 1830 1829
f 1837 1838 465
f 1836 465 1838
f 1845 1843 1844
f 464 1844 1843
f 1851 1850 1839
f 463 1839 1850
f 1858 1856 1857
f 468 1857 1856
f 1864 1862 1863
f 472 1863 1862
f 1871 1869 1870
f 471 1870 1869
f 1878 1876 1877
f 475 1877 1876
f 1883 1881 1882
f 474 1882 1881
f 453 1800 1889
f 1890 1889 1800
f 1897 1898 479
f 1896 479 1898
f 1892 1904 478
f 1903 478 1904
f 1911 1912 483
f 1910 483 1912
f 1917 1918 487
f 1916 487 1918
f 1925 1923 1924
f 486 1924 1923
f 1931 1930 1813
f 456 1813 1930
f 1936 1934 1935
f 489 1935 1934
f 1906 1942 482
f 1941 482 1942
f 1950 1948 1949
f 493 1949 1948
f 1956 1955 1944
f 492 1944 1955
f 1963 1964 497
f 1962 497 1964
f 1970 1968 1969
f 501 1969 1968
f 1977 1975 1976
f 500 1976 1975
f 1983 1982 1919
f 485 1919 1982
f 1988 1986 1987
f 503 1987 1986
f 1994 1992 1993
f 507 1993 1992
f 2001 1999 2000
f 506 2000 1999
f 2007 2006 1995
f 505 1995 2006
f 2014 2012 2013
f 510 2013 2012
f 2020 2018 2019
f 514 2019 2018
f 513 2026 2025
f 2027 2025 2026
f 2034 2032 2033
f 517 2033 2032
f 2039 2037 2038
f 516 2038 2037
f 2045 2044 1852
f 467 1852 2044
f 2052 2050 2051
f 520 2051 2050
f 2057 2056 2046
f 519 2046 2056
f 2062 2060 2061
f 522 2061 2060
f 2068 2066 2067
f 525 2067 2066
f 2073 2071 2072
f 524 2072 2071
f 2079 2078 1865
f 470 1865 2078
f 2084 2082 2083
f 527 2083 2082
f 1958 2090 496
f 2089 496 2090
f 2097 2098 531
f 2096 531 2098
f 2092 2104 530
f 2103 530 2104
f 2111 2112 535
f 2110 535 2112
f 2117 2118 539
f 2116 539 2118
f 2125 2123 2124
f 538 2124 2123
f 1971 2131 499
f 2130 499 2131
f 2135 2136 541
f 2134 541 2136
f 2008 2141 509
f 2140 509 2141
f 2147 2148 544
f 2146 544 2148
f 2142 2153 543
f 2152 543 2153
f 2159 2160 547
f 2158 547 2160
f 2165 2166 551
f 2164 551 2166
f 2172 2173 550
f 2171 550 2173
f 2021 2179 512
f 2178 512 2179
f 2183 2184 553
f 2182 553 2184
f 2188 513 2189
f 2025 2189 513
f 2194 556 2196
f 2195 2196 556
f 2190 2201 555
f 2200 555 2201
f 2206 559 2208
f 2207 2208 559
f 2213 2214 563
f 2212 563 2214
f 2220 2221 562
f 2219 562 2221
f 2037 2227 516
f 2226 516 2227
f 2231 2232 565
f 2230 565 2232
f 2071 2237 524
f 2236 524 2237
f 568 2243 2242
f 2244 2242 2243
f 567 2238 2248
f 2249 2248 2238
f 571 2255 2254
f 2256 2254 2255
f 2262 2260 2261
f 574 2261 2260
f 2268 1884 2267
f 474 2267 1884
f 2273 2272 2082
f 527 2082 2272
f 2277 1872 2276
f 471 2276 1872
f 2282 2283 580
f 2281 580 2283
f 2290 2291 579
f 2289 579 2291
f 2298 2297 2285
f 578 2285 2297
f 2306 2304 2305
f 584 2305 2304
f 2311 2312 588
f 2310 588 2312
f 2318 2319 587
f 2317 587 2319
f 2325 2326 591
f 2324 591 2326
f 2330 2331 590
f 2329 590 2331
f 2338 2337 2300
f 583 2300 2337
f 2346 2344 2345
f 595 2345 2344
f 2340 2352 594
f 2351 594 2352
f 2359 2360 599
f 2358 599 2360
f 2365 2366 603
f 2364 603 2366
f 2373 2371 2372
f 602 2372 2371
f 2313 2379 586
f 2378 586 2379
f 2383 2384 605
f 2382 605 2384
f 2389 2390 609
f 2388 609 2390
f 2397 2395 2396
f 608 2396 2395
f 2403 2402 2391
f 607 2391 2402
f 2410 2408 2409
f 612 2409 2408
f 2416 2414 2415
f 616 2415 2414
f 2423 2421 2422
f 615 2422 2421
f 2429 2430 619
f 2428 619 2430
f 2435 2433 2434
f 618 2434 2433
f 2441 2442 623
f 2440 623 2442
f 2448 2449 622
f 2447 622 2449
f 2443 2455 621
f 2454 621 2455
f 2459 2460 625
f 2458 625 2460
f 2465 2466 628
f 2464 628 2466
f 2470 2471 627
f 2469 627 2471
f 2477 2478 631
f 2476 631 2478
f 2482 2483 630
f 2481 630 2483
f 2354 2490 598
f 2489 598 2490
f 2497 2498 635
f 2496 635 2498
f 2492 2504 634
f 2503 634 2504
f 2511 2512 639
f 2510 639 2512
f 2517 2518 643
f 2516 643 2518
f 2524 2525 642
f 2523 642 2525
f 2367 2531 601
f 2530 601 2531
f 2535 2536 645
f 2534 645 2536
f 2541 2540 2404
f 611 2404 2540
f 2548 2546 2547
f 648 2547 2546
f 2553 2552 2542
f 647 2542 2552
f 2559 2560 651
f 2558 651 2560
f 2565 2566 655
f 2564 655 2566
f 2572 2573 654
f 2571 654 2573
f 2579 2578 2417
f 614 2417 2578
f 2583 2584 657
f 2582 657 2584
f 2589 662 2591
f 2590 2591 662
f 2598 2599 661
f 2597 661 2599
f 2605 2606 665
f 2604 665 2606
f 2596 660 2612
f 2611 2612 660
f 2618 2617 2087
f 529 2087 2617
f 2625 2610 2624
f 664 2624 2610
f 2630 2631 672
f 2629 672 2631
f 2637 2638 668
f 2623 668 2638
f 2645 2643 2644
f 675 2644 2643
f 2650 2636 2649
f 671 2649 2636
f 2655 2656 679
f 2654 679 2656
f 2662 2663 678
f 2661 678 2663
f 2657 2669 677
f 2668 677 2669
f 2675 2676 682
f 2674 682 2676
f 2681 2682 686
f 2680 686 2682
f 2688 2689 685
f 2687 685 2689
f 2695 2696 689
f 2694 689 2696
f 2700 2701 688
f 2699 688 2701
f 685 2687 2706
f 2707 2706 2687
f 692 2713 2712
f 2714 2712 2713
f 691 2708 2718
f 2719 2718 2708
f 2725 2726 695
f 2724 695 2726
f 699 2731 2730
f 2732 2730 2731
f 2738 2739 698
f 2737 698 2739
f 2745 2744 2699
f 688 2699 2744
f 701 2749 2748
f 2750 2748 2749
f 705 2755 2754
f 2756 2754 2755
f 704 2762 2761
f 2763 2761 2762
f 2720 2769 694
f 2768 694 2769
f 2760 703 2775
f 2774 2775 703
f 631 2485 2779
f 2780 2779 2485
f 707 2786 2773
f 2787 2773 2786
f 2792 2793 714
f 2791 714 2793
f 2799 2800 710
f 2785 710 2800
f 2806 2807 717
f 2805 717 2807
f 2811 2812 713
f 2798 713 2812
f 2818 2816 2817
f 721 2817 2816
f 2824 2825 720
f 2823 720 2825
f 2819 2831 719
f 2830 719 2831
f 724 2837 2836
f 2838 2836 2837
f 2843 2844 728
f 2842 728 2844
f 2851 2849 2850
f 727 2850 2849
f 2857 2858 731
f 2856 731 2858
f 2862 2863 730
f 2861 730 2863
f 723 2832 2868
f 2869 2868 2832
f 2876 2874 2875
f 734 2875 2874
f 2881 2880 2870
f 733 2870 2880
f 2888 2886 2887
f 737 2887 2886
f 2894 2892 2893
f 741 2893 2892
f 740 2900 2899
f 2901 2899 2900
f 2907 2906 2845
f 726 2845 2906
f 2912 2910 2911
f 743 2911 2910
f 2917 2916 2882
f 736 2882 2916
f 2924 2922 2923
f 746 2923 2922
f 745 2918 2928
f 2929 2928 2918
f 749 2935 2934
f 2936 2934 2935
f 2942 2940 2941
f 753 2941 2940
f 752 2948 2947
f 2949 2947 2948
f 2955 2954 2895
f 739 2895 2954
f 755 2959 2958
f 2960 2958 2959
f 2930 2965 748
f 2964 748 2965
f 2971 2972 758
f 2970 758 2972
f 2966 2977 757
f 2976 757 2977
f 2983 2984 761
f 2982 761 2984
f 2989 2990 765
f 2988 765 2990
f 2997 2995 2996
f 764 2996 2995
f 2943 3003 751
f 3002 751 3003
f 767 3007 3006
f 3008 3006 3007
f 3014 3012 3013
f 771 3013 3012
f 3021 3019 3020
f 770 3020 3019
f 3027 3026 3015
f 769 3015 3026
f 774 3033 3032
f 3034 3032 3033
f 778 3039 3038
f 3040 3038 3039
f 777 3046 3045
f 3047 3045 3046
f 3054 3052 3053
f 781 3053 3052
f 3059 3057 3058
f 780 3058 3057
f 3028 3065 773
f 3064 773 3065
f 3071 3072 784
f 3070 784 3072
f 3066 3077 783
f 3076 783 3077
f 3083 3084 787
f 3082 787 3084
f 3089 3090 791
f 3088 791 3090
f 3096 3097 790
f 3095 790 3097
f 776 3041 3102
f 3103 3102 3041
f 3106 793 3108
f 3107 3108 793
f 3078 3113 786
f 3112 786 3113
f 3120 3118 3119
f 796 3119 3118
f 3125 3124 3114
f 795 3114 3124
f 3132 3130 3131
f 799 3131 3130
f 3137 3138 803
f 3136 803 3138
f 3144 3145 802
f 3143 802 3145
f 3091 3151 789
f 3150 789 3151
f 3155 3156 805
f 3154 805 3156
f 3126 3161 798
f 3160 798 3161
f 3167 3168 808
f 3166 808 3168
f 3162 3173 807
f 3172 807 3173
f 3179 3180 811
f 3178 811 3180
f 3185 3186 815
f 3184 815 3186
f 3192 3193 814
f 3191 814 3193
f 3198 801 3199
f 3139 3199 801
f 3202 817 3204
f 3203 3204 817
f 3210 3208 3209
f 821 3209 3208
f 820 3216 3215
f 3217 3215 3216
f 3223 3222 3211
f 819 3211 3222
f 3230 3228 3229
f 824 3229 3228
f 3236 3234 3235
f 828 3235 3234
f 3243 3241 3242
f 827 3242 3241
f 831 3249 3248
f 3250 3248 3249
f 830 3254 3253
f 3255 3253 3254
f 3261 3262 835
f 3260 835 3262
f 3268 3269 834
f 3267 834 3269
f 3263 3275 833
f 3274 833 3275
f 3280 838 3282
f 3281 3282 838
f 3286 842 3288
f 3287 3288 842
f 3293 841 3295
f 3294 3295 841
f 3301 3302 845
f 3300 845 3302
f 3305 844 3307
f 3306 3307 844
f 3276 3313 837
f 3312 837 3313
f 3319 3320 848
f 3318 848 3320
f 3314 3325 847
f 3324 847 3325
f 3331 3332 851
f 3330 851 3332
f 3337 3338 855
f 3336 855 3338
f 3345 3343 3344
f 854 3344 3343
f 3350 840 3351
f 3289 3351 840
f 3356 3354 3355
f 857 3355 3354
f 3326 3361 850
f 3360 850 3361
f 3367 3368 860
f 3366 860 3368
f 3372 859 3373
f 3362 3373 859
f 3378 863 3380
f 3379 3380 863
f 3385 3386 867
f 3384 867 3386
f 3391 866 3393
f 3392 3393 866
f 3339 3399 853
f 3398 853 3399
f 3403 3404 869
f 3402 869 3404
f 873 3409 3408
f 3410 3408 3409
f 872 3416 3415
f 3417 3415 3416
f 3423 3422 3411
f 871 3411 3422
f 3430 3428 3429
f 876 3429 3428
f 3436 3434 3435
f 880 3435 3434
f 879 3442 3441
f 3443 3441 3442
f 883 3449 3448
f 3450 3448 3449
f 3455 3453 3454
f 882 3454 3453
f 3462 3461 3424
f 875 3424 3461
f 887 3469 3468
f 3470 3468 3469
f 3476 3475 3464
f 886 3464 3475
f 3483 3484 891
f 3482 891 3484
f 3490 3488 3489
f 895 3489 3488
f 3495 894 3497
f 3496 3497 894
f 878 3437 3502
f 3503 3502 3437
f 897 3507 3506
f 3508 3506 3507
f 3478 3514 890
f 3513 890 3514
f 3521 3522 901
f 3520 901 3522
f 3516 3528 900
f 3527 900 3528
f 3535 3536 905
f 3534 905 3536
f 3541 3542 909
f 3540 909 3542
f 3548 3549 908
f 3547 908 3549
f 3491 3555 893
f 3554 893 3555
f 3558 911 3560
f 3559 3560 911
f 3566 3564 3565
f 915 3565 3564
f 914 3572 3571
f 3573 3571 3572
f 913 3567 3578
f 3579 3578 3567
f 917 3583 3582
f 3584 3582 3583
f 3589 3590 919
f 3588 919 3590
f 3593 3594 911
f 3561 911 3594
f 3599 3600 921
f 3598 921 3600
f 3603 3604 908
f 3550 908 3604
f 925 3609 3608
f 3610 3608 3609
f 3617 3615 3616
f 924 3616 3615
f 3611 3623 923
f 3622 923 3623
f 928 3629 3628
f 3630 3628 3629
f 932 3635 3634
f 3636 3634 3635
f 931 3642 3641
f 3643 3641 3642
f 935 3649 3648
f 3650 3648 3649
f 934 3654 3653
f 3655 3653 3654
f 3624 3661 927
f 3660 927 3661
f 3666 938 3668
f 3667 3668 938
f 3673 3672 3662
f 937 3662 3672
f 3678 3676 3677
f 940 3677 3676
f 3682 942 3684
f 3683 3684 942
f 3261 835 3688
f 3687 3688 835
f 930 3637 3692
f 3693 3692 3637
f 3697 3301 3696
f 845 3696 3301
f 3343 3701 854
f 3700 854 3701
f 3707 3708 946
f 3706 946 3708
f 3702 3713 945
f 3712 945 3713
f 3719 3720 949
f 3718 949 3720
f 3725 3726 953
f 3724 953 3726
f 3732 3733 952
f 3731 952 3733
f 3354 3739 857
f 3738 857 3739
f 3742 955 3744
f 3743 3744 955
f 3750 3748 3749
f 959 3749 3748
f 3756 3757 958
f 3755 958 3757
f 957 3751 3762
f 3763 3762 3751
f 961 3767 3766
f 3768 3766 3767
f 3773 3774 963
f 3772 963 3774
f 3777 3778 955
f 3745 955 3778
f 3783 3784 965
f 3782 965 3784
f 3734 952 3788
f 3787 3788 952
f 3795 3793 3794
f 970 3794 3793
f 3803 3801 3802
f 969 3802 3801
f 974 3810 3809
f 3811 3809 3810
f 3817 3818 968
f 3800 968 3818
f 3824 3825 977
f 3823 977 3825
f 3829 3830 973
f 3816 973 3830
f 3836 3835 2487
f 633 2487 3835
f 3844 3842 3843
f 981 3843 3842
f 3850 3849 3838
f 980 3838 3849
f 3858 3856 3857
f 985 3857 3856
f 3864 3862 3863
f 989 3863 3862
f 3871 3869 3870
f 988 3870 3869
f 3877 3876 2501
f 637 2501 3876
f 3882 3880 3881
f 991 3881 3880
f 3852 3887 984
f 3886 984 3887
f 994 3893 3892
f 3894 3892 3893
f 993 3888 3898
f 3899 3898 3888
f 996 3903 3902
f 3904 3902 3903
f 999 3909 3908
f 3910 3908 3909
f 998 3914 3913
f 3915 3913 3914
f 3921 3920 3865
f 987 3865 3920
f 1001 3925 3924
f 3926 3924 3925
f 3930 1005 3932
f 3931 3932 1005
f 3937 1004 3939
f 3938 3939 1004
f 3945 3944 3933
f 1003 3933 3944
f 1008 3951 3950
f 3952 3950 3951
f 3958 3956 3957
f 1012 3957 3956
f 3965 3963 3964
f 1011 3964 3963
f 3971 3972 1015
f 3970 1015 3972
f 3975 1014 3977
f 3976 3977 1014
f 3984 3983 3963
f 1011 3963 3983
f 3992 3990 3991
f 1019 3991 3990
f 1018 3986 3997
f 3998 3997 3986
f 4005 4006 1023
f 4004 1023 4006
f 4011 4012 1027
f 4010 1027 4012
f 4018 4019 1026
f 4017 1026 4019
f 3975 4025 1014
f 4024 1014 4025
f 4029 4030 1029
f 4028 1029 4030
f 4036 4035 2670
f 681 2670 4035
f 4044 4042 4043
f 1033 4043 4042
f 4050 4049 4038
f 1032 4038 4049
f 4058 4056 4057
f 1037 4057 4056
f 4064 4062 4063
f 1040 4063 4062
f 4070 2299 4069
f 582 4069 2299
f 4075 4074 2683
f 684 2683 4074
f 4079 2284 4078
f 577 4078 2284
f 2615 4083 667
f 4082 667 4083
f 1044 4089 4088
f 4090 4088 4089
f 4094 1043 4095
f 4084 4095 1043
f 4101 4102 1047
f 4100 1047 4102
f 4106 1050 4108
f 4107 4108 1050
f 4051 1035 4114
f 4113 4114 1035
f 2639 4119 672
f 4118 672 4119
f 1031 4122 4037
f 4123 4037 4122
f 4096 4127 1046
f 4126 1046 4127
f 4133 4134 1054
f 4132 1054 4134
f 4128 4139 1053
f 4138 1053 4139
f 4143 4144 1056
f 4142 1056 4144
f 4149 4150 1059
f 4148 1059 4150
f 4153 1058 4155
f 4154 4155 1058
f 4109 4161 1049
f 4160 1049 4161
f 4164 1061 4166
f 4165 4166 1061
f 4172 4171 4052
f 1036 4052 4171
f 4180 4178 4179
f 1065 4179 4178
f 4186 4185 4174
f 1064 4174 4185
f 4191 4192 1068
f 4190 1068 4192
f 4196 1070 4198
f 4197 4198 1070
f 4201 4202 597
f 2353 597 4202
f 4207 4206 4065
f 1039 4065 4206
f 4211 2339 4210
f 593 4210 2339
f 1075 4215 4214
f 4216 4214 4215
f 4221 1074 4223
f 4222 4223 1074
f 4228 1073 4229
f 4217 4229 1073
f 4233 4234 1077
f 4232 1077 4234
f 4239 4240 1079
f 4238 1079 4240
f 4243 4244 1029
f 4031 1029 4244
f 4249 4250 1081
f 4248 1081 4250
f 4253 4254 1026
f 4020 1026 4254
f 1007 3946 4258
f 4259 4258 3946
f 4266 4264 4265
f 1084 4265 4264
f 4271 4270 4260
f 1083 4260 4270
f 4277 4278 1087
f 4276 1087 4278
f 4284 4282 4283
f 1090 4283 4282
f 4290 3999 4289
f 1021 4289 3999
f 4295 4294 3959
f 1010 3959 4294
f 4299 3985 4298
f 1017 4298 3985
f 4302 1086 4303
f 4272 4303 1086
f 4308 1094 4310
f 4309 4310 1094
f 4255 4315 1081
f 4314 1081 4315
f 4321 4307 4320
f 1093 4320 4307
f 4324 1022 4325
f 4000 4325 1022
f 1096 4328 4319
f 4329 4319 4328
f 1101 4333 4332
f 4334 4332 4333
f 1100 4340 4339
f 4341 4339 4340
f 2995 4348 764
f 4347 764 4348
f 4354 4355 1099
f 4338 1099 4355
f 4361 4359 4360
f 1107 4360 4359
f 4366 4353 4365
f 1104 4365 4353
f 4370 752 4371
f 2947 4371 752
f 4377 4378 1110
f 4376 1110 4378
f 4372 4383 1109
f 4382 1109 4383
f 4389 4390 1113
f 4388 1113 4390
f 4395 4396 1117
f 4394 1117 4396
f 4402 4403 1116
f 4401 1116 4403
f 4408 755 4409
f 2958 4409 755
f 4413 4414 1119
f 4412 1119 4414
f 1123 4419 4418
f 4420 4418 4419
f 1122 4426 4425
f 4427 4425 4426
f 1121 4421 4432
f 4433 4432 4421
f 1125 4437 4436
f 4438 4436 4437
f 1128 4443 4442
f 4444 4442 4443
f 4448 4449 1127
f 4447 1127 4449
f 1131 4455 4454
f 4456 4454 4455
f 1130 4460 4459
f 4461 4459 4460
f 2849 4467 727
f 4466 727 4467
f 4474 4472 4473
f 1134 4473 4472
f 1131 4463 4479
f 4480 4479 4463
f 1133 4486 4471
f 4487 4471 4486
f 4491 4492 1139
f 4490 1139 4492
f 4495 4496 1137
f 4485 1137 4496
f 4501 4502 1143
f 4500 1143 4502
f 4509 4507 4508
f 1142 4508 4507
f 1141 4503 4514
f 4515 4514 4503
f 1146 4521 4520
f 4522 4520 4521
f 1150 4527 4526
f 4528 4526 4527
f 1149 4534 4533
f 4535 4533 4534
f 4542 4540 4541
f 1153 4541 4540
f 4547 4545 4546
f 1152 4546 4545
f 4553 4552 4516
f 1145 4516 4552
f 4560 4558 4559
f 1156 4559 4558
f 4565 4564 4554
f 1155 4554 4564
f 4572 4570 4571
f 1159 4571 4570
f 4578 4576 4577
f 1163 4577 4576
f 4585 4583 4584
f 1162 4584 4583
f 4591 4590 4529
f 1148 4529 4590
f 4596 4594 4595
f 1165 4595 4594
f 4601 4602 1169
f 4600 1169 4602
f 4608 4609 1168
f 4607 1168 4609
f 4603 4615 1167
f 4614 1167 4615
f 4621 4622 1172
f 4620 1172 4622
f 4627 4628 1176
f 4626 1176 4628
f 1175 4634 4633
f 4635 4633 4634
f 4641 4642 1179
f 4640 1179 4642
f 4646 4647 1178
f 4645 1178 4647
f 4653 4654 1183
f 4652 1183 4654
f 1182 4660 4659
f 4661 4659 4660
f 1181 4655 4666
f 4667 4666 4655
f 1186 4673 4672
f 4674 4672 4673
f 1190 4679 4678
f 4680 4678 4679
f 1189 4686 4685
f 4687 4685 4686
f 4693 4694 1193
f 4692 1193 4694
f 4698 4699 1192
f 4697 1192 4699
f 1185 4668 4705
f 4706 4705 4668
f 1197 4713 4712
f 4714 4712 4713
f 1196 4708 4719
f 4720 4719 4708
f 1201 4727 4726
f 4728 4726 4727
f 1205 4733 4732
f 4734 4732 4733
f 4740 4741 1204
f 4739 1204 4741
f 1188 4681 4746
f 4747 4746 4681
f 4751 4752 1207
f 4750 1207 4752
f 1171 4616 4756
f 4757 4756 4616
f 1210 4763 4762
f 4764 4762 4763
f 4769 4768 4758
f 1209 4758 4768
f 1213 4775 4774
f 4776 4774 4775
f 1216 4781 4780
f 4782 4780 4781
f 1199 4787 4721
f 4788 4721 4787
f 1174 4629 4792
f 4793 4792 4629
f 1195 4796 4707
f 4797 4707 4796
f 4801 4802 1221
f 4800 1221 4802
f 4808 4809 1220
f 4807 1220 4809
f 4803 4815 1219
f 4814 1219 4815
f 4821 4822 1224
f 4820 1224 4822
f 4827 4828 1227
f 4826 1227 4828
f 4833 4834 537
f 2122 537 4834
f 4839 4840 1229
f 4838 1229 4840
f 4843 4844 534
f 2109 534 4844
f 4816 4849 1223
f 4848 1223 4849
f 4855 4856 1232
f 4854 1232 4856
f 4850 4861 1231
f 4860 1231 4861
f 4867 4868 1235
f 4866 1235 4868
f 4873 4874 1238
f 4872 1238 4874
f 4879 4880 549
f 2170 549 4880
f 1226 4829 4884
f 4885 4884 4829
f 4888 4889 546
f 2157 546 4889
f 4862 4893 1234
f 4892 1234 4893
f 4899 4900 1242
f 4898 1242 4900
f 4904 1241 4905
f 4894 4905 1241
f 4911 4912 1245
f 4910 1245 4912
f 4916 1248 4918
f 4917 4918 1248
f 2218 561 4924
f 4923 4924 561
f 4875 4929 1237
f 4928 1237 4929
f 4932 4933 558
f 2205 558 4933
f 4906 4937 1244
f 4936 1244 4937
f 4944 4942 4943
f 1252 4943 4942
f 1251 4938 4948
f 4949 4948 4938
f 4954 4952 4953
f 1254 4953 4952
f 1256 4959 4958
f 4960 4958 4959
f 4964 2266 4963
f 573 4963 2266
f 4919 4969 1247
f 4968 1247 4969
f 570 4972 2253
f 4973 2253 4972
f 4979 4977 4978
f 1262 4978 4977
f 4987 4985 4986
f 1261 4986 4985
f 4981 4994 1260
f 4993 1260 4994
f 5001 5002 1266
f 5000 1266 5002
f 5007 5008 1270
f 5006 1270 5008
f 5014 5015 1269
f 5013 1269 5015
f 5022 5020 5021
f 1273 5021 5020
f 5027 5025 5026
f 1272 5026 5025
f 5034 5032 5033
f 1277 5033 5032
f 5040 5041 1276
f 5039 1276 5041
f 5035 5047 1275
f 5046 1275 5047
f 5053 5054 1280
f 5052 1280 5054
f 5059 5060 1284
f 5058 1284 5060
f 5066 5067 1283
f 5065 1283 5067
f 5073 5074 1287
f 5072 1287 5074
f 5078 5079 1286
f 5077 1286 5079
f 5048 5086 1279
f 5085 1279 5086
f 5094 5092 5093
f 1291 5093 5092
f 1290 5088 5099
f 5100 5099 5088
f 5108 5106 5107
f 1295 5107 5106
f 5114 5112 5113
f 1299 5113 5112
f 1298 5120 5119
f 5121 5119 5120
f 5127 5126 5061
f 1282 5061 5126
f 5132 5130 5131
f 1301 5131 5130
f 4996 5138 1265
f 5137 1265 5138
f 5145 5146 1305
f 5144 1305 5146
f 5140 5152 1304
f 5151 1304 5152
f 5159 5160 1309
f 5158 1309 5160
f 5165 5166 1312
f 5164 1312 5166
f 5171 5172 1293
f 5101 1293 5172
f 5009 5177 1268
f 5176 1268 5177
f 5180 5181 1289
f 5087 1289 5181
f 5185 5186 1317
f 5184 1317 5186
f 5192 5193 1316
f 5191 1316 5193
f 5187 5199 1315
f 5198 1315 5199
f 5205 5206 1320
f 5204 1320 5206
f 5211 5212 1323
f 5210 1323 5212
f 5217 5218 641
f 2522 641 5218
f 5223 5224 1325
f 5222 1325 5224
f 5227 5228 638
f 2509 638 5228
f 1319 5200 5232
f 5233 5232 5200
f 1328 5239 5238
f 5240 5238 5239
f 1327 5234 5244
f 5245 5244 5234
f 5251 5252 1331
f 5250 1331 5252
f 5257 5258 1334
f 5256 1334 5258
f 5263 5264 653
f 2570 653 5264
f 5213 5269 1322
f 5268 1322 5269
f 5272 5273 650
f 2557 650 5273
f 5277 659 5278
f 2587 5278 659
f 5284 1339 5286
f 5285 5286 1339
f 5293 5291 5292
f 1343 5292 5291
f 5300 5283 5299
f 1338 5299 5283
f 5306 5307 1347
f 5305 1347 5307
f 5313 5314 1342
f 5298 1342 5314
f 5320 5318 5319
f 1350 5319 5318
f 5326 5312 5325
f 1346 5325 5312
f 4845 5331 1229
f 5330 1229 5331
f 5334 5335 1349
f 5324 1349 5335
f 5289 5340 1341
f 5339 1341 5340
f 5347 5348 1355
f 5346 1355 5348
f 5342 5354 1354
f 5353 1354 5354
f 5361 5362 1359
f 5360 1359 5362
f 5367 5368 1363
f 5366 1363 5368
f 5374 5375 1362
f 5373 1362 5375
f 5315 5381 1347
f 5380 1347 5381
f 5385 5386 1365
f 5384 1365 5386
f 5391 5390 4975
f 1259 4975 5390
f 5398 5396 5397
f 1368 5397 5396
f 5403 5402 5392
f 1367 5392 5402
f 5410 5408 5409
f 1371 5409 5408
f 5416 5414 5415
f 1375 5415 5414
f 5422 5423 1374
f 5421 1374 5423
f 5429 5428 4991
f 1264 4991 5428
f 5433 5434 1377
f 5432 1377 5434
f 5440 5439 5421
f 1374 5421 5439
f 5448 5446 5447
f 1381 5447 5446
f 5453 5454 1384
f 5452 1384 5454
f 5459 5460 1380
f 5445 1380 5460
f 2789 5466 712
f 5465 712 5466
f 5472 5473 1383
f 5458 1383 5473
f 5478 5476 5477
f 1390 5477 5476
f 5484 5471 5483
f 1387 5483 5471
f 5488 1303 5489
f 5135 5489 1303
f 5492 5493 1389
f 5482 1389 5493
f 1337 5275 5496
f 5497 5496 5275
f 5503 5504 1394
f 5502 1394 5504
f 5498 5509 1393
f 5508 1393 5509
f 5515 5516 1397
f 5514 1397 5516
f 5522 5520 5521
f 1401 5521 5520
f 5529 5527 5528
f 1400 5528 5527
f 5301 5535 1343
f 5534 1343 5535
f 5540 5538 5539
f 1403 5539 5538
f 5545 5544 5337
f 1353 5337 5544
f 5552 5550 5551
f 1406 5551 5550
f 5557 5556 5546
f 1405 5546 5556
f 5564 5562 5563
f 1409 5563 5562
f 5570 5568 5569
f 1413 5569 5568
f 5577 5575 5576
f 1412 5576 5575
f 5583 5582 5351
f 1357 5351 5582
f 5588 5586 5587
f 1415 5587 5586
f 5593 5592 5404
f 1370 5404 5592
f 5600 5598 5599
f 1418 5599 5598
f 5605 5604 5594
f 1417 5594 5604
f 5612 5610 5611
f 1421 5611 5610
f 5618 5616 5617
f 1425 5617 5616
f 5625 5623 5624
f 1424 5624 5623
f 5631 5630 5417
f 1373 5417 5630
f 5635 5636 1427
f 5634 1427 5636
f 5640 1379 5641
f 5437 5641 1379
f 5647 5648 1430
f 5646 1430 5648
f 5642 5653 1429
f 5652 1429 5653
f 5659 5660 1433
f 5658 1433 5660
f 5665 5666 1436
f 5664 1436 5666
f 5671 5672 763
f 2994 763 5672
f 5461 5677 1384
f 5676 1384 5677
f 5680 5681 760
f 2981 760 5681
f 5685 5684 5463
f 1386 5463 5684
f 1440 5691 5690
f 5692 5690 5691
f 1439 5686 5696
f 5697 5696 5686
f 5704 5702 5703
f 1443 5703 5702
f 5710 5708 5709
f 1447 5709 5708
f 5717 5715 5716
f 1446 5716 5715
f 1390 5485 5722
f 5723 5722 5485
f 1449 5727 5726
f 5728 5726 5727
f 5154 5733 1308
f 5732 1308 5733
f 5739 5740 1452
f 5738 1452 5740
f 5744 1451 5745
f 5734 5745 1451
f 5750 1455 5752
f 5751 5752 1455
f 5757 5758 1459
f 5756 1459 5758
f 5764 5765 1458
f 5763 1458 5765
f 5167 5771 1311
f 5770 1311 5771
f 5775 5776 1461
f 5774 1461 5776
f 1294 5102 5780
f 5781 5780 5102
f 1464 5787 5786
f 5788 5786 5787
f 5782 5793 1463
f 5792 1463 5793
f 5799 5800 1467
f 5798 1467 5800
f 1471 5805 5804
f 5806 5804 5805
f 5812 5813 1470
f 5811 1470 5813
f 1297 5115 5818
f 5819 5818 5115
f 1473 5823 5822
f 5824 5822 5823
f 5246 5829 1330
f 5828 1330 5829
f 5835 5836 1476
f 5834 1476 5836
f 5830 5841 1475
f 5840 1475 5841
f 5847 5848 1479
f 5846 1479 5848
f 5853 5854 1482
f 5852 1482 5854
f 5859 5860 813
f 3190 813 5860
f 5259 5865 1333
f 5864 1333 5865
f 5868 5869 810
f 3177 810 5869
f 1442 5698 5872
f 5873 5872 5698
f 5880 5878 5879
f 1486 5879 5878
f 5885 5884 5874
f 1485 5874 5884
f 5892 5890 5891
f 1489 5891 5890
f 1493 5897 5896
f 5898 5896 5897
f 1492 5904 5903
f 5905 5903 5904
f 5911 5910 5711
f 1445 5711 5910
f 1495 5915 5914
f 5916 5914 5915
f 5921 5922 1499
f 5920 1499 5922
f 5928 5929 1498
f 5927 1498 5929
f 5935 5934 5923
f 1497 5923 5934
f 5942 5940 5941
f 1502 5941 5940
f 5947 5948 1506
f 5946 1506 5948
f 5953 1505 5955
f 5954 5955 1505
f 5962 5960 5961
f 1509 5961 5960
f 1508 5966 5965
f 5967 5965 5966
f 5794 5974 1466
f 5973 1466 5974
f 5981 5982 1513
f 5980 1513 5982
f 5987 1512 5988
f 5976 5988 1512
f 1517 5995 5994
f 5996 5994 5995
f 6001 6002 1521
f 6000 1521 6002
f 6008 6009 1520
f 6007 1520 6009
f 5807 6015 1469
f 6014 1469 6015
f 6019 6020 1523
f 6018 1523 6020
f 6024 1478 6025
f 5842 6025 1478
f 6031 6032 1526
f 6030 1526 6032
f 6026 6037 1525
f 6036 1525 6037
f 6043 6044 1529
f 6042 1529 6044
f 6048 1532 6050
f 6049 6050 1532
f 3390 865 6056
f 6055 6056 865
f 5855 6061 1481
f 6060 1481 6061
f 6064 6065 862
f 3377 862 6065
f 6069 6068 5886
f 1488 5886 6068
f 6076 6074 6075
f 1536 6075 6074
f 6081 6080 6070
f 1535 6070 6080
f 1539 6087 6086
f 6088 6086 6087
f 1543 6093 6092
f 6094 6092 6093
f 6101 6099 6100
f 1542 6100 6099
f 1491 5899 6106
f 6107 6106 5899
f 1545 6111 6110
f 6112 6110 6111
f 1501 5936 6116
f 6117 6116 5936
f 1548 6123 6122
f 6124 6122 6123
f 6129 6128 6118
f 1547 6118 6128
f 6136 6134 6135
f 1551 6135 6134
f 6141 6142 1555
f 6140 1555 6142
f 6147 1554 6149
f 6148 6149 1554
f 5949 6155 1504
f 6154 1504 6155
f 6159 6160 1557
f 6158 1557 6160
f 6164 1561 6166
f 6165 6166 1561
f 6172 6173 1560
f 6171 1560 6173
f 6178 1559 6179
f 6167 6179 1559
f 6184 1564 6186
f 6185 6186 1564
f 6191 6192 1567
f 6190 1567 6192
f 3546 907 6198
f 6197 6198 907
f 6203 6204 1569
f 6202 1569 6204
f 3533 904 6208
f 6207 6208 904
f 6213 6212 6082
f 1538 6082 6212
f 6220 6218 6219
f 1572 6219 6218
f 6225 6224 6214
f 1571 6214 6224
f 6229 6230 1574
f 6228 1574 6230
f 6235 6236 1576
f 6234 1576 6236
f 6239 6240 1553
f 6146 1553 6240
f 1541 6095 6244
f 6245 6244 6095
f 6248 6249 1550
f 6133 1550 6249
f 6209 6253 1569
f 6252 1569 6253
f 6260 6258 6259
f 1580 6259 6258
f 6265 6264 6254
f 1579 6254 6264
f 6272 6270 6271
f 1583 6271 6270
f 6278 6276 6277
f 1586 6277 6276
f 6284 5968 6283
f 1508 6283 5968
f 6175 6289 1561
f 6288 1561 6289
f 6292 6293 1505
f 5956 1505 6293
f 5746 6297 1454
f 6296 1454 6297
f 6303 6304 1590
f 6302 1590 6304
f 6298 6309 1589
f 6308 1589 6309
f 6314 1593 6316
f 6315 6316 1593
f 6320 1596 6322
f 6321 6322 1596
f 5989 1515 6328
f 6327 6328 1515
f 5759 6333 1457
f 6332 1457 6333
f 5975 1511 6337
f 6336 6337 1511
f 6038 6341 1528
f 6340 1528 6341
f 6347 6348 1600
f 6346 1600 6348
f 6342 6353 1599
f 6352 1599 6353
f 6359 6360 1603
f 6358 1603 6360
f 6365 6366 1606
f 6364 1606 6366
f 3730 951 6372
f 6371 6372 951
f 6051 6377 1531
f 6376 1531 6377
f 3717 948 6381
f 6380 6381 948
f 6385 6384 6266
f 1582 6266 6384
f 6392 6390 6391
f 1610 6391 6390
f 6386 6397 1609
f 6396 1609 6397
f 6401 6402 1612
f 6400 1612 6402
f 6408 6406 6407
f 1614 6407 6406
f 6412 6326 6411
f 1595 6411 6326
f 6417 6416 6279
f 1585 6279 6416
f 6421 6313 6420
f 1592 6420 6313
f 6427 6425 6426
f 1620 6426 6425
f 6435 6433 6434
f 1619 6434 6433
f 6442 6443 1624
f 6441 1624 6443
f 6449 6450 1618
f 6432 1618 6450
f 6457 6455 6456
f 1627 6456 6455
f 6462 6448 6461
f 1623 6461 6448
f 6468 6466 6467
f 1631 6467 6466
f 6475 6473 6474
f 1630 6474 6473
f 6481 6480 6469
f 1629 6469 6480
f 6486 6484 6485
f 1633 6485 6484
f 6492 6490 6491
f 1636 6491 6490
f 6497 6495 6496
f 1635 6496 6495
f 6504 6502 6503
f 1639 6503 6502
f 6509 6507 6508
f 1638 6508 6507
f 6423 6515 1617
f 6514 1617 6515
f 6522 6520 6521
f 1642 6521 6520
f 6527 6526 6516
f 1641 6516 6526
f 6532 6530 6531
f 1644 6531 6530
f 6538 6536 6537
f 1646 6537 6536
f 6542 4501 6541
f 1143 6541 4501
f 6546 1624 6547
f 6451 6547 1624
f 6550 6551 1153
f 4541 1153 6551
f 6555 1626 6556
f 6453 6556 1626
f 6563 6564 1651
f 6562 1651 6564
f 6569 1650 6570
f 6558 6570 1650
f 6577 6578 1655
f 6576 1655 6578
f 1659 6583 6582
f 6584 6582 6583
f 6591 6589 6590
f 1658 6590 6589
f 1620 6437 6596
f 6597 6596 6437
f 6602 6600 6601
f 1661 6601 6600
f 6608 6606 6607
f 1665 6607 6606
f 1664 6614 6613
f 6615 6613 6614
f 6620 1663 6621
f 6609 6621 1663
f 6627 6628 1668
f 6626 1668 6628
f 6634 6632 6633
f 1672 6633 6632
f 6641 6639 6640
f 1671 6640 6639
f 6648 6646 6647
f 1675 6647 6646
f 6652 6653 1674
f 6651 1674 6653
f 6660 6658 6659
f 1679 6659 6658
f 6667 6665 6666
f 1678 6666 6665
f 6673 6672 6661
f 1677 6661 6672
f 6678 6676 6677
f 1681 6677 6676
f 6684 6682 6683
f 1684 6683 6682
f 6689 6687 6688
f 1683 6688 6687
f 6696 6694 6695
f 1687 6695 6694
f 6701 6699 6700
f 1686 6700 6699
f 4701 6707 1193
f 6706 1193 6707
f 6714 6712 6713
f 1690 6713 6712
f 6708 6719 1689
f 6718 1689 6719
f 6724 6722 6723
f 1692 6723 6722
f 6728 1695 6730
f 6729 6730 1695
f 6734 6735 1694
f 6733 1694 6735
f 6741 6740 4663
f 1183 4663 6740
f 6745 6746 1697
f 6744 1697 6746
f 4649 6751 1179
f 6750 1179 6751
f 6757 6758 1700
f 6756 1700 6758
f 6752 6763 1699
f 6762 1699 6763
f 6769 6770 1703
f 6768 1703 6770
f 6775 6776 1706
f 6774 1706 6776
f 6456 1627 6782
f 6781 6782 1627
f 4611 6787 1169
f 6786 1169 6787
f 1622 6790 6444
f 6791 6444 6790
f 6796 6794 6795
f 1711 6795 6794
f 6803 6801 6802
f 1710 6802 6801
f 6809 6808 6797
f 1709 6797 6808
f 6814 6812 6813
f 1713 6813 6812
f 6818 1715 6820
f 6819 6820 1715
f 6823 6824 1631
f 6467 1631 6824
f 6830 6828 6829
f 1717 6829 6828
f 6833 6834 1639
f 6503 1639 6834
f 6840 6839 6764
f 1702 6764 6839
f 6846 1721 6848
f 6847 6848 1721
f 6853 1720 6854
f 6842 6854 1720
f 6859 6860 1724
f 6858 1724 6860
f 6865 6866 1726
f 6864 1726 6866
f 6869 6870 1653
f 6571 1653 6870
f 6874 1705 6875
f 6777 6875 1705
f 6557 1649 6879
f 6878 6879 1649
f 6835 6883 1717
f 6882 1717 6883
f 6890 6888 6889
f 1730 6889 6888
f 6895 6894 6884
f 1729 6884 6894
f 6900 6898 6899
f 1732 6899 6898
f 6906 6904 6905
f 1735 6905 6904
f 6911 6909 6910
f 1734 6910 6909
f 6917 6916 6805
f 1711 6805 6916
f 6921 6922 1737
f 6920 1737 6922
f 6926 1719 6927
f 6837 6927 1719
f 6932 1740 6934
f 6933 6934 1740
f 6909 6939 1734
f 6938 1734 6939
f 6945 6931 6944
f 1739 6944 6931
f 6948 1671 6949
f 6639 6949 1671
f 1742 6952 6943
f 6953 6943 6952
f 6958 6957 5654
f 1432 5654 6957
f 6966 6964 6965
f 1747 6965 6964
f 1750 6971 6970
f 6972 6970 6971
f 1746 6977 6963
f 6978 6963 6977
f 4345 6983 1103
f 6982 1103 6983
f 6986 6987 1749
f 6976 1749 6987
f 6990 1745 6991
f 6955 6991 1745
f 6997 6998 1754
f 6996 1754 6998
f 6992 7003 1753
f 7002 1753 7003
f 7009 7010 1757
f 7008 1757 7010
f 7015 7016 1760
f 7014 1760 7016
f 7021 7022 1115
f 4400 1115 7022
f 6979 7027 1750
f 7026 1750 7027
f 1112 7030 4387
f 7031 4387 7030
f 7036 7035 5558
f 1408 5558 7035
f 7044 7042 7043
f 1765 7043 7042
f 7050 7049 7038
f 1764 7038 7049
f 7056 7054 7055
f 1768 7055 7054
f 7062 7060 7061
f 1770 7061 7060
f 7066 7020 7065
f 1759 7065 7020
f 7071 7070 5571
f 1411 5571 7070
f 7075 7007 7074
f 1756 7074 7007
f 7078 1763 7079
f 7033 7079 1763
f 1774 7085 7084
f 7086 7084 7085
f 5510 7091 1396
f 7090 1396 7091
f 7096 7097 1773
f 7083 1773 7097
f 7101 7100 4477
f 1136 4477 7100
f 7105 7095 7104
f 1776 7104 7095
f 1779 447 1783
f 1780 1783 447
f 448 1788 1786
f 1791 1786 1788
f 452 1796 1795
f 1798 1795 1796
f 453 1803 1801
f 1806 1801 1803
f 454 1809 1807
f 1812 1807 1809
f 456 1816 1814
f 1819 1814 1816
f 449 1823 1792
f 1826 1792 1823
f 458 1821 1827
f 1831 1827 1821
f 460 1835 1832
f 1838 1832 1835
f 463 1842 1840
f 1845 1840 1842
f 457 1849 1820
f 1851 1820 1849
f 467 1855 1853
f 1858 1853 1855
f 468 1861 1859
f 1864 1859 1861
f 470 1868 1866
f 1871 1866 1868
f 464 1875 1846
f 1878 1846 1875
f 472 1873 1879
f 1883 1879 1873
f 1887 477 1890
f 1888 1890 477
f 1893 478 1898
f 1895 1898 478
f 1901 481 1904
f 1902 1904 481
f 1907 482 1912
f 1909 1912 482
f 1913 483 1918
f 1915 1918 483
f 485 1922 1920
f 1925 1920 1922
f 1899 479 1931
f 1929 1931 479
f 1932 487 1936
f 1927 1936 487
f 1939 491 1942
f 1940 1942 491
f 492 1947 1945
f 1950 1945 1947
f 1953 495 1956
f 1954 1956 495
f 1959 496 1964
f 1961 1964 496
f 497 1967 1965
f 1970 1965 1967
f 499 1974 1972
f 1977 1972 1974
f 493 1981 1951
f 1983 1951 1981
f 501 1979 1984
f 1988 1984 1979
f 503 1991 1989
f 1994 1989 1991
f 505 1998 1996
f 2001 1996 1998
f 500 2005 1978
f 2007 1978 2005
f 2009 509 2014
f 2011 2014 509
f 510 2017 2015
f 2020 2015 2017
f 2022 512 2027
f 2024 2027 512
f 506 2031 2002
f 2034 2002 2031
f 514 2029 2035
f 2039 2035 2029
f 489 2043 1937
f 2045 1937 2043
f 519 2049 2047
f 2052 2047 2049
f 486 2055 1926
f 2057 1926 2055
f 507 2003 2058
f 2062 2058 2003
f 522 2065 2063
f 2068 2063 2065
f 517 2041 2069
f 2073 2069 2041
f 520 2077 2053
f 2079 2053 2077
f 525 2075 2080
f 2084 2080 2075
f 2087 529 2090
f 2088 2090 529
f 2093 530 2098
f 2095 2098 530
f 2101 533 2104
f 2102 2104 533
f 2107 534 2112
f 2109 2112 534
f 2113 535 2118
f 2115 2118 535
f 2120 537 2125
f 2122 2125 537
f 2099 531 2131
f 2129 2131 531
f 2132 539 2136
f 2127 2136 539
f 2137 541 2141
f 2139 2141 541
f 2143 543 2148
f 2145 2148 543
f 538 2151 2126
f 2153 2126 2151
f 2155 546 2160
f 2157 2160 546
f 2161 547 2166
f 2163 2166 547
f 2168 549 2173
f 2170 2173 549
f 2149 544 2179
f 2177 2179 544
f 2180 551 2184
f 2175 2184 551
f 2185 553 2189
f 2187 2189 553
f 2191 555 2196
f 2193 2196 555
f 2174 550 2201
f 2199 2201 550
f 2203 558 2208
f 2205 2208 558
f 2211 2214 559
f 2209 559 2214
f 2218 2221 561
f 2216 561 2221
f 2225 2227 556
f 2197 556 2227
f 2228 563 2232
f 2223 2232 563
f 2233 565 2237
f 2235 2237 565
f 2244 2239 2241
f 567 2241 2239
f 2222 562 2249
f 2247 2249 562
f 570 2253 2251
f 2256 2251 2253
f 571 2259 2257
f 2262 2257 2259
f 2268 2264 2266
f 573 2266 2264
f 568 2271 2245
f 2273 2245 2271
f 574 2269 2274
f 2277 2274 2269
f 577 2280 2279
f 2283 2279 2280
f 578 2288 2286
f 2291 2286 2288
f 582 2296 2295
f 2298 2295 2296
f 583 2303 2301
f 2306 2301 2303
f 2307 584 2312
f 2309 2312 584
f 2314 586 2319
f 2316 2319 586
f 2292 579 2326
f 2323 2326 579
f 2327 588 2331
f 2321 2331 588
f 593 2336 2335
f 2338 2335 2336
f 2341 594 2346
f 2343 2346 594
f 2349 597 2352
f 2350 2352 597
f 2355 598 2360
f 2357 2360 598
f 2361 599 2366
f 2363 2366 599
f 2368 601 2373
f 2370 2373 601
f 2347 595 2379
f 2377 2379 595
f 2380 603 2384
f 2375 2384 603
f 2385 605 2390
f 2387 2390 605
f 607 2394 2392
f 2397 2392 2394
f 602 2401 2374
f 2403 2374 2401
f 611 2407 2405
f 2410 2405 2407
f 612 2413 2411
f 2416 2411 2413
f 614 2420 2418
f 2423 2418 2420
f 608 2427 2398
f 2430 2398 2427
f 616 2425 2431
f 2435 2431 2425
f 2332 590 2442
f 2439 2442 590
f 2444 621 2449
f 2446 2449 621
f 2320 587 2455
f 2453 2455 587
f 2456 609 2460
f 2399 2460 609
f 2461 625 2466
f 2463 2466 625
f 2467 619 2471
f 2437 2471 619
f 2450 622 2478
f 2475 2478 622
f 2479 628 2483
f 2473 2483 628
f 2487 633 2490
f 2488 2490 633
f 2493 634 2498
f 2495 2498 634
f 2501 637 2504
f 2502 2504 637
f 2507 638 2512
f 2509 2512 638
f 2513 639 2518
f 2515 2518 639
f 2520 641 2525
f 2522 2525 641
f 2499 635 2531
f 2529 2531 635
f 2532 643 2536
f 2527 2536 643
f 645 2539 2537
f 2541 2537 2539
f 647 2545 2543
f 2548 2543 2545
f 2526 642 2553
f 2551 2553 642
f 2555 650 2560
f 2557 2560 650
f 2561 651 2566
f 2563 2566 651
f 2568 653 2573
f 2570 2573 653
f 648 2577 2549
f 2579 2549 2577
f 2580 655 2584
f 2575 2584 655
f 659 2588 2587
f 2591 2587 2588
f 2596 2599 660
f 2594 660 2599
f 2105 533 2606
f 2603 2606 533
f 2608 664 2612
f 2610 2612 664
f 667 2616 2615
f 2618 2615 2616
f 668 2623 2621
f 2625 2621 2623
f 2627 670 2631
f 2628 2631 670
f 2634 671 2638
f 2636 2638 671
f 674 2642 2641
f 2645 2641 2642
f 661 2597 2647
f 2650 2647 2597
f 2644 675 2656
f 2653 2656 675
f 2658 677 2663
f 2660 2663 677
f 2632 670 2669
f 2667 2669 670
f 2671 681 2676
f 2673 2676 681
f 2677 682 2682
f 2679 2682 682
f 2684 684 2689
f 2686 2689 684
f 2664 678 2696
f 2693 2696 678
f 2697 686 2701
f 2691 2701 686
f 2707 2282 2705
f 580 2705 2282
f 2714 2709 2711
f 691 2711 2709
f 2719 2325 2717
f 591 2717 2325
f 2721 694 2726
f 2723 2726 694
f 2732 2727 2729
f 695 2729 2727
f 2734 697 2739
f 2736 2739 697
f 2745 2715 2743
f 692 2743 2715
f 2750 2746 2741
f 699 2741 2746
f 2756 2736 2753
f 697 2753 2736
f 2763 2758 2760
f 703 2760 2758
f 2767 2769 623
f 2441 623 2769
f 2771 707 2775
f 2773 2775 707
f 2780 2777 2778
f 709 2778 2777
f 710 2785 2783
f 2787 2783 2785
f 2789 712 2793
f 2790 2793 712
f 2796 713 2800
f 2798 2800 713
f 2803 716 2807
f 2804 2807 716
f 2809 704 2812
f 2761 2812 704
f 662 2815 2590
f 2818 2590 2815
f 2820 719 2825
f 2822 2825 719
f 2646 674 2831
f 2829 2831 674
f 2838 2833 2835
f 723 2835 2833
f 2844 2839 2841
f 724 2841 2839
f 726 2848 2846
f 2851 2846 2848
f 2826 720 2858
f 2855 2858 720
f 2859 728 2863
f 2853 2863 728
f 679 2867 2655
f 2869 2655 2867
f 733 2873 2871
f 2876 2871 2873
f 2881 2695 2879
f 689 2879 2695
f 736 2885 2883
f 2888 2883 2885
f 737 2891 2889
f 2894 2889 2891
f 2901 2896 2898
f 739 2898 2896
f 734 2905 2877
f 2907 2877 2905
f 741 2903 2908
f 2912 2908 2903
f 701 2915 2751
f 2917 2751 2915
f 745 2921 2919
f 2924 2919 2921
f 2929 2740 2927
f 698 2927 2740
f 2931 748 2936
f 2933 2936 748
f 749 2939 2937
f 2942 2937 2939
f 751 2946 2944
f 2949 2944 2946
f 746 2953 2925
f 2955 2925 2953
f 2960 2956 2951
f 753 2951 2956
f 2963 2965 705
f 2755 705 2965
f 2967 757 2972
f 2969 2972 757
f 2808 716 2977
f 2975 2977 716
f 2979 760 2984
f 2981 2984 760
f 2985 761 2990
f 2987 2990 761
f 2992 763 2997
f 2994 2997 763
f 2973 758 3003
f 3001 3003 758
f 3004 765 3008
f 2999 3008 765
f 714 3011 2792
f 3014 2792 3011
f 769 3018 3016
f 3021 3016 3018
f 709 3025 2781
f 3027 2781 3025
f 773 3031 3029
f 3034 3029 3031
f 3040 3035 3037
f 774 3037 3035
f 3047 3042 3044
f 776 3044 3042
f 770 3051 3022
f 3054 3022 3051
f 3059 3055 3049
f 778 3049 3055
f 2484 630 3065
f 3063 3065 630
f 3067 783 3072
f 3069 3072 783
f 2472 627 3077
f 3075 3077 627
f 3079 786 3084
f 3081 3084 786
f 3085 787 3090
f 3087 3090 787
f 3092 789 3097
f 3094 3097 789
f 3101 3103 784
f 3073 784 3103
f 3099 3108 791
f 3104 791 3108
f 618 3111 2436
f 3113 2436 3111
f 795 3117 3115
f 3120 3115 3117
f 615 3123 2424
f 3125 2424 3123
f 798 3129 3127
f 3132 3127 3129
f 799 3135 3133
f 3138 3133 3135
f 3140 801 3145
f 3142 3145 801
f 3121 796 3151
f 3149 3151 796
f 3152 803 3156
f 3147 3156 803
f 2585 657 3161
f 3159 3161 657
f 3163 807 3168
f 3165 3168 807
f 2574 654 3173
f 3171 3173 654
f 3175 810 3180
f 3177 3180 810
f 3181 811 3186
f 3183 3186 811
f 3188 813 3193
f 3190 3193 813
f 3169 808 3199
f 3197 3199 808
f 3200 815 3204
f 3195 3204 815
f 780 3207 3060
f 3210 3060 3207
f 3217 3212 3214
f 819 3214 3212
f 3223 3048 3221
f 777 3221 3048
f 823 3227 3225
f 3230 3225 3227
f 824 3233 3231
f 3236 3231 3233
f 826 3240 3238
f 3243 3238 3240
f 3250 3218 3247
f 820 3247 3218
f 3255 3251 3245
f 828 3245 3251
f 3109 793 3262
f 3259 3262 793
f 3264 833 3269
f 3266 3269 833
f 3098 790 3275
f 3273 3275 790
f 3279 3282 837
f 3277 837 3282
f 3285 3288 838
f 3283 838 3288
f 3292 3295 840
f 3290 840 3295
f 3270 834 3302
f 3299 3302 834
f 3297 3307 842
f 3303 842 3307
f 3157 805 3313
f 3311 3313 805
f 3315 847 3320
f 3317 3320 847
f 3146 802 3325
f 3323 3325 802
f 3327 850 3332
f 3329 3332 850
f 3333 851 3338
f 3335 3338 851
f 3340 853 3345
f 3342 3345 853
f 3349 3351 848
f 3321 848 3351
f 855 3347 3352
f 3356 3352 3347
f 3359 3361 817
f 3205 817 3361
f 3363 859 3368
f 3365 3368 859
f 3194 814 3373
f 3371 3373 814
f 3375 862 3380
f 3377 3380 862
f 3383 3386 863
f 3381 863 3386
f 3390 3393 865
f 3388 865 3393
f 3369 860 3399
f 3397 3399 860
f 3400 867 3404
f 3395 3404 867
f 3410 3256 3407
f 830 3407 3256
f 3417 3412 3414
f 871 3414 3412
f 827 3421 3244
f 3423 3244 3421
f 875 3427 3425
f 3430 3425 3427
f 876 3433 3431
f 3436 3431 3433
f 3443 3438 3440
f 878 3440 3438
f 3450 3418 3447
f 872 3447 3418
f 880 3445 3451
f 3455 3451 3445
f 885 3460 3459
f 3462 3459 3460
f 886 3467 3465
f 3470 3465 3467
f 3473 889 3476
f 3474 3476 889
f 3479 890 3484
f 3481 3484 890
f 3485 891 3490
f 3487 3490 891
f 3494 3497 893
f 3492 893 3497
f 3503 3471 3501
f 887 3501 3471
f 3508 3504 3499
f 895 3499 3504
f 3512 3514 899
f 3511 899 3514
f 3517 900 3522
f 3519 3522 900
f 3525 903 3528
f 3526 3528 903
f 3533 3536 904
f 3531 904 3536
f 3537 905 3542
f 3539 3542 905
f 3546 3549 907
f 3544 907 3549
f 3553 3555 901
f 3523 901 3555
f 3551 3560 909
f 3556 909 3560
f 882 3563 3456
f 3566 3456 3563
f 3573 3568 3570
f 913 3570 3568
f 879 3577 3444
f 3579 3444 3577
f 3580 897 3584
f 3506 3584 897
f 3585 917 3590
f 3587 3590 917
f 3591 894 3594
f 3495 3594 894
f 3600 3574 3597
f 914 3597 3574
f 3601 919 3604
f 3595 3604 919
f 3529 903 3610
f 3607 3610 903
f 3617 3612 3614
f 923 3614 3612
f 3515 899 3623
f 3621 3623 899
f 3625 927 3630
f 3627 3630 927
f 3636 3631 3633
f 928 3633 3631
f 3643 3638 3640
f 930 3640 3638
f 924 3647 3618
f 3650 3618 3647
f 3655 3651 3645
f 932 3645 3651
f 3477 889 3661
f 3659 3661 889
f 3663 937 3668
f 3665 3668 937
f 885 3671 3463
f 3673 3463 3671
f 3678 3674 3237
f 826 3237 3674
f 940 3681 3679
f 3684 3679 3681
f 3224 3688 823
f 3685 823 3688
f 3693 3669 3691
f 938 3691 3669
f 942 3689 3694
f 3697 3694 3689
f 3405 869 3701
f 3699 3701 869
f 3703 945 3708
f 3705 3708 945
f 3394 866 3713
f 3711 3713 866
f 3717 3720 948
f 3715 948 3720
f 3721 949 3726
f 3723 3726 949
f 3730 3733 951
f 3728 951 3733
f 3709 946 3739
f 3737 3739 946
f 3740 953 3744
f 3735 3744 953
f 934 3747 3656
f 3750 3656 3747
f 3757 3752 3754
f 957 3754 3752
f 3763 3644 3761
f 931 3761 3644
f 3768 3764 3305
f 844 3305 3764
f 3774 3769 3771
f 961 3771 3769
f 3778 3775 3293
f 841 3293 3775
f 3758 958 3784
f 3781 3784 958
f 3785 963 3788
f 3779 3788 963
f 967 3792 3791
f 3795 3791 3792
f 968 3800 3798
f 3803 3798 3800
f 3811 3807 3808
f 972 3808 3807
f 3818 3814 3816
f 973 3816 3814
f 3821 976 3825
f 3822 3825 976
f 3827 969 3830
f 3801 3830 969
f 979 3834 3833
f 3836 3833 3834
f 980 3841 3839
f 3844 3839 3841
f 983 3848 3847
f 3850 3847 3848
f 984 3855 3853
f 3858 3853 3855
f 985 3861 3859
f 3864 3859 3861
f 987 3868 3866
f 3871 3866 3868
f 981 3875 3845
f 3877 3845 3875
f 989 3873 3878
f 3882 3878 3873
f 3794 970 3887
f 3885 3887 970
f 3894 3889 3891
f 993 3891 3889
f 3897 3899 976
f 3826 976 3899
f 3900 452 3904
f 1795 3904 452
f 3910 3905 3907
f 996 3907 3905
f 3915 3911 1779
f 447 1779 3911
f 994 3919 3895
f 3921 3895 3919
f 3926 3922 3917
f 999 3917 3922
f 3929 3932 974
f 3810 974 3932
f 3934 1003 3939
f 3936 3939 1003
f 967 3943 3796
f 3945 3796 3943
f 3952 3947 3949
f 1007 3949 3947
f 1008 3955 3953
f 3958 3953 3955
f 1010 3962 3960
f 3965 3960 3962
f 3969 3972 1004
f 3940 1004 3972
f 3973 1012 3977
f 3967 3977 1012
f 1017 3982 3981
f 3984 3981 3982
f 1018 3989 3987
f 3992 3987 3989
f 3998 3995 3996
f 1021 3996 3995
f 4001 1022 4006
f 4003 4006 1022
f 4012 4007 4009
f 1023 4009 4007
f 4019 4014 4016
f 1025 4016 4014
f 4023 4025 1019
f 3993 1019 4025
f 4026 1027 4030
f 4021 4030 1027
f 1031 4034 4033
f 4036 4033 4034
f 1032 4041 4039
f 4044 4039 4041
f 1035 4048 4047
f 4050 4047 4048
f 1036 4055 4053
f 4058 4053 4055
f 1037 4061 4059
f 4064 4059 4061
f 1039 4068 4066
f 4070 4066 4068
f 1033 4073 4045
f 4075 4045 4073
f 1040 4071 4076
f 4079 4076 4071
f 1957 495 4083
f 4081 4083 495
f 4090 4085 4087
f 1043 4087 4085
f 4093 4095 491
f 1943 491 4095
f 4097 1046 4102
f 4099 4102 1046
f 4105 4108 1047
f 4103 1047 4108
f 4110 1049 4114
f 4112 4114 1049
f 4091 1044 4119
f 4117 4119 1044
f 4123 4120 4115
f 1050 4115 4120
f 1905 481 4127
f 4125 4127 481
f 4129 1053 4134
f 4131 4134 1053
f 1891 477 4139
f 4137 4139 477
f 977 3831 4140
f 4144 4140 3831
f 4145 1056 4150
f 4147 4150 1056
f 3807 4155 972
f 4151 972 4155
f 4135 1054 4161
f 4159 4161 1054
f 4162 1059 4166
f 4157 4166 1059
f 4172 4169 4170
f 1063 4170 4169
f 1064 4177 4175
f 4180 4175 4177
f 1067 4184 4183
f 4186 4183 4184
f 4188 983 4192
f 3847 4192 983
f 4195 4198 1068
f 4193 1068 4198
f 4199 979 4202
f 3833 4202 979
f 1065 4205 4181
f 4207 4181 4205
f 4211 4208 4203
f 1070 4203 4208
f 4216 4167 4213
f 1061 4213 4167
f 4220 4223 1073
f 4218 1073 4223
f 4227 4229 1058
f 4156 1058 4229
f 3941 4234 1005
f 4230 1005 4234
f 4235 1077 4240
f 4237 4240 1077
f 4241 1015 4244
f 3979 4244 1015
f 1074 4247 4224
f 4250 4224 4247
f 4251 1079 4254
f 4245 4254 1079
f 4187 1067 4259
f 4257 4259 1067
f 1083 4263 4261
f 4266 4261 4263
f 1063 4269 4173
f 4271 4173 4269
f 4273 1086 4278
f 4275 4278 1086
f 1087 4281 4279
f 4284 4279 4281
f 1089 4288 4286
f 4290 4286 4288
f 1084 4293 4267
f 4295 4267 4293
f 1090 4291 4296
f 4299 4296 4291
f 4301 4303 1075
f 4215 1075 4303
f 4307 4310 1093
f 4305 1093 4310
f 4313 4315 1025
f 4016 1025 4315
f 1096 4319 4317
f 4321 4317 4319
f 4288 1089 4325
f 4323 4325 1089
f 4329 4326 4308
f 1094 4308 4326
f 4334 3009 4331
f 767 4331 3009
f 4341 4336 4338
f 1099 4338 4336
f 4345 1103 4348
f 4346 4348 1103
f 4351 1104 4355
f 4353 4355 1104
f 1106 4358 4357
f 4361 4357 4358
f 1100 4339 4363
f 4366 4363 4339
f 4369 4371 1101
f 4333 1101 4371
f 4373 1109 4378
f 4375 4378 1109
f 4362 1106 4383
f 4381 4383 1106
f 1112 4387 4385
f 4390 4385 4387
f 4391 1113 4396
f 4393 4396 1113
f 4398 1115 4403
f 4400 4403 1115
f 4379 1110 4409
f 4407 4409 1110
f 4410 1117 4414
f 4405 4414 1117
f 4420 2913 4417
f 743 4417 2913
f 4427 4422 4424
f 1121 4424 4422
f 4433 2902 4431
f 740 4431 2902
f 4438 4434 4412
f 1119 4412 4434
f 4444 4439 4441
f 1125 4441 4439
f 4449 4445 4401
f 1116 4401 4445
f 4456 4428 4453
f 1122 4453 4428
f 4461 4457 4451
f 1128 4451 4457
f 4465 4467 1123
f 4419 1123 4467
f 1133 4471 4469
f 4474 4469 4471
f 4480 4477 4478
f 1136 4478 4477
f 4487 4483 4485
f 1137 4485 4483
f 2864 730 4492
f 4489 4492 730
f 4493 1134 4496
f 4472 4496 1134
f 1782 450 4502
f 4499 4502 450
f 4509 4504 4506
f 1141 4506 4504
f 4515 1825 4513
f 461 4513 1825
f 1145 4519 4517
f 4522 4517 4519
f 4528 4523 4525
f 1146 4525 4523
f 4535 4530 4532
f 1148 4532 4530
f 1142 4539 4510
f 4542 4510 4539
f 1150 4537 4543
f 4547 4543 4537
f 1837 465 4553
f 4551 4553 465
f 1155 4557 4555
f 4560 4555 4557
f 475 4563 1877
f 4565 1877 4563
f 1158 4569 4567
f 4572 4567 4569
f 1159 4575 4573
f 4578 4573 4575
f 1161 4582 4580
f 4585 4580 4582
f 1156 4589 4561
f 4591 4561 4589
f 1163 4587 4592
f 4596 4592 4587
f 1152 4599 4548
f 4602 4548 4599
f 4604 1167 4609
f 4606 4609 1167
f 4615 4536 4613
f 1149 4613 4536
f 4622 4617 4619
f 1171 4619 4617
f 4623 1172 4628
f 4625 4628 1172
f 4635 4630 4632
f 1174 4632 4630
f 4610 1168 4642
f 4639 4642 1168
f 4643 1176 4647
f 4637 4647 1176
f 4648 1178 4654
f 4651 4654 1178
f 4661 4656 4658
f 1181 4658 4656
f 4667 4636 4665
f 1175 4665 4636
f 4674 4669 4671
f 1185 4671 4669
f 4680 4675 4677
f 1186 4677 4675
f 4687 4682 4684
f 1188 4684 4682
f 4694 4662 4691
f 1182 4691 4662
f 4695 1190 4699
f 4689 4699 1190
f 4706 4703 4704
f 1195 4704 4703
f 4714 4709 4711
f 1196 4711 4709
f 4720 4717 4718
f 1199 4718 4717
f 4728 4723 4725
f 1200 4725 4723
f 4734 4729 4731
f 1201 4731 4729
f 1203 4738 4736
f 4741 4736 4738
f 4747 4715 4745
f 1197 4745 4715
f 4752 4748 4743
f 1205 4743 4748
f 1165 4755 4597
f 4757 4597 4755
f 4764 4759 4761
f 1209 4761 4759
f 1162 4767 4586
f 4769 4586 4767
f 4776 4771 4773
f 1212 4773 4771
f 4782 4777 4779
f 1213 4779 4777
f 4788 4784 4786
f 1215 4786 4784
f 4793 4765 4791
f 1210 4791 4765
f 4797 4794 4789
f 1216 4789 4794
f 4700 1192 4802
f 4799 4802 1192
f 4804 1219 4809
f 4806 4809 1219
f 4688 1189 4815
f 4813 4815 1189
f 4817 1223 4822
f 4819 4822 1223
f 4823 1224 4828
f 4825 4828 1224
f 4834 4830 4832
f 1226 4832 4830
f 4810 1220 4840
f 4837 4840 1220
f 4841 1227 4844
f 4835 4844 1227
f 4753 1207 4849
f 4847 4849 1207
f 4851 1231 4856
f 4853 4856 1231
f 4742 1204 4861
f 4859 4861 1204
f 4863 1234 4868
f 4865 4868 1234
f 4869 1235 4874
f 4871 4874 1235
f 4876 1237 4880
f 4878 4880 1237
f 4857 1232 4885
f 4883 4885 1232
f 4886 1238 4889
f 4881 4889 1238
f 4891 4893 1203
f 4738 1203 4893
f 4897 4900 1241
f 4895 1241 4900
f 4725 1200 4905
f 4903 4905 1200
f 4907 1244 4912
f 4909 4912 1244
f 4913 1245 4918
f 4915 4918 1245
f 4920 1247 4924
f 4922 4924 1247
f 4901 1242 4929
f 4927 4929 1242
f 4925 4933 1248
f 4930 1248 4933
f 4786 1215 4937
f 4935 4937 1215
f 1251 4941 4939
f 4944 4939 4941
f 4949 4773 4947
f 1212 4947 4773
f 1161 4579 4950
f 4954 4950 4579
f 4960 4955 4957
f 1254 4957 4955
f 1158 4566 4961
f 4964 4961 4566
f 1252 4967 4945
f 4969 4945 4967
f 1256 4965 4970
f 4973 4970 4965
f 4975 1259 4979
f 4976 4979 1259
f 4982 1260 4987
f 4984 4987 1260
f 4991 1264 4994
f 4992 4994 1264
f 4997 1265 5002
f 4999 5002 1265
f 5003 1266 5008
f 5005 5008 1266
f 5010 1268 5015
f 5012 5015 1268
f 1261 5019 4988
f 5022 4988 5019
f 1270 5017 5023
f 5027 5023 5017
f 1272 5031 5028
f 5034 5028 5031
f 5041 5036 5038
f 1275 5038 5036
f 5016 1269 5047
f 5045 5047 1269
f 5049 1279 5054
f 5051 5054 1279
f 5055 1280 5060
f 5057 5060 1280
f 1282 5064 5062
f 5067 5062 5064
f 5042 1276 5074
f 5071 5074 1276
f 5075 1284 5079
f 5069 5079 1284
f 5083 1289 5086
f 5084 5086 1289
f 1290 5091 5089
f 5094 5089 5091
f 5097 1293 5100
f 5098 5100 1293
f 5108 5103 5105
f 1294 5105 5103
f 1295 5111 5109
f 5114 5109 5111
f 5121 5116 5118
f 1297 5118 5116
f 1291 5125 5095
f 5127 5095 5125
f 1299 5123 5128
f 5132 5128 5123
f 5135 1303 5138
f 5136 5138 1303
f 5141 1304 5146
f 5143 5146 1304
f 5149 1307 5152
f 5150 5152 1307
f 5155 1308 5160
f 5157 5160 1308
f 5161 1309 5166
f 5163 5166 1309
f 5168 1311 5172
f 5170 5172 1311
f 5147 1305 5177
f 5175 5177 1305
f 5178 1312 5181
f 5173 5181 1312
f 5080 1286 5186
f 5183 5186 1286
f 5188 1315 5193
f 5190 5193 1315
f 5068 1283 5199
f 5197 5199 1283
f 5201 1319 5206
f 5203 5206 1319
f 5207 1320 5212
f 5209 5212 1320
f 5214 1322 5218
f 5216 5218 1322
f 5194 1316 5224
f 5221 5224 1316
f 5225 1323 5228
f 5219 5228 1323
f 1301 5231 5133
f 5233 5133 5231
f 5240 5235 5237
f 1327 5237 5235
f 5245 5122 5243
f 1298 5243 5122
f 5247 1330 5252
f 5249 5252 1330
f 5253 1331 5258
f 5255 5258 1331
f 5260 1333 5264
f 5262 5264 1333
f 5269 5241 5267
f 1328 5267 5241
f 5270 1334 5273
f 5265 5273 1334
f 5276 5278 1337
f 5275 1337 5278
f 5281 1338 5286
f 5283 5286 1338
f 1341 5290 5289
f 5293 5289 5290
f 1342 5298 5296
f 5300 5296 5298
f 5303 1345 5307
f 5304 5307 1345
f 5310 1346 5314
f 5312 5314 1346
f 1221 5317 4801
f 5320 4801 5317
f 1349 5324 5322
f 5326 5322 5324
f 2605 665 5331
f 5329 5331 665
f 5284 5335 1339
f 5332 1339 5335
f 5337 1353 5340
f 5338 5340 1353
f 5343 1354 5348
f 5345 5348 1354
f 5351 1357 5354
f 5352 5354 1357
f 5357 1358 5362
f 5359 5362 1358
f 5363 1359 5368
f 5365 5368 1359
f 5370 1361 5375
f 5372 5375 1361
f 5349 1355 5381
f 5379 5381 1355
f 5382 1363 5386
f 5377 5386 1363
f 1361 5389 5372
f 5391 5372 5389
f 1367 5395 5393
f 5398 5393 5395
f 1358 5401 5359
f 5403 5359 5401
f 1370 5407 5405
f 5410 5405 5407
f 1371 5413 5411
f 5416 5411 5413
f 5418 1373 5423
f 5420 5423 1373
f 1368 5427 5399
f 5429 5399 5427
f 5430 1375 5434
f 5425 5434 1375
f 1379 5438 5437
f 5440 5437 5438
f 1380 5445 5443
f 5448 5443 5445
f 2806 717 5454
f 5451 5454 717
f 5456 1383 5460
f 5458 5460 1383
f 5463 1386 5466
f 5464 5466 1386
f 5469 1387 5473
f 5471 5473 1387
f 1307 5475 5153
f 5478 5153 5475
f 1389 5482 5480
f 5484 5480 5482
f 5435 1377 5489
f 5487 5489 1377
f 5446 5493 1381
f 5490 1381 5493
f 5497 2817 5495
f 721 5495 2817
f 5499 1393 5504
f 5501 5504 1393
f 2857 731 5509
f 5507 5509 731
f 5511 1396 5516
f 5513 5516 1396
f 5517 1397 5522
f 5519 5522 1397
f 1399 5526 5524
f 5529 5524 5526
f 5505 1394 5535
f 5533 5535 1394
f 1401 5531 5536
f 5540 5536 5531
f 1403 5543 5541
f 5545 5541 5543
f 1405 5549 5547
f 5552 5547 5549
f 1400 5555 5530
f 5557 5530 5555
f 1408 5561 5559
f 5564 5559 5561
f 1409 5567 5565
f 5570 5565 5567
f 1411 5574 5572
f 5577 5572 5574
f 1406 5581 5553
f 5583 5553 5581
f 1413 5579 5584
f 5588 5584 5579
f 1415 5591 5589
f 5593 5589 5591
f 1417 5597 5595
f 5600 5595 5597
f 1412 5603 5578
f 5605 5578 5603
f 1420 5609 5607
f 5612 5607 5609
f 1421 5615 5613
f 5618 5613 5615
f 1423 5622 5620
f 5625 5620 5622
f 1418 5629 5601
f 5631 5601 5629
f 1425 5627 5632
f 5636 5632 5627
f 5637 1427 5641
f 5639 5641 1427
f 5643 1429 5648
f 5645 5648 1429
f 5626 1424 5653
f 5651 5653 1424
f 1432 5657 5655
f 5660 5655 5657
f 5661 1433 5666
f 5663 5666 1433
f 1435 5670 5668
f 5672 5668 5670
f 5649 1430 5677
f 5675 5677 1430
f 5678 1436 5681
f 5673 5681 1436
f 5685 3013 5683
f 771 5683 3013
f 5692 5687 5689
f 1439 5689 5687
f 5697 3053 5695
f 781 5695 3053
f 5704 5699 5701
f 1442 5701 5699
f 1443 5707 5705
f 5710 5705 5707
f 1445 5714 5712
f 5717 5712 5714
f 5723 5693 5721
f 1440 5721 5693
f 1447 5719 5724
f 5728 5724 5719
f 5729 1449 5733
f 5731 5733 1449
f 5735 1451 5740
f 5737 5740 1451
f 1446 5743 5718
f 5745 5718 5743
f 5749 5752 1454
f 5747 1454 5752
f 5753 1455 5758
f 5755 5758 1455
f 5760 1457 5765
f 5762 5765 1457
f 5741 1452 5771
f 5769 5771 1452
f 5772 1459 5776
f 5767 5776 1459
f 5777 1461 5781
f 5779 5781 1461
f 5788 5783 5785
f 1463 5785 5783
f 5766 1458 5793
f 5791 5793 1458
f 5795 1466 5800
f 5797 5800 1466
f 5801 1467 5806
f 5803 5806 1467
f 5808 1469 5813
f 5810 5813 1469
f 5819 5789 5817
f 1464 5817 5789
f 5824 5820 5815
f 1471 5815 5820
f 5825 1473 5829
f 5827 5829 1473
f 5831 1475 5836
f 5833 5836 1475
f 5839 5841 1470
f 5814 1470 5841
f 5845 5848 1478
f 5843 1478 5848
f 5849 1479 5854
f 5851 5854 1479
f 5856 1481 5860
f 5858 5860 1481
f 5837 1476 5865
f 5863 5865 1476
f 5866 1482 5869
f 5861 5869 1482
f 5873 3209 5871
f 821 5871 3209
f 1485 5877 5875
f 5880 5875 5877
f 831 5883 3249
f 5885 3249 5883
f 1488 5889 5887
f 5892 5887 5889
f 5898 5893 5895
f 1489 5895 5893
f 5905 5900 5902
f 1491 5902 5900
f 5911 5881 5909
f 1486 5909 5881
f 5916 5912 5907
f 1493 5907 5912
f 5917 1495 5922
f 5919 5922 1495
f 5924 1497 5929
f 5926 5929 1497
f 5935 5906 5933
f 1492 5933 5906
f 1501 5939 5937
f 5942 5937 5939
f 5943 1502 5948
f 5945 5948 1502
f 5950 1504 5955
f 5952 5955 1504
f 1498 5959 5930
f 5962 5930 5959
f 5967 5963 5957
f 1506 5957 5963
f 5971 1511 5974
f 5972 5974 1511
f 5977 1512 5982
f 5979 5982 1512
f 5986 5988 1515
f 5985 1515 5988
f 5996 5991 5993
f 1516 5993 5991
f 5997 1517 6002
f 5999 6002 1517
f 6009 6004 6006
f 1519 6006 6004
f 5983 1513 6015
f 6013 6015 1513
f 6016 1521 6020
f 6011 6020 1521
f 6021 1523 6025
f 6023 6025 1523
f 6027 1525 6032
f 6029 6032 1525
f 6010 1520 6037
f 6035 6037 1520
f 6039 1528 6044
f 6041 6044 1528
f 6045 1529 6050
f 6047 6050 1529
f 6054 6056 1531
f 6052 1531 6056
f 6059 6061 1526
f 6033 1526 6061
f 6057 6065 1532
f 6062 1532 6065
f 873 6067 3409
f 6069 3409 6067
f 1535 6073 6071
f 6076 6071 6073
f 883 6079 3449
f 6081 3449 6079
f 1538 6085 6083
f 6088 6083 6085
f 6094 6089 6091
f 1539 6091 6089
f 1541 6098 6096
f 6101 6096 6098
f 6107 6077 6105
f 1536 6105 6077
f 6112 6108 6103
f 1543 6103 6108
f 6117 6113 6115
f 1545 6115 6113
f 1547 6121 6119
f 6124 6119 6121
f 1542 6127 6102
f 6129 6102 6127
f 1550 6133 6131
f 6136 6131 6133
f 6142 6137 6139
f 1551 6139 6137
f 6146 6149 1553
f 6144 1553 6149
f 6155 6125 6153
f 1548 6153 6125
f 6156 1555 6160
f 6151 6160 1555
f 6161 1557 6166
f 6163 6166 1557
f 6168 1559 6173
f 6170 6173 1559
f 6150 1554 6179
f 6177 6179 1554
f 6183 6186 1563
f 6181 1563 6186
f 6187 1564 6192
f 6189 6192 1564
f 6194 1566 6198
f 6196 6198 1566
f 6174 1560 6204
f 6201 6204 1560
f 6205 1567 6208
f 6199 6208 1567
f 915 6211 3565
f 6213 3565 6211
f 1571 6217 6215
f 6220 6215 6217
f 3599 921 6225
f 6223 6225 921
f 6226 1566 6230
f 6193 6230 1566
f 6231 1574 6236
f 6233 6236 1574
f 6237 1563 6240
f 6180 6240 1563
f 1572 6243 6221
f 6245 6221 6243
f 1576 6241 6246
f 6249 6246 6241
f 925 6251 3609
f 6253 3609 6251
f 1579 6257 6255
f 6260 6255 6257
f 935 6263 3649
f 6265 3649 6263
f 1582 6269 6267
f 6272 6267 6269
f 1583 6275 6273
f 6278 6273 6275
f 1585 6282 6280
f 6284 6280 6282
f 6261 1580 6289
f 6287 6289 1580
f 1586 6285 6290
f 6293 6290 6285
f 5921 1499 6297
f 6295 6297 1499
f 6299 1589 6304
f 6301 6304 1589
f 5961 1509 6309
f 6307 6309 1509
f 6313 6316 1592
f 6311 1592 6316
f 6319 6322 1593
f 6317 1593 6322
f 6326 6328 1595
f 6324 1595 6328
f 6305 1590 6333
f 6331 6333 1590
f 6329 6337 1596
f 6334 1596 6337
f 6006 1519 6341
f 6339 6341 1519
f 6343 1599 6348
f 6345 6348 1599
f 5993 1516 6353
f 6351 6353 1516
f 6357 6360 1602
f 6355 1602 6360
f 6361 1603 6366
f 6363 6366 1603
f 6368 1605 6372
f 6370 6372 1605
f 6349 1600 6377
f 6375 6377 1600
f 6378 1606 6381
f 6373 6381 1606
f 959 6383 3749
f 6385 3749 6383
f 6387 1609 6392
f 6389 6392 1609
f 3783 965 6397
f 6395 6397 965
f 6367 6402 1605
f 6398 1605 6402
f 6403 1612 6408
f 6405 6408 1612
f 6409 1602 6412
f 6354 6412 1602
f 1610 6415 6393
f 6417 6393 6415
f 1614 6413 6418
f 6421 6418 6413
f 1617 6424 6423
f 6427 6423 6424
f 1618 6432 6430
f 6435 6430 6432
f 6439 1622 6443
f 6440 6443 1622
f 6446 1623 6450
f 6448 6450 1623
f 1626 6454 6453
f 6457 6453 6454
f 6459 1619 6462
f 6433 6462 1619
f 1317 6465 5185
f 6468 5185 6465
f 1629 6472 6470
f 6475 6470 6472
f 1325 6479 5223
f 6481 5223 6479
f 991 3880 6482
f 6486 6482 3880
f 1633 6489 6487
f 6492 6487 6489
f 6497 6493 3869
f 988 3869 6493
f 1630 6501 6476
f 6504 6476 6501
f 1636 6499 6505
f 6509 6505 6499
f 6510 1638 6515
f 6513 6515 1638
f 1641 6519 6517
f 6522 6517 6519
f 1635 6525 6498
f 6527 6498 6525
f 1001 3924 6528
f 6532 6528 3924
f 1644 6535 6533
f 6538 6533 6535
f 998 3913 6539
f 6542 6539 3913
f 1642 6545 6523
f 6547 6523 6545
f 1646 6543 6548
f 6551 6548 6543
f 6554 6556 1649
f 6553 1649 6556
f 6561 6564 1650
f 6559 1650 6564
f 6567 1653 6570
f 6568 6570 1653
f 6575 6578 1654
f 6573 1654 6578
f 6584 6579 6581
f 1655 6581 6579
f 1657 6588 6586
f 6591 6586 6588
f 6597 6565 6595
f 1651 6595 6565
f 1659 6593 6598
f 6602 6598 6593
f 1657 6605 6588
f 6608 6588 6605
f 6615 6610 6612
f 1663 6612 6610
f 6575 1654 6621
f 6619 6621 1654
f 6623 1667 6628
f 6625 6628 1667
f 6629 1668 6634
f 6631 6634 1668
f 6636 1670 6641
f 6638 6641 1670
f 1664 6645 6616
f 6648 6616 6645
f 6649 1672 6653
f 6643 6653 1672
f 6660 5387 6657
f 1365 6657 5387
f 1677 6664 6662
f 6667 6662 6664
f 1362 6671 5376
f 6673 5376 6671
f 1262 4989 6674
f 6678 6674 4989
f 1681 6681 6679
f 6684 6679 6681
f 1273 5029 6685
f 6689 6685 5029
f 1678 6693 6668
f 6696 6668 6693
f 1684 6691 6697
f 6701 6697 6691
f 5319 1350 6707
f 6705 6707 1350
f 1689 6711 6709
f 6714 6709 6711
f 5308 1345 6719
f 6717 6719 1345
f 1679 6669 6720
f 6724 6720 6669
f 6727 6730 1692
f 6725 1692 6730
f 6703 6735 1687
f 6731 1687 6735
f 1690 6739 6715
f 6741 6715 6739
f 6742 1695 6746
f 6737 6746 1695
f 6747 1697 6751
f 6749 6751 1697
f 6753 1699 6758
f 6755 6758 1699
f 6736 1694 6763
f 6761 6763 1694
f 6767 6770 1702
f 6765 1702 6770
f 6771 1703 6776
f 6773 6776 1703
f 6780 6782 1705
f 6778 1705 6782
f 6759 1700 6787
f 6785 6787 1700
f 6788 1706 6791
f 6783 6791 1706
f 1686 6793 6702
f 6796 6702 6793
f 1709 6800 6798
f 6803 6798 6800
f 1683 6807 6690
f 6809 6690 6807
f 1277 5043 6810
f 6814 6810 5043
f 6817 6820 1713
f 6815 1713 6820
f 6821 1287 6824
f 5081 6824 1287
f 1710 6827 6804
f 6830 6804 6827
f 6831 1715 6834
f 6825 6834 1715
f 1719 6838 6837
f 6840 6837 6838
f 6845 6848 1720
f 6843 1720 6848
f 6851 1723 6854
f 6852 6854 1723
f 6856 1670 6860
f 6635 6860 1670
f 6861 1724 6866
f 6863 6866 1724
f 6867 1667 6870
f 6622 6870 1667
f 6873 6875 1721
f 6849 1721 6875
f 6876 1726 6879
f 6871 6879 1726
f 1661 6881 6603
f 6883 6603 6881
f 1729 6887 6885
f 6890 6885 6887
f 1658 6893 6592
f 6895 6592 6893
f 1665 6617 6896
f 6900 6896 6617
f 1732 6903 6901
f 6906 6901 6903
f 1675 6655 6907
f 6911 6907 6655
f 1730 6915 6891
f 6917 6891 6915
f 6918 1735 6922
f 6913 6922 1735
f 6925 6927 1737
f 6923 1737 6927
f 6931 6934 1739
f 6929 1739 6934
f 6937 6939 1674
f 6654 1674 6939
f 1742 6943 6941
f 6945 6941 6943
f 6855 1723 6949
f 6947 6949 1723
f 6953 6950 6932
f 1740 6932 6950
f 1745 6956 6955
f 6958 6955 6956
f 1746 6963 6961
f 6966 6961 6963
f 6972 4360 6969
f 1107 6969 4360
f 6978 6974 6976
f 1749 6976 6974
f 5670 1435 6983
f 6981 6983 1435
f 6984 1747 6987
f 6964 6987 1747
f 6989 6991 1423
f 5622 1423 6991
f 6993 1753 6998
f 6995 6998 1753
f 7001 7003 1420
f 5609 1420 7003
f 7005 1756 7010
f 7007 7010 1756
f 7011 1757 7016
f 7013 7016 1757
f 7018 1759 7022
f 7020 7022 1759
f 6999 1754 7027
f 7025 7027 1754
f 7028 1760 7031
f 7023 7031 1760
f 1763 7034 7033
f 7036 7033 7034
f 1764 7041 7039
f 7044 7039 7041
f 1767 7048 7047
f 7050 7047 7048
f 1130 4459 7052
f 7056 7052 4459
f 1768 7059 7057
f 7062 7057 7059
f 7063 1127 7066
f 4447 7066 1127
f 1765 7069 7045
f 7071 7045 7069
f 1770 7067 7072
f 7075 7072 7067
f 5526 1399 7079
f 7077 7079 1399
f 1773 7083 7081
f 7086 7081 7083
f 4491 1139 7091
f 7089 7091 1139
f 7093 1776 7097
f 7095 7097 1776
f 1767 7099 7051
f 7101 7051 7099
f 1774 7084 7102
f 7105 7102 7084
