v -0.0362175177817397 -0.1063838614379381 -0.0287010022214715
v -0.0250425948166383 -0.1063752406414519 -0.0554933601009064
v -0.0073413840796518 -0.1063648956856685 -0.0785501113429746
v 0.0157174361535730 -0.1063045501102654 -0.0962369684538117
v 0.0425253114666831 -0.1063101536279814 -0.1073698650360430
v 0.0712937714206588 -0.1063166192253460 -0.1111638775696035
v 0.1000652486534047 -0.1063166192253460 -0.1073758995935833
v 0.1268759257253727 -0.1063166192253460 -0.0962705895601077
v 0.1498986248213205 -0.1063166192253460 -0.0786044223608375
v 0.1675643609807665 -0.1063166192253460 -0.0555817232648896
v 0.1786696710142421 -0.1063166192253460 -0.0287713048168162
v -0.0476346420241199 -0.0547491698442384 -0.0349828473089914
v -0.0363667437689152 -0.0554840927446838 -0.0647404574517895
v -0.0171178845427502 -0.0555970251786525 -0.0891873121272516
v 0.0088520062479223 -0.0548931371455573 -0.1081681507906617
v 0.0390024229826124 -0.0547250316140771 -0.1205170107172664
v 0.0712950645401317 -0.0547427042468738 -0.1247886153761604
v 0.1035924475357184 -0.0547465836052925 -0.1205398558279548
v 0.1336898032680362 -0.0547465836052925 -0.1080728909894896
v 0.1595349511335539 -0.0547465836052925 -0.0882411797128951
v 0.1793666624101484 -0.0547465836052925 -0.0623960318473774
v 0.1918336272486136 -0.0547465836052925 -0.0322985036991299
v -0.0718351574399898 -0.0149121244498181 -0.0530635886112813
v -0.0647919667107944 -0.0188541991630284 -0.0917287229313725
v -0.0430001449371409 -0.0198868412701235 -0.1190144058897282
v -0.0098545186712982 -0.0177771599540296 -0.1410991623279814
v 0.0293395446172016 -0.0169382271439786 -0.1565752161799419
v 0.0712980818189019 -0.0169042181018407 -0.1620955432098566
v 0.1132503258391672 -0.0169186579359550 -0.1565834059366037
v 0.1523473620632152 -0.0169193044956915 -0.1403892397373459
v 0.1859210539785784 -0.0169192182877266 -0.1146272825579196
v 0.2117002527509770 -0.0167315004442404 -0.0810316076115167
v 0.2276741576000134 -0.0158029113507333 -0.0418591825221972
v -0.0984122109271828 0.0116785326542301 -0.0693676699657377
v -0.1008402582575107 -0.0026249463220719 -0.1238019652183190
v -0.0767041832953749 -0.0055922244726093 -0.1572627246997134
v -0.0349612953177760 -0.0038678065514820 -0.1854091941872125
v 0.0161514501526689 -0.0030417187281954 -0.2058762581648372
v 0.0712985128587262 -0.0030156839228072 -0.2131707451116043
v 0.1264698862108744 -0.0030336151794985 -0.2059193621472680
v 0.1778856095738256 -0.0030341755312701 -0.1846225465078500
v 0.2220374498175355 -0.0030340893233052 -0.1507432473570524
v 0.2559995086146003 -0.0020160594662542 -0.1068362377335495
v 0.2821489705960796 0.0081031478299569 -0.0536222162235847
v -0.1754079926637022 0.0076347584048725 -0.1059780374433519
v -0.1499520737595347 -0.0113437612642829 -0.1568670301409985
v -0.1121429845305195 -0.0173716807913029 -0.1938420573099774
v -0.0600388905681482 -0.0173574564771007 -0.2291554259562484
v 0.0029797783054424 -0.0168869765088684 -0.2551850588665701
v 0.0712963576596046 -0.0168491312122941 -0.2642877578763099
v 0.1396976363392434 -0.0168603813517086 -0.2552872153049310
v 0.2034398055579353 -0.0168609417034802 -0.2288834398271099
v 0.2581766907671809 -0.0168608554955153 -0.1868824883066978
v 0.3005681643684162 -0.0156691596932505 -0.1336038108230867
v 0.3319280357461327 -0.0017118746622399 -0.0811186776560270
v -0.2510692751041634 -0.0238062432885752 -0.0963374007328755
v -0.1958336768181933 -0.0455503489536778 -0.1773901292957833
v -0.1436179435413262 -0.0531146668304618 -0.2212428279014234
v -0.0795473219765116 -0.0546991692246186 -0.2615467756335343
v -0.0066923200018104 -0.0547099452202263 -0.2912518851257316
v 0.0713010990976720 -0.0546728757953358 -0.3016843419934622
v 0.1493792218330292 -0.0546724447555115 -0.2914204216970361
v 0.2221434856143153 -0.0546728757953358 -0.2612795309424631
v 0.2846274495858516 -0.0546724447555115 -0.2133336781651928
v 0.3343845317048649 -0.0537823475183152 -0.1510863550572017
v 0.3780342105532558 -0.0396864831837895 -0.0755591260021002
v -0.2556473490781405 -0.0991031677655488 -0.0975516399179516
v -0.2093812584961990 -0.1028795076663127 -0.1789466141013601
v -0.1568258658377771 -0.1058528203743904 -0.2316847676452887
v -0.0876538879522753 -0.1063730854423304 -0.2745896096772751
v -0.0103451540617152 -0.1063278262607780 -0.3046188611173522
v 0.0713071336552123 -0.1063161881855217 -0.3153478733842068
v 0.1529228002286666 -0.1063166192253460 -0.3046399820687433
v 0.2289879669845047 -0.1063166192253460 -0.2731344192304107
v 0.2943068798805157 -0.1063166192253460 -0.2230131084598570
v 0.3461553672270724 -0.1061579965700006 -0.1576700573336846
v 0.3854670612836258 -0.1056756630065998 -0.0815229930112280
v -0.2246723962635313 -0.1579090689162635 -0.0813242836522220
v -0.1913081897027819 -0.1583064876342757 -0.1557777925049718
v -0.1433369055758773 -0.1582810562846415 -0.2153276683924424
v -0.0797589625302469 -0.1580099322351516 -0.2614627228677942
v -0.0067500233030905 -0.1579517418588700 -0.2913536105242683
v 0.0712989438985505 -0.1579595005757076 -0.3016877903120567
v 0.1493796528728535 -0.1579607936951805 -0.2914199906572118
v 0.2221434856143153 -0.1579607936951805 -0.2612795309424631
v 0.2846274495858516 -0.1579607936951805 -0.2133336781651928
v 0.3328892545543399 -0.1579607936951805 -0.1508497141936565
v 0.3644180935431851 -0.1579607936951805 -0.0780854504123704
v -0.1839930128444480 -0.1957060890301981 -0.0682999843209264
v -0.1575400988266557 -0.1957966073933028 -0.1321395685399119
v -0.1156033722400654 -0.1957690208445471 -0.1868501603198747
v -0.0608121760129570 -0.1957535034108720 -0.2288235252915311
v 0.0029023204490142 -0.1957690208445471 -0.2552708357916073
v 0.0712937714206588 -0.1957729002029659 -0.2642920682745530
v 0.1396976363392434 -0.1957724691631416 -0.2552867842651067
v 0.2034398055579353 -0.1957724691631416 -0.2288834398271099
v 0.2581766907671809 -0.1957724691631416 -0.1868824883066978
v 0.3001776422875930 -0.1957724691631416 -0.1321460341372765
v 0.3265805556857655 -0.1957724691631416 -0.0684038649185847
v -0.1345885213017187 -0.2095398811515445 -0.0551334418476091
v -0.1133261888482454 -0.2095541054657467 -0.1065164061839128
v -0.0794408551399074 -0.2095739332976648 -0.1507169539277696
v -0.0352937563342649 -0.2095937611295830 -0.1846173740299583
v 0.0161178721503553 -0.2095993646472990 -0.2059197931870923
v 0.0712937714206588 -0.2095993646472990 -0.2131836763063336
v 0.1264698862108744 -0.2095993646472990 -0.2059193621472680
v 0.1778856095738256 -0.2095993646472990 -0.1846221154680257
v 0.2220374498175355 -0.2095993646472990 -0.1507432473570524
v 0.2559163179285088 -0.2095993646472990 -0.1065918381531668
v 0.2772131335679268 -0.2095993646472990 -0.0551761147902156
v -0.0852896345159450 -0.1957129856673870 -0.0419547009472639
v -0.0690950372768628 -0.1957129856673870 -0.0810505733637863
v -0.0433323904337177 -0.1957134167072113 -0.1146264204782710
v -0.0097598881882696 -0.1957142787868600 -0.1403896707771702
v 0.0293373463140977 -0.1957142787868600 -0.1565838369764281
v 0.0712937714206588 -0.1957142787868600 -0.1621071812851129
v 0.1132503258391672 -0.1957142787868600 -0.1565838369764281
v 0.1523473620632152 -0.1957142787868600 -0.1403892397373459
v 0.1859210539785784 -0.1957142787868600 -0.1146272825579196
v 0.2116830111580046 -0.1957142787868600 -0.0810535906425564
v 0.2278776083970868 -0.1957142787868600 -0.0419564682105436
v -0.0492936712038996 -0.1578926894029398 -0.0322326839179580
v -0.0367953697702073 -0.1578849306861023 -0.0623339621126770
v -0.0169446927413432 -0.1578836375666293 -0.0882127310844908
v 0.0088999809803678 -0.1578849306861023 -0.1080677185115979
v 0.0389955263454235 -0.1578866548453995 -0.1205398558279548
v 0.0712937714206588 -0.1578866548453995 -0.1247920636947548
v 0.1035924475357184 -0.1578866548453995 -0.1205398558279548
v 0.1336898032680362 -0.1578866548453995 -0.1080728909894896
v 0.1595349511335539 -0.1578866548453995 -0.0882411797128951
v 0.1793666624101484 -0.1578866548453995 -0.0623960318473774
v 0.1918336272486136 -0.1578866548453995 -0.0322985036991299
v -0.1120679836010899 0.0513938696438587 -0.0592313374573069
v -0.1920935442626714 0.0437662320168838 -0.0909817309158465
v -0.2694225197833809 0.0223801911338341 -0.0724940018114449
v -0.1102813235293325 0.1015799225960236 -0.0647270952172360
v -0.2042751607374445 0.0952009642360870 -0.1028452400002802
v -0.3038608775863063 0.0570927333690019 -0.0763724981505698
v -0.1337359245292372 0.1682242829517823 -0.0535532498516954
v -0.2159093566353462 0.1741204767084937 -0.0698603484849220
v -0.3019944751470519 0.1271780846422127 -0.0458410853151736
v -0.3698698852410348 0.0565914340533315 -0.0597166882994778
v -0.3746117543482489 0.0971449538437168 -0.0491941441084669
v 0.3266671946904515 0.0403817935243810 -0.0268963246850581
v 0.3556938474991878 0.0451742236029865 -0.0417187497474376
v 0.3847355867017749 0.0428471257995115 -0.0353967317482921
v 0.3393725245517590 0.0762705572321209 -0.0115022546076810
v 0.3545110742212861 0.0866560307590019 -0.0139511211615230
v 0.3704298059728111 0.0842301386277955 -0.0149602284942109
v -0.0362175177817397 -0.1063838614379381 0.0287010022214715
v -0.0250425948166383 -0.1063752406414519 0.0554933601009064
v -0.0073413840796518 -0.1063648956856685 0.0785501113429746
v 0.0157174361535730 -0.1063045501102654 0.0962369684538117
v 0.0425253114666831 -0.1063101536279814 0.1073698650360430
v 0.0712937714206588 -0.1063166192253460 0.1111638775696035
v 0.1000652486534047 -0.1063166192253460 0.1073758995935833
v 0.1268759257253727 -0.1063166192253460 0.0962705895601077
v 0.1498986248213205 -0.1063166192253460 0.0786044223608375
v 0.1675643609807665 -0.1063166192253460 0.0555817232648896
v 0.1786696710142421 -0.1063166192253460 0.0287713048168162
v -0.0476346420241199 -0.0547491698442384 0.0349828473089914
v -0.0363667437689152 -0.0554840927446838 0.0647404574517895
v -0.0171178845427502 -0.0555970251786525 0.0891873121272516
v 0.0088520062479223 -0.0548931371455573 0.1081681507906617
v 0.0390024229826124 -0.0547250316140771 0.1205170107172664
v 0.0712950645401317 -0.0547427042468738 0.1247886153761604
v 0.1035924475357184 -0.0547465836052925 0.1205398558279548
v 0.1336898032680362 -0.0547465836052925 0.1080728909894896
v 0.1595349511335539 -0.0547465836052925 0.0882411797128951
v 0.1793666624101484 -0.0547465836052925 0.0623960318473774
v 0.1918336272486136 -0.0547465836052925 0.0322985036991299
v -0.0718351574399898 -0.0149121244498181 0.0530635886112813
v -0.0647919667107944 -0.0188541991630284 0.0917287229313725
v -0.0430001449371409 -0.0198868412701235 0.1190144058897282
v -0.0098545186712982 -0.0177771599540296 0.1410991623279814
v 0.0293395446172016 -0.0169382271439786 0.1565752161799419
v 0.0712980818189019 -0.0169042181018407 0.1620955432098566
v 0.1132503258391672 -0.0169186579359550 0.1565834059366037
v 0.1523473620632152 -0.0169192613917091 0.1403892397373459
v 0.1859210539785784 -0.0169191751837442 0.1146272825579196
v 0.2117002527509770 -0.0167315004442404 0.0810316076115167
v 0.2276741576000134 -0.0158029113507333 0.0418591825221972
v -0.0984122109271828 0.0116785326542301 0.0693676699657377
v -0.1008402582575107 -0.0026249463220719 0.1238019652183190
v -0.0767041832953749 -0.0055922244726093 0.1572627246997134
v -0.0349612953177760 -0.0038678065514820 0.1854091941872125
v 0.0161514501526689 -0.0030417187281954 0.2058762581648372
v 0.0712985128587262 -0.0030156839228072 0.2131707451116043
v 0.1264698862108744 -0.0030336151794985 0.2059193621472680
v 0.1778856095738256 -0.0030341755312701 0.1846225465078500
v 0.2220374498175355 -0.0030340893233052 0.1507432473570524
v 0.2559995086146003 -0.0020160594662542 0.1068362377335495
v 0.2821489705960796 0.0081031521403552 0.0536222162235847
v -0.1754079926637022 0.0076347627152707 0.1059780374433519
v -0.1499520737595347 -0.0113437612642829 0.1568670301409985
v -0.1121429845305195 -0.0173716807913029 0.1938420573099774
v -0.0600388905681482 -0.0173574564771007 0.2291554259562484
v 0.0029797783054424 -0.0168869334048859 0.2551850588665701
v 0.0712963576596046 -0.0168490881083117 0.2642877578763099
v 0.1396976363392434 -0.0168603813517086 0.2552872153049310
v 0.2034398055579353 -0.0168609417034802 0.2288834398271099
v 0.2581766907671809 -0.0168608554955153 0.1868824883066978
v 0.3005681643684162 -0.0156691596932505 0.1336038108230867
v 0.3319280357461327 -0.0017118746622399 0.0811186776560270
v -0.2510692751041634 -0.0238062432885752 0.0963374007328755
v -0.1958336768181933 -0.0455503489536778 0.1773901292957833
v -0.1436179435413262 -0.0531146668304618 0.2212428279014234
v -0.0795473219765116 -0.0546991692246186 0.2615467756335343
v -0.0066923200018104 -0.0547099452202263 0.2912518851257316
v 0.0713010990976720 -0.0546728757953358 0.3016843419934622
v 0.1493792218330292 -0.0546724447555115 0.2914204216970361
v 0.2221434856143153 -0.0546728757953358 0.2612795309424631
v 0.2846274495858516 -0.0546724447555115 0.2133336781651928
v 0.3343845317048649 -0.0537823475183152 0.1510863550572017
v 0.3780342105532558 -0.0396864831837895 0.0755591260021002
v -0.2556473490781405 -0.0991031677655488 0.0975516399179516
v -0.2093812584961990 -0.1028795076663127 0.1789466141013601
v -0.1568258658377771 -0.1058528203743904 0.2316847676452887
v -0.0876538879522753 -0.1063730854423304 0.2745896096772751
v -0.0103451540617152 -0.1063278262607780 0.3046188611173522
v 0.0713071336552123 -0.1063161881855217 0.3153478733842068
v 0.1529228002286666 -0.1063166192253460 0.3046399820687433
v 0.2289879669845047 -0.1063166192253460 0.2731344192304107
v 0.2943068798805157 -0.1063166192253460 0.2230131084598570
v 0.3461553672270724 -0.1061579965700006 0.1576700573336846
v 0.3854670612836258 -0.1056756630065998 0.0815229930112280
v -0.2246723962635313 -0.1579090689162635 0.0813242836522220
v -0.1913081897027819 -0.1583064876342757 0.1557777925049718
v -0.1433369055758773 -0.1582810562846415 0.2153276683924424
v -0.0797589625302469 -0.1580099322351516 0.2614627228677942
v -0.0067500233030905 -0.1579517418588700 0.2913536105242683
v 0.0712989438985505 -0.1579595005757076 0.3016877903120567
v 0.1493796528728535 -0.1579607936951805 0.2914199906572118
v 0.2221434856143153 -0.1579607936951805 0.2612795309424631
v 0.2846274495858516 -0.1579607936951805 0.2133336781651928
v 0.3328892545543399 -0.1579607936951805 0.1508497141936565
v 0.3644180935431851 -0.1579607936951805 0.0780854504123704
v -0.1839930128444480 -0.1957060890301981 0.0682999843209264
v -0.1575400988266557 -0.1957966073933028 0.1321395685399119
v -0.1156033722400654 -0.1957690208445471 0.1868501603198747
v -0.0608121760129570 -0.1957535034108720 0.2288235252915311
v 0.0029023204490142 -0.1957690208445471 0.2552708357916073
v 0.0712937714206588 -0.1957729002029659 0.2642920682745530
v 0.1396976363392434 -0.1957724691631416 0.2552867842651067
v 0.2034398055579353 -0.1957724691631416 0.2288834398271099
v 0.2581766907671809 -0.1957724691631416 0.1868824883066978
v 0.3001776422875930 -0.1957724691631416 0.1321460341372765
v 0.3265805556857655 -0.1957724691631416 0.0684038649185847
v -0.1345885213017187 -0.2095398811515445 0.0551334418476091
v -0.1133261888482454 -0.2095541054657467 0.1065164061839128
v -0.0794408551399074 -0.2095739332976648 0.1507169539277696
v -0.0352937563342649 -0.2095937611295830 0.1846173740299583
v 0.0161178721503553 -0.2095993646472990 0.2059197931870923
v 0.0712937714206588 -0.2095993646472990 0.2131836763063336
v 0.1264698862108744 -0.2095993646472990 0.2059193621472680
v 0.1778856095738256 -0.2095993646472990 0.1846221154680257
v 0.2220374498175355 -0.2095993646472990 0.1507432473570524
v 0.2559163179285088 -0.2095993646472990 0.1065918381531668
v 0.2772131335679268 -0.2095993646472990 0.0551761147902156
v -0.0852896345159450 -0.1957129856673870 0.0419547009472639
v -0.0690950372768628 -0.1957129856673870 0.0810505733637863
v -0.0433323904337177 -0.1957134167072113 0.1146264204782710
v -0.0097598881882696 -0.1957142787868600 0.1403896707771702
v 0.0293373463140977 -0.1957142787868600 0.1565838369764281
v 0.0712937714206588 -0.1957142787868600 0.1621071812851129
v 0.1132503258391672 -0.1957142787868600 0.1565838369764281
v 0.1523473620632152 -0.1957142787868600 0.1403892397373459
v 0.1859210539785784 -0.1957142787868600 0.1146272825579196
v 0.2116830111580046 -0.1957142787868600 0.0810535906425564
v 0.2278776083970868 -0.1957142787868600 0.0419564682105436
v -0.0492936712038996 -0.1578926894029398 0.0322326839179580
v -0.0367953697702073 -0.1578849306861023 0.0623339621126770
v -0.0169446927413432 -0.1578836375666293 0.0882127310844908
v 0.0088999809803678 -0.1578849306861023 0.1080677185115979
v 0.0389955263454235 -0.1578866548453995 0.1205398558279548
v 0.0712937714206588 -0.1578866548453995 0.1247920636947548
v 0.1035924475357184 -0.1578866548453995 0.1205398558279548
v 0.1336898032680362 -0.1578866548453995 0.1080728909894896
v 0.1595349511335539 -0.1578866548453995 0.0882411797128951
v 0.1793666624101484 -0.1578866548453995 0.0623960318473774
v 0.1918336272486136 -0.1578866548453995 0.0322985036991299
v -0.1120679836010899 0.0513938696438587 0.0592313374573069
v -0.1920935442626714 0.0437662320168838 0.0909817309158465
v -0.2694225197833809 0.0223801911338341 0.0724940018114449
v -0.1102813235293325 0.1015799225960236 0.0647270952172360
v -0.2042751607374445 0.0952009642360870 0.1028452400002802
v -0.3038608775863063 0.0570927333690019 0.0763724981505698
v -0.1337359245292372 0.1682242829517823 0.0535532498516954
v -0.2159093566353462 0.1741204767084937 0.0698603484849220
v -0.3019944751470519 0.1271780846422127 0.0458410853151736
v -0.3698698852410348 0.0565914340533315 0.0597166882994778
v -0.3746117543482489 0.0971449538437168 0.0491941441084669
v 0.3266671946904515 0.0403817935243810 0.0268963246850581
v 0.3556938474991878 0.0451742236029865 0.0417187497474376
v 0.3847355867017749 0.0428471257995115 0.0353967317482921
v 0.3393725245517590 0.0762705572321209 0.0115022546076810
v 0.3545110742212861 0.0866560307590019 0.0139511211615230
v 0.3704298059728111 0.0842301386277955 0.0149602284942109
v -0.2214365803024499 0.2077023583805187 -0.0000000000000000
v -0.3073971283049305 0.1561094776497769 -0.0000000000000000
v -0.1250190061622531 0.1822878192994848 -0.0000000000000000
v -0.2983043432111497 0.0125199267016779 0.0000000000000000
v -0.3821079679327923 0.0390644927173128 -0.0000000000501795
v -0.3928262042040391 0.1007402570182712 -0.0000000003512574
v -0.0784322219510263 0.0150761566549585 0.0000000000000000
v -0.0866961174626625 0.0528355254402398 -0.0000000000501795
v -0.0861844731912087 0.1029997677772947 -0.0000000000501795
v 0.2770721835453780 0.0115908246707799 0.0000000000250898
v 0.3527511386186359 0.0954121737499980 -0.0000000000000000
v 0.3186089051750103 0.0388510417963154 0.0000000000250898
v 0.3951633021314381 0.0422738859371641 -0.0000000000000000
v 0.3373022402756069 0.0800417246549930 -0.0000000000000000
v 0.3708660182750110 0.0889888182881577 -0.0000000000000000
v -0.2886520684254169 -0.0278643539224893 0.0000000000000000
v -0.3184761449091233 0.0217056569127742 0.0000000000000000
v -0.0508336040802230 -0.0542004561478941 0.0000000000501795
v -0.0707485060429089 -0.0130763689420720 0.0000000000250898
v 0.1960858351154136 -0.0547465836052925 0.0000000000501795
v 0.2322104207110326 -0.0152661374575224 0.0000000000250898
v 0.3983719625835881 -0.0443016265826570 0.0000000000000000
v -0.2758514787629373 -0.0987841982955608 0.0000000000501795
v -0.2364626285778326 -0.1579013101994260 0.0000000000501795
v -0.0400258839414497 -0.1063661888051415 0.0000000000501795
v -0.1929612274290037 -0.1956797956009153 0.0000000000000000
v -0.1418351628279876 -0.2095351397134771 0.0000000000250898
v -0.0908142719441027 -0.1957129856673870 0.0000000000250898
v -0.0535724311238771 -0.1578991550003044 0.0000000000250898
v 0.1824576489902623 -0.1063166192253460 0.0000000000501795
v 0.1960858351154136 -0.1578866548453995 0.0000000000250898
v 0.3986366210357133 -0.1062515322118755 0.0000000000501795
v 0.3750139145043285 -0.1579607936951805 0.0000000001003594
v 0.3355858396952118 -0.1957724691631416 0.0000000001003594
v 0.2844774477269923 -0.2095993646472990 0.0000000000752695
v 0.2334013837455960 -0.1957142787868600 0.0000000000250898
v -0.0315072438936474 -0.1063812751989922 -0.0424522502164628
v -0.0280080625999137 -0.0798943090350796 -0.0577666641343077
v -0.0430460506784297 -0.0551521920799665 -0.0505803681834419
v -0.0392913920808286 -0.0797611177293684 -0.0301997276905910
v -0.0345685749338488 -0.0798430152959870 -0.0444182228551324
v -0.0169421927103622 -0.1063743785618033 -0.0675978204471284
v -0.0098865492406425 -0.0798869813580664 -0.0812354894484145
v -0.0276846965237177 -0.0556599569930015 -0.0776117376454557
v -0.0197429170727870 -0.0799218955838354 -0.0700974203882914
v 0.0036124585595619 -0.1063334297784940 -0.0881472130311960
v 0.0139568108872039 -0.0796361161803191 -0.0992689025779953
v -0.0048219476857741 -0.0552590899563949 -0.0994197665165032
v 0.0014306211768788 -0.0797606866895441 -0.0910054381061834
v 0.0287613909008571 -0.1063011017916709 -0.1026805827873945
v 0.0416244382338790 -0.0796184435475224 -0.1107328377452953
v 0.0235405072368893 -0.0547401180079279 -0.1152708250156117
v 0.0274276674764828 -0.0796020640341987 -0.1058909673988417
v 0.0567845398946216 -0.1063153261058731 -0.1102099864384095
v 0.0712942024604831 -0.0796361161803191 -0.1146561622261483
v 0.0550099489379448 -0.0547332213707390 -0.1237101537357413
v 0.0563302239198007 -0.0796313747422517 -0.1136690810284826
v 0.0858034339865203 -0.1063170502651703 -0.1102108485180582
v 0.1009691391649789 -0.0796374092997920 -0.1107500793382677
v 0.0875823353414401 -0.0547465836052925 -0.1237217918109977
v 0.0862594741206384 -0.0796378403396163 -0.1136742535063743
v 0.1138335227214561 -0.1063166192253460 -0.1026999795794883
v 0.1286224990934694 -0.0796374092997920 -0.0992956270471024
v 0.1190486735557607 -0.0547465836052925 -0.1152906528475299
v 0.1151701772166358 -0.0796374092997920 -0.1059271747440836
v 0.1389648686379196 -0.1063166192253460 -0.0881903170136268
v 0.1523684830146063 -0.0796374092997920 -0.0810747115939476
v 0.1472610921363789 -0.0547465836052925 -0.0990020889267486
v 0.1410911880912318 -0.0796374092997920 -0.0909619030839283
v 0.1594845194741099 -0.1063166192253460 -0.0676710972172608
v 0.1705898295075855 -0.0796374092997920 -0.0573282966329863
v 0.1702962913872316 -0.0547465836052925 -0.0759668896758958
v 0.1622556745045871 -0.0796374092997920 -0.0697974166705730
v 0.1739937510001471 -0.1063166192253460 -0.0425397081968149
v 0.1820438507589264 -0.0796374092997920 -0.0296754108483025
v 0.1865844242681887 -0.0547465836052925 -0.0477549021351019
v 0.1772209461647424 -0.0796374092997920 -0.0438764057959770
v -0.0492436274802974 -0.0349101308906307 -0.0767789687048924
v -0.0699635825228438 -0.0169387443917678 -0.0742655754893514
v -0.0595880229119219 -0.0328251912604520 -0.0435462292905569
v -0.0556940091391219 -0.0339230496929649 -0.0614473131940751
v -0.0285366467364628 -0.0353661710247487 -0.1022719570339503
v -0.0556521982761640 -0.0198854619426857 -0.1063133864266637
v -0.0401252817249352 -0.0354372925957595 -0.0902588771304817
v 0.0006881550795080 -0.0338911527459661 -0.1225122940639889
v -0.0274921079302168 -0.0189314846035269 -0.1306761883363856
v -0.0147633726064493 -0.0346812487439230 -0.1130776943895318
v 0.0348021985186239 -0.0333751980762693 -0.1361857393706926
v 0.0092227436008097 -0.0171537039521503 -0.1498940989031653
v 0.0173096972645674 -0.0334915788288325 -0.1303261839990474
v 0.0712967886994289 -0.0333670083196074 -0.1409974369294447
v 0.0501452334808028 -0.0168890886040075 -0.1606907844224363
v 0.0528965606793619 -0.0333549392045268 -0.1397767321470040
v 0.1077886202253584 -0.0333760601559179 -0.1361999636848948
v 0.0924535163959467 -0.0169155113452376 -0.1607149226525975
v 0.0896987408787932 -0.0333743359966207 -0.1397944047798006
v 0.1417963692437999 -0.0333764911957422 -0.1221135822265039
v 0.1333285918952660 -0.0169193475996739 -0.1497647869558728
v 0.1252530607868524 -0.0333764911957422 -0.1302692867422387
v 0.1709993173406783 -0.0333764911957422 -0.0997055459200195
v 0.1699768908774193 -0.0169192182877266 -0.1286059040602335
v 0.1571306109935630 -0.0333764911957422 -0.1118647483239286
v 0.1934095088462842 -0.0333575254434726 -0.0705000115841953
v 0.1999013996401895 -0.0169004249513868 -0.0986805332178147
v 0.1831585197445874 -0.0333743359966207 -0.0858364085330799
v 0.2074739072736354 -0.0332648518812464 -0.0364850210967054
v 0.2210839897261658 -0.0163082624407522 -0.0619662851425422
v 0.2015652133620190 -0.0333152835406904 -0.0539523927290047
v -0.0815007944602762 -0.0078498817603882 -0.1073888307883126
v -0.1029001975778795 0.0020941638824188 -0.0996788214509124
v -0.0821848546614532 -0.0012970850393081 -0.0609024788561496
v -0.0841314305080289 -0.0047838092821193 -0.0864308124508009
v -0.0593225023801480 -0.0096980943190568 -0.1377762763223898
v -0.0916910069467456 -0.0049880359508765 -0.1421371062249155
v -0.0729131880405845 -0.0094816692232716 -0.1239045526965043
v -0.0220169538738896 -0.0075376365116594 -0.1625709801360685
v -0.0574401514673943 -0.0049179919794265 -0.1718400605179913
v -0.0420281070293436 -0.0087575654224163 -0.1507479887951198
v 0.0229736467639416 -0.0066218924049167 -0.1803604247250909
v -0.0102033548907125 -0.0032656008129411 -0.1970153724965342
v -0.0001684934673220 -0.0068631022905995 -0.1726547257859338
v 0.0712989438985505 -0.0065877109468490 -0.1867303312487170
v 0.0434839440359444 -0.0029937439957499 -0.2113202911458493
v 0.0469331247100584 -0.0065680555308606 -0.1851091904694940
v 0.1196271289999822 -0.0066051249557511 -0.1803806835968334
v 0.0991199783186969 -0.0030300806529391 -0.2113534812123211
v 0.0956690734852857 -0.0066015042212269 -0.1851402253368442
v 0.1646660492021184 -0.0066058146194700 -0.1617252800007759
v 0.1528740927285198 -0.0030343048432173 -0.1969524406821852
v 0.1427567259723585 -0.0066059439314173 -0.1725262759182900
v 0.2033419595178173 -0.0066057284115051 -0.1320481880971585
v 0.2010695175640647 -0.0030340893233052 -0.1691266648239714
v 0.1849744905243977 -0.0066057284115051 -0.1481514048934874
v 0.2330729313994732 -0.0060046002725249 -0.0933377945955149
v 0.2404290570411164 -0.0029322777168036 -0.1297998843735671
v 0.2194507798318622 -0.0065455983560141 -0.1136772707851444
v 0.2514628144637568 -0.0025757215741359 -0.0479217145471092
v 0.2688901856003604 0.0007309142300794 -0.0822027428141620
v 0.2439730664765782 -0.0045855740669200 -0.0713220045291510
v -0.1242439965581470 -0.0038185386995636 -0.1410172647613629
v -0.1640087134700484 -0.0039507386136789 -0.1303779087779644
v -0.1359825040935313 0.0128632585425358 -0.0931084814089830
v -0.1312337383491282 0.0022840800290090 -0.1161880777617395
v -0.0944531101409123 -0.0082444125115775 -0.1762750292702981
v -0.1327897921148807 -0.0155307097016827 -0.1769586584316508
v -0.1118671190429623 -0.0070703031341444 -0.1602157785360487
v -0.0478614120756884 -0.0072675469577479 -0.2080836131051193
v -0.0877547512711634 -0.0177043142237215 -0.2117155546647399
v -0.0728610322218433 -0.0080153148449577 -0.1925450584786342
v 0.0093339518754812 -0.0065876247388842 -0.2313989882417724
v -0.0295518748346558 -0.0170537027129108 -0.2439896615098140
v -0.0202093883706533 -0.0067900410403793 -0.2213398118618927
v 0.0712972197392533 -0.0065580985109190 -0.2396219349700993
v 0.0368144648344241 -0.0168391310883702 -0.2619985053694092
v 0.0400317460830603 -0.0065397793183860 -0.2375469092558798
v 0.1333147986208881 -0.0065739176724712 -0.2314653683747159
v 0.1057903195998657 -0.0168577520087803 -0.2620278160774622
v 0.1025717452317567 -0.0065707279777713 -0.2375753578842841
v 0.1911090493039515 -0.0065744780242428 -0.2075258475724645
v 0.1724320937166786 -0.0168610279114450 -0.2441694051165505
v 0.1629949078032756 -0.0065746073361901 -0.2213855020832693
v 0.2407381125951453 -0.0065743918162779 -0.1694443411744865
v 0.2321815410428039 -0.0168608554955153 -0.2096728569373435
v 0.2171688550019747 -0.0065743918162779 -0.1901079593119958
v 0.2789316893474434 -0.0053811011666632 -0.1208036522004314
v 0.2810058529820144 -0.0167416729840941 -0.1610334610827613
v 0.2614129377680866 -0.0064550799929094 -0.1459737917010825
v 0.3081100681743362 0.0063103799238891 -0.0712965731795168
v 0.3170377650154070 -0.0121760560610396 -0.1062879550770295
v 0.2934943698116949 -0.0021110175395493 -0.0952283352649305
v -0.1753429056502316 -0.0250919919805041 -0.1691219233859040
v -0.2216184791083079 -0.0374364553009008 -0.1417655498963619
v -0.2138451069167344 -0.0038570736598568 -0.1088435901953526
v -0.1960763522392788 -0.0166680513821023 -0.1385017163467004
v -0.1291720748694623 -0.0325148425869502 -0.2090633666257718
v -0.1705712947951402 -0.0504654960702638 -0.2019003468254186
v -0.1533840128406763 -0.0300521827587303 -0.1911648689611994
v -0.0708338519281219 -0.0335312344926688 -0.2472754780905151
v -0.1130748926306737 -0.0543233024978219 -0.2416215287150649
v -0.1015432842109573 -0.0334299401339564 -0.2283067085421856
v -0.0024716125253707 -0.0333364044920815 -0.2755568630430226
v -0.0439649844798723 -0.0547599458398461 -0.2784775888925348
v -0.0376257248877545 -0.0334420092490370 -0.2634036951966539
v 0.0712980818189019 -0.0332954557087723 -0.2854315543780985
v 0.0319460855387755 -0.0546802034723491 -0.2990472403483448
v 0.0340615858924976 -0.0332954557087723 -0.2829470408307862
v 0.1451701179486599 -0.0332997661070153 -0.2757128994594222
v 0.1106731387296287 -0.0546715826758629 -0.2991140515211126
v 0.1085498365550866 -0.0332984729875424 -0.2829931620919872
v 0.2140123503685660 -0.0333006281866640 -0.2471961667628424
v 0.1867473573217772 -0.0546724447555115 -0.2787293161499307
v 0.1805240043384158 -0.0333006281866640 -0.2637049920338452
v 0.2731286001927826 -0.0333001971468396 -0.2018348287721238
v 0.2549533749610044 -0.0546724447555115 -0.2393499488409609
v 0.2450536833161187 -0.0333006281866640 -0.2264484958595931
v 0.3195964174125003 -0.0321940627497000 -0.1437017807871541
v 0.3108247569878291 -0.0545836505517040 -0.1836833107306826
v 0.2978530445150991 -0.0331898509518168 -0.1738581889754022
v 0.3550701328734138 -0.0159481717715252 -0.0837751760932382
v 0.3562912686956789 -0.0509478296336646 -0.1160018685576384
v 0.3387755343950922 -0.0286549240642530 -0.1127983805833801
v -0.2072040763436185 -0.0726993922877277 -0.1813181952147036
v -0.2341057028185155 -0.1007385328589740 -0.1415379608691271
v -0.2582228120283818 -0.0629242711520671 -0.0988947600104958
v -0.2335906102284673 -0.0676217431573775 -0.1439737669162926
v -0.1534021165132973 -0.0783425656675702 -0.2295045682139380
v -0.1844141387527971 -0.1046730643752590 -0.2078366272857907
v -0.1812731515530634 -0.0762541777187972 -0.2081176652512396
v -0.0854482571712904 -0.0795947363571855 -0.2710818075870552
v -0.1240444251194923 -0.1063166192253460 -0.2541514253678790
v -0.1210672330529958 -0.0793033534359531 -0.2508509534331514
v -0.0093871421898008 -0.0796197366669953 -0.3011545940493875
v -0.0496508308023214 -0.1063536886502365 -0.2917036148616066
v -0.0481252084481650 -0.0796490473750483 -0.2882040025280486
v 0.0713054094959151 -0.0795938742775368 -0.3118452437718787
v 0.0301585202833871 -0.1063174813049946 -0.3126004255440665
v 0.0306193880635374 -0.0795999088350772 -0.3091206410424267
v 0.1520137372392007 -0.0795925811580639 -0.3012494228107352
v 0.1124619540005076 -0.1063166192253460 -0.3126728402345503
v 0.1120028965876194 -0.0795921501182396 -0.3091965040515050
v 0.2272323417800975 -0.0795925811580639 -0.2700934332699166
v 0.1919857843065943 -0.1063166192253460 -0.2913760245951324
v 0.1906418021344015 -0.0795925811580639 -0.2881315878375648
v 0.2918240904925007 -0.0795925811580639 -0.2205298880320177
v 0.2632866678843542 -0.1063166192253460 -0.2502095661745808
v 0.2611487103557857 -0.0795925811580639 -0.2474237557900771
v 0.3434143849842967 -0.0790813679264344 -0.1558980526159537
v 0.3216761845647872 -0.1063006707518466 -0.1919903102247495
v 0.3189205469679851 -0.0795417184587956 -0.1898510595767081
v 0.3846192059492117 -0.0765757334277311 -0.0802350460161952
v 0.3682164164749887 -0.1058304063035264 -0.1206174429963302
v 0.3660383722427595 -0.0778878186529251 -0.1191794941424382
v -0.2032518721945369 -0.1321294391040406 -0.1689861458412469
v -0.2101864408880067 -0.1581030368372022 -0.1200277805166767
v -0.2429924508762770 -0.1309845973306781 -0.0904136204274083
v -0.2250939532117046 -0.1314522755400525 -0.1320706021680225
v -0.1527831433255908 -0.1331419516513405 -0.2261096985576869
v -0.1691941225564756 -0.1583569192937197 -0.1873911152993814
v -0.1796675282075155 -0.1327484122917471 -0.1997360958675673
v -0.0854978267510858 -0.1331126409432875 -0.2710486175205835
v -0.1132029114584933 -0.1581396752222684 -0.2401568553920657
v -0.1209254209507984 -0.1332048834656895 -0.2500332708864388
v -0.0094181511947616 -0.1330385020935066 -0.3012162327442636
v -0.0441165380820991 -0.1579569143367617 -0.2786823328090811
v -0.0481986576342271 -0.1330557436864789 -0.2883285730372737
v 0.0713041163764422 -0.1330393641731552 -0.3118473989710002
v 0.0319334991759058 -0.1579556212172888 -0.2990731027378034
v 0.0306121465944891 -0.1330363468943850 -0.3091365895159262
v 0.1520137372392007 -0.1330406572926281 -0.3012489917709110
v 0.1106731387296287 -0.1579607936951805 -0.2991123273618154
v 0.1120028965876194 -0.1330406572926281 -0.3091956419718563
v 0.2272323417800975 -0.1330406572926281 -0.2700934332699166
v 0.1867473573217772 -0.1579607936951805 -0.2787293161499307
v 0.1906418021344015 -0.1330406572926281 -0.2881315878375648
v 0.2918240904925007 -0.1330406572926281 -0.2205298880320177
v 0.2549533749610044 -0.1579607936951805 -0.2393499488409609
v 0.2611487103557857 -0.1330406572926281 -0.2474237557900771
v 0.3423992861980509 -0.1330247088191287 -0.1559359841204929
v 0.3106751861687941 -0.1579607936951805 -0.1836596035403456
v 0.3188188215694484 -0.1330389331333309 -0.1898545078953026
v 0.3780316243143100 -0.1329764323588062 -0.0807091898229342
v 0.3510330138789435 -0.1579607936951805 -0.1154531548612941
v 0.3626667787370210 -0.1329919497924813 -0.1193402719969051
v -0.1759631719574111 -0.1797438222564181 -0.1437418674908148
v -0.1728484781869603 -0.1957560896498178 -0.1010779767206167
v -0.2051859478862076 -0.1795843375214240 -0.0742694548477702
v -0.1927840700612130 -0.1796826146013663 -0.1100285186723758
v -0.1307789913344831 -0.1795351989814529 -0.2021606948793008
v -0.1383614128838881 -0.1957927280348840 -0.1608830281840777
v -0.1552680879127274 -0.1796722696455829 -0.1745284559022014
v -0.0713778241863988 -0.1793433862596358 -0.2471034932006162
v -0.0895862394846488 -0.1957552275701692 -0.2096176838398321
v -0.1025937282627963 -0.1794175251094168 -0.2264825480057135
v -0.0025470315634299 -0.1793252825870149 -0.2756611746805052
v -0.0298101538973813 -0.1957604000480609 -0.2441284563332412
v -0.0378565036096891 -0.1793205411489474 -0.2636080080733759
v 0.0712954955799560 -0.1793326102640281 -0.2854345716568686
v 0.0367993784405734 -0.1957724691631416 -0.2620226435995705
v 0.0340469305384711 -0.1793300240250822 -0.2829724721804203
v 0.1451705489884842 -0.1793330413038524 -0.2757120373797736
v 0.1057903195998657 -0.1957724691631416 -0.2620265229579893
v 0.1085502675949109 -0.1793330413038524 -0.2829914379326899
v 0.2140123503685660 -0.1793330413038524 -0.2471961667628424
v 0.1724320937166786 -0.1957724691631416 -0.2441694051165505
v 0.1805240043384158 -0.1793330413038524 -0.2637049920338452
v 0.2731286001927826 -0.1793330413038524 -0.2018348287721238
v 0.2321815410428039 -0.1957724691631416 -0.2096728569373435
v 0.2450536833161187 -0.1793330413038524 -0.2264484958595931
v 0.3185214040906757 -0.1793330413038524 -0.1427185789479072
v 0.2809670593978266 -0.1957724691631416 -0.1608877696221451
v 0.2977452845590220 -0.1793330413038524 -0.1737599118954599
v 0.3471756384912097 -0.1793330413038524 -0.0738767775678255
v 0.3154631765372093 -0.1957724691631416 -0.1011383222960198
v 0.3350996267733921 -0.1793330413038524 -0.1092302329177571
v -0.1362109552004147 -0.2059609574903138 -0.1196398446747993
v -0.1256409966287298 -0.2095463467489091 -0.0815135101350933
v -0.1600750440334121 -0.2059144051892885 -0.0619029222883689
v -0.1500378506845721 -0.2059363882203282 -0.0915360481299068
v -0.0981298798422610 -0.2060010441939744 -0.1693745127229486
v -0.0978298761245425 -0.2095635883418814 -0.1297201420060701
v -0.1187995325373105 -0.2059816474018805 -0.1457449095543749
v -0.0485055579891345 -0.2060402688179865 -0.2075051576608977
v -0.0584733539262609 -0.2095847092932725 -0.1691158888283637
v -0.0745601912092661 -0.2060217341055412 -0.1900721830065782
v 0.0092744683797267 -0.2060583724906074 -0.2314640752552429
v -0.0102850800414014 -0.2095980715278261 -0.1969507165228880
v -0.0203989596853840 -0.2060523379330671 -0.2213764502469589
v 0.0712937714206588 -0.2060592345702560 -0.2396305557665855
v 0.0434679955624450 -0.2095997956871233 -0.2113560674512669
v 0.0400157976095609 -0.2060596656100803 -0.2375770820435814
v 0.1333147986208881 -0.2060588035304317 -0.2314649373348916
v 0.0991195472788725 -0.2095993646472990 -0.2113556364114426
v 0.1025713141919323 -0.2060592345702560 -0.2375757889241084
v 0.1911090493039515 -0.2060588035304317 -0.2075258475724645
v 0.1528740927285198 -0.2095993646472990 -0.1969520096423609
v 0.1629949078032756 -0.2060588035304317 -0.2213855020832693
v 0.2407381125951453 -0.2060588035304317 -0.1694443411744865
v 0.2010695175640647 -0.2095993646472990 -0.1691266648239714
v 0.2171688550019747 -0.2060588035304317 -0.1901079593119958
v 0.2788196189931234 -0.2060588035304317 -0.1198152778832927
v 0.2404204362446302 -0.2095993646472990 -0.1297753151035816
v 0.2614017307326546 -0.2060588035304317 -0.1458750835813159
v 0.3027587087555503 -0.2060588035304317 -0.0620210272002293
v 0.2682462121028439 -0.2095993646472990 -0.0815803213078610
v 0.2926792735039281 -0.2060588035304317 -0.0917007053427925
v -0.0904332327394143 -0.2060178547471224 -0.0933580534672574
v -0.0784705844953898 -0.1957129856673870 -0.0620318031958370
v -0.1090821707381072 -0.2060165616276495 -0.0483281851014318
v -0.1012312113781582 -0.2060165616276495 -0.0714517475162677
v -0.0607526925172025 -0.2060221651453655 -0.1320447397785641
v -0.0573117015997504 -0.1957129856673870 -0.0986809642576390
v -0.0768580645126529 -0.2060195789064196 -0.1136703741479555
v -0.0220780753209765 -0.2060277686630815 -0.1617252800007759
v -0.0273884859564531 -0.1957138477470357 -0.1286063351000578
v -0.0423854390436950 -0.2060251824241356 -0.1481509738536631
v 0.0229608017771772 -0.2060277686630815 -0.1803811146366577
v 0.0092590371540165 -0.1957142787868600 -0.1497652179956971
v -0.0001689245071464 -0.2060281997029058 -0.1725262759182900
v 0.0712937714206588 -0.2060277686630815 -0.1867441245230948
v 0.0501348885250195 -0.1957142787868600 -0.1607175088915434
v 0.0469193314356805 -0.2060277686630815 -0.1851432426156143
v 0.1196266979601579 -0.2060277686630815 -0.1803811146366577
v 0.0924526543162981 -0.1957142787868600 -0.1607175088915434
v 0.0956686424454613 -0.2060277686630815 -0.1851432426156143
v 0.1646660492021184 -0.2060277686630815 -0.1617252800007759
v 0.1333285918952660 -0.1957142787868600 -0.1497647869558728
v 0.1427562949325342 -0.2060277686630815 -0.1725258448784656
v 0.2033419595178173 -0.2060277686630815 -0.1320481880971585
v 0.1699768908774193 -0.1957142787868600 -0.1286059040602335
v 0.1849744905243977 -0.2060277686630815 -0.1481514048934874
v 0.2330190514214347 -0.2060277686630815 -0.0933722777814596
v 0.1999001065207166 -0.1957142787868600 -0.0986826884169362
v 0.2194451763141461 -0.2060277686630815 -0.1136807191037389
v 0.2516748860573165 -0.2060277686630815 -0.0483329265394991
v 0.2210589894163559 -0.1957142787868600 -0.0620348204746072
v 0.2438200473389487 -0.2060277686630815 -0.0714625235118754
v -0.0508215349651423 -0.1792576093345984 -0.0704900976682362
v -0.0440275283583794 -0.1578883790046967 -0.0476833495242667
v -0.0649139509810736 -0.1792580403744228 -0.0364799348267786
v -0.0589793946799987 -0.1792580403744228 -0.0539437719325186
v -0.0284099210281162 -0.1792576093345984 -0.0997003734421278
v -0.0277128865282274 -0.1578836375666293 -0.0759211994545191
v -0.0405702441355685 -0.1792576093345984 -0.0858277877365937
v 0.0007916477413244 -0.1792567472549498 -0.1221135822265039
v -0.0046694285543409 -0.1578840686064536 -0.0989878646125464
v -0.0145416457208252 -0.1792571782947741 -0.1118625931248070
v 0.0347990519279065 -0.1792571782947741 -0.1362003947247191
v 0.0235396882612231 -0.1578857927657508 -0.1152893597280570
v 0.0173345251584476 -0.1792567472549498 -0.1302697177820630
v 0.0712937714206588 -0.1792571782947741 -0.1410047646064579
v 0.0550056385397017 -0.1578870858852238 -0.1237222228508220
v 0.0528892330023486 -0.1792571782947741 -0.1397961289390978
v 0.1077886202253584 -0.1792571782947741 -0.1361999636848948
v 0.0875823353414401 -0.1578866548453995 -0.1237217918109977
v 0.0896983098389689 -0.1792571782947741 -0.1397956978992735
v 0.1417963692437999 -0.1792571782947741 -0.1221135822265039
v 0.1190486735557607 -0.1578866548453995 -0.1152906528475299
v 0.1252530607868524 -0.1792571782947741 -0.1302688557024144
v 0.1709993173406783 -0.1792571782947741 -0.0997055459200195
v 0.1472610921363789 -0.1578866548453995 -0.0990020889267486
v 0.1571306109935630 -0.1792571782947741 -0.1118647483239286
v 0.1934077846869870 -0.1792571782947741 -0.0705025978231411
v 0.1702962913872316 -0.1578866548453995 -0.0759668896758958
v 0.1831585197445874 -0.1792571782947741 -0.0858368395729042
v 0.2074941661453779 -0.1792571782947741 -0.0364947194927523
v 0.1865844242681887 -0.1578866548453995 -0.0477549021351019
v 0.2015630581628975 -0.1792571782947741 -0.0539592893661937
v -0.0280486665513635 -0.1329941049916028 -0.0571787258139514
v -0.0395844560573757 -0.1330195363412370 -0.0295246762217420
v -0.0347184474807608 -0.1330048809872105 -0.0437087313043211
v -0.0097807893093503 -0.1329902256331841 -0.0810027279432881
v -0.0196857180881013 -0.1329902256331841 -0.0696844842366042
v 0.0139715093452128 -0.1329897945933597 -0.0992766612948329
v 0.0015030358673626 -0.1329897945933597 -0.0909209543006190
v 0.0416192657559873 -0.1329949670712514 -0.1107492172586191
v 0.0274206846313290 -0.1329923808323056 -0.1059202781068947
v 0.0712937714206588 -0.1329962601907243 -0.1146570243057969
v 0.0563280687206792 -0.1329962601907243 -0.1136746845461986
v 0.1009691391649789 -0.1329958291509001 -0.1107500793382677
v 0.0862594741206384 -0.1329958291509001 -0.1136738224665500
v 0.1286224990934694 -0.1329958291509001 -0.0992956270471024
v 0.1151701772166358 -0.1329958291509001 -0.1059271747440836
v 0.1523684830146063 -0.1329958291509001 -0.0810747115939476
v 0.1410911880912318 -0.1329958291509001 -0.0909619030839283
v 0.1705898295075855 -0.1329958291509001 -0.0573282966329863
v 0.1622556745045871 -0.1329958291509001 -0.0697974166705730
v 0.1820438507589264 -0.1329958291509001 -0.0296754108483025
v 0.1772209461647424 -0.1329958291509001 -0.0438764057959770
v -0.1846098308330330 0.0240555567229551 -0.0926795967837964
v -0.1480675676476594 0.0492254807036941 -0.0800897855954034
v -0.1080308646066196 0.0311620672023414 -0.0606085096959715
v -0.1427899160388302 0.0293118287564986 -0.0814251469711101
v -0.2601517152421609 0.0033168945520338 -0.0774048385297878
v -0.2346970894574663 0.0334438196162991 -0.0891325700695644
v -0.2252827486547516 0.0139558669099886 -0.0927102006113222
v -0.1983841394586247 0.0658350830856201 -0.0983792363806233
v -0.1520102889206062 0.1008544825717129 -0.0904386207372182
v -0.1105382232646202 0.0730670692578626 -0.0625468957858853
v -0.1497313813694889 0.0714079969741004 -0.0862480515652942
v -0.2818894846218460 0.0385250032732087 -0.0744910093174646
v -0.2546542333229345 0.0799835342787114 -0.0957498934523434
v -0.2452135990909370 0.0537503212593691 -0.0941365113899580
v -0.2103748052912294 0.1352432707948428 -0.0929011512534907
v -0.1670871998952573 0.1776192269624031 -0.0651693420769762
v -0.1184042690184199 0.1396765153878523 -0.0606141132136875
v -0.1589668406451157 0.1407459251919609 -0.0835549147430168
v -0.3026160345737043 0.0953966563163229 -0.0680961024840286
v -0.2596672264796385 0.1528538338567773 -0.0581916694010756
v -0.2580193612313084 0.1167326965797529 -0.0824471423945448
v -0.3450372499228169 0.0544745974761541 -0.0670253995604471
v -0.3772682527854602 0.0767334940034278 -0.0602891091861591
v -0.3466377007904732 0.1100179581966803 -0.0474833470457877
v -0.3450398361617628 0.0834878880503368 -0.0655594331179751
v 0.3461540741075994 0.0192664025470143 -0.0597994479457450
v 0.3716871491403180 0.0444843012601988 -0.0421247461579535
v 0.3838687656150911 0.0041118181960229 -0.0513846884956010
v 0.3665780341027933 0.0122056598761730 -0.0606490274394564
v 0.3090643903453545 0.0227554544048768 -0.0386335822049519
v 0.3394919225830924 0.0431429053269518 -0.0363289846803058
v 0.3256219231165041 0.0222463101644040 -0.0521191803562221
v 0.3570210191182326 0.0692359872994116 -0.0261459274549200
v 0.3632310098670404 0.0875030240137674 -0.0146605696083518
v 0.3779342093140163 0.0707566957995708 -0.0227126521503230
v 0.3686879740427818 0.0706855742285599 -0.0265851570358900
v 0.3355608393854019 0.0616307206393183 -0.0172366360143472
v 0.3455945844156474 0.0828633113449143 -0.0124885599336630
v 0.3450096633740612 0.0655911145450617 -0.0228642919605146
v -0.0392913920808286 -0.0797611177293684 0.0301997276905910
v -0.0430460506784297 -0.0551521920799665 0.0505803681834419
v -0.0280080625999137 -0.0798943090350796 0.0577666641343077
v -0.0315072438936474 -0.1063812751989922 0.0424522502164628
v -0.0345685749338488 -0.0798430152959870 0.0444182228551324
v -0.0276846965237177 -0.0556599569930015 0.0776117376454557
v -0.0098865492406425 -0.0798869813580664 0.0812354894484145
v -0.0169421927103622 -0.1063743785618033 0.0675978204471284
v -0.0197429170727870 -0.0799218955838354 0.0700974203882914
v -0.0048219476857741 -0.0552590899563949 0.0994197665165032
v 0.0139568108872039 -0.0796361161803191 0.0992689025779953
v 0.0036124585595619 -0.1063334297784940 0.0881472130311960
v 0.0014306211768788 -0.0797606866895441 0.0910054381061834
v 0.0235405072368893 -0.0547401180079279 0.1152708250156117
v 0.0416244382338790 -0.0796184435475224 0.1107328377452953
v 0.0287613909008571 -0.1063011017916709 0.1026805827873945
v 0.0274276674764828 -0.0796020640341987 0.1058909673988417
v 0.0550099489379448 -0.0547332213707390 0.1237101537357413
v 0.0712942024604831 -0.0796361161803191 0.1146561622261483
v 0.0567845398946216 -0.1063153261058731 0.1102099864384095
v 0.0563302239198007 -0.0796313747422517 0.1136690810284826
v 0.0875823353414401 -0.0547465836052925 0.1237217918109977
v 0.1009691391649789 -0.0796374092997920 0.1107500793382677
v 0.0858034339865203 -0.1063170502651703 0.1102108485180582
v 0.0862594741206384 -0.0796378403396163 0.1136742535063743
v 0.1190486735557607 -0.0547465836052925 0.1152906528475299
v 0.1286224990934694 -0.0796374092997920 0.0992956270471024
v 0.1138335227214561 -0.1063166192253460 0.1026999795794883
v 0.1151701772166358 -0.0796374092997920 0.1059271747440836
v 0.1472610921363789 -0.0547465836052925 0.0990020889267486
v 0.1523684830146063 -0.0796374092997920 0.0810747115939476
v 0.1389648686379196 -0.1063166192253460 0.0881903170136268
v 0.1410911880912318 -0.0796374092997920 0.0909619030839283
v 0.1702962913872316 -0.0547465836052925 0.0759668896758958
v 0.1705898295075855 -0.0796374092997920 0.0573282966329863
v 0.1594845194741099 -0.1063166192253460 0.0676710972172608
v 0.1622556745045871 -0.0796374092997920 0.0697974166705730
v 0.1865844242681887 -0.0547465836052925 0.0477549021351019
v 0.1820438507589264 -0.0796374092997920 0.0296754108483025
v 0.1739937510001471 -0.1063166192253460 0.0425397081968149
v 0.1772209461647424 -0.0796374092997920 0.0438764057959770
v -0.0595880229119219 -0.0328247602206277 0.0435462292905569
v -0.0699635825228438 -0.0169387443917678 0.0742655754893514
v -0.0492436274802974 -0.0349101308906307 0.0767789687048924
v -0.0556940091391219 -0.0339230496929649 0.0614473131940751
v -0.0556521982761640 -0.0198854188387033 0.1063133864266637
v -0.0285366467364628 -0.0353661710247487 0.1022719570339503
v -0.0401252817249352 -0.0354372925957595 0.0902588771304817
v -0.0274921079302168 -0.0189314846035269 0.1306761883363856
v 0.0006881550795080 -0.0338911527459661 0.1225122940639889
v -0.0147633726064493 -0.0346812487439230 0.1130776943895318
v 0.0092227436008097 -0.0171537039521503 0.1498940989031653
v 0.0348021985186239 -0.0333751980762693 0.1361857393706926
v 0.0173096972645674 -0.0334915788288325 0.1303261839990474
v 0.0501452334808028 -0.0168890886040075 0.1606907844224363
v 0.0712967886994289 -0.0333670083196074 0.1409974369294447
v 0.0528965606793619 -0.0333549392045268 0.1397767321470040
v 0.0924535163959467 -0.0169155113452376 0.1607149226525975
v 0.1077886202253584 -0.0333760601559179 0.1361999636848948
v 0.0896987408787932 -0.0333743359966207 0.1397944047798006
v 0.1333285918952660 -0.0169193475996739 0.1497647869558728
v 0.1417963692437999 -0.0333764911957422 0.1221135822265039
v 0.1252530607868524 -0.0333764911957422 0.1302692867422387
v 0.1699768908774193 -0.0169192182877266 0.1286059040602335
v 0.1709993173406783 -0.0333764911957422 0.0997055459200195
v 0.1571306109935630 -0.0333764911957422 0.1118647483239286
v 0.1999013996401895 -0.0169004249513868 0.0986805332178147
v 0.1934095088462842 -0.0333575254434726 0.0705000115841953
v 0.1831585197445874 -0.0333743359966207 0.0858364085330799
v 0.2210839897261658 -0.0163082624407522 0.0619662851425422
v 0.2074739072736354 -0.0332648518812464 0.0364850210967054
v 0.2015652133620190 -0.0333152835406904 0.0539523927290047
v -0.0821848546614532 -0.0012970419353257 0.0609024788561496
v -0.1029001975778795 0.0020941638824188 0.0996788214509124
v -0.0815007944602762 -0.0078498386564058 0.1073888307883126
v -0.0841314305080289 -0.0047838092821193 0.0864308124508009
v -0.0916910069467456 -0.0049880359508765 0.1421371062249155
v -0.0593225023801480 -0.0096980512150743 0.1377762763223898
v -0.0729131880405845 -0.0094816692232716 0.1239045526965043
v -0.0574401514673943 -0.0049179919794265 0.1718400605179913
v -0.0220169538738896 -0.0075376365116594 0.1625709801360685
v -0.0420281070293436 -0.0087575654224163 0.1507479887951198
v -0.0102033548907125 -0.0032656008129411 0.1970153724965342
v 0.0229736467639416 -0.0066218924049167 0.1803604247250909
v -0.0001684934673220 -0.0068631022905995 0.1726547257859338
v 0.0434839440359444 -0.0029937439957499 0.2113202911458493
v 0.0712989438985505 -0.0065877109468490 0.1867303312487170
v 0.0469331247100584 -0.0065680555308606 0.1851091904694940
v 0.0991199783186969 -0.0030300806529391 0.2113534812123211
v 0.1196271289999822 -0.0066051249557511 0.1803806835968334
v 0.0956690734852857 -0.0066015042212269 0.1851402253368442
v 0.1528740927285198 -0.0030343048432173 0.1969524406821852
v 0.1646660492021184 -0.0066058146194700 0.1617252800007759
v 0.1427567259723585 -0.0066059008274348 0.1725262759182900
v 0.2010695175640647 -0.0030340893233052 0.1691266648239714
v 0.2033419595178173 -0.0066057284115051 0.1320481880971585
v 0.1849744905243977 -0.0066057284115051 0.1481514048934874
v 0.2404290570411164 -0.0029322777168036 0.1297998843735671
v 0.2330729313994732 -0.0060046002725249 0.0933377945955149
v 0.2194507798318622 -0.0065455983560141 0.1136772707851444
v 0.2688901856003604 0.0007309142300794 0.0822027428141620
v 0.2514628144637568 -0.0025757215741359 0.0479217145471092
v 0.2439730664765782 -0.0045855740669200 0.0713220045291510
v -0.1359825040935313 0.0128632585425358 0.0931084814089830
v -0.1640087134700484 -0.0039507386136789 0.1303779087779644
v -0.1242439965581470 -0.0038185386995636 0.1410172647613629
v -0.1312337383491282 0.0022840800290090 0.1161880777617395
v -0.1327897921148807 -0.0155306665977003 0.1769586584316508
v -0.0944531101409123 -0.0082443694075950 0.1762750292702981
v -0.1118671190429623 -0.0070703031341444 0.1602157785360487
v -0.0877547512711634 -0.0177043142237215 0.2117155546647399
v -0.0478614120756884 -0.0072675469577479 0.2080836131051193
v -0.0728610322218433 -0.0080152717409752 0.1925450584786342
v -0.0295518748346558 -0.0170537027129108 0.2439896615098140
v 0.0093339518754812 -0.0065876247388842 0.2313989882417724
v -0.0202093883706533 -0.0067900410403793 0.2213398118618927
v 0.0368144648344241 -0.0168391310883702 0.2619985053694092
v 0.0712972197392533 -0.0065580985109190 0.2396219349700993
v 0.0400317460830603 -0.0065397793183860 0.2375469092558798
v 0.1057903195998657 -0.0168577520087803 0.2620278160774622
v 0.1333147986208881 -0.0065739176724712 0.2314653683747159
v 0.1025717452317567 -0.0065706848737888 0.2375753578842841
v 0.1724320937166786 -0.0168609848074626 0.2441694051165505
v 0.1911090493039515 -0.0065744780242428 0.2075258475724645
v 0.1629949078032756 -0.0065746073361901 0.2213855020832693
v 0.2321815410428039 -0.0168608554955153 0.2096728569373435
v 0.2407381125951453 -0.0065743918162779 0.1694443411744865
v 0.2171688550019747 -0.0065743918162779 0.1901079593119958
v 0.2810058529820144 -0.0167416729840941 0.1610334610827613
v 0.2789316893474434 -0.0053811011666632 0.1208036522004314
v 0.2614129377680866 -0.0064550799929094 0.1459737917010825
v 0.3170377650154070 -0.0121760560610396 0.1062879550770295
v 0.3081100681743362 0.0063103799238891 0.0712965731795168
v 0.2934943698116949 -0.0021110175395493 0.0952283352649305
v -0.2138451069167344 -0.0038570736598568 0.1088435901953526
v -0.2216184791083079 -0.0374364553009008 0.1417655498963619
v -0.1753429056502316 -0.0250919919805041 0.1691219233859040
v -0.1960763522392788 -0.0166680513821023 0.1385017163467004
v -0.1705712947951402 -0.0504654960702638 0.2019003468254186
v -0.1291720748694623 -0.0325148425869502 0.2090633666257718
v -0.1533840128406763 -0.0300521396547479 0.1911648689611994
v -0.1130748926306737 -0.0543233024978219 0.2416215287150649
v -0.0708338519281219 -0.0335312344926688 0.2472754780905151
v -0.1015432842109573 -0.0334299401339564 0.2283067085421856
v -0.0439649844798723 -0.0547599458398461 0.2784775888925348
v -0.0024716125253707 -0.0333364044920815 0.2755568630430226
v -0.0376257248877545 -0.0334420092490370 0.2634036951966539
v 0.0319460855387755 -0.0546802034723491 0.2990472403483448
v 0.0712980818189019 -0.0332954557087723 0.2854315543780985
v 0.0340615858924976 -0.0332954557087723 0.2829470408307862
v 0.1106731387296287 -0.0546715826758629 0.2991140515211126
v 0.1451701179486599 -0.0332997661070153 0.2757128994594222
v 0.1085498365550866 -0.0332984729875424 0.2829931620919872
v 0.1867473573217772 -0.0546724447555115 0.2787293161499307
v 0.2140123503685660 -0.0333006281866640 0.2471961667628424
v 0.1805240043384158 -0.0333006281866640 0.2637049920338452
v 0.2549533749610044 -0.0546724447555115 0.2393499488409609
v 0.2731286001927826 -0.0333001971468396 0.2018348287721238
v 0.2450536833161187 -0.0333001971468396 0.2264484958595931
v 0.3108247569878291 -0.0545836505517040 0.1836833107306826
v 0.3195964174125003 -0.0321940627497000 0.1437017807871541
v 0.2978530445150991 -0.0331898509518168 0.1738581889754022
v 0.3562912686956789 -0.0509478296336646 0.1160018685576384
v 0.3550701328734138 -0.0159481717715252 0.0837751760932382
v 0.3387755343950922 -0.0286549240642530 0.1127983805833801
v -0.2582228120283818 -0.0629242711520671 0.0988947600104958
v -0.2341057028185155 -0.1007385328589740 0.1415379608691271
v -0.2072040763436185 -0.0726993922877277 0.1813181952147036
v -0.2335906102284673 -0.0676217431573775 0.1439737669162926
v -0.1844141387527971 -0.1046730643752590 0.2078366272857907
v -0.1534021165132973 -0.0783425656675702 0.2295045682139380
v -0.1812731515530634 -0.0762541777187972 0.2081176652512396
v -0.1240444251194923 -0.1063166192253460 0.2541514253678790
v -0.0854482571712904 -0.0795947363571855 0.2710818075870552
v -0.1210672330529958 -0.0793033534359531 0.2508509534331514
v -0.0496508308023214 -0.1063536886502365 0.2917036148616066
v -0.0093871421898008 -0.0796197366669953 0.3011545940493875
v -0.0481252084481650 -0.0796490473750483 0.2882040025280486
v 0.0301585202833871 -0.1063174813049946 0.3126004255440665
v 0.0713054094959151 -0.0795938742775368 0.3118452437718787
v 0.0306193880635374 -0.0795999088350772 0.3091206410424267
v 0.1124619540005076 -0.1063166192253460 0.3126728402345503
v 0.1520137372392007 -0.0795925811580639 0.3012494228107352
v 0.1120028965876194 -0.0795921501182396 0.3091965040515050
v 0.1919857843065943 -0.1063166192253460 0.2913760245951324
v 0.2272323417800975 -0.0795925811580639 0.2700934332699166
v 0.1906418021344015 -0.0795925811580639 0.2881315878375648
v 0.2632866678843542 -0.1063166192253460 0.2502095661745808
v 0.2918240904925007 -0.0795925811580639 0.2205298880320177
v 0.2611487103557857 -0.0795925811580639 0.2474237557900771
v 0.3216761845647872 -0.1063006707518466 0.1919903102247495
v 0.3434143849842967 -0.0790813679264344 0.1558980526159537
v 0.3189205469679851 -0.0795417184587956 0.1898510595767081
v 0.3682164164749887 -0.1058304063035264 0.1206174429963302
v 0.3846192059492117 -0.0765757334277311 0.0802350460161952
v 0.3660383722427595 -0.0778878186529251 0.1191794941424382
v -0.2429924508762770 -0.1309845973306781 0.0904136204274083
v -0.2101864408880067 -0.1581030368372022 0.1200277805166767
v -0.2032518721945369 -0.1321294391040406 0.1689861458412469
v -0.2250939532117046 -0.1314522755400525 0.1320706021680225
v -0.1691941225564756 -0.1583569192937197 0.1873911152993814
v -0.1527831433255908 -0.1331419516513405 0.2261096985576869
v -0.1796675282075155 -0.1327484122917471 0.1997360958675673
v -0.1132029114584933 -0.1581396752222684 0.2401568553920657
v -0.0854978267510858 -0.1331126409432875 0.2710486175205835
v -0.1209254209507984 -0.1332048834656895 0.2500332708864388
v -0.0441165380820991 -0.1579569143367617 0.2786823328090811
v -0.0094181511947616 -0.1330385020935066 0.3012162327442636
v -0.0481986576342271 -0.1330557436864789 0.2883285730372737
v 0.0319334991759058 -0.1579556212172888 0.2990731027378034
v 0.0713041163764422 -0.1330393641731552 0.3118473989710002
v 0.0306121465944891 -0.1330363468943850 0.3091365895159262
v 0.1106731387296287 -0.1579607936951805 0.2991123273618154
v 0.1520137372392007 -0.1330406572926281 0.3012489917709110
v 0.1120028965876194 -0.1330406572926281 0.3091956419718563
v 0.1867473573217772 -0.1579607936951805 0.2787293161499307
v 0.2272323417800975 -0.1330406572926281 0.2700934332699166
v 0.1906418021344015 -0.1330406572926281 0.2881315878375648
v 0.2549533749610044 -0.1579607936951805 0.2393499488409609
v 0.2918240904925007 -0.1330406572926281 0.2205298880320177
v 0.2611487103557857 -0.1330406572926281 0.2474237557900771
v 0.3106751861687941 -0.1579607936951805 0.1836596035403456
v 0.3423992861980509 -0.1330247088191287 0.1559359841204929
v 0.3188188215694484 -0.1330389331333309 0.1898545078953026
v 0.3510330138789435 -0.1579607936951805 0.1154531548612941
v 0.3780316243143100 -0.1329764323588062 0.0807091898229342
v 0.3626667787370210 -0.1329919497924813 0.1193402719969051
v -0.2051859478862076 -0.1795843375214240 0.0742694548477702
v -0.1728484781869603 -0.1957560896498178 0.1010779767206167
v -0.1759631719574111 -0.1797438222564181 0.1437418674908148
v -0.1927840700612130 -0.1796826146013663 0.1100285186723758
v -0.1383614128838881 -0.1957927280348840 0.1608830281840777
v -0.1307789913344831 -0.1795351989814529 0.2021606948793008
v -0.1552680879127274 -0.1796722696455829 0.1745284559022014
v -0.0895862394846488 -0.1957552275701692 0.2096176838398321
v -0.0713778241863988 -0.1793433862596358 0.2471034932006162
v -0.1025937282627963 -0.1794175251094168 0.2264825480057135
v -0.0298101538973813 -0.1957604000480609 0.2441284563332412
v -0.0025470315634299 -0.1793252825870149 0.2756611746805052
v -0.0378565036096891 -0.1793205411489474 0.2636080080733759
v 0.0367993784405734 -0.1957724691631416 0.2620226435995705
v 0.0712954955799560 -0.1793326102640281 0.2854345716568686
v 0.0340469305384711 -0.1793300240250822 0.2829724721804203
v 0.1057903195998657 -0.1957724691631416 0.2620265229579893
v 0.1451705489884842 -0.1793330413038524 0.2757120373797736
v 0.1085502675949109 -0.1793330413038524 0.2829914379326899
v 0.1724320937166786 -0.1957724691631416 0.2441694051165505
v 0.2140123503685660 -0.1793330413038524 0.2471961667628424
v 0.1805240043384158 -0.1793330413038524 0.2637049920338452
v 0.2321815410428039 -0.1957724691631416 0.2096728569373435
v 0.2731286001927826 -0.1793330413038524 0.2018348287721238
v 0.2450536833161187 -0.1793330413038524 0.2264484958595931
v 0.2809670593978266 -0.1957724691631416 0.1608877696221451
v 0.3185214040906757 -0.1793330413038524 0.1427185789479072
v 0.2977452845590220 -0.1793330413038524 0.1737599118954599
v 0.3154631765372093 -0.1957724691631416 0.1011383222960198
v 0.3471756384912097 -0.1793330413038524 0.0738767775678255
v 0.3350996267733921 -0.1793330413038524 0.1092302329177571
v -0.1600750440334121 -0.2059144051892885 0.0619029222883689
v -0.1256409966287298 -0.2095463467489091 0.0815135101350933
v -0.1362109552004147 -0.2059609574903138 0.1196398446747993
v -0.1500378506845721 -0.2059363882203282 0.0915360481299068
v -0.0978298761245425 -0.2095635883418814 0.1297201420060701
v -0.0981298798422610 -0.2060010441939744 0.1693745127229486
v -0.1187995325373105 -0.2059816474018805 0.1457449095543749
v -0.0584733539262609 -0.2095847092932725 0.1691158888283637
v -0.0485055579891345 -0.2060402688179865 0.2075051576608977
v -0.0745601912092661 -0.2060217341055412 0.1900721830065782
v -0.0102850800414014 -0.2095980715278261 0.1969507165228880
v 0.0092744683797267 -0.2060583724906074 0.2314640752552429
v -0.0203989596853840 -0.2060523379330671 0.2213764502469589
v 0.0434679955624450 -0.2095997956871233 0.2113560674512669
v 0.0712937714206588 -0.2060592345702560 0.2396305557665855
v 0.0400157976095609 -0.2060596656100803 0.2375770820435814
v 0.0991195472788725 -0.2095993646472990 0.2113556364114426
v 0.1333147986208881 -0.2060588035304317 0.2314649373348916
v 0.1025713141919323 -0.2060588035304317 0.2375757889241084
v 0.1528740927285198 -0.2095993646472990 0.1969520096423609
v 0.1911090493039515 -0.2060588035304317 0.2075258475724645
v 0.1629949078032756 -0.2060588035304317 0.2213855020832693
v 0.2010695175640647 -0.2095993646472990 0.1691266648239714
v 0.2407381125951453 -0.2060588035304317 0.1694443411744865
v 0.2171688550019747 -0.2060588035304317 0.1901079593119958
v 0.2404204362446302 -0.2095993646472990 0.1297753151035816
v 0.2788196189931234 -0.2060588035304317 0.1198152778832927
v 0.2614017307326546 -0.2060588035304317 0.1458750835813159
v 0.2682462121028439 -0.2095993646472990 0.0815803213078610
v 0.3027587087555503 -0.2060588035304317 0.0620210272002293
v 0.2926792735039281 -0.2060588035304317 0.0917007053427925
v -0.1090821707381072 -0.2060165616276495 0.0483281851014318
v -0.0784705844953898 -0.1957129856673870 0.0620318031958370
v -0.0904332327394143 -0.2060178547471224 0.0933580534672574
v -0.1012312113781582 -0.2060165616276495 0.0714517475162677
v -0.0573117015997504 -0.1957129856673870 0.0986809642576390
v -0.0607526925172025 -0.2060221651453655 0.1320447397785641
v -0.0768580645126529 -0.2060195789064196 0.1136703741479555
v -0.0273884859564531 -0.1957138477470357 0.1286063351000578
v -0.0220780753209765 -0.2060277686630815 0.1617252800007759
v -0.0423854390436950 -0.2060251824241356 0.1481509738536631
v 0.0092590371540165 -0.1957142787868600 0.1497652179956971
v 0.0229608017771772 -0.2060277686630815 0.1803811146366577
v -0.0001689245071464 -0.2060281997029058 0.1725262759182900
v 0.0501348885250195 -0.1957142787868600 0.1607175088915434
v 0.0712937714206588 -0.2060277686630815 0.1867441245230948
v 0.0469193314356805 -0.2060277686630815 0.1851432426156143
v 0.0924526543162981 -0.1957142787868600 0.1607175088915434
v 0.1196266979601579 -0.2060277686630815 0.1803811146366577
v 0.0956686424454613 -0.2060277686630815 0.1851432426156143
v 0.1333285918952660 -0.1957142787868600 0.1497647869558728
v 0.1646660492021184 -0.2060277686630815 0.1617252800007759
v 0.1427562949325342 -0.2060277686630815 0.1725258448784656
v 0.1699768908774193 -0.1957142787868600 0.1286059040602335
v 0.2033419595178173 -0.2060277686630815 0.1320481880971585
v 0.1849744905243977 -0.2060277686630815 0.1481514048934874
v 0.1999001065207166 -0.1957142787868600 0.0986826884169362
v 0.2330190514214347 -0.2060277686630815 0.0933722777814596
v 0.2194451763141461 -0.2060277686630815 0.1136807191037389
v 0.2210589894163559 -0.1957142787868600 0.0620348204746072
v 0.2516748860573165 -0.2060277686630815 0.0483329265394991
v 0.2438200473389487 -0.2060277686630815 0.0714625235118754
v -0.0649139509810736 -0.1792580403744228 0.0364799348267786
v -0.0440275283583794 -0.1578883790046967 0.0476833495242667
v -0.0508215349651423 -0.1792576093345984 0.0704900976682362
v -0.0589793946799987 -0.1792580403744228 0.0539437719325186
v -0.0277128865282274 -0.1578836375666293 0.0759211994545191
v -0.0284099210281162 -0.1792576093345984 0.0997003734421278
v -0.0405702441355685 -0.1792576093345984 0.0858277877365937
v -0.0046694285543409 -0.1578840686064536 0.0989878646125464
v 0.0007916477413244 -0.1792567472549498 0.1221135822265039
v -0.0145416457208252 -0.1792571782947741 0.1118625931248070
v 0.0235396882612231 -0.1578857927657508 0.1152893597280570
v 0.0347990519279065 -0.1792571782947741 0.1362003947247191
v 0.0173345251584476 -0.1792567472549498 0.1302697177820630
v 0.0550056385397017 -0.1578870858852238 0.1237222228508220
v 0.0712937714206588 -0.1792571782947741 0.1410047646064579
v 0.0528892330023486 -0.1792571782947741 0.1397961289390978
v 0.0875823353414401 -0.1578866548453995 0.1237217918109977
v 0.1077886202253584 -0.1792571782947741 0.1361999636848948
v 0.0896983098389689 -0.1792571782947741 0.1397956978992735
v 0.1190486735557607 -0.1578866548453995 0.1152906528475299
v 0.1417963692437999 -0.1792571782947741 0.1221135822265039
v 0.1252530607868524 -0.1792571782947741 0.1302688557024144
v 0.1472610921363789 -0.1578866548453995 0.0990020889267486
v 0.1709993173406783 -0.1792571782947741 0.0997055459200195
v 0.1571306109935630 -0.1792571782947741 0.1118647483239286
v 0.1702962913872316 -0.1578866548453995 0.0759668896758958
v 0.1934077846869870 -0.1792571782947741 0.0705025978231411
v 0.1831585197445874 -0.1792571782947741 0.0858368395729042
v 0.1865844242681887 -0.1578866548453995 0.0477549021351019
v 0.2074941661453779 -0.1792571782947741 0.0364947194927523
v 0.2015630581628975 -0.1792571782947741 0.0539592893661937
v -0.0395844560573757 -0.1330195363412370 0.0295246762217420
v -0.0280486665513635 -0.1329941049916028 0.0571787258139514
v -0.0347184474807608 -0.1330048809872105 0.0437087313043211
v -0.0097807893093503 -0.1329902256331841 0.0810027279432881
v -0.0196857180881013 -0.1329902256331841 0.0696844842366042
v 0.0139715093452128 -0.1329897945933597 0.0992766612948329
v 0.0015030358673626 -0.1329897945933597 0.0909209543006190
v 0.0416192657559873 -0.1329949670712514 0.1107492172586191
v 0.0274206846313290 -0.1329923808323056 0.1059202781068947
v 0.0712937714206588 -0.1329962601907243 0.1146570243057969
v 0.0563280687206792 -0.1329962601907243 0.1136746845461986
v 0.1009691391649789 -0.1329958291509001 0.1107500793382677
v 0.0862594741206384 -0.1329958291509001 0.1136738224665500
v 0.1286224990934694 -0.1329958291509001 0.0992956270471024
v 0.1151701772166358 -0.1329958291509001 0.1059271747440836
v 0.1523684830146063 -0.1329958291509001 0.0810747115939476
v 0.1410911880912318 -0.1329958291509001 0.0909619030839283
v 0.1705898295075855 -0.1329958291509001 0.0573282966329863
v 0.1622556745045871 -0.1329958291509001 0.0697974166705730
v 0.1820438507589264 -0.1329958291509001 0.0296754108483025
v 0.1772209461647424 -0.1329958291509001 0.0438764057959770
v -0.1080308646066196 0.0311620672023414 0.0606085096959715
v -0.1480675676476594 0.0492254807036941 0.0800897855954034
v -0.1846098308330330 0.0240555567229551 0.0926795967837964
v -0.1427899160388302 0.0293118287564986 0.0814251469711101
v -0.2346970894574663 0.0334438196162991 0.0891325700695644
v -0.2601517152421609 0.0033168945520338 0.0774048385297878
v -0.2252827486547516 0.0139558669099886 0.0927102006113222
v -0.1105382232646202 0.0730670692578626 0.0625468957858853
v -0.1520102889206062 0.1008544825717129 0.0904386207372182
v -0.1983841394586247 0.0658350830856201 0.0983792363806233
v -0.1497313813694889 0.0714079969741004 0.0862480515652942
v -0.2546542333229345 0.0799835342787114 0.0957498934523434
v -0.2818894846218460 0.0385250032732087 0.0744910093174646
v -0.2452135990909370 0.0537503212593691 0.0941365113899580
v -0.1184042690184199 0.1396765153878523 0.0606141132136875
v -0.1670871998952573 0.1776192269624031 0.0651693420769762
v -0.2103748052912294 0.1352432707948428 0.0929011512534907
v -0.1589668406451157 0.1407459251919609 0.0835549147430168
v -0.2596672264796385 0.1528538338567773 0.0581916694010756
v -0.3026160345737043 0.0953966563163229 0.0680961024840286
v -0.2580193612313084 0.1167326965797529 0.0824471423945448
v -0.3466377007904732 0.1100179581966803 0.0474833470457877
v -0.3772682527854602 0.0767334940034278 0.0602891091861591
v -0.3450372499228169 0.0544745974761541 0.0670253995604471
v -0.3450398361617628 0.0834878880503368 0.0655594331179751
v 0.3838687656150911 0.0041118181960229 0.0513846884956010
v 0.3716871491403180 0.0444843012601988 0.0421247461579535
v 0.3461540741075994 0.0192664025470143 0.0597994479457450
v 0.3665780341027933 0.0122056641865713 0.0606490274394564
v 0.3394919225830924 0.0431429053269518 0.0363289846803058
v 0.3090643903453545 0.0227554544048768 0.0386335822049519
v 0.3256219231165041 0.0222463101644040 0.0521191803562221
v 0.3779342093140163 0.0707566957995708 0.0227126521503230
v 0.3632310098670404 0.0875030240137674 0.0146605696083518
v 0.3570210191182326 0.0692359872994116 0.0261459274549200
v 0.3686879740427818 0.0706855742285599 0.0265851570358900
v 0.3455945844156474 0.0828633113449143 0.0124885599336630
v 0.3355608393854019 0.0616307206393183 0.0172366360143472
v 0.3450096633740612 0.0655911145450617 0.0228642919605146
v -0.0390691479474153 -0.1063739475219790 -0.0144706534617616
v -0.0501120434143311 -0.0543733031174416 -0.0178947045141184
v -0.0429712221649298 -0.0795848224412264 0.0000000001505389
v -0.0420695299564596 -0.0796473232157511 -0.0152816548911975
v 0.1815046199387169 -0.1063166192253460 -0.0145095332539142
v 0.1859507957264557 -0.0796374092997920 0.0000000001505389
v 0.1950159942714808 -0.0547465836052925 -0.0162883052968868
v 0.1849675938872088 -0.0796374092997920 -0.0149654440760850
v -0.0714273937661943 -0.0135559438505973 -0.0276760326232491
v -0.0614720979839729 -0.0316426766064450 0.0000000001505389
v -0.0611988187353615 -0.0319815170123337 -0.0226084698247877
v 0.2121795690356077 -0.0332109719032079 0.0000000001505389
v 0.2312030806416243 -0.0154183807234680 -0.0210925458666783
v 0.2110088648727867 -0.0332264893368830 -0.0183978573010334
v -0.0829658988230996 0.0145191842355805 -0.0330865307059301
v -0.0753024417867247 0.0011247553175497 0.0000000000000000
v -0.0776597985858661 0.0005939728778967 -0.0312971550832796
v 0.2541296578567515 -0.0007461299358774 0.0000000000000000
v 0.2780523681058548 0.0108878685457848 -0.0246305638485822
v 0.2538468957320053 -0.0012282048753837 -0.0239090462866727
v -0.2793605739726300 -0.0272059405908586 -0.0478704208080165
v -0.2703785661136964 -0.0986872143350914 -0.0497092366985151
v -0.2844817581252354 -0.0621251233177997 0.0000000000000000
v -0.2770674421073106 -0.0619768456182377 -0.0501932944212132
v 0.3940270811545617 -0.0430145416672728 -0.0368020077835016
v 0.3999211197121517 -0.0783817902915823 0.0000000000000000
v 0.3954939096766824 -0.1059864427199260 -0.0410938282101556
v 0.3961564178866441 -0.0775421247138300 -0.0402826543647901
v -0.2335056953830786 -0.1578758788497918 -0.0410360257697159
v -0.2583534170951472 -0.1310005458041775 0.0000000003010779
v -0.2543891438309850 -0.1309281311136938 -0.0459022929702254
v 0.3897403901018170 -0.1330341916952635 0.0000000003010779
v 0.3723957786114807 -0.1579607936951805 -0.0393789793731280
v 0.3869386312438139 -0.1330074672261564 -0.0407001595386150
v -0.1907155099443581 -0.1956832439195098 -0.0344223231214611
v -0.2150990017656469 -0.1795533026540739 0.0000000000000000
v -0.2126321608511312 -0.1795511474549523 -0.0373984375883968
v 0.3569330869940738 -0.1793330413038524 0.0000000003010779
v 0.3333198633388237 -0.1957724691631416 -0.0344964188672597
v 0.3544830566327061 -0.1793330413038524 -0.0372563668623049
v -0.1400118643711641 -0.2095364328329500 -0.0278054307785064
v -0.1681941101640807 -0.2058997498352620 0.0000000000000000
v -0.1661527055561572 -0.2059027671140322 -0.0312168092600285
v 0.3109238961474199 -0.2060588035304317 0.0000000003010779
v 0.2826494078321014 -0.2095993646472990 -0.0278255172343192
v 0.3088695603447673 -0.2060588035304317 -0.0312774565633087
v -0.0894241685107089 -0.1957129856673870 -0.0211580208159907
v -0.1154425943855985 -0.2060161305878252 0.0000000001505389
v -0.1138421435179423 -0.2060161305878252 -0.0243730606575405
v 0.2580383269835779 -0.2060277686630815 0.0000000001505389
v 0.2320112803122021 -0.1957142787868600 -0.0211588828956393
v 0.2564370140362731 -0.2060277686630815 -0.0243745692969256
v -0.0524939694834580 -0.1578969998011829 -0.0162494686087166
v -0.0697256485398256 -0.1792576093345984 0.0000000000000000
v -0.0685144266335197 -0.1792576093345984 -0.0183955296859821
v 0.2122985360271167 -0.1792571782947741 0.0000000000000000
v 0.1950159942714808 -0.1578866548453995 -0.0162883052968868
v 0.2110899003597566 -0.1792571782947741 -0.0184044953143277
v -0.0435507552087122 -0.1330389331333309 0.0000000001505389
v -0.0425488893450727 -0.1330328985757905 -0.0148773395359964
v 0.1859507957264557 -0.1329958291509001 0.0000000001505389
v 0.1849675938872088 -0.1329958291509001 -0.0149654440760850
v -0.0923181698911139 0.0524817710564301 -0.0313829751122993
v -0.0834107319217857 0.0327565697204222 0.0000000000000000
v -0.0889858010093875 0.0323577285709898 -0.0319643616273262
v -0.2933641957847538 -0.0027979226035667 0.0000000000000000
v -0.2910012354678964 0.0150668763675412 -0.0404257164824780
v -0.2843524461779429 -0.0016773052683304 -0.0431617417672741
v -0.3037130309265686 0.0191604098542169 0.0000000000000000
v -0.3168377625369280 0.0304961106737853 -0.0421106942596810
v -0.2994970304050104 0.0249064724401218 -0.0409241709353079
v -0.0904608192881701 0.1024113984171140 -0.0335373552581740
v -0.0852810137194588 0.0742649289296150 -0.0000000003010779
v -0.0904073703499558 0.0739278557870060 -0.0327148450654292
v -0.1263638504140946 0.1784588925401554 -0.0310420226112716
v -0.0976268563672933 0.1433037155094056 -0.0000000000000000
v -0.1007587917307165 0.1417877484473137 -0.0317649195006188
v -0.2198917335721294 0.1991371660316912 -0.0373426610351314
v -0.1707040550610271 0.2056441432194472 -0.0000000000000000
v -0.1699885289526756 0.1990332854340328 -0.0356161741228474
v -0.3050190815942223 0.1484024855911469 -0.0226984709401032
v -0.2646444433309249 0.1867434779633584 -0.0000000000000000
v -0.2627431266659015 0.1776420720730914 -0.0299069223379385
v -0.3493937694270996 0.0257114824159998 0.0000000000000000
v -0.3785859415283702 0.0444924479128782 -0.0389310427877070
v -0.3480459078964880 0.0335922266278084 -0.0411008972632743
v -0.3878649358262521 0.1007389638987983 -0.0312637926008781
v -0.3560283344028509 0.1288056910188003 -0.0000000000501795
v -0.3525994126004794 0.1246474498336995 -0.0250698365335346
v -0.3998775846898965 0.0674226027585471 -0.0000000003512574
v -0.3947391589443188 0.0705545381219703 -0.0365850654399273
v 0.3926007703759260 0.0422579374636647 -0.0200698176755423
v 0.3983499795525484 -0.0003687114657132 0.0000000000000000
v 0.3947443314222105 0.0005041010745284 -0.0287078557546780
v 0.2998953112026712 0.0235109379049417 0.0000000001505389
v 0.3202037525249505 0.0390804842947946 -0.0142740561978947
v 0.3015858493936078 0.0232477880922016 -0.0202062848839183
v 0.3705496350439688 0.0881862221352959 -0.0081878169826458
v 0.3842493737799553 0.0719920559360380 -0.0000000000000000
v 0.3827920281339693 0.0716118788109982 -0.0128979615587909
v 0.3298939588152224 0.0601453574047523 -0.0000000000000000
v 0.3377837117593591 0.0795296493437149 -0.0060158073079569
v 0.3309827654114249 0.0603686360337440 -0.0091770533794330
v 0.3448773341479986 0.0911177239804157 -0.0000000000000000
v 0.3530580389735433 0.0941406062682889 -0.0058468396968281
v 0.3451126818920709 0.0900336588222807 -0.0053686872197231
v 0.3607572723153358 0.0956281247019764 -0.0000000000000000
v 0.3610137410107992 0.0944858691675597 -0.0064027086542560
v -0.0501120434143311 -0.0543733031174416 0.0178947045141184
v -0.0390691479474153 -0.1063739475219790 0.0144706534617616
v -0.0420695299564596 -0.0796473232157511 0.0152816548911975
v 0.1950159942714808 -0.0547465836052925 0.0162883052968868
v 0.1815046199387169 -0.1063166192253460 0.0145095332539142
v 0.1849675938872088 -0.0796374092997920 0.0149654440760850
v -0.0714273937661943 -0.0135559438505973 0.0276760326232491
v -0.0611988187353615 -0.0319815170123337 0.0226084698247877
v 0.2312030806416243 -0.0154183807234680 0.0210925458666783
v 0.2110088648727867 -0.0332264893368830 0.0183978573010334
v -0.0829658988230996 0.0145191842355805 0.0330865307059301
v -0.0776597985858661 0.0005939728778967 0.0312971550832796
v 0.2780523681058548 0.0108878685457848 0.0246305638485822
v 0.2538468957320053 -0.0012282048753837 0.0239090462866727
v -0.2703785661136964 -0.0986872143350914 0.0497092366985151
v -0.2793605739726300 -0.0272059405908586 0.0478704208080165
v -0.2770674421073106 -0.0619768456182377 0.0501932944212132
v 0.3954939096766824 -0.1059864427199260 0.0410938282101556
v 0.3940270811545617 -0.0430145416672728 0.0368020077835016
v 0.3961564178866441 -0.0775421247138300 0.0402826543647901
v -0.2335056953830786 -0.1578758788497918 0.0410360257697159
v -0.2543891438309850 -0.1309281311136938 0.0459022929702254
v 0.3723957786114807 -0.1579607936951805 0.0393789793731280
v 0.3869386312438139 -0.1330074672261564 0.0407001595386150
v -0.1907155099443581 -0.1956832439195098 0.0344223231214611
v -0.2126321608511312 -0.1795511474549523 0.0373984375883968
v 0.3333198633388237 -0.1957724691631416 0.0344964188672597
v 0.3544830566327061 -0.1793330413038524 0.0372563668623049
v -0.1400118643711641 -0.2095364328329500 0.0278054307785064
v -0.1661527055561572 -0.2059027671140322 0.0312168092600285
v 0.2826494078321014 -0.2095993646472990 0.0278255172343192
v 0.3088695603447673 -0.2060588035304317 0.0312774565633087
v -0.0894241685107089 -0.1957129856673870 0.0211580208159907
v -0.1138421435179423 -0.2060161305878252 0.0243730606575405
v 0.2320112803122021 -0.1957142787868600 0.0211588828956393
v 0.2564370140362731 -0.2060277686630815 0.0243745692969256
v -0.0524939694834580 -0.1578969998011829 0.0162494686087166
v -0.0685144266335197 -0.1792576093345984 0.0183955296859821
v 0.1950159942714808 -0.1578866548453995 0.0162883052968868
v 0.2110899003597566 -0.1792571782947741 0.0184044953143277
v -0.0425488893450727 -0.1330328985757905 0.0148773395359964
v 0.1849675938872088 -0.1329958291509001 0.0149654440760850
v -0.0923181698911139 0.0524817710564301 0.0313829751122993
v -0.0889858010093875 0.0323577285709898 0.0319643616273262
v -0.2910012354678964 0.0150668763675412 0.0404257164824780
v -0.2843524461779429 -0.0016773052683304 0.0431617417672741
v -0.3168377625369280 0.0304961106737853 0.0421106942596810
v -0.2994970304050104 0.0249064724401218 0.0409241709353079
v -0.0904608192881701 0.1024113984171140 0.0335373552581740
v -0.0904073703499558 0.0739278557870060 0.0327148450654292
v -0.1263638504140946 0.1784588925401554 0.0310420226112716
v -0.1007587917307165 0.1417877484473137 0.0317649195006188
v -0.2198917335721294 0.1991371660316912 0.0373426610351314
v -0.1699885289526756 0.1990332854340328 0.0356161741228474
v -0.3050190815942223 0.1484024855911469 0.0226984709401032
v -0.2627431266659015 0.1776420720730914 0.0299069223379385
v -0.3785859415283702 0.0444924479128782 0.0389310427877070
v -0.3480459078964880 0.0335922266278084 0.0411008972632743
v -0.3878649358262521 0.1007389638987983 0.0312637926008781
v -0.3525994126004794 0.1246474498336995 0.0250698365335346
v -0.3947391589443188 0.0705545381219703 0.0365850654399273
v 0.3926007703759260 0.0422579374636647 0.0200698176755423
v 0.3947443314222105 0.0005041441785108 0.0287078557546780
v 0.3202037525249505 0.0390804842947946 0.0142740561978947
v 0.3015858493936078 0.0232477880922016 0.0202062848839183
v 0.3705496350439688 0.0881862221352959 0.0081878169826458
v 0.3827920281339693 0.0716118788109982 0.0128979615587909
v 0.3377837117593591 0.0795296493437149 0.0060158073079569
v 0.3309827654114249 0.0603686360337440 0.0091770533794330
v 0.3530580389735433 0.0941406062682889 0.0058468396968281
v 0.3451126818920709 0.0900336588222807 0.0053686872197231
v 0.3610137410107992 0.0944858691675597 0.0064027086542560
v -0.0340889138173587 -0.1063838614379381 -0.0356510452446340
v -0.0322966071239029 -0.0929905920170347 -0.0429764377468040
v -0.0371682192182338 -0.0798068079507451 -0.0374088256481627
v -0.0370093379389938 -0.0929694710656436 -0.0291054037846374
v -0.0348831909016114 -0.0929832643400215 -0.0361226890203920
v -0.0284869909487025 -0.1063778268803978 -0.0490760391966064
v -0.0258066129052246 -0.0929974886542236 -0.0560916433770462
v -0.0315094853007338 -0.0798714639243913 -0.0512101173667562
v -0.0292656643913152 -0.0929949024152778 -0.0496411324062744
v -0.0315578048650387 -0.0673088082449298 -0.0606166994526333
v -0.0399625641912588 -0.0553323667265273 -0.0578291649088324
v -0.0381945681438940 -0.0671570822267733 -0.0469092019998093
v -0.0351109523447758 -0.0672402729128648 -0.0539002369102634
v -0.0456068582746446 -0.0549543448006091 -0.0429723428684730
v -0.0428907901337139 -0.0669557866288214 -0.0321151824618516
v -0.0407930486207534 -0.0670618224256012 -0.0396463533761464
v -0.0211885815395342 -0.1063748096016276 -0.0616761953407828
v -0.0176678051506026 -0.0930026611321153 -0.0682473974623608
v -0.0240812898004663 -0.0799128437475249 -0.0640697594851660
v -0.0219355304510778 -0.0930013680126424 -0.0623020651656782
v -0.0123206699220949 -0.1063717923228575 -0.0732310799110118
v -0.0080037284944803 -0.0929815401807242 -0.0792397750618677
v -0.0150067376912537 -0.0799154299864707 -0.0758268017329956
v -0.0130187389175620 -0.0929970576143993 -0.0739017778776353
v -0.0129409362292744 -0.0673389810326313 -0.0845475994583985
v -0.0226292028403369 -0.0556634053115960 -0.0835635355395029
v -0.0231033035430935 -0.0673889816522511 -0.0732013381631346
v -0.0182288465859221 -0.0673842402141837 -0.0790371863444428
v -0.0322690205751472 -0.0555970251786525 -0.0713357978035288
v -0.0275507724503051 -0.0673609640636710 -0.0670555723481487
v -0.0020215336720229 -0.1063506713714664 -0.0835281902739096
v 0.0030488308852965 -0.0929138669283078 -0.0888726530555066
v -0.0043960932705524 -0.0798305151410820 -0.0863006384238598
v -0.0026380757951203 -0.0929513673930227 -0.0842359576654236
v 0.0095342129778548 -0.1063170502651703 -0.0923895069820370
v 0.0152688530084155 -0.0928500730343102 -0.0970012020623100
v 0.0075595764387167 -0.0796912892778305 -0.0953339400218861
v 0.0090276118723454 -0.0928776595830660 -0.0931334817187929
v 0.0118087239227641 -0.0669031997702558 -0.1030034316158013
v 0.0018667472711138 -0.0550612426770375 -0.1039892196939941
v -0.0012052735567305 -0.0671251852797745 -0.0945274645106055
v 0.0051620467279498 -0.0670036320493196 -0.0989620022230879
v -0.0111661728566679 -0.0554496095587391 -0.0944791880502830
v -0.0072529907428810 -0.0672450143509322 -0.0897166290315020
v 0.0221356622415041 -0.1063002397120223 -0.0996714937738991
v 0.0284239298224062 -0.0928380039192296 -0.1034909376570938
v 0.0205883154802026 -0.0796089606713876 -0.1027939462611875
v 0.0217432435854539 -0.0928380039192296 -0.1004585724930858
v 0.0355670786868587 -0.1063054121899140 -0.1052508732597441
v 0.0422972913996240 -0.0928526592732561 -0.1082220307687003
v 0.0344485303427790 -0.0796076675519147 -0.1085431554378098
v 0.0352841441461829 -0.0928440384767699 -0.1060836422003074
v 0.0405214073234744 -0.0668338023585422 -0.1148492680674383
v 0.0311886192555188 -0.0547233074547799 -0.1181393950463826
v 0.0257930782547413 -0.0668256126018803 -0.1098336886717885
v 0.0330775650775845 -0.0668247505222317 -0.1125789813128072
v 0.0160858027874268 -0.0547914117470206 -0.1119380250940610
v 0.0186945851160871 -0.0668480266727443 -0.1066345110957733
v 0.0496081578597149 -0.1063131709067515 -0.1090241958817378
v 0.0566694522615313 -0.0928617111095665 -0.1110884456003496
v 0.0489292701364295 -0.0796262022643600 -0.1124427727283258
v 0.0494361729698159 -0.0928582627909721 -0.1098914480082458
v 0.0640234227040529 -0.1063161881855217 -0.1109246504671125
v 0.0712942024604831 -0.0928647283883367 -0.1120513885678540
v 0.0637962647166425 -0.0796343920210218 -0.1144078832873468
v 0.0639660944074199 -0.0928638663086881 -0.1118095752264171
v 0.0712946335003074 -0.0668544922701090 -0.1189213012876776
v 0.0631350496261538 -0.0547383938486307 -0.1245161982071976
v 0.0557746135862675 -0.0668471645930957 -0.1178949954659999
v 0.0635178129901394 -0.0668514749913388 -0.1186626773930927
v 0.0469542456614495 -0.0547284799326716 -0.1223752233998590
v 0.0480982253551634 -0.0668411300355554 -0.1166225659046421
v 0.0785641201372646 -0.1063166192253460 -0.1109246504671125
v 0.0859193836992592 -0.0928655904679853 -0.1110910318392954
v 0.0787925712441480 -0.0796374092997920 -0.1144100384864683
v 0.0786223105135462 -0.0928651594281610 -0.1118104373060658
v 0.0929806781010756 -0.1063166192253460 -0.1090263510808593
v 0.1002949928797609 -0.0928651594281610 -0.1082332378041323
v 0.0936621520633068 -0.0796378403396163 -0.1124526866442849
v 0.0931539561104475 -0.0928655904679853 -0.1098970515259618
v 0.1020734631948564 -0.0668566474692305 -0.1148708200586537
v 0.0956393317374084 -0.0547470146451168 -0.1223928960326556
v 0.0868159465338202 -0.0668566474692305 -0.1179036162624860
v 0.0944944899640459 -0.0668570785090548 -0.1166367902188443
v 0.0794559415337582 -0.0547452904858196 -0.1245222327647379
v 0.0790718850502997 -0.0668562164294062 -0.1186665567515115
v 0.1070256797363330 -0.1063166192253460 -0.1052629423748247
v 0.1141731821030110 -0.0928651594281610 -0.1035202483651468
v 0.1081485384786557 -0.0796374092997920 -0.1085711730263899
v 0.1073110281000250 -0.0928651594281610 -0.1061039010720499
v 0.1204598979405456 -0.1063166192253460 -0.0996986492828306
v 0.1273194657045858 -0.0928651594281610 -0.0970395646066735
v 0.1220047446708661 -0.0796374092997920 -0.1028314467259023
v 0.1208525752204904 -0.0928651594281610 -0.1004947798383277
v 0.1307552841441462 -0.0668566474692305 -0.1029900693812477
v 0.1264875588436710 -0.0547465836052925 -0.1119212145409130
v 0.1168029560711151 -0.0668566474692305 -0.1098686028975575
v 0.1238918370216873 -0.0668566474692305 -0.1066573562064616
v 0.1114063374707769 -0.0547465836052925 -0.1181678436747869
v 0.1095196761597800 -0.0668566474692305 -0.1126104472199817
v 0.1330522953678844 -0.1063166192253460 -0.0924283005662247
v 0.1395049615377777 -0.0928651594281610 -0.0888946360865463
v 0.1349928366569198 -0.0796374092997920 -0.0953326469024131
v 0.1335454049268930 -0.0928651594281610 -0.0931662407454403
v 0.1445886452256682 -0.1063166192253460 -0.0835764667342322
v 0.1505262188055132 -0.0928651594281610 -0.0792324473848545
v 0.1468916910069468 -0.0796374092997920 -0.0862023613439175
v 0.1451735662672544 -0.0928651594281610 -0.0842437163822612
v 0.1553848997051149 -0.0668566474692305 -0.0840911282844561
v 0.1535741014031963 -0.0547465836052925 -0.0938222833580373
v 0.1436882030326885 -0.0668566474692305 -0.0943459967445717
v 0.1497042258605576 -0.0668566474692305 -0.0894097286765946
v 0.1406235098818574 -0.0547465836052925 -0.1037594754676378
v 0.1373631246507904 -0.0668566474692305 -0.0988796736166450
v 0.1548702381548909 -0.1063166192253460 -0.0732944427651851
v 0.1601884075072051 -0.0928651594281610 -0.0682111901171189
v 0.1574965638044006 -0.0796374092997920 -0.0755979195862880
v 0.1555374878029200 -0.0928651594281610 -0.0738797948465956
v 0.1637220719868835 -0.1063166192253460 -0.0617585239472256
v 0.1683333360273323 -0.0928651594281610 -0.0560256942839270
v 0.1666264183230719 -0.0796374092997920 -0.0636990652362610
v 0.1644600121660990 -0.0928651594281610 -0.0622516335062342
v 0.1742842718417308 -0.0668566474692305 -0.0594615127234874
v 0.1750532468882966 -0.0547465836052925 -0.0693297384611986
v 0.1656401992050548 -0.0668566474692305 -0.0723944316120297
v 0.1701734450373038 -0.0668566474692305 -0.0660689221903073
v 0.1651160547786961 -0.0547465836052925 -0.0822803299825375
v 0.1607039311370777 -0.0668566474692305 -0.0784104544398988
v 0.1709924207034893 -0.1063166192253460 -0.0491661265198868
v 0.1748140197858055 -0.0928651594281610 -0.0428794106823522
v 0.1741252181465611 -0.0796374092997920 -0.0507109732502073
v 0.1717885512589865 -0.0928651594281610 -0.0495588037998316
v 0.1765571448353078 -0.1063166192253460 -0.0357318652116917
v 0.1795270092247911 -0.0928651594281610 -0.0290010490431724
v 0.1798649444470486 -0.0796374092997920 -0.0368547239540145
v 0.1773976724927087 -0.0928651594281610 -0.0360172135753837
v 0.1861645914793125 -0.0668566474692305 -0.0307795193582679
v 0.1894616150954457 -0.0547465836052925 -0.0401124367381708
v 0.1811623743182162 -0.0668566474692305 -0.0455091846504563
v 0.1839042186406405 -0.0668566474692305 -0.0382259478431037
v 0.1832149859615717 -0.0547465836052925 -0.0551933563831879
v 0.1779511276271204 -0.0668566474692305 -0.0525976345612041
v -0.0489945726698122 -0.0440473130863152 -0.0555640506320930
v -0.0579505026193751 -0.0333639910408373 -0.0528661723717481
v -0.0533500145745340 -0.0433373904956796 -0.0389339307545298
v -0.0514590428652941 -0.0436908431516123 -0.0475238647892727
v -0.0423456971718938 -0.0446637000350759 -0.0702349220922458
v -0.0527987146392439 -0.0344545217963369 -0.0693862046781830
v -0.0459568626119828 -0.0443805068705054 -0.0631141441946748
v -0.0568095402044314 -0.0262861878137498 -0.0840510415807955
v -0.0678437286668962 -0.0179652226293753 -0.0834122405611707
v -0.0627992696030177 -0.0248600063470614 -0.0678185128371742
v -0.0601927717854262 -0.0256259210108746 -0.0762750831502761
v -0.0712584261550655 -0.0158845071894749 -0.0641844160784320
v -0.0658993080194420 -0.0233152027207234 -0.0483967204334968
v -0.0646833446750687 -0.0240643930393534 -0.0585645188491021
v -0.0334229141848202 -0.0449917213413744 -0.0833820677734692
v -0.0450087905184170 -0.0352420315553479 -0.0837230202744969
v -0.0381609470375980 -0.0448718922702167 -0.0769862988603846
v -0.0223685530585778 -0.0449184445712420 -0.0951662655302302
v -0.0346242221751670 -0.0354829828171362 -0.0964279190959802
v -0.0281519867972502 -0.0450111181334683 -0.0894373152253503
v -0.0354659136400936 -0.0270014552982068 -0.1102918840050281
v -0.0497249696521024 -0.0200174463368889 -0.1128358810480949
v -0.0475992536545442 -0.0270506369421604 -0.0979869901405028
v -0.0418728464846278 -0.0271331379645330 -0.1043043098055633
v -0.0607013987781098 -0.0194960174614233 -0.0993197652772637
v -0.0525948328023461 -0.0267646851227143 -0.0912623378414711
v -0.0093824955804948 -0.0444132658971528 -0.1056642404512556
v -0.0218937626921023 -0.0350739260238678 -0.1078315086878771
v -0.0160929580485103 -0.0447007694599664 -0.1005831430023109
v 0.0051140719955043 -0.0438460174883633 -0.1147268527573348
v -0.0072134557701954 -0.0342622780346955 -0.1179812034308615
v -0.0022943948120047 -0.0441098138608399 -0.1103867127663759
v -0.0043324459300950 -0.0251585445293773 -0.1313585243782655
v -0.0188933806830580 -0.0183247098428483 -0.1360659102995350
v -0.0208411203371593 -0.0261562293067209 -0.1214760743263521
v -0.0127824428858763 -0.0256296710573461 -0.1265985515984304
v -0.0355584578903726 -0.0194885173684803 -0.1249769797793830
v -0.0284288005724209 -0.0266446405316445 -0.1160281619869212
v 0.0206905150225461 -0.0435783417574679 -0.1221549620496375
v 0.0088735582391377 -0.0336428738071646 -0.1266416555808612
v 0.0127855894765937 -0.0436757567577616 -0.1186609532337955
v 0.0370817095254952 -0.0435175651422404 -0.1276817546769168
v 0.0259635976092376 -0.0334109743816868 -0.1335219132564682
v 0.0287991068854840 -0.0435326515360912 -0.1251735339392676
v 0.0322071232563766 -0.0244609065737345 -0.1458694800635999
v 0.0191731686330165 -0.0170115039141110 -0.1535303508610290
v 0.0134648651357210 -0.0246326328397389 -0.1396258682084961
v 0.0227367472765018 -0.0245175883106310 -0.1430272034621119
v -0.0004678075213216 -0.0173978449086384 -0.1457293921206998
v 0.0044292359226435 -0.0248362560527420 -0.1357184922011426
v 0.0540435576518459 -0.0435136857838217 -0.1310576585808984
v 0.0437925685501491 -0.0333583875231212 -0.1382732652398171
v 0.0455085380907199 -0.0435119616245244 -0.1296455721164648
v 0.0712959266197803 -0.0435244617794294 -0.1322012072347879
v 0.0620772778973015 -0.0333596806425942 -0.1406875192957671
v 0.0626514229432800 -0.0435184272218891 -0.1319115484728528
v 0.0712972197392533 -0.0244377597351691 -0.1510160955658394
v 0.0606996746188126 -0.0168935283141979 -0.1617377801556808
v 0.0515900789718838 -0.0244242681886683 -0.1497078896990642
v 0.0614233904838260 -0.0244286647948762 -0.1506833328214735
v 0.0396778623873033 -0.0169006835752814 -0.1589657630455550
v 0.0418382339867358 -0.0244324148413477 -0.1480996801145704
v 0.0885500197470120 -0.0435300652971454 -0.1310723139349249
v 0.0805167305413806 -0.0333717497576748 -0.1406978642515505
v 0.0799412923759292 -0.0435279100980238 -0.1319197382295147
v 0.1055114368335384 -0.0435309273767940 -0.1277015825088350
v 0.0988023019681817 -0.0333756291160936 -0.1382935241115596
v 0.0970859013877866 -0.0435304963369697 -0.1296645378687344
v 0.1103821868482207 -0.0244497426422849 -0.1458793939795590
v 0.1029195943699734 -0.0169177096483416 -0.1589894702358919
v 0.0910069467455685 -0.0244472426113039 -0.1497285796106310
v 0.1007574986112436 -0.0244490098745836 -0.1481212321057858
v 0.0818977821384640 -0.0169112871549594 -0.1617524355097073
v 0.0811727731539777 -0.0244437080847446 -0.1506958329763785
v 0.1218862087191813 -0.0435309273767940 -0.1221407377354353
v 0.1166176089466626 -0.0333764911957422 -0.1335201890971709
v 0.1137895566593767 -0.0435309273767940 -0.1251890513729427
v 0.1373971767969107 -0.0435309273767940 -0.1144940912522084
v 0.1336583373608617 -0.0333764911957422 -0.1264619119741247
v 0.1297669098270076 -0.0435309273767940 -0.1185708659105151
v 0.1468067761615580 -0.0244502167860916 -0.1307921380491245
v 0.1429916426766065 -0.0169193475996739 -0.1453880085798477
v 0.1290880221037222 -0.0244503029940565 -0.1395271600887296
v 0.1380902888343983 -0.0244503029940565 -0.1354490923109500
v 0.1234008826618003 -0.0169191751837442 -0.1535027643122733
v 0.1198387695537175 -0.0244501305781268 -0.1430090997894909
v 0.1517745101367097 -0.0435309273767940 -0.1048844894090821
v 0.1496309490904252 -0.0333764911957422 -0.1172398149330514
v 0.1447429574827706 -0.0435309273767940 -0.1099242070348932
v 0.1647776885166142 -0.0435309273767940 -0.0934839170959554
v 0.1642638890460388 -0.0333764911957422 -0.1060116585496480
v 0.1584625240506752 -0.0435309273767940 -0.0993969214058148
v 0.1780851810124802 -0.0244501305781268 -0.1067914095918215
v 0.1781774235348822 -0.0169192182877266 -0.1218773724027830
v 0.1632306865871722 -0.0244501736821092 -0.1198144158036441
v 0.1708708674730344 -0.0244501305781268 -0.1135458036387304
v 0.1613548012717830 -0.0169192182877266 -0.1347857220213397
v 0.1551982594611895 -0.0244501736821092 -0.1255718147369283
v 0.1761782608297409 -0.0435309273767940 -0.0804807387160509
v 0.1773054299703068 -0.0333764911957422 -0.0929701176253801
v 0.1706906928264736 -0.0435309273767940 -0.0871687526300164
v 0.1857878626728672 -0.0435309273767940 -0.0661029743364277
v 0.1885344484333588 -0.0333687324789046 -0.0783363155901178
v 0.1812184094953763 -0.0435309273767940 -0.0734487550222875
v 0.2020928061069723 -0.0243750865447147 -0.0755039529045888
v 0.2060863900791874 -0.0168441311503321 -0.0900519780148138
v 0.1911090493039515 -0.0244426304851838 -0.0919360530868648
v 0.1968686034363573 -0.0244201302063549 -0.0839006086821119
v 0.1931711438234418 -0.0169192182877266 -0.1068836521142234
v 0.1848395750593892 -0.0244501305781268 -0.0995770960523756
v 0.1934345091560941 -0.0435309273767940 -0.0505924372985226
v 0.1977591317133779 -0.0333389907310274 -0.0623598245021355
v 0.1898646373311738 -0.0435309273767940 -0.0584727073665245
v 0.1989953539294937 -0.0435309273767940 -0.0342175361009323
v 0.2048096501195866 -0.0332898521910562 -0.0453147856896934
v 0.1964828227936014 -0.0435309273767940 -0.0424956990307531
v 0.2170921299132479 -0.0240036164241259 -0.0390494063234620
v 0.2247534317505012 -0.0160522247851132 -0.0520183170373340
v 0.2108308454253474 -0.0242057741017265 -0.0577666641343077
v 0.2142856296171774 -0.0241033590394709 -0.0485096528674655
v 0.2167158321466268 -0.0165437826007542 -0.0716534741540439
v 0.2067566570059866 -0.0242999994073202 -0.0667784137411186
v -0.0768416849993292 -0.0102399544821946 -0.0803764270785683
v -0.0836348726304259 -0.0029542176438609 -0.0742285060644609
v -0.0769464276766361 -0.0077196215254823 -0.0571248458359128
v -0.0772774662617047 -0.0089158001419199 -0.0692913759168352
v -0.0729407745893403 -0.0126770967528154 -0.0994904570476897
v -0.0834965088468230 -0.0064546920570675 -0.0974904322628998
v -0.0754571850836513 -0.0115432895989552 -0.0904274137017862
v -0.0907185811031063 -0.0044674691550596 -0.1154751378923338
v -0.1027118331746568 -0.0006556546767552 -0.1124363071309612
v -0.0925306725244979 -0.0005905676632846 -0.0927080454122007
v -0.0924263608870153 -0.0027939570371831 -0.1047702638556404
v -0.1015928537907528 0.0058627450663451 -0.0857359762540161
v -0.0885021743265137 0.0047962232290594 -0.0647201985800471
v -0.0912246218568441 0.0022044669734593 -0.0793402073409315
v -0.0640915269962936 -0.0139953889514795 -0.1149828904129739
v -0.0779171293609781 -0.0088523941837641 -0.1161066112349453
v -0.0691105547105379 -0.0134926672043889 -0.1076125404571285
v -0.0509831748992579 -0.0140842693632518 -0.1282274510944909
v -0.0666588001898730 -0.0097571036710045 -0.1310408480277503
v -0.0580073998761838 -0.0141907793038384 -0.1217911644379214
v -0.0679269193529877 -0.0068326277750209 -0.1475061382764981
v -0.0848245425455165 -0.0054843352045850 -0.1499022886598271
v -0.0821145951700910 -0.0064454678048273 -0.1329861307548531
v -0.0756183939779426 -0.0068203000360457 -0.1404547577906407
v -0.0970979705028672 -0.0040519898684089 -0.1335697586769664
v -0.0872146583713052 -0.0056729151277198 -0.1247700806637151
v -0.0345929286839223 -0.0131002485483387 -0.1404939824146528
v -0.0510732622225383 -0.0093240379595221 -0.1443694614750075
v -0.0431430346388991 -0.0136813333354885 -0.1344809768655538
v -0.0157848076781124 -0.0118766126950927 -0.1515678265409539
v -0.0323036330730391 -0.0081212213297902 -0.1568394435922428
v -0.0254382893753532 -0.0124592492256100 -0.1462087084053305
v -0.0284445766299906 -0.0048411375787523 -0.1739155172720352
v -0.0465415681336568 -0.0043791059910764 -0.1788121296761760
v -0.0496822967094959 -0.0059984364030373 -0.1612571707515772
v -0.0393759189903754 -0.0053985582795476 -0.1677697514570493
v -0.0675355351925158 -0.0053629112860774 -0.1646162641024108
v -0.0592406048135295 -0.0065175807674341 -0.1544713107974937
v 0.0046499714166717 -0.0112069923280299 -0.1609718223878852
v -0.0112849243282648 -0.0071294417980395 -0.1678693216564645
v -0.0057380711075622 -0.0114705731805944 -0.1565127154054172
v 0.0262424803755650 -0.0109703514644847 -0.1681438940245488
v 0.0112713465737992 -0.0067050830910081 -0.1768452949578578
v 0.0153274744245214 -0.0110516455753493 -0.1648731638376984
v 0.0195907600148062 -0.0039574628349381 -0.1930097194092384
v 0.0028144314288378 -0.0031200386642722 -0.2018361218915967
v -0.0051479000009159 -0.0041924657471510 -0.1847372031011160
v 0.0070764238996496 -0.0040388431537675 -0.1892363967872447
v -0.0228219207457851 -0.0035057762030456 -0.1915079766613487
v -0.0170117194340231 -0.0044494947943859 -0.1796009325546599
v 0.0485831451575100 -0.0109162990705165 -0.1725650695024777
v 0.0348775011759305 -0.0065800384379763 -0.1831195106404875
v 0.0373429196590260 -0.0109288854333863 -0.1707120292977768
v 0.0712985128587262 -0.0109336699754361 -0.1740750020070292
v 0.0590901719148459 -0.0065744349202603 -0.1863173950970298
v 0.0599169062978690 -0.0109215577563731 -0.1736905144837463
v 0.0712989438985505 -0.0039278503990082 -0.1998369591864554
v 0.0573608401397216 -0.0030015889205524 -0.2127004806632841
v 0.0452236207668522 -0.0039065139277049 -0.1981015928537908
v 0.0582332647441213 -0.0039138847087006 -0.1993951433665395
v 0.0297277821869560 -0.0030033992878145 -0.2090418146345563
v 0.0323245816085006 -0.0039172037153478 -0.1959688078031139
v 0.0940173288785368 -0.0109464287542356 -0.1725930870910577
v 0.0835094400415523 -0.0065963748473176 -0.1863354987696507
v 0.0826814125390563 -0.0109416873161682 -0.1737068939970700
v 0.1163512263352402 -0.0109499201768125 -0.1681559631396294
v 0.1077261194508337 -0.0066040904601727 -0.1831527007069592
v 0.1052566922973722 -0.0109488856812342 -0.1707400468863569
v 0.1230189813774632 -0.0039458247596818 -0.1930407542765886
v 0.1128839419885053 -0.0030326237879025 -0.2090840565373386
v 0.0973798705479648 -0.0039422040251576 -0.1981347829202625
v 0.1102826166488055 -0.0039448333680859 -0.1960076013873017
v 0.0852383407768523 -0.0030248219670826 -0.2127185843359050
v 0.0843667782521012 -0.0039369453393011 -0.1994136780789848
v 0.1379135625064319 -0.0109506960484963 -0.1608338896441066
v 0.1313199463139899 -0.0066057284115051 -0.1768319327233042
v 0.1272517924521694 -0.0109504805285841 -0.1648477324880643
v 0.1583379535414502 -0.0109506098405314 -0.1507647993482678
v 0.1538878983952926 -0.0066059008274348 -0.1674839720535330
v 0.1482904152368268 -0.0109506960484963 -0.1561334003600260
v 0.1712191476510754 -0.0039464713194183 -0.1730758516942829
v 0.1655815777889489 -0.0030343048432173 -0.1911963348683739
v 0.1477718743281840 -0.0039466006313656 -0.1846346156229307
v 0.1596849529924132 -0.0039465575273832 -0.1792388591022410
v 0.1398183274900497 -0.0030341324272876 -0.2018675877987712
v 0.1355329295567779 -0.0039463851114534 -0.1892428623846093
v 0.1772700847047135 -0.0109505236325666 -0.1381111942658772
v 0.1750420398528646 -0.0066057715154875 -0.1552704586317611
v 0.1680109182387498 -0.0109505667365490 -0.1447474834009258
v 0.1943927106855312 -0.0109505236325666 -0.1230989392648724
v 0.1944215903537598 -0.0066057284115051 -0.1404000157329536
v 0.1860770903949780 -0.0109505236325666 -0.1308848116113508
v 0.2126097467802672 -0.0039463851114534 -0.1413159753596084
v 0.2118541339682550 -0.0030340893233052 -0.1602778482707491
v 0.1929530376723419 -0.0039463851114534 -0.1585493785752733
v 0.2030630767514899 -0.0039463851114534 -0.1502540171564626
v 0.1897305839458140 -0.0030341324272876 -0.1772534896714776
v 0.1823235956049024 -0.0039464282154359 -0.1661680074699202
v 0.2094084140051305 -0.0109129800638693 -0.1059720028858116
v 0.2116937871536124 -0.0066057284115051 -0.1231278189331010
v 0.2021785830320096 -0.0109505236325666 -0.1147833189743192
v 0.2220930539548712 -0.0105751310495766 -0.0869997850188876
v 0.2265857820436352 -0.0063652943975060 -0.1037344751578279
v 0.2160550480959624 -0.0108003493577776 -0.0966994741852943
v 0.2444411757257768 -0.0031187024408169 -0.0999736526907392
v 0.2485808821984324 -0.0026268860012813 -0.1185346585652732
v 0.2298504776729453 -0.0038635823612038 -0.1216640076897505
v 0.2374906585588076 -0.0036153034224023 -0.1110487899365132
v 0.2315716196914078 -0.0030340893233052 -0.1405599315077719
v 0.2215477885771214 -0.0039463851114534 -0.1317693053308311
v 0.2321780927242094 -0.0097286550426002 -0.0664822893818189
v 0.2388855034302688 -0.0054035152375272 -0.0825255916425688
v 0.2274952760729255 -0.0101996953626042 -0.0769082806521848
v 0.2390436950457899 -0.0087179528625624 -0.0448626249139941
v 0.2482860509586056 -0.0035744839510403 -0.0597520335650711
v 0.2360557269836857 -0.0092165797313221 -0.0557812947035443
v 0.2651922949476206 0.0027968019000235 -0.0508980445339570
v 0.2750372445348191 0.0034745689197657 -0.0689599062919422
v 0.2563296851200204 -0.0009976847773437 -0.0764910341022545
v 0.2615392324366089 0.0008960024827894 -0.0638848434005378
v 0.2626564876612156 -0.0009980296092031 -0.0947770365688799
v 0.2506757357445701 -0.0022910197701803 -0.0884873034525751
v -0.1161007921973171 0.0030246495511528 -0.1078142670949047
v -0.1335518705242576 0.0068885767442161 -0.1037357682773008
v -0.1170637351648215 0.0132233104181787 -0.0831424096311538
v -0.1162857082819453 0.0073231295430924 -0.0945240161920110
v -0.1121106565436964 -0.0024173144387026 -0.1324218996248337
v -0.1282699085171853 -0.0012137219372869 -0.1289705637515982
v -0.1148162935208787 -0.0001343982172193 -0.1206575296999909
v -0.1369532057778733 -0.0068027136112139 -0.1492712463570400
v -0.1573413894676496 -0.0081083332390434 -0.1440134225801289
v -0.1474016111191033 -0.0000444833098686 -0.1238756730282757
v -0.1426019826754319 -0.0038772032196520 -0.1369103173153547
v -0.1700118051031882 0.0012549724484732 -0.1172648152428613
v -0.1556051610553363 0.0110088954766142 -0.1007240930248597
v -0.1516404567513498 0.0048620430102313 -0.1114018115526216
v -0.1016394060917781 -0.0052105387081844 -0.1512656676241139
v -0.1187400490415560 -0.0057440798027131 -0.1512626503453437
v -0.1076614634771875 -0.0040872920300198 -0.1424728862480516
v -0.0855620516849077 -0.0060812391532869 -0.1668912922951093
v -0.1037351217175644 -0.0078770803733020 -0.1683839832066884
v -0.0942160382375428 -0.0058531328782630 -0.1592536976481929
v -0.1033295132428904 -0.0120263128260749 -0.1852975548727167
v -0.1229254457355883 -0.0166919740923514 -0.1854803157582233
v -0.1222814722380719 -0.0105245700781852 -0.1688318335841446
v -0.1133240336491239 -0.0115065650059241 -0.1771677127464403
v -0.1417834380490706 -0.0137829294220780 -0.1676348359920408
v -0.1301690699830871 -0.0089875682726672 -0.1597222379372158
v -0.0651867991898606 -0.0056112333288613 -0.1823156213681527
v -0.0841301373885560 -0.0082521712284150 -0.1843979747593855
v -0.0758485692441232 -0.0059610221462874 -0.1746327675396839
v -0.0414608155165716 -0.0046985496048712 -0.1968576119208374
v -0.0607401923622976 -0.0076488016823484 -0.2005093813123762
v -0.0536870877171430 -0.0051507965885353 -0.1897777828065757
v -0.0540814891563850 -0.0115091081408875 -0.2189087472527946
v -0.0742795842836414 -0.0175640969688741 -0.2206372169482704
v -0.0804037981074119 -0.0120673047133666 -0.2023913011853057
v -0.0676286397945664 -0.0118081635709925 -0.2108487335780562
v -0.1003975803579462 -0.0176746586838091 -0.2026857013853081
v -0.0923302390061946 -0.0121766164128112 -0.1937899014912361
v -0.0152500165680932 -0.0041530256032268 -0.2092844900556419
v -0.0343193908114163 -0.0069865520962814 -0.2150608547411956
v -0.0286188891349408 -0.0043732869534482 -0.2033926066971735
v 0.0127134334100046 -0.0039392729543523 -0.2187458141992062
v -0.0056265050698365 -0.0066623239404368 -0.2268191901084981
v -0.0014429920198364 -0.0040156963152022 -0.2144349849163001
v 0.0060703338457319 -0.0109243164112486 -0.2436181051812603
v -0.0134943913636861 -0.0169539169935834 -0.2500949095813149
v -0.0250028529448371 -0.0111118187348227 -0.2329761629589160
v -0.0096667447926348 -0.0109962138539432 -0.2387770969144553
v -0.0450982312819609 -0.0171877992022530 -0.2369744883691985
v -0.0398402781931026 -0.0112798811623204 -0.2263191839123007
v 0.0417434052253880 -0.0038919447816433 -0.2245432998361510
v 0.0245768131824910 -0.0065502535861166 -0.2349779119030031
v 0.0271305086216047 -0.0039016431776902 -0.2221187008244176
v 0.0712980818189019 -0.0039128071091398 -0.2265071172756990
v 0.0556289221256513 -0.0065459000838911 -0.2390977905437406
v 0.0564875534556732 -0.0038993155626390 -0.2260096973184474
v 0.0712967886994289 -0.0108905659930053 -0.2522906264463406
v 0.0540146779836173 -0.0168411569755444 -0.2637110265913856
v 0.0383787083568385 -0.0108759537429613 -0.2501065476565711
v 0.0547996015036824 -0.0108802210372219 -0.2517397575508749
v 0.0197761502432412 -0.0168515450353102 -0.2591545046086239
v 0.0221107050356766 -0.0108874625062703 -0.2473970313209700
v 0.1008605171292532 -0.0039266003835177 -0.2245743347035012
v 0.0869672415121524 -0.0065660727476688 -0.2391115838181185
v 0.0861103343414277 -0.0039215141135908 -0.2260256457919468
v 0.1299212220841099 -0.0039299624941473 -0.2187996941772447
v 0.1180430576456497 -0.0065730124888401 -0.2350231710845555
v 0.1154852673282050 -0.0039290573105162 -0.2221626668864970
v 0.1365928564847517 -0.0109044023713656 -0.2437000027478789
v 0.1228543241645775 -0.0168595192720599 -0.2592122639450812
v 0.1042247829579785 -0.0109014281965779 -0.2501337031655026
v 0.1205142089584084 -0.0109034971877345 -0.2474466009007655
v 0.0885797614948892 -0.0168544330021331 -0.2637230957064662
v 0.0877952690146484 -0.0108973764222294 -0.2517518266659555
v 0.1579767421686799 -0.0039306521578662 -0.2092715588609126
v 0.1483192949050554 -0.0065744349202603 -0.2269105705512514
v 0.1441045875029701 -0.0039304797419365 -0.2144944684120547
v 0.1845529335762243 -0.0039305659499013 -0.1961705344408902
v 0.1772787055011996 -0.0065746073361901 -0.2149151632805795
v 0.1714794957049576 -0.0039306521578662 -0.2031555347938040
v 0.1974418864026871 -0.0109049627231372 -0.2184949490214588
v 0.1881861682553178 -0.0168610279114450 -0.2370335408251288
v 0.1678415195877966 -0.0109050920350845 -0.2330869401937632
v 0.1828804990579086 -0.0109050489311021 -0.2262747868103969
v 0.1562465483139069 -0.0168608123915329 -0.2502634461526194
v 0.1523904660456460 -0.0109048765151723 -0.2389046847024505
v 0.2091868595354361 -0.0039304366379540 -0.1797052441921425
v 0.2044234384370065 -0.0065744349202603 -0.1992429863085588
v 0.1971388654061985 -0.0039304797419365 -0.1883406960323323
v 0.2314664459742767 -0.0039304366379540 -0.1601722435137936
v 0.2292914190208176 -0.0065743918162779 -0.1801612843262605
v 0.2206460532646687 -0.0039304366379540 -0.1703029725045084
v 0.2496942580646205 -0.0109048765151723 -0.1784004866439616
v 0.2455519653530190 -0.0168608554955153 -0.1987028934087006
v 0.2248792953791992 -0.0109049196191548 -0.2001563596962678
v 0.2376428156167883 -0.0109048765151723 -0.1896838161248765
v 0.2181244702924659 -0.0168608985994977 -0.2197484128305469
v 0.2114601635688373 -0.0109049196191548 -0.2097745823358803
v 0.2510076364092874 -0.0038169438522137 -0.1379521405707075
v 0.2514550557469193 -0.0065743918162779 -0.1579976476001588
v 0.2415967439251672 -0.0039304366379540 -0.1493522818440099
v 0.2675487896671133 -0.0027954225725858 -0.1138539971131108
v 0.2705815858709456 -0.0060971014188215 -0.1335249305352383
v 0.2596685195991114 -0.0034764223910102 -0.1260830279685578
v 0.2899904470798938 -0.0096975770712676 -0.1274614933266953
v 0.2911986517074296 -0.0163841685538129 -0.1474138957540961
v 0.2714703899886691 -0.0107841422603836 -0.1537165600651301
v 0.2811489582036847 -0.0104219825999999 -0.1406918296940102
v 0.2699966648293594 -0.0168608554955153 -0.1742581939323602
v 0.2609780185853596 -0.0109048765151723 -0.1663486131563053
v 0.2812963738235980 0.0002959950473524 -0.0886692022584332
v 0.2864330754098785 -0.0041878105170484 -0.1079621137546424
v 0.2746182738255916 -0.0016603654032351 -0.1013758252392136
v 0.2958538818099578 0.0081123375990112 -0.0638589810110793
v 0.3005254914258098 0.0012554465922800 -0.0828303367983547
v 0.2880020603703602 0.0034410340214345 -0.0757556801619848
v 0.3201166824804402 0.0030409859604941 -0.0770548341924496
v 0.3245714790646652 -0.0081318680134506 -0.0933046045290432
v 0.3054298625467881 -0.0062988280565977 -0.1012172025838682
v 0.3126993491837453 -0.0026221445632139 -0.0887416169489169
v 0.3091087874472582 -0.0144774638909857 -0.1198083812461038
v 0.2979724425464325 -0.0084902345233804 -0.1142139153664081
v -0.1804602104444182 -0.0094244702385859 -0.1351986581730269
v -0.2056019013166650 -0.0108905659930053 -0.1226523820068891
v -0.1948681476117430 0.0027153784772117 -0.1088582455493791
v -0.1881275468392119 -0.0039210830737665 -0.1210687416923809
v -0.1629530969403177 -0.0174157761653296 -0.1634873708025477
v -0.1859197608591054 -0.0213672906506923 -0.1544605348018860
v -0.1720178644455184 -0.0138907324821374 -0.1498152186153169
v -0.1865076991794618 -0.0344459009998508 -0.1737599118954599
v -0.2085549551530003 -0.0419744425712172 -0.1608584589140921
v -0.2101782511313448 -0.0258838552417406 -0.1404526025915192
v -0.1983358629983022 -0.0306808543424838 -0.1580933384411553
v -0.2352095958085687 -0.0317575918236056 -0.1207135648771510
v -0.2321983515959519 -0.0121903665832066 -0.1054125131938596
v -0.2220486568529675 -0.0198780480577076 -0.1218545272920947
v -0.1432998361509868 -0.0220459197500831 -0.1844402166621677
v -0.1645565650867440 -0.0279459066572484 -0.1810785370723883
v -0.1534189270664453 -0.0200953783371238 -0.1747827693985432
v -0.1208465406629500 -0.0242251708938203 -0.2017917247896930
v -0.1416480915442379 -0.0315340545707194 -0.2002149811123737
v -0.1324807365608518 -0.0233837380527884 -0.1931967906929881
v -0.1368519114191609 -0.0421688415319802 -0.2155746542117709
v -0.1574508735830239 -0.0520193946368947 -0.2117496068108603
v -0.1626168858773573 -0.0395313088470385 -0.1970222691337231
v -0.1500856961050702 -0.0410951213296286 -0.2064331616178433
v -0.1832688659396102 -0.0483447801346676 -0.1907588294467011
v -0.1746795353606214 -0.0373554198139309 -0.1864333448097687
v -0.0948531150978703 -0.0248634977696383 -0.2203807482528070
v -0.1157796675282075 -0.0331174362613330 -0.2185440875614299
v -0.1082825918640155 -0.0246865559217598 -0.2109625280916735
v -0.0656527532399378 -0.0247468583931805 -0.2386451987282170
v -0.0865370637674928 -0.0335385621696821 -0.2380003631510520
v -0.0806214732186875 -0.0248517303824347 -0.2297179329269706
v -0.0754951165881905 -0.0435636864034414 -0.2549436765649575
v -0.0966203783775338 -0.0545797711932853 -0.2518143274404802
v -0.1076692221940250 -0.0432882519557085 -0.2354136931653787
v -0.0919091130978455 -0.0434921337926063 -0.2453957134167072
v -0.1287832769479363 -0.0538590726070420 -0.2313157975556809
v -0.1226819082348542 -0.0428731606048997 -0.2253540857456747
v -0.0337779616881028 -0.0245509076890500 -0.2541751325582159
v -0.0545073565028015 -0.0334945961076026 -0.2557803248639396
v -0.0500098869759701 -0.0246446157468546 -0.2468336622705993
v 0.0001195704472631 -0.0244130611532363 -0.2658808810669529
v -0.0202576217269934 -0.0333851119922284 -0.2700330876945135
v -0.0170400818544626 -0.0244717687773070 -0.2605601254756928
v -0.0047551278922099 -0.0434908406731333 -0.2840638650155686
v -0.0255230318048122 -0.0547392559282793 -0.2854423303737061
v -0.0410398189201698 -0.0435654105627387 -0.2715473305973081
v -0.0231006742001652 -0.0435292032174968 -0.2783741393347008
v -0.0619841732952510 -0.0547526181628328 -0.2704736103949564
v -0.0585216303865834 -0.0435826521557110 -0.2636989574763050
v 0.0353686279517473 -0.0243679743876136 -0.2729986416857537
v 0.0156637285914642 -0.0333083869035015 -0.2798629508878612
v 0.0176171579712464 -0.0243807762703956 -0.2700283462564461
v 0.0712967886994289 -0.0243727158256810 -0.2753891885513667
v 0.0526353505458311 -0.0332928694698264 -0.2848043914337301
v 0.0532901000389552 -0.0243676295557542 -0.2747870259168083
v 0.0712993749383748 -0.0434507539694727 -0.2942510602232679
v 0.0515780098568032 -0.0546745999546331 -0.3010149371463116
v 0.0329139423602771 -0.0434554954075401 -0.2916829249500398
v 0.0520612054998527 -0.0434507539694727 -0.2936014832080354
v 0.0124933444757128 -0.0546909794679568 -0.2957898723960480
v 0.0139457762677016 -0.0434675645226207 -0.2885022820864698
v 0.1072390444493655 -0.0243786210712741 -0.2730348490309956
v 0.0899629682910941 -0.0332971798680695 -0.2848237882258239
v 0.0893056325590242 -0.0243762934562228 -0.2748016812708347
v 0.1425709478080817 -0.0243807762703956 -0.2660106240540697
v 0.1269793752832067 -0.0332993350671910 -0.2799521761314930
v 0.1250198682419017 -0.0243800003987118 -0.2701007609469299
v 0.1474537669378446 -0.0434524781287699 -0.2842354188656432
v 0.1301518283901147 -0.0546720137156872 -0.2959010806707195
v 0.1097020060054624 -0.0434511850092970 -0.2917402532466728
v 0.1287005173016692 -0.0434520470889456 -0.2886057316443038
v 0.0910280676969596 -0.0546720137156872 -0.3010459720136618
v 0.0905405616556671 -0.0434507539694727 -0.2936264835178453
v 0.1766804222250599 -0.0243813366221672 -0.2544255666961390
v 0.1630431842635981 -0.0333001971468396 -0.2702865391112066
v 0.1598146959795299 -0.0243811642062375 -0.2607760764276713
v 0.2089907364153759 -0.0243812935181848 -0.2384977831083036
v 0.1975384393233321 -0.0333006281866640 -0.2559979999752152
v 0.1930961428940122 -0.0243813366221672 -0.2469896986869988
v 0.2184240429703601 -0.0434529091685942 -0.2548372097283533
v 0.2047307698317382 -0.0546728757953358 -0.2705830945103307
v 0.1839003392822217 -0.0434529091685942 -0.2718563861513370
v 0.2014406428527940 -0.0434529091685942 -0.2639110290698645
v 0.1682704042129833 -0.0546724447555115 -0.2856858678744403
v 0.1658794263075459 -0.0434524781287699 -0.2786413840257719
v 0.2389398144481316 -0.0243812504142023 -0.2184802936674323
v 0.2298720296641607 -0.0333006281866640 -0.2373300962242528
v 0.2242922191384915 -0.0243812504142023 -0.2289786996282820
v 0.2660263570076569 -0.0243812504142023 -0.1947325855869981
v 0.2594939484702666 -0.0333001971468396 -0.2146005042088345
v 0.2528714526095960 -0.0243812504142023 -0.2070491175267797
v 0.2793674706098190 -0.0434529091685942 -0.2080736991891602
v 0.2702160640999323 -0.0546724447555115 -0.2268269488253357
v 0.2504248705668228 -0.0434529091685942 -0.2334481515665334
v 0.2653112619391297 -0.0434529091685942 -0.2212337760651129
v 0.2389070554214842 -0.0546724447555115 -0.2508513844729757
v 0.2347738145461932 -0.0434529091685942 -0.2446659629941535
v 0.2898456176989263 -0.0242651282855337 -0.1677766480942382
v 0.2858942756294933 -0.0333001971468396 -0.1881997460097835
v 0.2783428889474385 -0.0243812504142023 -0.1815776811889371
v 0.3105070806373140 -0.0232202877514107 -0.1390073260606139
v 0.3090665455444760 -0.0328579502870995 -0.1589717976030953
v 0.3005586814922814 -0.0239168481074927 -0.1535225921441914
v 0.3276258272597128 -0.0424334999841054 -0.1477182098700577
v 0.3228697338382965 -0.0543164058606330 -0.1677076817223489
v 0.3048914938062272 -0.0433507527302332 -0.1791897205622699
v 0.3165575866511277 -0.0430451454947987 -0.1637153908696067
v 0.2981207202459945 -0.0546724447555115 -0.1989222926792735
v 0.2925279785255960 -0.0434529091685942 -0.1940174905184709
v 0.3282521281244326 -0.0196514073180864 -0.1100923125663734
v 0.3295047298538721 -0.0310877128326483 -0.1282110715811672
v 0.3197145223243607 -0.0220593250886191 -0.1244235246449714
v 0.3435997321087492 -0.0079644090417069 -0.0834730171763982
v 0.3473937446423097 -0.0240118061807878 -0.0977641425513355
v 0.3361901575288918 -0.0152139816387811 -0.0963352455337539
v 0.3662771683054262 -0.0258946312373483 -0.0816816156665735
v 0.3668379511168511 -0.0472529562596950 -0.0971852560672896
v 0.3483105663486132 -0.0391166485360541 -0.1145751267391784
v 0.3580201694309790 -0.0346687485890181 -0.0975227602497229
v 0.3454993246144753 -0.0528918192412945 -0.1339098490983455
v 0.3381944927119248 -0.0414145218394409 -0.1313227480728479
v -0.2292500391976840 -0.0516913733305962 -0.1431560843695800
v -0.2463519752669349 -0.0649686930387607 -0.1221269444610574
v -0.2560262330837074 -0.0441024861838266 -0.0979412999191262
v -0.2428243453447968 -0.0474033891583786 -0.1212670200115626
v -0.2027066068167870 -0.0584793884838013 -0.1800026616709151
v -0.2204236367153256 -0.0702726380768727 -0.1638740135249521
v -0.2158658216130911 -0.0553905571028089 -0.1629002945618399
v -0.2094032415272387 -0.0876771641027879 -0.1810591402802944
v -0.2219021033127027 -0.1018053564241367 -0.1612420843577264
v -0.2351583020694761 -0.0842025520790398 -0.1435694515610915
v -0.2223835747964549 -0.0859633497613386 -0.1634360770634550
v -0.2455136028086555 -0.0997984350021579 -0.1201894204507922
v -0.2581822942848969 -0.0813934655440234 -0.0988861392140097
v -0.2472498312209688 -0.0826081357689239 -0.1219045279117144
v -0.1768209412077844 -0.0628359079880839 -0.2056878937616145
v -0.1942849507294541 -0.0746800202804237 -0.1957976849928636
v -0.1898073090345408 -0.0609354534027092 -0.1939666278192025
v -0.1492029265448871 -0.0652807658715598 -0.2259851280484618
v -0.1677764325743261 -0.0774615202666843 -0.2190846115011124
v -0.1634013783575982 -0.0642587704481252 -0.2160621602530635
v -0.1560112005698346 -0.0919746311511403 -0.2315032998792550
v -0.1711519054384833 -0.1053502279392471 -0.2201173829201547
v -0.1838352522687512 -0.0903297831815804 -0.2089232786828716
v -0.1704135342194434 -0.0912759155959368 -0.2205316121913149
v -0.1970211915341623 -0.1038424506338171 -0.1942955112051496
v -0.1966927391880395 -0.0891314924700037 -0.1959933770730995
v -0.1176038280646797 -0.0664208662068549 -0.2468513349033959
v -0.1377575260900324 -0.0789365385454669 -0.2401827177815242
v -0.1338785987110832 -0.0659799124665877 -0.2363529289425462
v -0.0829029670087506 -0.0667902673362870 -0.2669830498977089
v -0.1035562401904765 -0.0795029248746078 -0.2612403063184511
v -0.1005536167743458 -0.0666691451456564 -0.2571661178990903
v -0.0870693979505134 -0.0928699008662284 -0.2736740810904446
v -0.1061579965700006 -0.1063726544025061 -0.2647093148244833
v -0.1232771742322238 -0.0926940366179107 -0.2533682260071111
v -0.1054752294882964 -0.0928229175253788 -0.2638252521448272
v -0.1410286873167070 -0.1061592896894735 -0.2430862020380641
v -0.1402105737301702 -0.0924293781657855 -0.2425215398682204
v -0.0463458760534209 -0.0668635441064194 -0.2840651581350416
v -0.0669682867837263 -0.0796391334590892 -0.2801077815080683
v -0.0648273119763876 -0.0668493197922173 -0.2759879028673308
v -0.0082445288923300 -0.0668277678010018 -0.2969726456739497
v -0.0289285050407413 -0.0796378403396163 -0.2952571071732031
v -0.0274784439677862 -0.0668506129116902 -0.2910988659881022
v -0.0100955561410513 -0.0928612800697422 -0.3037270397208586
v -0.0301588651152466 -0.1063398953758586 -0.2987364606350186
v -0.0492458688873838 -0.0928884355786737 -0.2907855000358302
v -0.0298348093753317 -0.0928763664635930 -0.2978317080437958
v -0.0688170165901840 -0.1063657577653171 -0.2836211871160041
v -0.0683252001506484 -0.0928888666184980 -0.2826970377326875
v 0.0311785760276124 -0.0668027674911920 -0.3048792091712343
v 0.0104897851643636 -0.0796072365120904 -0.3057826686429843
v 0.0113363904832873 -0.0668122503673268 -0.3015709785196692
v 0.0713032542967936 -0.0667954398141787 -0.3075680355952687
v 0.0509189499654360 -0.0795955984368341 -0.3111486834157967
v 0.0511961085724662 -0.0667980260531246 -0.3068831133144430
v 0.0713067026153880 -0.0928423143174727 -0.3144573451071861
v 0.0506913609382013 -0.1063161881855217 -0.3146426922316387
v 0.0302767114032124 -0.0928457626360671 -0.3117137766254647
v 0.0507495513144829 -0.0928431763971213 -0.3137538881139152
v 0.0097868023148994 -0.1063209296235891 -0.3092495219498949
v 0.0099683131849156 -0.0928513661537832 -0.3083628730312930
v 0.1114429758558430 -0.0667937156548815 -0.3049520549015424
v 0.0916961794246373 -0.0795925811580639 -0.3111896321991059
v 0.0914147104193641 -0.0667941466947058 -0.3069197516995092
v 0.1509046717712558 -0.0667941466947058 -0.2971110094575526
v 0.1321380599005268 -0.0795921501182396 -0.3058783594839807
v 0.1313018426413690 -0.0667937156548815 -0.3016778763960976
v 0.1526917628828375 -0.0928418832776484 -0.3037779024201270
v 0.1328238442610011 -0.1063166192253460 -0.3093193504014328
v 0.1123451422081200 -0.0928418832776484 -0.3117892085947186
v 0.1326492731321563 -0.0928418832776484 -0.3084447705979115
v 0.0919267857306422 -0.1063166192253460 -0.3146866582937181
v 0.0918681643145362 -0.0928418832776484 -0.3137978541759947
v 0.1890021266427332 -0.0667945777345301 -0.2841724870512943
v 0.1715419964794822 -0.0795925811580639 -0.2953221941866737
v 0.1701643932009934 -0.0667945777345301 -0.2912648163204609
v 0.2250896428134616 -0.0667945777345301 -0.2663821803826233
v 0.2092321187169884 -0.0795925811580639 -0.2797107938298804
v 0.2073368366095054 -0.0667945777345301 -0.2758672117165245
v 0.2285414097265214 -0.0928418832776484 -0.2723611337856019
v 0.2107851552039708 -0.1063166192253460 -0.2828604018261002
v 0.1916439697259180 -0.0928418832776484 -0.2905510143714065
v 0.2103903227249045 -0.0928418832776484 -0.2820595298325356
v 0.1726708897793454 -0.1063166192253460 -0.2986472353913869
v 0.1723838172563561 -0.0928418832776484 -0.2978019662959185
v 0.2585400573390726 -0.0667945777345301 -0.2440241446957586
v 0.2445610047969345 -0.0795925811580639 -0.2593131272639693
v 0.2421803718472805 -0.0667945777345301 -0.2557501520762380
v 0.2887938805276143 -0.0667945777345301 -0.2175001091069555
v 0.2769264920847618 -0.0795925811580639 -0.2344783367466299
v 0.2741010260364218 -0.0667945777345301 -0.2312567450997507
v 0.2936758375777286 -0.0928418832776484 -0.2223816351172455
v 0.2792416069811210 -0.1063166192253460 -0.2371184556705175
v 0.2627431266659016 -0.0928418832776484 -0.2495013677432425
v 0.2786528065811161 -0.0928418832776484 -0.2364473266640697
v 0.2465118910417532 -0.1063166192253460 -0.2622329910338329
v 0.2460157642039745 -0.0928418832776484 -0.2614907404563742
v 0.3155166254754235 -0.0667234561635193 -0.1872505963166569
v 0.3057721081672887 -0.0795925811580639 -0.2056322896242788
v 0.3025505165204095 -0.0667945777345301 -0.2028072546157630
v 0.3396630453933427 -0.0660829309845973 -0.1538368201761121
v 0.3314181156339761 -0.0793882682813419 -0.1732508538629520
v 0.3278387609329210 -0.0665096604106624 -0.1709025489001211
v 0.3455937223359988 -0.0925246379669576 -0.1571997928853644
v 0.3342177192928576 -0.1062532563711727 -0.1752082057051354
v 0.3209891070848400 -0.0928104173704739 -0.1914441827673511
v 0.3335599525209634 -0.0927151575693018 -0.1747025959912219
v 0.3084122270911763 -0.1063166192253460 -0.2079478355604622
v 0.3077410980847284 -0.0928418832776484 -0.2073590351604573
v 0.3621529792664456 -0.0640591990094705 -0.1176579235626304
v 0.3550593568778062 -0.0785701546948050 -0.1378581738890083
v 0.3511347392774803 -0.0653708531948402 -0.1361249627554652
v 0.3819226208083398 -0.0601117362984563 -0.0785570079801635
v 0.3760376340870604 -0.0770671188274424 -0.0999111519162145
v 0.3726151778820535 -0.0618320162372702 -0.0983275116017063
v 0.3859532742054455 -0.0915599708401559 -0.0811867819482677
v 0.3776225675210415 -0.1057045426748284 -0.1012809964778658
v 0.3680901218064664 -0.0918694574340091 -0.1202014895658729
v 0.3777911040923460 -0.0916181612164375 -0.1008982331138802
v 0.3576076643191160 -0.1059993739146552 -0.1394435383628138
v 0.3572309355126707 -0.0922069616164425 -0.1390008604632493
v -0.2305854005733907 -0.1165344182605711 -0.1374736863657255
v -0.2347130379309657 -0.1311746858931980 -0.1117125912659478
v -0.2503619387524738 -0.1156456141428477 -0.0945270334707812
v -0.2411381175521033 -0.1160145842324554 -0.1165695480062522
v -0.2072157144188748 -0.1177736577554571 -0.1747021649513976
v -0.2144890804142508 -0.1317824520454726 -0.1512436845930742
v -0.2191339655609957 -0.1171417533730213 -0.1569480656279685
v -0.1978341326428075 -0.1457166764458827 -0.1624580477020998
v -0.2012070192680189 -0.1582159692711709 -0.1383629215232732
v -0.2181287806907090 -0.1453546029934638 -0.1260239755126276
v -0.2083769357055610 -0.1455369328391462 -0.1448186049719366
v -0.2180680040754815 -0.1579926906421793 -0.1009538372512159
v -0.2342069971772279 -0.1450847720634469 -0.0858122703029186
v -0.2268267333054235 -0.1451951182584698 -0.1062849377982594
v -0.1829179995226234 -0.1188952233783069 -0.2045913284485745
v -0.1917357812084956 -0.1324574604103392 -0.1850535863321582
v -0.1952616869713364 -0.1183667685537051 -0.1904450324546048
v -0.1556417994404025 -0.1196516982699678 -0.2297511229934423
v -0.1667746960226339 -0.1329828979561708 -0.2133246263288823
v -0.1698294752575059 -0.1193322977601554 -0.2175552822044670
v -0.1485736084013972 -0.1460951294116253 -0.2211661028126965
v -0.1567823308155220 -0.1583314879440856 -0.2017731900772477
v -0.1749855736358802 -0.1459847832166024 -0.1938196432391134
v -0.1623160200799902 -0.1460623703849778 -0.2079043005382071
v -0.1806701268388563 -0.1583513157760037 -0.1720900636160901
v -0.1867645989147495 -0.1458679714242149 -0.1787310941892060
v -0.1231801902717544 -0.1198943736910533 -0.2529483932182349
v -0.1374200219075991 -0.1332070386648111 -0.2383814023557404
v -0.1400015194153807 -0.1198262693988126 -0.2415935111264849
v -0.0870875016231343 -0.1198616146644059 -0.2736585636567694
v -0.1035381365178555 -0.1331643657222045 -0.2609579752335293
v -0.1054515222979595 -0.1198935116114047 -0.2636817158833326
v -0.0830124511241249 -0.1459028856499838 -0.2669274457603731
v -0.0968186566967155 -0.1580681226114332 -0.2512863036557026
v -0.1175193442591153 -0.1460274561592089 -0.2456780445016291
v -0.1005997380355468 -0.1459632312253870 -0.2567540438270517
v -0.1287595697575994 -0.1582138140720494 -0.2281463617275430
v -0.1335760087544188 -0.1460774567788286 -0.2337865178286153
v -0.0492822917525379 -0.1198176486023264 -0.2908510180891250
v -0.0670441497928045 -0.1330772956776943 -0.2801982998711730
v -0.0683609764560660 -0.1198366143545960 -0.2827448831531856
v -0.0101113278882227 -0.1197956655712867 -0.3037589366678574
v -0.0289828160586042 -0.1330441056112226 -0.2953609877708614
v -0.0298623097161225 -0.1198042863677729 -0.2978855880218343
v -0.0082896932451210 -0.1458321951187972 -0.2970584225989870
v -0.0256257054909624 -0.1579508797792214 -0.2856143152636051
v -0.0464574722639343 -0.1458434021542293 -0.2842388671842377
v -0.0275580570233359 -0.1458343503179188 -0.2912432643292455
v -0.0621764170568924 -0.1579745869695584 -0.2706132672980323
v -0.0649536066449099 -0.1458649541454447 -0.2761111802570829
v 0.0302729613567410 -0.1197891999739221 -0.3117223974219508
v 0.0104738366908642 -0.1330363468943850 -0.3058158587094560
v 0.0099601234282537 -0.1197909241332193 -0.3083801146242653
v 0.0713058405357394 -0.1197904930933950 -0.3144586382266591
v 0.0509159326866658 -0.1330376400138579 -0.3111551490131613
v 0.0507478271551857 -0.1197896310137464 -0.3137573364325097
v 0.0713015301374963 -0.1458373675966890 -0.3075710528740389
v 0.0515732684187358 -0.1579577764164103 -0.3010257131419193
v 0.0311682741758115 -0.1458339192780945 -0.3049011922022741
v 0.0511917981742231 -0.1458356434373917 -0.3068921651507535
v 0.0124644217035017 -0.1579534660181673 -0.2958446144537352
v 0.0113134160606516 -0.1458321951187972 -0.3016170997808701
v 0.1123451422081200 -0.1197913551730436 -0.3117887775548943
v 0.0916957483848130 -0.1330402262528038 -0.3111896321991059
v 0.0918681643145362 -0.1197909241332193 -0.3137978541759947
v 0.1526917628828375 -0.1197913551730436 -0.3037779024201270
v 0.1321380599005268 -0.1330406572926281 -0.3058774974043321
v 0.1326492731321563 -0.1197913551730436 -0.3084443395580872
v 0.1509046717712558 -0.1458390917559862 -0.2971105784177283
v 0.1301522594299391 -0.1579607936951805 -0.2958997875512466
v 0.1114429758558430 -0.1458390917559862 -0.3049507617820695
v 0.1313018426413690 -0.1458390917559862 -0.3016765832766247
v 0.0910272056173110 -0.1579603626553562 -0.3010459720136618
v 0.0914138483397154 -0.1458386607161619 -0.3069197516995092
v 0.1916439697259180 -0.1197913551730436 -0.2905510143714065
v 0.1715419964794822 -0.1330406572926281 -0.2953221941866737
v 0.1723838172563561 -0.1197913551730436 -0.2978019662959185
v 0.2285414097265214 -0.1197913551730436 -0.2723611337856019
v 0.2092321187169884 -0.1330406572926281 -0.2797107938298804
v 0.2103903227249045 -0.1197913551730436 -0.2820595298325356
v 0.2250896428134616 -0.1458390917559862 -0.2663821803826233
v 0.2047307698317382 -0.1579607936951805 -0.2705830945103307
v 0.1890021266427332 -0.1458390917559862 -0.2841724870512943
v 0.2073368366095054 -0.1458390917559862 -0.2758672117165245
v 0.1682704042129833 -0.1579607936951805 -0.2856854368346159
v 0.1701643932009934 -0.1458390917559862 -0.2912648163204609
v 0.2627431266659016 -0.1197913551730436 -0.2495013677432425
v 0.2445610047969345 -0.1330406572926281 -0.2593131272639693
v 0.2460157642039745 -0.1197913551730436 -0.2614907404563742
v 0.2936758375777286 -0.1197913551730436 -0.2223816351172455
v 0.2769264920847618 -0.1330406572926281 -0.2344783367466299
v 0.2786528065811161 -0.1197913551730436 -0.2364473266640697
v 0.2887938805276143 -0.1458390917559862 -0.2175001091069555
v 0.2702160640999323 -0.1579607936951805 -0.2268269488253357
v 0.2585400573390726 -0.1458390917559862 -0.2440241446957586
v 0.2741010260364218 -0.1458390917559862 -0.2312567450997507
v 0.2389070554214842 -0.1579607936951805 -0.2508513844729757
v 0.2421803718472805 -0.1458390917559862 -0.2557501520762380
v 0.3209352271068014 -0.1197848895756790 -0.1914480621257699
v 0.3057721081672887 -0.1330406572926281 -0.2056322896242788
v 0.3077410980847284 -0.1197913551730436 -0.2073590351604573
v 0.3450527673564920 -0.1197279923188703 -0.1572381554297279
v 0.3310120761194778 -0.1330341916952635 -0.1732659402568028
v 0.3333435705291607 -0.1197659238234094 -0.1747181134248970
v 0.3383074251458935 -0.1458390917559862 -0.1537958713928028
v 0.3222714505621568 -0.1579607936951805 -0.1676128529610011
v 0.3153812789705907 -0.1458390917559862 -0.1872462859184139
v 0.3272965128339414 -0.1458390917559862 -0.1708861693867973
v 0.2981207202459945 -0.1579607936951805 -0.1989222926792735
v 0.3025505165204095 -0.1458390917559862 -0.2028072546157630
v 0.3663263068453974 -0.1195969562122807 -0.1203204565573819
v 0.3530291593053147 -0.1330087603456293 -0.1379336058582623
v 0.3561490255536572 -0.1196646294646970 -0.1390771545121518
v 0.3827045270496348 -0.1195348864775803 -0.0813553185195722
v 0.3710789519482192 -0.1329794496375763 -0.1002383111428644
v 0.3752798660759266 -0.1195465245528366 -0.1010512522515096
v 0.3718138748486646 -0.1458390917559862 -0.0796104693107727
v 0.3583680185691956 -0.1579607936951805 -0.0969766327923245
v 0.3574865421284854 -0.1458390917559862 -0.1177079241822501
v 0.3653366394087858 -0.1458390917559862 -0.0988706217803346
v 0.3425079082337766 -0.1579607936951805 -0.1334369984110794
v 0.3484239298224062 -0.1458390917559862 -0.1360430651888466
v -0.2017639227210251 -0.1695596443274890 -0.1147764223371303
v -0.1995763956126611 -0.1796304587826250 -0.0923429546810117
v -0.2150563288230404 -0.1694217115837104 -0.0775505299904040
v -0.2090260816809691 -0.1694842123582350 -0.0963865392728466
v -0.1840188752339064 -0.1696686974030389 -0.1496057332607031
v -0.1848869894400631 -0.1797257185837971 -0.1272028694321104
v -0.1933883878948931 -0.1696281796595540 -0.1325667290058013
v -0.1671380625945257 -0.1884728097384828 -0.1379866237566522
v -0.1656962343822149 -0.1957802278799791 -0.1168622240469575
v -0.1831710198994923 -0.1884288436764033 -0.1055426872208007
v -0.1756679096777600 -0.1884590164641049 -0.1220437537749660
v -0.1789593297761772 -0.1957293651807107 -0.0848644137292650
v -0.1948892685631341 -0.1883585841850411 -0.0712599347944506
v -0.1895956684808055 -0.1883917742515129 -0.0885821322139229
v -0.1626142996384115 -0.1696174036639463 -0.1809996567845399
v -0.1660902047816325 -0.1797222702652027 -0.1595218044189125
v -0.1737739206897499 -0.1696609386862014 -0.1657408470040308
v -0.1373971767969107 -0.1694708501236815 -0.2090004348114228
v -0.1434976834303442 -0.1796058895126394 -0.1887463045070063
v -0.1505016495355276 -0.1695497304115299 -0.1954101801908106
v -0.1235060563789314 -0.1883443598708389 -0.1947851724455637
v -0.1274117082269877 -0.1957810899596277 -0.1742409523393878
v -0.1471766083308144 -0.1884284126365790 -0.1678615629396270
v -0.1357932776106600 -0.1883870328134454 -0.1817125966539456
v -0.1484162788655247 -0.1957991936322487 -0.1468311299116314
v -0.1576327723888820 -0.1884598785437535 -0.1532725890460927
v -0.1082157806912478 -0.1693204172249979 -0.2337425517665359
v -0.1171128737047927 -0.1794718361272796 -0.2147574027048826
v -0.1232625188781973 -0.1693928319154817 -0.2217984382349566
v -0.0758653797972712 -0.1692109331096237 -0.2548221233345025
v -0.0873172458494906 -0.1793739900871616 -0.2372822508037546
v -0.0923772223470442 -0.1692579164504733 -0.2447707056714603
v -0.0663445721579524 -0.1882447896714237 -0.2384046785062530
v -0.0755106340218656 -0.1957530723710477 -0.2196880672551438
v -0.0963720994387322 -0.1882797038971927 -0.2184251205699208
v -0.0816809691068370 -0.1882585829458016 -0.2288963710218392
v -0.1029726122683632 -0.1957604000480609 -0.1986572031873240
v -0.1103399449454384 -0.1883085835654214 -0.2070387725709963
v -0.0412336575291612 -0.1691712774457873 -0.2717615573899892
v -0.0548707230746933 -0.1793265757064877 -0.2558919641784354
v -0.0587992200334379 -0.1691837776006923 -0.2638347350209620
v -0.0048232106324593 -0.1691712774457873 -0.2841707628919971
v -0.0203951234309477 -0.1793214032285960 -0.2702111071419527
v -0.0232234774461106 -0.1691686912068415 -0.2785560381405588
v 0.0000407332633971 -0.1882465138307210 -0.2659770029477736
v -0.0136354706981821 -0.1957651414861283 -0.2502354285640394
v -0.0340327924322338 -0.1882391861537077 -0.2543531520056552
v -0.0171845232995883 -0.1882422034324779 -0.2607230585292813
v -0.0455572024868843 -0.1957560896498178 -0.2369809539665632
v -0.0504404957604539 -0.1882391861537077 -0.2469017665628400
v 0.0328999766699695 -0.1691760188838547 -0.2917096494191469
v 0.0156274350382575 -0.1793278688259607 -0.2799181239853727
v 0.0139124137853002 -0.1691738636847331 -0.2885591793432785
v 0.0712972197392533 -0.1691798982422735 -0.2942545085418623
v 0.0526301780679394 -0.1793317481843795 -0.2848147363895134
v 0.0520560330219610 -0.1691781740829763 -0.2936118281638188
v 0.0712946335003074 -0.1882521173484370 -0.2753926368699612
v 0.0540090744659013 -0.1957729002029659 -0.2637222336268176
v 0.0353536277658613 -0.1882508242289640 -0.2730232109557392
v 0.0532849275610635 -0.1882516863086127 -0.2747969398327673
v 0.0197387790904737 -0.1957716070834929 -0.2592027810689464
v 0.0175795281945843 -0.1882491000696668 -0.2700800710353630
v 0.1097020060054624 -0.1691807603219221 -0.2917385290873756
v 0.0899621062114455 -0.1793330413038524 -0.2848233571859996
v 0.0905396995760185 -0.1691803292820978 -0.2936260524780210
v 0.1474537669378446 -0.1691807603219221 -0.2842345567859947
v 0.1269793752832067 -0.1793330413038524 -0.2799508830120201
v 0.1287005173016692 -0.1691807603219221 -0.2886040074850065
v 0.1425709478080817 -0.1882521173484370 -0.2660101930142453
v 0.1228543241645775 -0.1957724691631416 -0.2592109708256083
v 0.1072390444493655 -0.1882521173484370 -0.2730335559115226
v 0.1250198682419017 -0.1882521173484370 -0.2700994678274569
v 0.0885788994152406 -0.1957729002029659 -0.2637235267462905
v 0.0893052015191999 -0.1882521173484370 -0.2748012502310104
v 0.1839003392822217 -0.1691807603219221 -0.2718563861513370
v 0.1630431842635981 -0.1793330413038524 -0.2702865391112066
v 0.1658794263075459 -0.1691807603219221 -0.2786413840257719
v 0.2184240429703601 -0.1691807603219221 -0.2548372097283533
v 0.1975384393233321 -0.1793330413038524 -0.2559979999752152
v 0.2014406428527940 -0.1691807603219221 -0.2639110290698645
v 0.2089907364153759 -0.1882521173484370 -0.2384977831083036
v 0.1881861682553178 -0.1957724691631416 -0.2370335408251288
v 0.1766804222250599 -0.1882521173484370 -0.2544255666961390
v 0.1930961428940122 -0.1882521173484370 -0.2469896986869988
v 0.1562465483139069 -0.1957724691631416 -0.2502634461526194
v 0.1598146959795299 -0.1882521173484370 -0.2607756453878469
v 0.2504248705668228 -0.1691807603219221 -0.2334481515665334
v 0.2298720296641607 -0.1793330413038524 -0.2373300962242528
v 0.2347738145461932 -0.1691807603219221 -0.2446659629941535
v 0.2793674706098190 -0.1691807603219221 -0.2080736991891602
v 0.2594939484702666 -0.1793330413038524 -0.2146005042088345
v 0.2653112619391297 -0.1691807603219221 -0.2212337760651129
v 0.2660263570076569 -0.1882521173484370 -0.1947325855869981
v 0.2455519653530190 -0.1957724691631416 -0.1987028934087006
v 0.2389398144481316 -0.1882521173484370 -0.2184802936674323
v 0.2528714526095960 -0.1882521173484370 -0.2070491175267797
v 0.2181244702924659 -0.1957724691631416 -0.2197484128305469
v 0.2242922191384915 -0.1882521173484370 -0.2289786996282820
v 0.3047548541819214 -0.1691807603219221 -0.1791310991461640
v 0.2858942756294933 -0.1793330413038524 -0.1881997460097835
v 0.2925279785255960 -0.1691807603219221 -0.1940174905184709
v 0.3262572758175344 -0.1691807603219221 -0.1471302715497013
v 0.3086363677998165 -0.1793330413038524 -0.1585782582435019
v 0.3160101660742563 -0.1691807603219221 -0.1634800431255344
v 0.3097915545289624 -0.1882521173484370 -0.1376965339548928
v 0.2910421842512057 -0.1957724691631416 -0.1468306988718071
v 0.2897740650880911 -0.1882521173484370 -0.1676456119876485
v 0.3002729020887651 -0.1882521173484370 -0.1529984477178327
v 0.2699966648293594 -0.1957724691631416 -0.1742581939323602
v 0.2783428889474385 -0.1882521173484370 -0.1815776811889371
v 0.3435540418873725 -0.1691807603219221 -0.1126065678615629
v 0.3273547032102230 -0.1793330413038524 -0.1262446679026734
v 0.3354573898275679 -0.1691807603219221 -0.1301468714321352
v 0.3562093711290604 -0.1691807603219221 -0.0761604265570101
v 0.3417191053552927 -0.1793330413038524 -0.0917494128429393
v 0.3504903347401396 -0.1691807603219221 -0.0945856548868871
v 0.3373035333950798 -0.1882521173484370 -0.0712771763874229
v 0.3215572175732782 -0.1957724691631416 -0.0849527768932481
v 0.3257193381167978 -0.1882521173484370 -0.1053866508044011
v 0.3320694168085057 -0.1882521173484370 -0.0885209245588711
v 0.3083273122457876 -0.1957724691631416 -0.1168923968346591
v 0.3182839011474819 -0.1882521173484370 -0.1218023714733534
v -0.1617388577552416 -0.2016221106188277 -0.0963921427905626
v -0.1555417982011630 -0.2059243191052476 -0.0768815561830777
v -0.1723251958402502 -0.2015880584727074 -0.0651676179176789
v -0.1675441021090240 -0.2016040069462068 -0.0809492790050739
v -0.1471666944148553 -0.2016557317251237 -0.1260015614417636
v -0.1435869086739760 -0.2059488883752331 -0.1058086387923988
v -0.1549374803674830 -0.2016402142914487 -0.1114315533004989
v -0.1248664180644480 -0.2086234904850653 -0.1131225225312598
v -0.1198939426512290 -0.2095502261073278 -0.0942136675185091
v -0.1379402869755390 -0.2086079730513902 -0.0865601243980933
v -0.1318402113819298 -0.2086153007284035 -0.1000503777794660
v -0.1305462298293567 -0.2095428984303146 -0.0684693829718795
v -0.1474330770262778 -0.2085954728964853 -0.0585451220570083
v -0.1431450928540601 -0.2086010764142013 -0.0727065044448288
v -0.1288440535631638 -0.2016716801986232 -0.1534764708829905
v -0.1279341284940492 -0.2059717334859214 -0.1329719064406509
v -0.1384549485257630 -0.2016656456410828 -0.1400366491610618
v -0.1070942150683979 -0.2016798699552850 -0.1783319513118967
v -0.1088502713126294 -0.2059915613178396 -0.1578993705202166
v -0.1183762514298399 -0.2016759905968662 -0.1662615431117950
v -0.0888620925798111 -0.2086575426311856 -0.1601218118543495
v -0.0889780422925499 -0.2095687608197731 -0.1405198448041113
v -0.1084028519749975 -0.2086403010382133 -0.1377917937560649
v -0.0989962698891204 -0.2086489218346995 -0.1492772809145803
v -0.1059584251313459 -0.2095588469038140 -0.1183687082329145
v -0.1170400279744846 -0.2086316802417272 -0.1257218165957876
v -0.0822719247059635 -0.2016923701101899 -0.2001085142757696
v -0.0866823241882846 -0.2060113891497578 -0.1801121457862894
v -0.0950397553417957 -0.2016854734730010 -0.1896282119875408
v -0.0548284811719111 -0.2017065944243921 -0.2184587416762169
v -0.0618169298434194 -0.2060316480215003 -0.1992162618394517
v -0.0688484824973585 -0.2016992667473789 -0.2097323404330980
v -0.0419564682105435 -0.2086907326976573 -0.1961597584452825
v -0.0471367479230615 -0.2095898817711642 -0.1772465930342887
v -0.0665837992604434 -0.2086756463038066 -0.1796828301212784
v -0.0545388224099760 -0.2086838360604685 -0.1883251785986572
v -0.0692571082508027 -0.2095795368153808 -0.1602610377176010
v -0.0780412688303788 -0.2086670255073204 -0.1702693513982124
v -0.0252362610097000 -0.2017186635394728 -0.2330666813220207
v -0.0346789642328542 -0.2060471654551754 -0.2149009389663773
v -0.0402696800660784 -0.2017130600217567 -0.2262459071421683
v 0.0059999019384400 -0.2017268532961346 -0.2436935371505143
v -0.0057272692495650 -0.2060557862516615 -0.2269062601530084
v -0.0097918325496490 -0.2017234049775402 -0.2388917535077213
v 0.0126667949010144 -0.2087028018127380 -0.2187996941772447
v 0.0027698188070219 -0.2095989336074747 -0.2018671567589469
v -0.0153859665286800 -0.2086993534941435 -0.2092676795024938
v -0.0015154929182851 -0.2087015086932651 -0.2144931752925817
v -0.0229914056047031 -0.2095963473685288 -0.1911928865497795
v -0.0288858752021173 -0.2086959051755491 -0.2031486381566151
v 0.0383631909231634 -0.2017294395350804 -0.2501332721256783
v 0.0245445282996503 -0.2060596656100803 -0.2350236021243798
v 0.0220752304581361 -0.2017285774554319 -0.2474435836219953
v 0.0712937714206588 -0.2017290084952561 -0.2522966610038810
v 0.0556211634088138 -0.2060596656100803 -0.2391154631765372
v 0.0547931359063178 -0.2017290084952561 -0.2517535508252527
v 0.0712937714206588 -0.2087032328525623 -0.2265183243111310
v 0.0573513572635868 -0.2095993646472990 -0.2127250499332697
v 0.0417274567518886 -0.2087036638923866 -0.2245769209424471
v 0.0564789326591871 -0.2087036638923866 -0.2260312493096628
v 0.0297037732687420 -0.2095997956871233 -0.2090853496568115
v 0.0271021462011652 -0.2087036638923866 -0.2221639600059699
v 0.1042243519181542 -0.2017285774554319 -0.2501332721256783
v 0.0869659483926794 -0.2060592345702560 -0.2391146010968886
v 0.0877944069349997 -0.2017285774554319 -0.2517535508252527
v 0.1365928564847517 -0.2017285774554319 -0.2436995717080546
v 0.1180430576456497 -0.2060588035304317 -0.2350231710845555
v 0.1205142089584084 -0.2017285774554319 -0.2474457388211169
v 0.1299212220841099 -0.2087028018127380 -0.2187996941772447
v 0.1128835109486809 -0.2095993646472990 -0.2090844875771629
v 0.1008596550496046 -0.2087028018127380 -0.2245760588627984
v 0.1154852673282050 -0.2087028018127380 -0.2221626668864970
v 0.0852361855777308 -0.2095993646472990 -0.2127246188934453
v 0.0861081791423062 -0.2087032328525623 -0.2260303872300141
v 0.1678415195877966 -0.2017285774554319 -0.2330869401937632
v 0.1483192949050554 -0.2060588035304317 -0.2269105705512514
v 0.1523904660456460 -0.2017285774554319 -0.2389042536626262
v 0.1974418864026871 -0.2017285774554319 -0.2184949490214588
v 0.1772787055011996 -0.2060588035304317 -0.2149151632805795
v 0.1828804990579086 -0.2017285774554319 -0.2262747868103969
v 0.1845529335762243 -0.2087028018127380 -0.1961701034010659
v 0.1655815777889489 -0.2095993646472990 -0.1911959038285496
v 0.1579767421686799 -0.2087028018127380 -0.2092715588609126
v 0.1714790646651333 -0.2087028018127380 -0.2031551037539797
v 0.1398183274900497 -0.2095993646472990 -0.2018675877987712
v 0.1441045875029701 -0.2087028018127380 -0.2144940373722304
v 0.2248792953791992 -0.2017285774554319 -0.2001563596962678
v 0.2044234384370065 -0.2060588035304317 -0.1992429863085588
v 0.2114601635688373 -0.2017285774554319 -0.2097745823358803
v 0.2496942580646205 -0.2017285774554319 -0.1784004866439616
v 0.2292914190208176 -0.2060588035304317 -0.1801612843262605
v 0.2376428156167883 -0.2017285774554319 -0.1896838161248765
v 0.2314664459742767 -0.2087028018127380 -0.1601722435137936
v 0.2118541339682550 -0.2095993646472990 -0.1602778482707491
v 0.2091868595354361 -0.2087028018127380 -0.1797052441921425
v 0.2206460532646687 -0.2087028018127380 -0.1703029725045084
v 0.1897305839458140 -0.2095993646472990 -0.1772534896714776
v 0.1971388654061985 -0.2087028018127380 -0.1883406960323323
v 0.2714501311169266 -0.2017285774554319 -0.1535855239585404
v 0.2514550557469193 -0.2060588035304317 -0.1579976476001588
v 0.2609780185853596 -0.2017285774554319 -0.1663486131563053
v 0.2897887204421176 -0.2017285774554319 -0.1261481149820283
v 0.2705371887690419 -0.2060588035304317 -0.1331296670163477
v 0.2810683537565390 -0.2017285774554319 -0.1401663921481786
v 0.2674643058615490 -0.2087028018127380 -0.1132587311157412
v 0.2485476921319607 -0.2095993646472990 -0.1184368125251552
v 0.2509994466526255 -0.2087028018127380 -0.1378926570749530
v 0.2596344674529911 -0.2087028018127380 -0.1258450939855397
v 0.2315716196914078 -0.2095993646472990 -0.1405599315077719
v 0.2415967439251672 -0.2087028018127380 -0.1493522818440099
v 0.3043807116144220 -0.2017285774554319 -0.0965477481671378
v 0.2862089347012382 -0.2060588035304317 -0.1059849340805409
v 0.2975685582310557 -0.2017285774554319 -0.1115867276372498
v 0.3149933431287134 -0.2017285774554319 -0.0652990850640929
v 0.2982043419719102 -0.2060588035304317 -0.0770255234843966
v 0.3101980250832850 -0.2017285774554319 -0.0810966946249873
v 0.2900934655979034 -0.2087028018127380 -0.0586270196236268
v 0.2731613592194300 -0.2095993646472990 -0.0685245560693910
v 0.2805653302815714 -0.2087028018127380 -0.0866829707480211
v 0.2857882398327135 -0.2087028018127380 -0.0728108160823114
v 0.2624901062890327 -0.2095993646472990 -0.0942878063682901
v 0.2744493062144628 -0.2087028018127380 -0.1001852932444745
v -0.1133348096447316 -0.2086609909497801 -0.0764474990799994
v -0.1055347129840510 -0.2060165616276495 -0.0600184161764936
v -0.1217310343824304 -0.2086584047108343 -0.0517075373240078
v -0.1179374528886942 -0.2086596978303072 -0.0642145888661336
v -0.1017829423532727 -0.2086640082285502 -0.0998891688851748
v -0.0961906316726985 -0.2060169926674738 -0.0825807647400803
v -0.1079429324824607 -0.2086622840692530 -0.0883558363061611
v -0.0794718900072576 -0.2016790078756364 -0.0870394406827240
v -0.0740938061193646 -0.1957129856673870 -0.0716944229373532
v -0.0895396871836235 -0.2016790078756364 -0.0666163427671787
v -0.0848400599791915 -0.2016790078756364 -0.0769923334179249
v -0.0822085618517902 -0.1957129856673870 -0.0521045250021956
v -0.0968613296393220 -0.2016794389154607 -0.0450570238747571
v -0.0935530989877568 -0.2016790078756364 -0.0559562968722134
v -0.0872551761147902 -0.2086687496666177 -0.1216329728224003
v -0.0839784113703995 -0.2060182857869467 -0.1037353372374765
v -0.0948755291687343 -0.2086661634276718 -0.1109970651575962
v -0.0700183245805309 -0.2086743531843336 -0.1413043372843521
v -0.0691058132724705 -0.2060208720258926 -0.1231213533357364
v -0.0789576594968580 -0.2086713359055635 -0.1317507706183859
v -0.0518043057645650 -0.2016807320349336 -0.1230985082250480
v -0.0505823078626513 -0.1957134167072113 -0.1068823589947505
v -0.0668174228452184 -0.2016794389154607 -0.1059732960052845
v -0.0595906091508677 -0.2016803009951093 -0.1147815948150220
v -0.0634915195608566 -0.1957129856673870 -0.0900580125723541
v -0.0734545740599156 -0.2016794389154607 -0.0967128364198479
v -0.0503616154726055 -0.2086803877418740 -0.1585454992168545
v -0.0518323233531450 -0.2060238893046628 -0.1403982915736564
v -0.0604712235119293 -0.2086773704631038 -0.1502471205192737
v -0.0286300530663904 -0.2086851291799414 -0.1730741275349856
v -0.0324535487239335 -0.2060264755436086 -0.1552704586317611
v -0.0397332079007444 -0.2086829739808198 -0.1661654212309743
v -0.0157504538041150 -0.2016833182738795 -0.1507652303880921
v -0.0187667411826763 -0.1957142787868600 -0.1347861530611640
v -0.0346819384076419 -0.2016824561942308 -0.1381116253057015
v -0.0254229874615903 -0.2016828872340552 -0.1447479144407501
v -0.0355890186139160 -0.1957138477470357 -0.1218769413629587
v -0.0434885992660469 -0.2016815941145823 -0.1308848116113508
v -0.0051840383797859 -0.2086872843790629 -0.1846341845831064
v -0.0113003555539751 -0.2060281997029058 -0.1674839720535330
v -0.0170963325515348 -0.2086864222994143 -0.1792375659827681
v 0.0195685614638544 -0.2086872843790629 -0.1930411853164129
v 0.0112675965273277 -0.2060281997029058 -0.1768319327233042
v 0.0070549150124167 -0.2086872843790629 -0.1892424313447850
v 0.0262364027140423 -0.2016828872340552 -0.1681563941794537
v 0.0191868325954470 -0.1957142787868600 -0.1535027643122733
v 0.0046741096468329 -0.2016833182738795 -0.1608338896441066
v 0.0153356641811833 -0.2016833182738795 -0.1648477324880643
v -0.0004039274193592 -0.1957142787868600 -0.1453884396196720
v -0.0057030232594477 -0.2016833182738795 -0.1561334003600260
v 0.0452085343730014 -0.2086872843790629 -0.1981373691592083
v 0.0348620268462379 -0.2060277686630815 -0.1831539938264321
v 0.0323050124004770 -0.2086872843790629 -0.1960084634669503
v 0.0712937714206588 -0.2086868533392386 -0.1998507524608333
v 0.0590806890387112 -0.2060277686630815 -0.1863423954068396
v 0.0582233508281622 -0.2086872843790629 -0.1994205747161737
v 0.0712937714206588 -0.2016828872340552 -0.1740883642415827
v 0.0606919159019751 -0.1957142787868600 -0.1617584700672476
v 0.0485710760424294 -0.2016828872340552 -0.1725956733300036
v 0.0599082855013829 -0.2016828872340552 -0.1737137906342589
v 0.0396683795111685 -0.1957142787868600 -0.1589907633553649
v 0.0373312815837696 -0.2016828872340552 -0.1707413400058298
v 0.0973790084683162 -0.2086868533392386 -0.1981373691592083
v 0.0835072848424307 -0.2060277686630815 -0.1863423954068396
v 0.0843641920131553 -0.2086868533392386 -0.1994205747161737
v 0.1230189813774632 -0.2086868533392386 -0.1930411853164129
v 0.1077256884110094 -0.2060277686630815 -0.1831539938264321
v 0.1102826166488055 -0.2086868533392386 -0.1960084634669503
v 0.1163512263352402 -0.2016828872340552 -0.1681563941794537
v 0.1029191633301490 -0.1957142787868600 -0.1589907633553649
v 0.0940164667988881 -0.2016828872340552 -0.1725956733300036
v 0.1052566922973722 -0.2016828872340552 -0.1707413400058298
v 0.0818960579791668 -0.1957142787868600 -0.1617584700672476
v 0.0826792573399347 -0.2016828872340552 -0.1737137906342589
v 0.1477718743281840 -0.2086868533392386 -0.1846346156229307
v 0.1313199463139899 -0.2060277686630815 -0.1768319327233042
v 0.1355329295567779 -0.2086868533392386 -0.1892424313447850
v 0.1712191476510754 -0.2086868533392386 -0.1730758516942829
v 0.1538878983952926 -0.2060277686630815 -0.1674839720535330
v 0.1596849529924132 -0.2086868533392386 -0.1792384280624167
v 0.1583379535414502 -0.2016828872340552 -0.1507647993482678
v 0.1429916426766065 -0.1957142787868600 -0.1453880085798477
v 0.1379135625064319 -0.2016828872340552 -0.1608334586042823
v 0.1482904152368268 -0.2016828872340552 -0.1561334003600260
v 0.1234008826618003 -0.1957142787868600 -0.1535027643122733
v 0.1272517924521694 -0.2016828872340552 -0.1648477324880643
v 0.1929530376723419 -0.2086868533392386 -0.1585493785752733
v 0.1750420398528646 -0.2060277686630815 -0.1552704586317611
v 0.1823235956049024 -0.2086868533392386 -0.1661680074699202
v 0.2126097467802672 -0.2086868533392386 -0.1413159753596084
v 0.1944215903537598 -0.2060277686630815 -0.1404000157329536
v 0.2030630767514899 -0.2086868533392386 -0.1502540171564626
v 0.1943927106855312 -0.2016828872340552 -0.1230989392648724
v 0.1781774235348822 -0.1957142787868600 -0.1218773724027830
v 0.1772700847047135 -0.2016828872340552 -0.1381111942658772
v 0.1860770903949780 -0.2016828872340552 -0.1308848116113508
v 0.1613548012717830 -0.1957142787868600 -0.1347857220213397
v 0.1680109182387498 -0.2016828872340552 -0.1447474834009258
v 0.2298431499959321 -0.2086868533392386 -0.1216592662516831
v 0.2116937871536124 -0.2060277686630815 -0.1231278189331010
v 0.2215477885771214 -0.2086868533392386 -0.1317693053308311
v 0.2443696231149416 -0.2086868533392386 -0.0999253762304167
v 0.2265642300524198 -0.2060277686630815 -0.1037482684322058
v 0.2374617788905789 -0.2086868533392386 -0.1110298241842437
v 0.2220590018087508 -0.2016828872340552 -0.0870441821207914
v 0.2060799244818228 -0.1957142787868600 -0.0900605988112999
v 0.2094049656865360 -0.2016828872340552 -0.1059763132840547
v 0.2160416858614088 -0.2016828872340552 -0.0967171468180910
v 0.1931711438234418 -0.1957142787868600 -0.1068836521142234
v 0.2021785830320096 -0.2016828872340552 -0.1147833189743192
v 0.2559283870435895 -0.2086868533392386 -0.0764781029075253
v 0.2387777434741918 -0.2060277686630815 -0.0825941269746338
v 0.2505321994830755 -0.2086868533392386 -0.0883907505319301
v 0.2643349567370716 -0.2086868533392386 -0.0517252099568044
v 0.2481257041439630 -0.2060277686630815 -0.0600261748933311
v 0.2605366338052681 -0.2086868533392386 -0.0642391581361191
v 0.2394501656001125 -0.2016828872340552 -0.0450574549145814
v 0.2247965357329321 -0.1957142787868600 -0.0521071112411415
v 0.2321276610647653 -0.2016828872340552 -0.0666193600459488
v 0.2361415039087230 -0.2016828872340552 -0.0559580210315106
v 0.2166817800005065 -0.1957142787868600 -0.0716974402161234
v 0.2274271717806848 -0.2016828872340552 -0.0769966438161680
v -0.0682333886680708 -0.1881835820163720 -0.0577886471653474
v -0.0622324522340525 -0.1792580403744228 -0.0453083200923287
v -0.0745873467181975 -0.1881831509765477 -0.0390829843257756
v -0.0717161904484808 -0.1881835820163720 -0.0485393946153428
v -0.0594979355886414 -0.1881835820163720 -0.0755082633028319
v -0.0551711578322361 -0.1792576093345984 -0.0623503416260008
v -0.0641553208902912 -0.1881835820163720 -0.0667913449358478
v -0.0432071733647561 -0.1691023110738980 -0.0660728015487261
v -0.0406505037508547 -0.1578862238055752 -0.0551252520909472
v -0.0508603285493301 -0.1691036041933709 -0.0505562299532807
v -0.0472872239257275 -0.1691031731535466 -0.0584390862602284
v -0.0469130382542456 -0.1578905342038183 -0.0400413151671599
v -0.0564297941192159 -0.1691048973128439 -0.0341837425787065
v -0.0539125215452562 -0.1691044662730195 -0.0424594916855112
v -0.0485196960953719 -0.1881835820163720 -0.0919338978877432
v -0.0459467331761115 -0.1792576093345984 -0.0783264016741587
v -0.0542776122764452 -0.1881835820163720 -0.0839006086821119
v -0.0354961295317776 -0.1881835820163720 -0.1067896854325242
v -0.0347165940095163 -0.1792576093345984 -0.0929632209881911
v -0.0422506097866514 -0.1881835820163720 -0.0995749408532541
v -0.0221880335801575 -0.1691018800340737 -0.0934705548614018
v -0.0225287274572907 -0.1578836375666293 -0.0822432605576470
v -0.0335917955879841 -0.1691018800340737 -0.0804583246451869
v -0.0281020723855953 -0.1691018800340737 -0.0871510799972198
v -0.0324756610669205 -0.1578840686064536 -0.0692749964035115
v -0.0386344442846005 -0.1691023110738980 -0.0734224615930047
v -0.0206423247701884 -0.1881835820163720 -0.1198144158036441
v -0.0216745358374592 -0.1792571782947741 -0.1060082102310535
v -0.0282821608241912 -0.1881835820163720 -0.1135449415590818
v -0.0042190048691336 -0.1881831509765477 -0.1307925690889488
v -0.0070425010654766 -0.1792567472549498 -0.1172389528534028
v -0.0126100700601354 -0.1881835820163720 -0.1255722457767526
v 0.0051914867479500 -0.1691018800340737 -0.1144923670929112
v 0.0019671795501776 -0.1578844996462779 -0.1037504236313273
v -0.0091846138179514 -0.1691018800340737 -0.1048780238117175
v -0.0021535611702085 -0.1691018800340737 -0.1099207587162987
v -0.0109825067875302 -0.1578840686064536 -0.0938015934464705
v -0.0158724811783767 -0.1691018800340737 -0.0993870074898558
v 0.0134997362575075 -0.1881831509765477 -0.1395275911285538
v 0.0089295072083329 -0.1792567472549498 -0.1264623430139490
v 0.0044973402148841 -0.1881831509765477 -0.1354495233507743
v 0.0322054853050442 -0.1881831509765477 -0.1458798250193833
v 0.0259698907906725 -0.1792567472549498 -0.1335206201369952
v 0.0227488594955649 -0.1881831509765477 -0.1430095308293153
v 0.0370761060077792 -0.1691023110738980 -0.1277015825088350
v 0.0311817657223123 -0.1578862238055752 -0.1181678436747869
v 0.0207017220579781 -0.1691018800340737 -0.1221407377354353
v 0.0287981585978706 -0.1691023110738980 -0.1251890513729427
v 0.0161016219489789 -0.1578853617259266 -0.1119181972621428
v 0.0128213657820113 -0.1691018800340737 -0.1185704348706907
v 0.0515814581753977 -0.1881831509765477 -0.1497307348097525
v 0.0437852408731358 -0.1792571782947741 -0.1382939551513839
v 0.0418304752698983 -0.1881831509765477 -0.1481220941854344
v 0.0712937714206588 -0.1881831509765477 -0.1510255784419742
v 0.0620721054194098 -0.1792571782947741 -0.1407013125701450
v 0.0614164938466371 -0.1881831509765477 -0.1507005744144459
v 0.0712937714206588 -0.1691027421137223 -0.1322063797126797
v 0.0631324633872079 -0.1578866548453995 -0.1245235258842109
v 0.0540379541341299 -0.1691027421137223 -0.1310731760145735
v 0.0626475435848613 -0.1691027421137223 -0.1319218934286362
v 0.0469482111039092 -0.1578866548453995 -0.1223928960326556
v 0.0455016414535310 -0.1691027421137223 -0.1296645378687344
v 0.0910065157057442 -0.1881831509765477 -0.1497307348097525
v 0.0805158684617320 -0.1792571782947741 -0.1407013125701450
v 0.0811710489946804 -0.1881831509765477 -0.1507005744144459
v 0.1103821868482207 -0.1881831509765477 -0.1458793939795590
v 0.0988023019681817 -0.1792571782947741 -0.1382939551513839
v 0.1007574986112436 -0.1881831509765477 -0.1481220941854344
v 0.1055114368335384 -0.1691023110738980 -0.1277015825088350
v 0.0956393317374084 -0.1578866548453995 -0.1223924649928313
v 0.0885500197470120 -0.1691027421137223 -0.1310727449747492
v 0.0970859013877866 -0.1691023110738980 -0.1296645378687344
v 0.0794555104939339 -0.1578866548453995 -0.1245230948443865
v 0.0799404302962806 -0.1691027421137223 -0.1319218934286362
v 0.1290880221037222 -0.1881831509765477 -0.1395267290489052
v 0.1166176089466626 -0.1792571782947741 -0.1335201890971709
v 0.1198387695537175 -0.1881831509765477 -0.1430090997894909
v 0.1468067761615580 -0.1881831509765477 -0.1307921380491245
v 0.1336583373608617 -0.1792571782947741 -0.1264619119741247
v 0.1380902888343983 -0.1881831509765477 -0.1354490923109500
v 0.1373971767969107 -0.1691023110738980 -0.1144940912522084
v 0.1264875588436710 -0.1578866548453995 -0.1119212145409130
v 0.1218862087191813 -0.1691023110738980 -0.1221403066956110
v 0.1297669098270076 -0.1691023110738980 -0.1185708659105151
v 0.1114063374707769 -0.1578866548453995 -0.1181678436747869
v 0.1137895566593767 -0.1691023110738980 -0.1251886203331184
v 0.1632306865871722 -0.1881831509765477 -0.1198144158036441
v 0.1496309490904252 -0.1792571782947741 -0.1172398149330514
v 0.1551982594611895 -0.1881831509765477 -0.1255718147369283
v 0.1780851810124802 -0.1881831509765477 -0.1067914095918215
v 0.1642638890460388 -0.1792571782947741 -0.1060116585496480
v 0.1708708674730344 -0.1881831509765477 -0.1135458036387304
v 0.1647776885166142 -0.1691023110738980 -0.0934839170959554
v 0.1535741014031963 -0.1578866548453995 -0.0938222833580373
v 0.1517745101367097 -0.1691023110738980 -0.1048844894090821
v 0.1584625240506752 -0.1691023110738980 -0.0993969214058148
v 0.1406235098818574 -0.1578866548453995 -0.1037594754676378
v 0.1447429574827706 -0.1691023110738980 -0.1099242070348932
v 0.1911081872243029 -0.1881831509765477 -0.0919369151665134
v 0.1773054299703068 -0.1792571782947741 -0.0929701176253801
v 0.1848395750593892 -0.1881831509765477 -0.0995770960523756
v 0.2020859094697833 -0.1881831509765477 -0.0755130047408993
v 0.1885340173935345 -0.1792571782947741 -0.0783371776697664
v 0.1968655861575871 -0.1881831509765477 -0.0839040570007064
v 0.1857878626728672 -0.1691023110738980 -0.0661029743364277
v 0.1750532468882966 -0.1578866548453995 -0.0693297384611986
v 0.1761782608297409 -0.1691023110738980 -0.0804807387160509
v 0.1812184094953763 -0.1691023110738980 -0.0734487550222875
v 0.1651160547786961 -0.1578866548453995 -0.0822803299825375
v 0.1706906928264736 -0.1691023110738980 -0.0871687526300164
v 0.2108209315093883 -0.1881831509765477 -0.0577938196432391
v 0.1977556833947835 -0.1792571782947741 -0.0623641349003786
v 0.2067428637316088 -0.1881831509765477 -0.0667965174137395
v 0.2171735964400421 -0.1881831509765477 -0.0390883292195970
v 0.2048139605178297 -0.1792571782947741 -0.0453238375260038
v 0.2143028712101497 -0.1881831509765477 -0.0485449981330588
v 0.1989953539294937 -0.1691023110738980 -0.0342175361009323
v 0.1894616150954457 -0.1578866548453995 -0.0401124367381708
v 0.1934345091560941 -0.1691023110738980 -0.0505924372985226
v 0.1964828227936014 -0.1691023110738980 -0.0424956990307531
v 0.1832149859615717 -0.1578866548453995 -0.0551933563831879
v 0.1898646373311738 -0.1691023110738980 -0.0584727073665245
v -0.0386324183974263 -0.1457787461805830 -0.0453828899819340
v -0.0373834374025109 -0.1330122086642238 -0.0366901960530761
v -0.0436656704258727 -0.1457890911363665 -0.0306650782849141
v -0.0413895215296310 -0.1457839186584748 -0.0381016359577732
v -0.0317273328279391 -0.1457714185035698 -0.0593507354886402
v -0.0316025467988019 -0.1329988464296702 -0.0505489022762674
v -0.0354073353279701 -0.1457744357823400 -0.0524769434103979
v -0.0258051904738044 -0.1197848895756790 -0.0558748303454192
v -0.0323289782147085 -0.1197960966111110 -0.0427141931176949
v -0.0292808369931308 -0.1197896310137464 -0.0493971638657160
v -0.0370888216825963 -0.1198094588456646 -0.0288554006865387
v -0.0349360794880540 -0.1198029932483000 -0.0358567805527762
v -0.0230620530319072 -0.1457688322646239 -0.0723116719657625
v -0.0240698241411397 -0.1329915187526570 -0.0635667360101984
v -0.0276053420920626 -0.1457692633044483 -0.0659715071900137
v -0.0127942533770623 -0.1457692633044483 -0.0840394035055391
v -0.0149161331201841 -0.1329902256331841 -0.0755056770638860
v -0.0181181555590398 -0.1457688322646239 -0.0783436432671310
v -0.0079484519474110 -0.1197779929384901 -0.0791552912563033
v -0.0176303046858878 -0.1197814412570846 -0.0680952404043800
v -0.0129683934660828 -0.1197801481376116 -0.0737836729657749
v -0.0219154439952650 -0.1197823033367331 -0.0621162870014014
v -0.0010942376979887 -0.1457709874637455 -0.0943184101958160
v -0.0042994282795530 -0.1329897945933597 -0.0861476192862304
v -0.0071110191559486 -0.1457701253840969 -0.0893709350924069
v 0.0118365690954144 -0.1457731426628671 -0.1029784313059914
v 0.0076016459255691 -0.1329893635535354 -0.0953037672341845
v 0.0052301941241729 -0.1457718495433941 -0.0988611389041998
v 0.0152750599818856 -0.1197590271862205 -0.0970124090977420
v 0.0030845640867317 -0.1197680790225310 -0.0888467906660481
v 0.0090476121201933 -0.1197629065446393 -0.0931296023603741
v -0.0025891398438666 -0.1197736825402470 -0.0841825087272094
v 0.0257866988653416 -0.1457752978619886 -0.1098651545789630
v 0.0205877120244486 -0.1329910877128326 -0.1028193776108217
v 0.0186989817222951 -0.1457740047425157 -0.1066508906090970
v 0.0405145106862855 -0.1457765909814615 -0.1148708200586537
v 0.0344410302498361 -0.1329941049916028 -0.1085677247077954
v 0.0330688149691510 -0.1457761599416372 -0.1126091541005088
v 0.0422942741208539 -0.1197654927835852 -0.1082306515651864
v 0.0284196194241631 -0.1197603203056935 -0.1035081792500661
v 0.0352798768519222 -0.1197629065446393 -0.1060970044348610
v 0.0217418642580161 -0.1197585961463962 -0.1004758140860582
v 0.0557715963074974 -0.1457770220212858 -0.1179040473023103
v 0.0489253907780107 -0.1329958291509001 -0.1124526866442849
v 0.0480930528772717 -0.1457770220212858 -0.1166367902188443
v 0.0712937714206588 -0.1457770220212858 -0.1189230254469748
v 0.0637949715971696 -0.1329962601907243 -0.1144109005661169
v 0.0635160888308422 -0.1457770220212858 -0.1186674188311601
v 0.0712937714206588 -0.1197680790225310 -0.1120518196076783
v 0.0566685901818827 -0.1197676479827067 -0.1110910318392954
v 0.0639652323277713 -0.1197680790225310 -0.1118108683458901
v 0.0494340177706944 -0.1197667859030581 -0.1098966204861375
v 0.0868159465338202 -0.1457765909814615 -0.1179031852226617
v 0.0787925712441480 -0.1329962601907243 -0.1144104695262926
v 0.0790714540104754 -0.1457765909814615 -0.1186669877913358
v 0.1020734631948564 -0.1457765909814615 -0.1148708200586537
v 0.0936621520633068 -0.1329958291509001 -0.1124526866442849
v 0.0944944899640459 -0.1457765909814615 -0.1166363591790200
v 0.1002949928797609 -0.1197680790225310 -0.1082332378041323
v 0.0859193836992592 -0.1197680790225310 -0.1110906007994711
v 0.0931539561104475 -0.1197680790225310 -0.1098970515259618
v 0.0786223105135462 -0.1197680790225310 -0.1118104373060658
v 0.1168029560711151 -0.1457765909814615 -0.1098686028975575
v 0.1081485384786557 -0.1329958291509001 -0.1085707419865656
v 0.1095196761597800 -0.1457765909814615 -0.1126104472199817
v 0.1307552841441462 -0.1457765909814615 -0.1029900693812477
v 0.1220047446708661 -0.1329958291509001 -0.1028314467259023
v 0.1238918370216873 -0.1457765909814615 -0.1066573562064616
v 0.1273194657045858 -0.1197680790225310 -0.0970391335668492
v 0.1141731821030110 -0.1197680790225310 -0.1035202483651468
v 0.1208525752204904 -0.1197680790225310 -0.1004947798383277
v 0.1073110281000250 -0.1197680790225310 -0.1061034700322256
v 0.1436882030326885 -0.1457765909814615 -0.0943459967445717
v 0.1349928366569198 -0.1329958291509001 -0.0953326469024131
v 0.1373631246507904 -0.1457765909814615 -0.0988796736166450
v 0.1553848997051149 -0.1457765909814615 -0.0840911282844561
v 0.1468916910069468 -0.1329958291509001 -0.0862023613439175
v 0.1497042258605576 -0.1457765909814615 -0.0894097286765946
v 0.1505262188055132 -0.1197680790225310 -0.0792324473848545
v 0.1395049615377777 -0.1197680790225310 -0.0888946360865463
v 0.1451735662672544 -0.1197680790225310 -0.0842437163822612
v 0.1335454049268930 -0.1197680790225310 -0.0931662407454403
v 0.1656401992050548 -0.1457765909814615 -0.0723944316120297
v 0.1574965638044006 -0.1329958291509001 -0.0755979195862880
v 0.1607039311370777 -0.1457765909814615 -0.0784104544398988
v 0.1742842718417308 -0.1457765909814615 -0.0594615127234874
v 0.1666264183230719 -0.1329958291509001 -0.0636990652362610
v 0.1701734450373038 -0.1457765909814615 -0.0660689221903073
v 0.1683333360273323 -0.1197680790225310 -0.0560256942839270
v 0.1601884075072051 -0.1197680790225310 -0.0682111901171189
v 0.1644600121660990 -0.1197680790225310 -0.0622516335062342
v 0.1555374878029200 -0.1197680790225310 -0.0738797948465956
v 0.1811623743182162 -0.1457765909814615 -0.0455091846504563
v 0.1741252181465611 -0.1329958291509001 -0.0507109732502073
v 0.1779511276271204 -0.1457765909814615 -0.0525976345612041
v 0.1861645914793125 -0.1457765909814615 -0.0307795193582679
v 0.1798649444470486 -0.1329958291509001 -0.0368547239540145
v 0.1839042186406405 -0.1457765909814615 -0.0382259478431037
v 0.1795270092247911 -0.1197680790225310 -0.0290010490431724
v 0.1748140197858055 -0.1197680790225310 -0.0428794106823522
v 0.1773976724927087 -0.1197680790225310 -0.0360172135753837
v 0.1717885512589865 -0.1197680790225310 -0.0495588037998316
v -0.1392842691477319 0.0204715898957800 -0.0858023563869595
v -0.1238866645437955 0.0304678775652931 -0.0721349456377962
v -0.1040609878247414 0.0215111286400640 -0.0637236345062466
v -0.1201262731165311 0.0211875039399734 -0.0760237869327045
v -0.1802537423685746 0.0153145432297922 -0.0978210398081442
v -0.1633841367646258 0.0272633550954565 -0.0883278187175811
v -0.1595827965540521 0.0185627300338312 -0.0930787396611057
v -0.1885366036324804 0.0336190373048804 -0.0904381896973939
v -0.1696988701907405 0.0470648073763845 -0.0869627155939971
v -0.1458326261586216 0.0389822934228172 -0.0795841758814899
v -0.1668195241643619 0.0368507583876309 -0.0863346905699801
v -0.1284427554867328 0.0505634714223291 -0.0707250143724841
v -0.1107808986857057 0.0411573634802586 -0.0591679746031336
v -0.1267591139329852 0.0403167496148929 -0.0704426832875623
v -0.2201546678649574 0.0046103157528353 -0.0990063993249916
v -0.2054075023559020 0.0194214044678355 -0.0943158239568702
v -0.2005289936243822 0.0105807298258545 -0.0999986530005490
v -0.2558865761806315 -0.0084164405054589 -0.0840682831737678
v -0.2437420291307489 0.0082537574549685 -0.0873342719225508
v -0.2388768826337826 -0.0023476584030944 -0.0942395299079676
v -0.2645707355209682 0.0134434984916300 -0.0737470345807087
v -0.2534167179873457 0.0276877138024879 -0.0827820603380322
v -0.2299828068990079 0.0236239134428929 -0.0895243852698606
v -0.2484498460918427 0.0182175964465077 -0.0836962958053898
v -0.2140076089304986 0.0390145783056579 -0.0917856201881812
v -0.2098015223248995 0.0289838936581649 -0.0916364804089706
v -0.1491494776066729 0.0597841460319821 -0.0827523185901549
v -0.1282099939816064 0.0725024070880189 -0.0754806767540761
v -0.1116498749715110 0.0617686533830969 -0.0606270444084167
v -0.1286388786067931 0.0610376098410702 -0.0727603844228673
v -0.1953409982990091 0.0542582154843514 -0.0941959948857125
v -0.1736178842733504 0.0693351264590024 -0.0941227181155801
v -0.1718329483608902 0.0576453264237650 -0.0900739610458535
v -0.2013272793790009 0.0792361112233611 -0.1018292791343858
v -0.1777213834007641 0.0990143735617413 -0.0988430352315788
v -0.1504671663495830 0.0848482497358534 -0.0892515370610735
v -0.1754485104071871 0.0828775356591165 -0.0975611227940864
v -0.1289332788067956 0.1014626797638117 -0.0787078719186714
v -0.1097446789480689 0.0860758511554831 -0.0641831229589591
v -0.1280203364589108 0.0857228295393747 -0.0778190678009480
v -0.2398687052695157 0.0432449324533655 -0.0912183717793917
v -0.2225456457703948 0.0604587233570244 -0.0982917352962887
v -0.2183244727709449 0.0492599638896387 -0.0945895342453058
v -0.2749846576762535 0.0305437836783538 -0.0730435775874378
v -0.2655004884220009 0.0462532455951771 -0.0861877059898910
v -0.2590603224070125 0.0368079561330771 -0.0840484553418496
v -0.2907684739627700 0.0469145037896483 -0.0759298202510053
v -0.2787109969573976 0.0696885791149352 -0.0873234959269431
v -0.2504490087969840 0.0656829260276394 -0.0962395546927575
v -0.2728583382229413 0.0566983319297599 -0.0878916064153812
v -0.2298810815004712 0.0886724350571155 -0.1013689286020247
v -0.2264663840123019 0.0733498313826087 -0.1011370291765469
v -0.1550142054562098 0.1201771358157994 -0.0884847172136293
v -0.1363454396255988 0.1403041093720450 -0.0732409938269709
v -0.1131598074760625 0.1203659312588464 -0.0633706128901382
v -0.1318126248331741 0.1204857603300041 -0.0770794034624352
v -0.2073329572510866 0.1144688754224864 -0.0997258047917620
v -0.1843740520491364 0.1394148742144972 -0.0905308632596201
v -0.1808321978127962 0.1184891838638086 -0.0964218845384399
v -0.2132757033088233 0.1557262832459670 -0.0828023192097747
v -0.1911245667376266 0.1780688014991565 -0.0692754274433358
v -0.1633552570963972 0.1604897043443965 -0.0758147326179150
v -0.1879404755554621 0.1599034901833374 -0.0814040260197190
v -0.1467977243252476 0.1735019345606115 -0.0591227154215812
v -0.1260401395060391 0.1567547442667662 -0.0569580334239056
v -0.1422183572317976 0.1584306271036764 -0.0674999744070104
v -0.2569102957633634 0.0975923731813487 -0.0908881952739716
v -0.2347776939046119 0.1271651534474834 -0.0893985216411626
v -0.2325841322387077 0.1071644745597602 -0.0972313773284906
v -0.3034832867002124 0.0772503107527733 -0.0752578291649088
v -0.2805368816531670 0.1054972125193362 -0.0744711814855464
v -0.2806355897729336 0.0867693942327949 -0.0826454207137265
v -0.3019522332442697 0.1122878139114871 -0.0577175255943366
v -0.2805355885336941 0.1395609967149378 -0.0508687338259041
v -0.2587835948398067 0.1356256031190042 -0.0712189860111413
v -0.2803196375817157 0.1234293312902046 -0.0634137168725690
v -0.2384411013714071 0.1650449332076852 -0.0653439132058210
v -0.2366630620961359 0.1470128131975774 -0.0785445078252586
v -0.3245443235557337 0.0883672588615053 -0.0659477999996767
v -0.3454247547248700 0.0977686684694907 -0.0577106289571476
v -0.3249913118535413 0.1177180536181214 -0.0455734095842783
v -0.3243628557896999 0.1040640051035115 -0.0567183752815902
v -0.3265805556857655 0.0555556453555189 -0.0702556120038125
v -0.3447437118024630 0.0685721859699770 -0.0692788757619302
v -0.3251762279381695 0.0715916199392557 -0.0714784719853748
v -0.3602085586189915 0.0549758967918245 -0.0635891500810624
v -0.3741703695681574 0.0649682619989364 -0.0615011931721137
v -0.3628219530737719 0.0798369807384467 -0.0644663161235295
v -0.3612137434892781 0.0669717351023208 -0.0666284118822593
v -0.3770760090238187 0.0885672613399843 -0.0551894770247692
v -0.3640443820155099 0.1029131287726087 -0.0489859518733260
v -0.3630116105964675 0.0924121365728131 -0.0579882186040021
v 0.3615159024061182 -0.0032537472177726 -0.0714987308571173
v 0.3758376316085814 0.0078912745147165 -0.0575899378063414
v 0.3813945970235623 -0.0170445646686354 -0.0615348142784097
v 0.3720354293183590 -0.0106177608882007 -0.0685702462907676
v 0.3393238170516122 0.0077169576993680 -0.0699918156313360
v 0.3565684273027090 0.0161304154092427 -0.0612464486359475
v 0.3505511113553670 0.0028798201701853 -0.0718276142430644
v 0.3518123338812927 0.0320482419771366 -0.0504165730502048
v 0.3638965353557722 0.0450977571381542 -0.0426665201131264
v 0.3701026467461612 0.0285643625971658 -0.0509394243570906
v 0.3611753809449147 0.0305991722957774 -0.0515769322572424
v 0.3787415469049455 0.0436339889987861 -0.0397994587217406
v 0.3851752473225692 0.0244095266266769 -0.0428322118215905
v 0.3782255922352486 0.0263617921989335 -0.0481445621362765
v 0.3168321590192120 0.0134524856719668 -0.0611563613126671
v 0.3356793753370866 0.0212144870329751 -0.0567257029586035
v 0.3280172114201846 0.0111917421390459 -0.0664271162843074
v 0.2972349334070412 0.0153543282055758 -0.0454040109333251
v 0.3164580164517125 0.0226336425505273 -0.0460725537008271
v 0.3059699554466462 0.0146475134120735 -0.0542032579067521
v 0.3189472714370922 0.0310191343966008 -0.0324993251532751
v 0.3324241625839113 0.0416898700792090 -0.0320718198555262
v 0.3334108127417527 0.0322563911082950 -0.0438940784287736
v 0.3254236447973224 0.0316578492082607 -0.0387510405570759
v 0.3474036585582688 0.0444134814170650 -0.0395754473250477
v 0.3423824756449029 0.0324935923236118 -0.0478191270689238
v 0.3709267948902384 0.0586272351435390 -0.0339596880780311
v 0.3737638990138348 0.0707342817287068 -0.0253303138993641
v 0.3819726214279595 0.0584233533066412 -0.0285973802477078
v 0.3769264382047838 0.0585479238158663 -0.0321207859795676
v 0.3571930040081316 0.0577561036586122 -0.0335811489043237
v 0.3630310073885614 0.0702234995369016 -0.0267966251736956
v 0.3642551604895966 0.0584380086606677 -0.0343633568734957
v 0.3558899706192480 0.0790550744971516 -0.0195552423332832
v 0.3589563879293763 0.0875482831953198 -0.0143898334947039
v 0.3658366456049833 0.0803516422886706 -0.0201421461580612
v 0.3610051202143130 0.0800589662479654 -0.0200956800650008
v 0.3672974395695637 0.0861896456691004 -0.0148571668722188
v 0.3736669150533655 0.0794654244098930 -0.0180209129746759
v 0.3702362690916967 0.0798227564242445 -0.0196497693667540
v 0.3431579162888334 0.0545659779189074 -0.0292703196214177
v 0.3508851672192059 0.0676101050821212 -0.0248143592296672
v 0.3500222254909409 0.0563586725482051 -0.0318623776048949
v 0.3320086401932783 0.0510799864437975 -0.0217196657070643
v 0.3397807192653789 0.0634242773482646 -0.0203581402140221
v 0.3370151677526176 0.0526995754796530 -0.0258683378080655
v 0.3379130237066515 0.0705510898033758 -0.0137145234019603
v 0.3418630726566116 0.0795874086801722 -0.0118649746198363
v 0.3456476023140373 0.0752839070742795 -0.0172569379900721
v 0.3413053071239568 0.0726024083272584 -0.0157588159767066
v 0.3499342933667820 0.0851573052898824 -0.0132506383430398
v 0.3506399055591745 0.0774490201117794 -0.0185656611046365
v -0.0370093379389938 -0.0929694710656436 0.0291054037846374
v -0.0371682192182338 -0.0798068079507451 0.0374088256481627
v -0.0322966071239029 -0.0929905920170347 0.0429764377468040
v -0.0340889138173587 -0.1063838614379381 0.0356510452446340
v -0.0348831909016114 -0.0929832643400215 0.0361226890203920
v -0.0428907901337139 -0.0669557866288214 0.0321151824618516
v -0.0456068582746446 -0.0549543448006091 0.0429723428684730
v -0.0381945681438940 -0.0671570822267733 0.0469092019998093
v -0.0407930486207534 -0.0670618224256012 0.0396463533761464
v -0.0399625641912588 -0.0553323667265273 0.0578291649088324
v -0.0315578048650387 -0.0673088082449298 0.0606166994526333
v -0.0315094853007338 -0.0798714639243913 0.0512101173667562
v -0.0351109523447758 -0.0672402729128648 0.0539002369102634
v -0.0258066129052246 -0.0929974886542236 0.0560916433770462
v -0.0284869909487025 -0.1063778268803978 0.0490760391966064
v -0.0292656643913152 -0.0929949024152778 0.0496411324062744
v -0.0240812898004663 -0.0799128437475249 0.0640697594851660
v -0.0176678051506026 -0.0930026611321153 0.0682473974623608
v -0.0211885815395342 -0.1063748096016276 0.0616761953407828
v -0.0219355304510778 -0.0930013680126424 0.0623020651656782
v -0.0322690205751472 -0.0555970251786525 0.0713357978035288
v -0.0231033035430935 -0.0673889816522511 0.0732013381631346
v -0.0275507724503051 -0.0673609640636710 0.0670555723481487
v -0.0226292028403369 -0.0556634053115960 0.0835635355395029
v -0.0129409362292744 -0.0673389810326313 0.0845475994583985
v -0.0150067376912537 -0.0799154299864707 0.0758268017329956
v -0.0182288465859221 -0.0673842402141837 0.0790371863444428
v -0.0080037284944803 -0.0929815401807242 0.0792397750618677
v -0.0123206699220949 -0.1063717923228575 0.0732310799110118
v -0.0130187389175620 -0.0929970576143993 0.0739017778776353
v -0.0043960932705524 -0.0798305151410820 0.0863006384238598
v 0.0030488308852965 -0.0929138669283078 0.0888726530555066
v -0.0020215336720229 -0.1063506713714664 0.0835281902739096
v -0.0026380757951203 -0.0929513673930227 0.0842359576654236
v -0.0111661728566679 -0.0554496095587391 0.0944791880502830
v -0.0012052735567305 -0.0671251852797745 0.0945274645106055
v -0.0072529907428810 -0.0672450143509322 0.0897166290315020
v 0.0018667472711138 -0.0550612426770375 0.1039892196939941
v 0.0118087239227641 -0.0669031997702558 0.1030034316158013
v 0.0075595764387167 -0.0796912892778305 0.0953339400218861
v 0.0051620467279498 -0.0670036320493196 0.0989620022230879
v 0.0152688530084155 -0.0928500730343102 0.0970012020623100
v 0.0095342129778548 -0.1063170502651703 0.0923895069820370
v 0.0090276118723454 -0.0928776595830660 0.0931334817187929
v 0.0205883154802026 -0.0796089606713876 0.1027939462611875
v 0.0284239298224062 -0.0928380039192296 0.1034909376570938
v 0.0221356622415041 -0.1063002397120223 0.0996714937738991
v 0.0217432435854539 -0.0928380039192296 0.1004585724930858
v 0.0160858027874268 -0.0547914117470206 0.1119380250940610
v 0.0257930782547413 -0.0668256126018803 0.1098336886717885
v 0.0186945851160871 -0.0668480266727443 0.1066345110957733
v 0.0311886192555188 -0.0547233074547799 0.1181393950463826
v 0.0405214073234744 -0.0668338023585422 0.1148492680674383
v 0.0344485303427790 -0.0796076675519147 0.1085431554378098
v 0.0330775650775845 -0.0668247505222317 0.1125789813128072
v 0.0422972913996240 -0.0928526592732561 0.1082220307687003
v 0.0355670786868587 -0.1063054121899140 0.1052508732597441
v 0.0352841441461829 -0.0928440384767699 0.1060836422003074
v 0.0489292701364295 -0.0796262022643600 0.1124427727283258
v 0.0566694522615313 -0.0928617111095665 0.1110884456003496
v 0.0496081578597149 -0.1063131709067515 0.1090241958817378
v 0.0494361729698159 -0.0928582627909721 0.1098914480082458
v 0.0469542456614495 -0.0547284799326716 0.1223752233998590
v 0.0557746135862675 -0.0668471645930957 0.1178949954659999
v 0.0480982253551634 -0.0668411300355554 0.1166225659046421
v 0.0631350496261538 -0.0547383938486307 0.1245161982071976
v 0.0712946335003074 -0.0668544922701090 0.1189213012876776
v 0.0637962647166425 -0.0796343920210218 0.1144078832873468
v 0.0635178129901394 -0.0668514749913388 0.1186626773930927
v 0.0712942024604831 -0.0928647283883367 0.1120513885678540
v 0.0640234227040529 -0.1063161881855217 0.1109246504671125
v 0.0639660944074199 -0.0928638663086881 0.1118095752264171
v 0.0787925712441480 -0.0796374092997920 0.1144100384864683
v 0.0859193836992592 -0.0928655904679853 0.1110910318392954
v 0.0785641201372646 -0.1063166192253460 0.1109246504671125
v 0.0786223105135462 -0.0928651594281610 0.1118104373060658
v 0.0794559415337582 -0.0547452904858196 0.1245222327647379
v 0.0868159465338202 -0.0668566474692305 0.1179036162624860
v 0.0790718850502997 -0.0668562164294062 0.1186665567515115
v 0.0956393317374084 -0.0547470146451168 0.1223928960326556
v 0.1020734631948564 -0.0668566474692305 0.1148708200586537
v 0.0936621520633068 -0.0796378403396163 0.1124526866442849
v 0.0944944899640459 -0.0668570785090548 0.1166367902188443
v 0.1002949928797609 -0.0928651594281610 0.1082332378041323
v 0.0929806781010756 -0.1063166192253460 0.1090263510808593
v 0.0931539561104475 -0.0928655904679853 0.1098970515259618
v 0.1081485384786557 -0.0796374092997920 0.1085711730263899
v 0.1141731821030110 -0.0928651594281610 0.1035202483651468
v 0.1070256797363330 -0.1063166192253460 0.1052629423748247
v 0.1073110281000250 -0.0928651594281610 0.1061039010720499
v 0.1114063374707769 -0.0547465836052925 0.1181678436747869
v 0.1168029560711151 -0.0668566474692305 0.1098686028975575
v 0.1095196761597800 -0.0668566474692305 0.1126104472199817
v 0.1264875588436710 -0.0547465836052925 0.1119212145409130
v 0.1307552841441462 -0.0668566474692305 0.1029900693812477
v 0.1220047446708661 -0.0796374092997920 0.1028314467259023
v 0.1238918370216873 -0.0668566474692305 0.1066573562064616
v 0.1273194657045858 -0.0928651594281610 0.0970395646066735
v 0.1204598979405456 -0.1063166192253460 0.0996986492828306
v 0.1208525752204904 -0.0928651594281610 0.1004947798383277
v 0.1349928366569198 -0.0796374092997920 0.0953326469024131
v 0.1395049615377777 -0.0928651594281610 0.0888946360865463
v 0.1330522953678844 -0.1063166192253460 0.0924283005662247
v 0.1335454049268930 -0.0928651594281610 0.0931662407454403
v 0.1406235098818574 -0.0547465836052925 0.1037594754676378
v 0.1436882030326885 -0.0668566474692305 0.0943459967445717
v 0.1373631246507904 -0.0668566474692305 0.0988796736166450
v 0.1535741014031963 -0.0547465836052925 0.0938222833580373
v 0.1553848997051149 -0.0668566474692305 0.0840911282844561
v 0.1468916910069468 -0.0796374092997920 0.0862023613439175
v 0.1497042258605576 -0.0668566474692305 0.0894097286765946
v 0.1505262188055132 -0.0928651594281610 0.0792324473848545
v 0.1445886452256682 -0.1063166192253460 0.0835764667342322
v 0.1451735662672544 -0.0928651594281610 0.0842437163822612
v 0.1574965638044006 -0.0796374092997920 0.0755979195862880
v 0.1601884075072051 -0.0928651594281610 0.0682111901171189
v 0.1548702381548909 -0.1063166192253460 0.0732944427651851
v 0.1555374878029200 -0.0928651594281610 0.0738797948465956
v 0.1651160547786961 -0.0547465836052925 0.0822803299825375
v 0.1656401992050548 -0.0668566474692305 0.0723944316120297
v 0.1607039311370777 -0.0668566474692305 0.0784104544398988
v 0.1750532468882966 -0.0547465836052925 0.0693297384611986
v 0.1742842718417308 -0.0668566474692305 0.0594615127234874
v 0.1666264183230719 -0.0796374092997920 0.0636990652362610
v 0.1701734450373038 -0.0668566474692305 0.0660689221903073
v 0.1683333360273323 -0.0928651594281610 0.0560256942839270
v 0.1637220719868835 -0.1063166192253460 0.0617585239472256
v 0.1644600121660990 -0.0928651594281610 0.0622516335062342
v 0.1741252181465611 -0.0796374092997920 0.0507109732502073
v 0.1748140197858055 -0.0928651594281610 0.0428794106823522
v 0.1709924207034893 -0.1063166192253460 0.0491661265198868
v 0.1717885512589865 -0.0928651594281610 0.0495588037998316
v 0.1832149859615717 -0.0547465836052925 0.0551933563831879
v 0.1811623743182162 -0.0668566474692305 0.0455091846504563
v 0.1779511276271204 -0.0668566474692305 0.0525976345612041
v 0.1894616150954457 -0.0547465836052925 0.0401124367381708
v 0.1861645914793125 -0.0668566474692305 0.0307795193582679
v 0.1798649444470486 -0.0796374092997920 0.0368547239540145
v 0.1839042186406405 -0.0668566474692305 0.0382259478431037
v 0.1795270092247911 -0.0928651594281610 0.0290010490431724
v 0.1765571448353078 -0.1063166192253460 0.0357318652116917
v 0.1773976724927087 -0.0928651594281610 0.0360172135753837
v -0.0533500145745340 -0.0433373904956796 0.0389339307545298
v -0.0579505026193751 -0.0333639910408373 0.0528661723717481
v -0.0489945726698122 -0.0440473130863152 0.0555640506320930
v -0.0514590428652941 -0.0436908431516123 0.0475238647892727
v -0.0658993080194420 -0.0233152027207234 0.0483967204334968
v -0.0712584261550655 -0.0158844640854924 0.0641844160784320
v -0.0627992696030177 -0.0248600063470614 0.0678185128371742
v -0.0646833446750687 -0.0240643930393534 0.0585645188491021
v -0.0678437286668962 -0.0179652226293753 0.0834122405611707
v -0.0568095402044314 -0.0262861447097674 0.0840510415807955
v -0.0527987146392439 -0.0344545217963369 0.0693862046781830
v -0.0601927717854262 -0.0256259210108746 0.0762750831502761
v -0.0423456971718938 -0.0446637000350759 0.0702349220922458
v -0.0459568626119828 -0.0443805068705054 0.0631141441946748
v -0.0450087905184170 -0.0352420315553479 0.0837230202744969
v -0.0334229141848202 -0.0449917213413744 0.0833820677734692
v -0.0381609470375980 -0.0448718922702167 0.0769862988603846
v -0.0607013987781098 -0.0194959743574409 0.0993197652772637
v -0.0475992536545442 -0.0270506369421604 0.0979869901405028
v -0.0525948328023461 -0.0267646851227143 0.0912623378414711
v -0.0497249696521024 -0.0200174463368889 0.1128358810480949
v -0.0354659136400936 -0.0270014121942244 0.1102918840050281
v -0.0346242221751670 -0.0354829828171362 0.0964279190959802
v -0.0418728464846278 -0.0271331379645330 0.1043043098055633
v -0.0223685530585778 -0.0449184445712420 0.0951662655302302
v -0.0281519867972502 -0.0450111181334683 0.0894373152253503
v -0.0218937626921023 -0.0350739260238678 0.1078315086878771
v -0.0093824955804948 -0.0444132658971528 0.1056642404512556
v -0.0160929580485103 -0.0447007694599664 0.1005831430023109
v -0.0355584578903726 -0.0194885173684803 0.1249769797793830
v -0.0208411203371593 -0.0261562293067209 0.1214760743263521
v -0.0284288005724209 -0.0266446405316445 0.1160281619869212
v -0.0188933806830580 -0.0183247098428483 0.1360659102995350
v -0.0043324459300950 -0.0251585445293773 0.1313585243782655
v -0.0072134557701954 -0.0342622780346955 0.1179812034308615
v -0.0127824428858763 -0.0256296710573461 0.1265985515984304
v 0.0051140719955043 -0.0438460174883633 0.1147268527573348
v -0.0022943948120047 -0.0441098138608399 0.1103867127663759
v 0.0088735582391377 -0.0336428738071646 0.1266416555808612
v 0.0206905150225461 -0.0435783417574679 0.1221549620496375
v 0.0127855894765937 -0.0436757567577616 0.1186609532337955
v -0.0004678075213216 -0.0173978449086384 0.1457293921206998
v 0.0134648651357210 -0.0246326328397389 0.1396258682084961
v 0.0044292359226435 -0.0248362560527420 0.1357184922011426
v 0.0191731686330165 -0.0170115039141110 0.1535303508610290
v 0.0322071232563766 -0.0244609065737345 0.1458694800635999
v 0.0259635976092376 -0.0334109743816868 0.1335219132564682
v 0.0227367472765018 -0.0245175883106310 0.1430272034621119
v 0.0370817095254952 -0.0435175651422404 0.1276817546769168
v 0.0287991068854840 -0.0435326515360912 0.1251735339392676
v 0.0437925685501491 -0.0333583875231212 0.1382732652398171
v 0.0540435576518459 -0.0435136857838217 0.1310576585808984
v 0.0455085380907199 -0.0435119616245244 0.1296455721164648
v 0.0396778623873033 -0.0169006835752814 0.1589657630455550
v 0.0515900789718838 -0.0244242681886683 0.1497078896990642
v 0.0418382339867358 -0.0244324148413477 0.1480996801145704
v 0.0606996746188126 -0.0168935283141979 0.1617377801556808
v 0.0712972197392533 -0.0244377597351691 0.1510160955658394
v 0.0620772778973015 -0.0333596806425942 0.1406875192957671
v 0.0614233904838260 -0.0244286647948762 0.1506833328214735
v 0.0712959266197803 -0.0435244617794294 0.1322012072347879
v 0.0626514229432800 -0.0435184272218891 0.1319115484728528
v 0.0805167305413806 -0.0333717497576748 0.1406978642515505
v 0.0885500197470120 -0.0435300652971454 0.1310723139349249
v 0.0799412923759292 -0.0435279100980238 0.1319197382295147
v 0.0818977821384640 -0.0169112871549594 0.1617524355097073
v 0.0910069467455685 -0.0244472426113039 0.1497285796106310
v 0.0811727731539777 -0.0244437080847446 0.1506958329763785
v 0.1029195943699734 -0.0169177096483416 0.1589894702358919
v 0.1103821868482207 -0.0244497426422849 0.1458793939795590
v 0.0988023019681817 -0.0333756291160936 0.1382935241115596
v 0.1007574986112436 -0.0244490098745836 0.1481212321057858
v 0.1055114368335384 -0.0435309273767940 0.1277015825088350
v 0.0970859013877866 -0.0435304963369697 0.1296645378687344
v 0.1166176089466626 -0.0333764911957422 0.1335201890971709
v 0.1218862087191813 -0.0435309273767940 0.1221407377354353
v 0.1137895566593767 -0.0435309273767940 0.1251890513729427
v 0.1234008826618003 -0.0169191751837442 0.1535027643122733
v 0.1290880221037222 -0.0244502598900741 0.1395271600887296
v 0.1198387695537175 -0.0244501305781268 0.1430090997894909
v 0.1429916426766065 -0.0169193475996739 0.1453880085798477
v 0.1468067761615580 -0.0244502167860916 0.1307921380491245
v 0.1336583373608617 -0.0333764911957422 0.1264619119741247
v 0.1380902888343983 -0.0244502598900741 0.1354490923109500
v 0.1373971767969107 -0.0435309273767940 0.1144940912522084
v 0.1297669098270076 -0.0435309273767940 0.1185708659105151
v 0.1496309490904252 -0.0333764911957422 0.1172398149330514
v 0.1517745101367097 -0.0435309273767940 0.1048844894090821
v 0.1447429574827706 -0.0435309273767940 0.1099242070348932
v 0.1613548012717830 -0.0169192182877266 0.1347857220213397
v 0.1632306865871722 -0.0244501305781268 0.1198144158036441
v 0.1551982594611895 -0.0244501736821092 0.1255718147369283
v 0.1781774235348822 -0.0169191751837442 0.1218773724027830
v 0.1780851810124802 -0.0244501305781268 0.1067914095918215
v 0.1642638890460388 -0.0333764911957422 0.1060116585496480
v 0.1708708674730344 -0.0244501305781268 0.1135458036387304
v 0.1647776885166142 -0.0435309273767940 0.0934839170959554
v 0.1584625240506752 -0.0435309273767940 0.0993969214058148
v 0.1773054299703068 -0.0333764911957422 0.0929701176253801
v 0.1761782608297409 -0.0435309273767940 0.0804807387160509
v 0.1706906928264736 -0.0435309273767940 0.0871687526300164
v 0.1931711438234418 -0.0169191751837442 0.1068836521142234
v 0.1911090493039515 -0.0244426304851838 0.0919360530868648
v 0.1848395750593892 -0.0244501305781268 0.0995770960523756
v 0.2060863900791874 -0.0168441311503321 0.0900519780148138
v 0.2020928061069723 -0.0243750434407323 0.0755039529045888
v 0.1885344484333588 -0.0333687324789046 0.0783363155901178
v 0.1968686034363573 -0.0244201302063549 0.0839006086821119
v 0.1857878626728672 -0.0435309273767940 0.0661029743364277
v 0.1812184094953763 -0.0435309273767940 0.0734487550222875
v 0.1977591317133779 -0.0333389907310274 0.0623598245021355
v 0.1934345091560941 -0.0435309273767940 0.0505924372985226
v 0.1898646373311738 -0.0435309273767940 0.0584727073665245
v 0.2167158321466268 -0.0165437826007542 0.0716534741540439
v 0.2108308454253474 -0.0242057741017265 0.0577666641343077
v 0.2067566570059866 -0.0242999994073202 0.0667784137411186
v 0.2247534317505012 -0.0160522247851132 0.0520183170373340
v 0.2170921299132479 -0.0240036164241259 0.0390494063234620
v 0.2048096501195866 -0.0332898521910562 0.0453147856896934
v 0.2142856296171774 -0.0241033590394709 0.0485096528674655
v 0.1989953539294937 -0.0435309273767940 0.0342175361009323
v 0.1964828227936014 -0.0435309273767940 0.0424956990307531
v -0.0769464276766361 -0.0077196215254823 0.0571248458359128
v -0.0836348726304259 -0.0029542176438609 0.0742285060644609
v -0.0768416849993292 -0.0102399544821946 0.0803764270785683
v -0.0772774662617047 -0.0089158001419199 0.0692913759168352
v -0.0885021743265137 0.0047962232290594 0.0647201985800471
v -0.1015928537907528 0.0058627450663451 0.0857359762540161
v -0.0925306725244979 -0.0005905676632846 0.0927080454122007
v -0.0912246218568441 0.0022044669734593 0.0793402073409315
v -0.1027118331746568 -0.0006556546767552 0.1124363071309612
v -0.0907185811031063 -0.0044674691550596 0.1154751378923338
v -0.0834965088468230 -0.0064546489530851 0.0974904322628998
v -0.0924263608870153 -0.0027939570371831 0.1047702638556404
v -0.0729407745893403 -0.0126770967528154 0.0994904570476897
v -0.0754571850836513 -0.0115432895989552 0.0904274137017862
v -0.0779171293609781 -0.0088523941837641 0.1161066112349453
v -0.0640915269962936 -0.0139953889514795 0.1149828904129739
v -0.0691105547105379 -0.0134926672043889 0.1076125404571285
v -0.0970979705028672 -0.0040519898684089 0.1335697586769664
v -0.0821145951700910 -0.0064454678048273 0.1329861307548531
v -0.0872146583713052 -0.0056729151277198 0.1247700806637151
v -0.0848245425455165 -0.0054843352045850 0.1499022886598271
v -0.0679269193529877 -0.0068325846710385 0.1475061382764981
v -0.0666588001898730 -0.0097571036710045 0.1310408480277503
v -0.0756183939779426 -0.0068203000360457 0.1404547577906407
v -0.0509831748992579 -0.0140842693632518 0.1282274510944909
v -0.0580073998761838 -0.0141907793038384 0.1217911644379214
v -0.0510732622225383 -0.0093240379595221 0.1443694614750075
v -0.0345929286839223 -0.0131002485483387 0.1404939824146528
v -0.0431430346388991 -0.0136813333354885 0.1344809768655538
v -0.0675355351925158 -0.0053629112860774 0.1646162641024108
v -0.0496822967094959 -0.0059984364030373 0.1612571707515772
v -0.0592406048135295 -0.0065175376634516 0.1544713107974937
v -0.0465415681336568 -0.0043791059910764 0.1788121296761760
v -0.0284445766299906 -0.0048411375787523 0.1739155172720352
v -0.0323036330730391 -0.0081212213297902 0.1568394435922428
v -0.0393759189903754 -0.0053985151755652 0.1677697514570493
v -0.0157848076781124 -0.0118766126950927 0.1515678265409539
v -0.0254382893753532 -0.0124592492256100 0.1462087084053305
v -0.0112849243282648 -0.0071294417980395 0.1678693216564645
v 0.0046499714166717 -0.0112069923280299 0.1609718223878852
v -0.0057380711075622 -0.0114705731805944 0.1565127154054172
v -0.0228219207457851 -0.0035057762030456 0.1915079766613487
v -0.0051479000009159 -0.0041924657471510 0.1847372031011160
v -0.0170117194340231 -0.0044494947943859 0.1796009325546599
v 0.0028144314288378 -0.0031200386642722 0.2018361218915967
v 0.0195907600148062 -0.0039574628349381 0.1930097194092384
v 0.0112713465737992 -0.0067050830910081 0.1768452949578578
v 0.0070764238996496 -0.0040388431537675 0.1892363967872447
v 0.0262424803755650 -0.0109703514644847 0.1681438940245488
v 0.0153274744245214 -0.0110516455753493 0.1648731638376984
v 0.0348775011759305 -0.0065800384379763 0.1831195106404875
v 0.0485831451575100 -0.0109162990705165 0.1725650695024777
v 0.0373429196590260 -0.0109288854333863 0.1707120292977768
v 0.0297277821869560 -0.0030033992878145 0.2090418146345563
v 0.0452236207668522 -0.0039064708237225 0.1981015928537908
v 0.0323245816085006 -0.0039172037153478 0.1959688078031139
v 0.0573608401397216 -0.0030015889205524 0.2127004806632841
v 0.0712989438985505 -0.0039278503990082 0.1998369591864554
v 0.0590901719148459 -0.0065744349202603 0.1863173950970298
v 0.0582332647441213 -0.0039138847087006 0.1993951433665395
v 0.0712985128587262 -0.0109336699754361 0.1740750020070292
v 0.0599169062978690 -0.0109215577563731 0.1736905144837463
v 0.0835094400415523 -0.0065963748473176 0.1863354987696507
v 0.0940173288785368 -0.0109464287542356 0.1725930870910577
v 0.0826814125390563 -0.0109416873161682 0.1737068939970700
v 0.0852383407768523 -0.0030248219670826 0.2127185843359050
v 0.0973798705479648 -0.0039422040251576 0.1981347829202625
v 0.0843667782521012 -0.0039369453393011 0.1994136780789848
v 0.1128839419885053 -0.0030326237879025 0.2090840565373386
v 0.1230189813774632 -0.0039458247596818 0.1930407542765886
v 0.1077261194508337 -0.0066040904601727 0.1831527007069592
v 0.1102826166488055 -0.0039448333680859 0.1960076013873017
v 0.1163512263352402 -0.0109499201768125 0.1681559631396294
v 0.1052566922973722 -0.0109488856812342 0.1707400468863569
v 0.1313199463139899 -0.0066056853075227 0.1768319327233042
v 0.1379135625064319 -0.0109506960484963 0.1608338896441066
v 0.1272517924521694 -0.0109504805285841 0.1648477324880643
v 0.1398183274900497 -0.0030341324272876 0.2018675877987712
v 0.1477718743281840 -0.0039466006313656 0.1846346156229307
v 0.1355329295567779 -0.0039463851114534 0.1892428623846093
v 0.1655815777889489 -0.0030342617392349 0.1911963348683739
v 0.1712191476510754 -0.0039464713194183 0.1730758516942829
v 0.1538878983952926 -0.0066059008274348 0.1674839720535330
v 0.1596849529924132 -0.0039465575273832 0.1792388591022410
v 0.1583379535414502 -0.0109506098405314 0.1507647993482678
v 0.1482904152368268 -0.0109506960484963 0.1561334003600260
v 0.1750420398528646 -0.0066057715154875 0.1552704586317611
v 0.1772700847047135 -0.0109505236325666 0.1381111942658772
v 0.1680109182387498 -0.0109505667365490 0.1447474834009258
v 0.1897305839458140 -0.0030341324272876 0.1772534896714776
v 0.1929530376723419 -0.0039463851114534 0.1585493785752733
v 0.1823235956049024 -0.0039464282154359 0.1661680074699202
v 0.2118541339682550 -0.0030340893233052 0.1602778482707491
v 0.2126097467802672 -0.0039463851114534 0.1413159753596084
v 0.1944215903537598 -0.0066057284115051 0.1404000157329536
v 0.2030630767514899 -0.0039463851114534 0.1502540171564626
v 0.1943927106855312 -0.0109505236325666 0.1230989392648724
v 0.1860770903949780 -0.0109505236325666 0.1308848116113508
v 0.2116937871536124 -0.0066057284115051 0.1231278189331010
v 0.2094084140051305 -0.0109129800638693 0.1059720028858116
v 0.2021785830320096 -0.0109505236325666 0.1147833189743192
v 0.2315716196914078 -0.0030340893233052 0.1405599315077719
v 0.2298504776729453 -0.0038635823612038 0.1216640076897505
v 0.2215477885771214 -0.0039463851114534 0.1317693053308311
v 0.2485808821984324 -0.0026268860012813 0.1185346585652732
v 0.2444411757257768 -0.0031187024408169 0.0999736526907392
v 0.2265857820436352 -0.0063652512935236 0.1037344751578279
v 0.2374906585588076 -0.0036153034224023 0.1110487899365132
v 0.2220930539548712 -0.0105750879455942 0.0869997850188876
v 0.2160550480959624 -0.0108003493577776 0.0966994741852943
v 0.2388855034302688 -0.0054035152375272 0.0825255916425688
v 0.2321780927242094 -0.0097286550426002 0.0664822893818189
v 0.2274952760729255 -0.0101996953626042 0.0769082806521848
v 0.2626564876612156 -0.0009980296092031 0.0947770365688799
v 0.2563296851200204 -0.0009976847773437 0.0764910341022545
v 0.2506757357445701 -0.0022910197701803 0.0884873034525751
v 0.2750372445348191 0.0034745689197657 0.0689599062919422
v 0.2651922949476206 0.0027968019000235 0.0508980445339570
v 0.2482860509586056 -0.0035744839510403 0.0597520335650711
v 0.2615392324366089 0.0008960024827894 0.0638848434005378
v 0.2390436950457899 -0.0087179528625624 0.0448626249139941
v 0.2360557269836857 -0.0092165797313221 0.0557812947035443
v -0.1170637351648215 0.0132233104181787 0.0831424096311538
v -0.1335518705242576 0.0068885767442161 0.1037357682773008
v -0.1161007921973171 0.0030246495511528 0.1078142670949047
v -0.1162857082819453 0.0073231295430924 0.0945240161920110
v -0.1556051610553363 0.0110088967697337 0.1007240930248597
v -0.1700118051031882 0.0012549724484732 0.1172648152428613
v -0.1474016111191033 -0.0000444833098686 0.1238756730282757
v -0.1516404567513498 0.0048620430102313 0.1114018115526216
v -0.1573413894676496 -0.0081083332390434 0.1440134225801289
v -0.1369532057778733 -0.0068026705072315 0.1492712463570400
v -0.1282699085171853 -0.0012137219372869 0.1289705637515982
v -0.1426019826754319 -0.0038772032196520 0.1369103173153547
v -0.1121106565436964 -0.0024173144387026 0.1324218996248337
v -0.1148162935208787 -0.0001343982172193 0.1206575296999909
v -0.1187400490415560 -0.0057440798027131 0.1512626503453437
v -0.1016394060917781 -0.0052105387081844 0.1512656676241139
v -0.1076614634771875 -0.0040872920300198 0.1424728862480516
v -0.1417834380490706 -0.0137828863180955 0.1676348359920408
v -0.1222814722380719 -0.0105245700781852 0.1688318335841446
v -0.1301690699830871 -0.0089875682726672 0.1597222379372158
v -0.1229254457355883 -0.0166919740923514 0.1854803157582233
v -0.1033295132428904 -0.0120263128260749 0.1852975548727167
v -0.1037351217175644 -0.0078770803733020 0.1683839832066884
v -0.1133240336491239 -0.0115065650059241 0.1771677127464403
v -0.0855620516849077 -0.0060812391532869 0.1668912922951093
v -0.0942160382375428 -0.0058531328782630 0.1592536976481929
v -0.0841301373885560 -0.0082521281244326 0.1843979747593855
v -0.0651867991898606 -0.0056112333288613 0.1823156213681527
v -0.0758485692441232 -0.0059609790423049 0.1746327675396839
v -0.1003975803579462 -0.0176746155798267 0.2026857013853081
v -0.0804037981074119 -0.0120672616093842 0.2023913011853057
v -0.0923302390061946 -0.0121766164128112 0.1937899014912361
v -0.0742795842836414 -0.0175640969688741 0.2206372169482704
v -0.0540814891563850 -0.0115091081408875 0.2189087472527946
v -0.0607401923622976 -0.0076487585783660 0.2005093813123762
v -0.0676286397945664 -0.0118081635709925 0.2108487335780562
v -0.0414608155165716 -0.0046985496048712 0.1968576119208374
v -0.0536870877171430 -0.0051507965885353 0.1897777828065757
v -0.0343193908114163 -0.0069865520962814 0.2150608547411956
v -0.0152500165680932 -0.0041530256032268 0.2092844900556419
v -0.0286188891349408 -0.0043732869534482 0.2033926066971735
v -0.0450982312819609 -0.0171877560982706 0.2369744883691985
v -0.0250028529448371 -0.0111118187348227 0.2329761629589160
v -0.0398402781931026 -0.0112798811623204 0.2263191839123007
v -0.0134943913636861 -0.0169538738896010 0.2500949095813149
v 0.0060703338457319 -0.0109243164112486 0.2436181051812603
v -0.0056265050698365 -0.0066622808364543 0.2268191901084981
v -0.0096667447926348 -0.0109962138539432 0.2387770969144553
v 0.0127134334100046 -0.0039392729543523 0.2187458141992062
v -0.0014429920198364 -0.0040156963152022 0.2144349849163001
v 0.0245768131824910 -0.0065502535861166 0.2349779119030031
v 0.0417434052253880 -0.0038919447816433 0.2245432998361510
v 0.0271305086216047 -0.0039016431776902 0.2221187008244176
v 0.0197761502432412 -0.0168515450353102 0.2591545046086239
v 0.0383787083568385 -0.0108759537429613 0.2501065476565711
v 0.0221107050356766 -0.0108874625062703 0.2473970313209700
v 0.0540146779836173 -0.0168411569755444 0.2637110265913856
v 0.0712967886994289 -0.0108905659930053 0.2522906264463406
v 0.0556289221256513 -0.0065458569799087 0.2390977905437406
v 0.0547996015036824 -0.0108802210372219 0.2517397575508749
v 0.0712980818189019 -0.0039128071091398 0.2265071172756990
v 0.0564875534556732 -0.0038993155626390 0.2260096973184474
v 0.0869672415121524 -0.0065660727476688 0.2391115838181185
v 0.1008605171292532 -0.0039266003835177 0.2245743347035012
v 0.0861103343414277 -0.0039215141135908 0.2260256457919468
v 0.0885797614948892 -0.0168544330021331 0.2637230957064662
v 0.1042247829579785 -0.0109014281965779 0.2501337031655026
v 0.0877952690146484 -0.0108973764222294 0.2517518266659555
v 0.1228543241645775 -0.0168595192720599 0.2592122639450812
v 0.1365928564847517 -0.0109044023713656 0.2437000027478789
v 0.1180430576456497 -0.0065730124888401 0.2350231710845555
v 0.1205142089584084 -0.0109034971877345 0.2474466009007655
v 0.1299212220841099 -0.0039299624941473 0.2187996941772447
v 0.1154852673282050 -0.0039290573105162 0.2221626668864970
v 0.1483192949050554 -0.0065744349202603 0.2269105705512514
v 0.1579767421686799 -0.0039306521578662 0.2092715588609126
v 0.1441045875029701 -0.0039304797419365 0.2144944684120547
v 0.1562465483139069 -0.0168608123915329 0.2502634461526194
v 0.1678415195877966 -0.0109050489311021 0.2330869401937632
v 0.1523904660456460 -0.0109048765151723 0.2389046847024505
v 0.1881861682553178 -0.0168609848074626 0.2370335408251288
v 0.1974418864026871 -0.0109049627231372 0.2184949490214588
v 0.1772787055011996 -0.0065746073361901 0.2149151632805795
v 0.1828804990579086 -0.0109050489311021 0.2262747868103969
v 0.1845529335762243 -0.0039305228459189 0.1961705344408902
v 0.1714794957049576 -0.0039306521578662 0.2031555347938040
v 0.2044234384370065 -0.0065744349202603 0.1992429863085588
v 0.2091868595354361 -0.0039304366379540 0.1797052441921425
v 0.1971388654061985 -0.0039304797419365 0.1883406960323323
v 0.2181244702924659 -0.0168608985994977 0.2197484128305469
v 0.2248792953791992 -0.0109048765151723 0.2001563596962678
v 0.2114601635688373 -0.0109049196191548 0.2097745823358803
v 0.2455519653530190 -0.0168608554955153 0.1987028934087006
v 0.2496942580646205 -0.0109048765151723 0.1784004866439616
v 0.2292914190208176 -0.0065743918162779 0.1801612843262605
v 0.2376428156167883 -0.0109048765151723 0.1896838161248765
v 0.2314664459742767 -0.0039304366379540 0.1601722435137936
v 0.2206460532646687 -0.0039304366379540 0.1703029725045084
v 0.2514550557469193 -0.0065743918162779 0.1579976476001588
v 0.2510076364092874 -0.0038169438522137 0.1379521405707075
v 0.2415967439251672 -0.0039304366379540 0.1493522818440099
v 0.2699966648293594 -0.0168608554955153 0.1742581939323602
v 0.2714703899886691 -0.0107841422603836 0.1537165600651301
v 0.2609780185853596 -0.0109048765151723 0.1663486131563053
v 0.2911986517074296 -0.0163841685538129 0.1474138957540961
v 0.2899904470798938 -0.0096975770712676 0.1274614933266953
v 0.2705815858709456 -0.0060970583148390 0.1335249305352383
v 0.2811489582036847 -0.0104219394960175 0.1406918296940102
v 0.2675487896671133 -0.0027954225725858 0.1138539971131108
v 0.2596685195991114 -0.0034764223910102 0.1260830279685578
v 0.2864330754098785 -0.0041878105170484 0.1079621137546424
v 0.2812963738235980 0.0002959950473524 0.0886692022584332
v 0.2746182738255916 -0.0016603654032351 0.1013758252392136
v 0.3091087874472582 -0.0144774638909857 0.1198083812461038
v 0.3054298625467881 -0.0062988280565977 0.1012172025838682
v 0.2979724425464325 -0.0084902345233804 0.1142139153664081
v 0.3245714790646652 -0.0081318680134506 0.0933046045290432
v 0.3201166824804402 0.0030410290644766 0.0770548341924496
v 0.3005254914258098 0.0012554465922800 0.0828303367983547
v 0.3126993491837453 -0.0026221014592314 0.0887416169489169
v 0.2958538818099578 0.0081123375990112 0.0638589810110793
v 0.2880020603703602 0.0034410340214345 0.0757556801619848
v -0.1948681476117430 0.0027153784772117 0.1088582455493791
v -0.2056019013166650 -0.0108905659930053 0.1226523820068891
v -0.1804602104444182 -0.0094244702385859 0.1351986581730269
v -0.1881275468392119 -0.0039210399697841 0.1210687416923809
v -0.2321983515959519 -0.0121903665832066 0.1054125131938596
v -0.2352095958085687 -0.0317575918236056 0.1207135648771510
v -0.2101782511313448 -0.0258838552417406 0.1404526025915192
v -0.2220486568529675 -0.0198780480577076 0.1218545272920947
v -0.2085549551530003 -0.0419744425712172 0.1608584589140921
v -0.1865076991794618 -0.0344459009998508 0.1737599118954599
v -0.1859197608591054 -0.0213672906506923 0.1544605348018860
v -0.1983358629983022 -0.0306808543424838 0.1580933384411553
v -0.1629530969403177 -0.0174157330613472 0.1634873708025477
v -0.1720178644455184 -0.0138907324821374 0.1498152186153169
v -0.1645565650867440 -0.0279458635532660 0.1810785370723883
v -0.1432998361509868 -0.0220459197500831 0.1844402166621677
v -0.1534189270664453 -0.0200953783371238 0.1747827693985432
v -0.1832688659396102 -0.0483447801346676 0.1907588294467011
v -0.1626168858773573 -0.0395313088470385 0.1970222691337231
v -0.1746795353606214 -0.0373554198139309 0.1864333448097687
v -0.1574508735830239 -0.0520193946368947 0.2117496068108603
v -0.1368519114191609 -0.0421688415319802 0.2155746542117709
v -0.1416480915442379 -0.0315340545707194 0.2002149811123737
v -0.1500856961050702 -0.0410951213296286 0.2064331616178433
v -0.1208465406629500 -0.0242251708938203 0.2017917247896930
v -0.1324807365608518 -0.0233837380527884 0.1931967906929881
v -0.1157796675282075 -0.0331174362613330 0.2185440875614299
v -0.0948531150978703 -0.0248634977696383 0.2203807482528070
v -0.1082825918640155 -0.0246865128177774 0.2109625280916735
v -0.1287832769479363 -0.0538590726070420 0.2313157975556809
v -0.1076692221940250 -0.0432882519557085 0.2354136931653787
v -0.1226819082348542 -0.0428731606048997 0.2253540857456747
v -0.0966203783775338 -0.0545797711932853 0.2518143274404802
v -0.0754951165881905 -0.0435636864034414 0.2549436765649575
v -0.0865370637674928 -0.0335385621696821 0.2380003631510520
v -0.0919091130978455 -0.0434921337926063 0.2453957134167072
v -0.0656527532399378 -0.0247468583931805 0.2386451987282170
v -0.0806214732186875 -0.0248516872784523 0.2297179329269706
v -0.0545073565028015 -0.0334945961076026 0.2557803248639396
v -0.0337779616881028 -0.0245509076890500 0.2541751325582159
v -0.0500098869759701 -0.0246446157468546 0.2468336622705993
v -0.0619841732952510 -0.0547526181628328 0.2704736103949564
v -0.0410398189201698 -0.0435654105627387 0.2715473305973081
v -0.0585216303865834 -0.0435826521557110 0.2636989574763050
v -0.0255230318048122 -0.0547392559282793 0.2854423303737061
v -0.0047551278922099 -0.0434908406731333 0.2840638650155686
v -0.0202576217269934 -0.0333851119922284 0.2700330876945135
v -0.0231006742001652 -0.0435292032174968 0.2783741393347008
v 0.0001195704472631 -0.0244130611532363 0.2658808810669529
v -0.0170400818544626 -0.0244717256733246 0.2605601254756928
v 0.0156637285914642 -0.0333083869035015 0.2798629508878612
v 0.0353686279517473 -0.0243679743876136 0.2729986416857537
v 0.0176171579712464 -0.0243807762703956 0.2700283462564461
v 0.0124933444757128 -0.0546909794679568 0.2957898723960480
v 0.0329139423602771 -0.0434550643677158 0.2916829249500398
v 0.0139457762677016 -0.0434671334827964 0.2885022820864698
v 0.0515780098568032 -0.0546745999546331 0.3010149371463116
v 0.0712993749383748 -0.0434507539694727 0.2942510602232679
v 0.0526353505458311 -0.0332928694698264 0.2848043914337301
v 0.0520612054998527 -0.0434507539694727 0.2936014832080354
v 0.0712967886994289 -0.0243727158256810 0.2753891885513667
v 0.0532901000389552 -0.0243675864517718 0.2747870259168083
v 0.0899629682910941 -0.0332971798680695 0.2848237882258239
v 0.1072390444493655 -0.0243786210712741 0.2730348490309956
v 0.0893056325590242 -0.0243762934562228 0.2748016812708347
v 0.0910280676969596 -0.0546720137156872 0.3010459720136618
v 0.1097020060054624 -0.0434511850092970 0.2917402532466728
v 0.0905405616556671 -0.0434507539694727 0.2936264835178453
v 0.1301518283901147 -0.0546720137156872 0.2959010806707195
v 0.1474537669378446 -0.0434524781287699 0.2842354188656432
v 0.1269793752832067 -0.0332993350671910 0.2799521761314930
v 0.1287005173016692 -0.0434520470889456 0.2886057316443038
v 0.1425709478080817 -0.0243807762703956 0.2660106240540697
v 0.1250198682419017 -0.0243800003987118 0.2701007609469299
v 0.1630431842635981 -0.0333001971468396 0.2702865391112066
v 0.1766804222250599 -0.0243813366221672 0.2544255666961390
v 0.1598146959795299 -0.0243811642062375 0.2607760764276713
v 0.1682704042129833 -0.0546724447555115 0.2856858678744403
v 0.1839003392822217 -0.0434529091685942 0.2718563861513370
v 0.1658794263075459 -0.0434524781287699 0.2786413840257719
v 0.2047307698317382 -0.0546728757953358 0.2705830945103307
v 0.2184240429703601 -0.0434529091685942 0.2548372097283533
v 0.1975384393233321 -0.0333006281866640 0.2559979999752152
v 0.2014406428527940 -0.0434529091685942 0.2639110290698645
v 0.2089907364153759 -0.0243812935181848 0.2384977831083036
v 0.1930961428940122 -0.0243813366221672 0.2469896986869988
v 0.2298720296641607 -0.0333006281866640 0.2373300962242528
v 0.2389398144481316 -0.0243812504142023 0.2184802936674323
v 0.2242922191384915 -0.0243812504142023 0.2289786996282820
v 0.2389070554214842 -0.0546724447555115 0.2508513844729757
v 0.2504248705668228 -0.0434529091685942 0.2334481515665334
v 0.2347738145461932 -0.0434529091685942 0.2446659629941535
v 0.2702160640999323 -0.0546724447555115 0.2268269488253357
v 0.2793674706098190 -0.0434529091685942 0.2080736991891602
v 0.2594939484702666 -0.0333001971468396 0.2146005042088345
v 0.2653112619391297 -0.0434529091685942 0.2212337760651129
v 0.2660263570076569 -0.0243812504142023 0.1947325855869981
v 0.2528714526095960 -0.0243812504142023 0.2070491175267797
v 0.2858942756294933 -0.0333001971468396 0.1881997460097835
v 0.2898456176989263 -0.0242651282855337 0.1677766480942382
v 0.2783428889474385 -0.0243812504142023 0.1815776811889371
v 0.2981207202459945 -0.0546724447555115 0.1989222926792735
v 0.3048914938062272 -0.0433507527302332 0.1791897205622699
v 0.2925279785255960 -0.0434529091685942 0.1940174905184709
v 0.3228697338382965 -0.0543164058606330 0.1677076817223489
v 0.3276258272597128 -0.0424334999841054 0.1477182098700577
v 0.3090665455444760 -0.0328579502870995 0.1589717976030953
v 0.3165575866511277 -0.0430451454947987 0.1637153908696067
v 0.3105070806373140 -0.0232202877514107 0.1390073260606139
v 0.3005586814922814 -0.0239168481074927 0.1535225921441914
v 0.3295047298538721 -0.0310877128326483 0.1282110715811672
v 0.3282521281244326 -0.0196514073180864 0.1100923125663734
v 0.3197145223243607 -0.0220593250886191 0.1244235246449714
v 0.3454993246144753 -0.0528918192412945 0.1339098490983455
v 0.3483105663486132 -0.0391166485360541 0.1145751267391784
v 0.3381944927119248 -0.0414145218394409 0.1313227480728479
v 0.3668379511168511 -0.0472529562596950 0.0971852560672896
v 0.3662771683054262 -0.0258946312373483 0.0816816156665735
v 0.3473937446423097 -0.0240118061807878 0.0977641425513355
v 0.3580201694309790 -0.0346687485890181 0.0975227602497229
v 0.3435997321087492 -0.0079644090417069 0.0834730171763982
v 0.3361901575288918 -0.0152139385347987 0.0963352455337539
v -0.2560262330837074 -0.0441024861838266 0.0979412999191262
v -0.2463519752669349 -0.0649686930387607 0.1221269444610574
v -0.2292500391976840 -0.0516913733305962 0.1431560843695800
v -0.2428243453447968 -0.0474029581185543 0.1212670200115626
v -0.2581822942848969 -0.0813934655440234 0.0988861392140097
v -0.2455136028086555 -0.0997984350021579 0.1201894204507922
v -0.2351583020694761 -0.0842025520790398 0.1435694515610915
v -0.2472498312209688 -0.0826081357689239 0.1219045279117144
v -0.2219021033127027 -0.1018053564241367 0.1612420843577264
v -0.2094032415272387 -0.0876771641027879 0.1810591402802944
v -0.2204236367153256 -0.0702726380768727 0.1638740135249521
v -0.2223835747964549 -0.0859633497613386 0.1634360770634550
v -0.2027066068167870 -0.0584793884838013 0.1800026616709151
v -0.2158658216130911 -0.0553905571028089 0.1629002945618399
v -0.1942849507294541 -0.0746800202804237 0.1957976849928636
v -0.1768209412077844 -0.0628359079880839 0.2056878937616145
v -0.1898073090345408 -0.0609354534027092 0.1939666278192025
v -0.1970211915341623 -0.1038424506338171 0.1942955112051496
v -0.1838352522687512 -0.0903297831815804 0.2089232786828716
v -0.1966927391880395 -0.0891314924700037 0.1959933770730995
v -0.1711519054384833 -0.1053502279392471 0.2201173829201547
v -0.1560112005698346 -0.0919746311511403 0.2315032998792550
v -0.1677764325743261 -0.0774615202666843 0.2190846115011124
v -0.1704135342194434 -0.0912759155959368 0.2205316121913149
v -0.1492029265448871 -0.0652807658715598 0.2259851280484618
v -0.1634013783575982 -0.0642587704481252 0.2160621602530635
v -0.1377575260900324 -0.0789365385454669 0.2401827177815242
v -0.1176038280646797 -0.0664208662068549 0.2468513349033959
v -0.1338785987110832 -0.0659799124665877 0.2363529289425462
v -0.1410286873167070 -0.1061592896894735 0.2430862020380641
v -0.1232771742322238 -0.0926940366179107 0.2533682260071111
v -0.1402105737301702 -0.0924293781657855 0.2425215398682204
v -0.1061579965700006 -0.1063726544025061 0.2647093148244833
v -0.0870693979505134 -0.0928699008662284 0.2736740810904446
v -0.1035562401904765 -0.0795029248746078 0.2612403063184511
v -0.1054752294882964 -0.0928229175253788 0.2638252521448272
v -0.0829029670087506 -0.0667902673362870 0.2669830498977089
v -0.1005536167743458 -0.0666691451456564 0.2571661178990903
v -0.0669682867837263 -0.0796391334590892 0.2801077815080683
v -0.0463458760534209 -0.0668635441064194 0.2840651581350416
v -0.0648273119763876 -0.0668493197922173 0.2759879028673308
v -0.0688170165901840 -0.1063657577653171 0.2836211871160041
v -0.0492458688873838 -0.0928884355786737 0.2907855000358302
v -0.0683252001506484 -0.0928888666184980 0.2826970377326875
v -0.0301588651152466 -0.1063398953758586 0.2987364606350186
v -0.0100955561410513 -0.0928612800697422 0.3037270397208586
v -0.0289285050407413 -0.0796378403396163 0.2952571071732031
v -0.0298348093753317 -0.0928763664635930 0.2978317080437958
v -0.0082445288923300 -0.0668277678010018 0.2969726456739497
v -0.0274784439677862 -0.0668506129116902 0.2910988659881022
v 0.0104897851643636 -0.0796072365120904 0.3057826686429843
v 0.0311785760276124 -0.0668027674911920 0.3048792091712343
v 0.0113363904832873 -0.0668122503673268 0.3015709785196692
v 0.0097868023148994 -0.1063209296235891 0.3092495219498949
v 0.0302767114032124 -0.0928457626360671 0.3117137766254647
v 0.0099683131849156 -0.0928513661537832 0.3083628730312930
v 0.0506913609382013 -0.1063161881855217 0.3146426922316387
v 0.0713067026153880 -0.0928423143174727 0.3144573451071861
v 0.0509189499654360 -0.0795955984368341 0.3111486834157967
v 0.0507495513144829 -0.0928431763971213 0.3137538881139152
v 0.0713032542967936 -0.0667954398141787 0.3075680355952687
v 0.0511961085724662 -0.0667980260531246 0.3068831133144430
v 0.0916961794246373 -0.0795925811580639 0.3111896321991059
v 0.1114429758558430 -0.0667937156548815 0.3049520549015424
v 0.0914147104193641 -0.0667941466947058 0.3069197516995092
v 0.0919267857306422 -0.1063166192253460 0.3146866582937181
v 0.1123451422081200 -0.0928418832776484 0.3117892085947186
v 0.0918681643145362 -0.0928418832776484 0.3137978541759947
v 0.1328238442610011 -0.1063166192253460 0.3093193504014328
v 0.1526917628828375 -0.0928418832776484 0.3037779024201270
v 0.1321380599005268 -0.0795921501182396 0.3058783594839807
v 0.1326492731321563 -0.0928418832776484 0.3084447705979115
v 0.1509046717712558 -0.0667941466947058 0.2971110094575526
v 0.1313018426413690 -0.0667937156548815 0.3016778763960976
v 0.1715419964794822 -0.0795925811580639 0.2953221941866737
v 0.1890021266427332 -0.0667945777345301 0.2841724870512943
v 0.1701643932009934 -0.0667945777345301 0.2912648163204609
v 0.1726708897793454 -0.1063166192253460 0.2986472353913869
v 0.1916439697259180 -0.0928418832776484 0.2905510143714065
v 0.1723838172563561 -0.0928418832776484 0.2978019662959185
v 0.2107851552039708 -0.1063166192253460 0.2828604018261002
v 0.2285414097265214 -0.0928418832776484 0.2723611337856019
v 0.2092321187169884 -0.0795925811580639 0.2797107938298804
v 0.2103903227249045 -0.0928418832776484 0.2820595298325356
v 0.2250896428134616 -0.0667945777345301 0.2663821803826233
v 0.2073368366095054 -0.0667945777345301 0.2758672117165245
v 0.2445610047969345 -0.0795925811580639 0.2593131272639693
v 0.2585400573390726 -0.0667945777345301 0.2440241446957586
v 0.2421803718472805 -0.0667945777345301 0.2557501520762380
v 0.2465118910417532 -0.1063166192253460 0.2622329910338329
v 0.2627431266659016 -0.0928418832776484 0.2495013677432425
v 0.2460157642039745 -0.0928418832776484 0.2614907404563742
v 0.2792416069811210 -0.1063166192253460 0.2371184556705175
v 0.2936758375777286 -0.0928418832776484 0.2223816351172455
v 0.2769264920847618 -0.0795925811580639 0.2344783367466299
v 0.2786528065811161 -0.0928418832776484 0.2364473266640697
v 0.2887938805276143 -0.0667945777345301 0.2175001091069555
v 0.2741010260364218 -0.0667945777345301 0.2312567450997507
v 0.3057721081672887 -0.0795925811580639 0.2056322896242788
v 0.3155166254754235 -0.0667234561635193 0.1872505963166569
v 0.3025505165204095 -0.0667945777345301 0.2028072546157630
v 0.3084122270911763 -0.1063166192253460 0.2079478355604622
v 0.3209891070848400 -0.0928104173704739 0.1914441827673511
v 0.3077410980847284 -0.0928418832776484 0.2073590351604573
v 0.3342177192928576 -0.1062532563711727 0.1752082057051354
v 0.3455937223359988 -0.0925246379669576 0.1571997928853644
v 0.3314181156339761 -0.0793882682813419 0.1732508538629520
v 0.3335599525209634 -0.0927151575693018 0.1747025959912219
v 0.3396630453933427 -0.0660829309845973 0.1538368201761121
v 0.3278387609329210 -0.0665096604106624 0.1709025489001211
v 0.3550593568778062 -0.0785701546948050 0.1378581738890083
v 0.3621529792664456 -0.0640591990094705 0.1176579235626304
v 0.3511347392774803 -0.0653708531948402 0.1361249627554652
v 0.3576076643191160 -0.1059993739146552 0.1394435383628138
v 0.3680901218064664 -0.0918694574340091 0.1202014895658729
v 0.3572309355126707 -0.0922069616164425 0.1390008604632493
v 0.3776225675210415 -0.1057045426748284 0.1012809964778658
v 0.3859532742054455 -0.0915599708401559 0.0811867819482677
v 0.3760376340870604 -0.0770671188274424 0.0999111519162145
v 0.3777911040923460 -0.0916181612164375 0.1008982331138802
v 0.3819226208083398 -0.0601117362984563 0.0785570079801635
v 0.3726151778820535 -0.0618320162372702 0.0983275116017063
v -0.2503619387524738 -0.1156456141428477 0.0945270334707812
v -0.2347130379309657 -0.1311746858931980 0.1117125912659478
v -0.2305854005733907 -0.1165344182605711 0.1374736863657255
v -0.2411381175521033 -0.1160145842324554 0.1165695480062522
v -0.2342069971772279 -0.1450847720634469 0.0858122703029186
v -0.2180680040754815 -0.1579926906421793 0.1009538372512159
v -0.2181287806907090 -0.1453546029934638 0.1260239755126276
v -0.2268267333054235 -0.1451951182584698 0.1062849377982594
v -0.2012070192680189 -0.1582159692711709 0.1383629215232732
v -0.1978341326428075 -0.1457166764458827 0.1624580477020998
v -0.2144890804142508 -0.1317824520454726 0.1512436845930742
v -0.2083769357055610 -0.1455369328391462 0.1448186049719366
v -0.2072157144188748 -0.1177736577554571 0.1747021649513976
v -0.2191339655609957 -0.1171417533730213 0.1569480656279685
v -0.1917357812084956 -0.1324574604103392 0.1850535863321582
v -0.1829179995226234 -0.1188952233783069 0.2045913284485745
v -0.1952616869713364 -0.1183667685537051 0.1904450324546048
v -0.1806701268388563 -0.1583513157760037 0.1720900636160901
v -0.1749855736358802 -0.1459847832166024 0.1938196432391134
v -0.1867645989147495 -0.1458679714242149 0.1787310941892060
v -0.1567823308155220 -0.1583314879440856 0.2017731900772477
v -0.1485736084013972 -0.1460951294116253 0.2211661028126965
v -0.1667746960226339 -0.1329828979561708 0.2133246263288823
v -0.1623160200799902 -0.1460623703849778 0.2079043005382071
v -0.1556417994404025 -0.1196516982699678 0.2297511229934423
v -0.1698294752575059 -0.1193322977601554 0.2175552822044670
v -0.1374200219075991 -0.1332070386648111 0.2383814023557404
v -0.1231801902717544 -0.1198943736910533 0.2529483932182349
v -0.1400015194153807 -0.1198262693988126 0.2415935111264849
v -0.1287595697575994 -0.1582138140720494 0.2281463617275430
v -0.1175193442591153 -0.1460274561592089 0.2456780445016291
v -0.1335760087544188 -0.1460774567788286 0.2337865178286153
v -0.0968186566967155 -0.1580681226114332 0.2512863036557026
v -0.0830124511241249 -0.1459028856499838 0.2669274457603731
v -0.1035381365178555 -0.1331643657222045 0.2609579752335293
v -0.1005997380355468 -0.1459632312253870 0.2567540438270517
v -0.0870875016231343 -0.1198616146644059 0.2736585636567694
v -0.1054515222979595 -0.1198935116114047 0.2636817158833326
v -0.0670441497928045 -0.1330772956776943 0.2801982998711730
v -0.0492822917525379 -0.1198176486023264 0.2908510180891250
v -0.0683609764560660 -0.1198366143545960 0.2827448831531856
v -0.0621764170568924 -0.1579745869695584 0.2706132672980323
v -0.0464574722639343 -0.1458434021542293 0.2842388671842377
v -0.0649536066449099 -0.1458649541454447 0.2761111802570829
v -0.0256257054909624 -0.1579508797792214 0.2856143152636051
v -0.0082896932451210 -0.1458321951187972 0.2970584225989870
v -0.0289828160586042 -0.1330441056112226 0.2953609877708614
v -0.0275580570233359 -0.1458343503179188 0.2912432643292455
v -0.0101113278882227 -0.1197956655712867 0.3037589366678574
v -0.0298623097161225 -0.1198042863677729 0.2978855880218343
v 0.0104738366908642 -0.1330363468943850 0.3058158587094560
v 0.0302729613567410 -0.1197891999739221 0.3117223974219508
v 0.0099601234282537 -0.1197909241332193 0.3083801146242653
v 0.0124644217035017 -0.1579534660181673 0.2958446144537352
v 0.0311682741758115 -0.1458339192780945 0.3049011922022741
v 0.0113134160606516 -0.1458321951187972 0.3016170997808701
v 0.0515732684187358 -0.1579577764164103 0.3010257131419193
v 0.0713015301374963 -0.1458373675966890 0.3075710528740389
v 0.0509159326866658 -0.1330376400138579 0.3111551490131613
v 0.0511917981742231 -0.1458356434373917 0.3068921651507535
v 0.0713058405357394 -0.1197904930933950 0.3144586382266591
v 0.0507478271551857 -0.1197896310137464 0.3137573364325097
v 0.0916957483848130 -0.1330402262528038 0.3111896321991059
v 0.1123451422081200 -0.1197913551730436 0.3117887775548943
v 0.0918681643145362 -0.1197909241332193 0.3137978541759947
v 0.0910272056173110 -0.1579603626553562 0.3010459720136618
v 0.1114429758558430 -0.1458390917559862 0.3049507617820695
v 0.0914138483397154 -0.1458386607161619 0.3069197516995092
v 0.1301522594299391 -0.1579607936951805 0.2958997875512466
v 0.1509046717712558 -0.1458390917559862 0.2971105784177283
v 0.1321380599005268 -0.1330406572926281 0.3058774974043321
v 0.1313018426413690 -0.1458390917559862 0.3016765832766247
v 0.1526917628828375 -0.1197913551730436 0.3037779024201270
v 0.1326492731321563 -0.1197913551730436 0.3084443395580872
v 0.1715419964794822 -0.1330406572926281 0.2953221941866737
v 0.1916439697259180 -0.1197913551730436 0.2905510143714065
v 0.1723838172563561 -0.1197913551730436 0.2978019662959185
v 0.1682704042129833 -0.1579607936951805 0.2856854368346159
v 0.1890021266427332 -0.1458390917559862 0.2841724870512943
v 0.1701643932009934 -0.1458390917559862 0.2912648163204609
v 0.2047307698317382 -0.1579607936951805 0.2705830945103307
v 0.2250896428134616 -0.1458390917559862 0.2663821803826233
v 0.2092321187169884 -0.1330406572926281 0.2797107938298804
v 0.2073368366095054 -0.1458390917559862 0.2758672117165245
v 0.2285414097265214 -0.1197913551730436 0.2723611337856019
v 0.2103903227249045 -0.1197913551730436 0.2820595298325356
v 0.2445610047969345 -0.1330406572926281 0.2593131272639693
v 0.2627431266659016 -0.1197913551730436 0.2495013677432425
v 0.2460157642039745 -0.1197913551730436 0.2614907404563742
v 0.2389070554214842 -0.1579607936951805 0.2508513844729757
v 0.2585400573390726 -0.1458390917559862 0.2440241446957586
v 0.2421803718472805 -0.1458390917559862 0.2557501520762380
v 0.2702160640999323 -0.1579607936951805 0.2268269488253357
v 0.2887938805276143 -0.1458390917559862 0.2175001091069555
v 0.2769264920847618 -0.1330406572926281 0.2344783367466299
v 0.2741010260364218 -0.1458390917559862 0.2312567450997507
v 0.2936758375777286 -0.1197913551730436 0.2223816351172455
v 0.2786528065811161 -0.1197913551730436 0.2364473266640697
v 0.3057721081672887 -0.1330406572926281 0.2056322896242788
v 0.3209352271068014 -0.1197848895756790 0.1914480621257699
v 0.3077410980847284 -0.1197913551730436 0.2073590351604573
v 0.2981207202459945 -0.1579607936951805 0.1989222926792735
v 0.3153812789705907 -0.1458390917559862 0.1872462859184139
v 0.3025505165204095 -0.1458390917559862 0.2028072546157630
v 0.3222714505621568 -0.1579607936951805 0.1676128529610011
v 0.3383074251458935 -0.1458390917559862 0.1537958713928028
v 0.3310120761194778 -0.1330341916952635 0.1732659402568028
v 0.3272965128339414 -0.1458390917559862 0.1708861693867973
v 0.3450527673564920 -0.1197279923188703 0.1572381554297279
v 0.3333435705291607 -0.1197659238234094 0.1747181134248970
v 0.3530291593053147 -0.1330087603456293 0.1379336058582623
v 0.3663263068453974 -0.1195969562122807 0.1203204565573819
v 0.3561490255536572 -0.1196646294646970 0.1390771545121518
v 0.3425079082337766 -0.1579607936951805 0.1334369984110794
v 0.3574865421284854 -0.1458390917559862 0.1177079241822501
v 0.3484239298224062 -0.1458390917559862 0.1360430651888466
v 0.3583680185691956 -0.1579607936951805 0.0969766327923245
v 0.3718138748486646 -0.1458390917559862 0.0796104693107727
v 0.3710789519482192 -0.1329794496375763 0.1002383111428644
v 0.3653366394087858 -0.1458390917559862 0.0988706217803346
v 0.3827045270496348 -0.1195348864775803 0.0813553185195722
v 0.3752798660759266 -0.1195465245528366 0.1010512522515096
v -0.2150563288230404 -0.1694217115837104 0.0775505299904040
v -0.1995763956126611 -0.1796304587826250 0.0923429546810117
v -0.2017639227210251 -0.1695596443274890 0.1147764223371303
v -0.2090260816809691 -0.1694842123582350 0.0963865392728466
v -0.1948892685631341 -0.1883585841850411 0.0712599347944506
v -0.1789593297761772 -0.1957293651807107 0.0848644137292650
v -0.1831710198994923 -0.1884288436764033 0.1055426872208007
v -0.1895956684808055 -0.1883917742515129 0.0885821322139229
v -0.1656962343822149 -0.1957802278799791 0.1168622240469575
v -0.1671380625945257 -0.1884728097384828 0.1379866237566522
v -0.1848869894400631 -0.1797257185837971 0.1272028694321104
v -0.1756679096777600 -0.1884590164641049 0.1220437537749660
v -0.1840188752339064 -0.1696686974030389 0.1496057332607031
v -0.1933883878948931 -0.1696281796595540 0.1325667290058013
v -0.1660902047816325 -0.1797222702652027 0.1595218044189125
v -0.1626142996384115 -0.1696174036639463 0.1809996567845399
v -0.1737739206897499 -0.1696609386862014 0.1657408470040308
v -0.1484162788655247 -0.1957991936322487 0.1468311299116314
v -0.1471766083308144 -0.1884284126365790 0.1678615629396270
v -0.1576327723888820 -0.1884598785437535 0.1532725890460927
v -0.1274117082269877 -0.1957810899596277 0.1742409523393878
v -0.1235060563789314 -0.1883443598708389 0.1947851724455637
v -0.1434976834303442 -0.1796058895126394 0.1887463045070063
v -0.1357932776106600 -0.1883870328134454 0.1817125966539456
v -0.1373971767969107 -0.1694708501236815 0.2090004348114228
v -0.1505016495355276 -0.1695497304115299 0.1954101801908106
v -0.1171128737047927 -0.1794718361272796 0.2147574027048826
v -0.1082157806912478 -0.1693204172249979 0.2337425517665359
v -0.1232625188781973 -0.1693928319154817 0.2217984382349566
v -0.1029726122683632 -0.1957604000480609 0.1986572031873240
v -0.0963720994387322 -0.1882797038971927 0.2184251205699208
v -0.1103399449454384 -0.1883085835654214 0.2070387725709963
v -0.0755106340218656 -0.1957530723710477 0.2196880672551438
v -0.0663445721579524 -0.1882447896714237 0.2384046785062530
v -0.0873172458494906 -0.1793739900871616 0.2372822508037546
v -0.0816809691068370 -0.1882585829458016 0.2288963710218392
v -0.0758653797972712 -0.1692109331096237 0.2548221233345025
v -0.0923772223470442 -0.1692579164504733 0.2447707056714603
v -0.0548707230746933 -0.1793265757064877 0.2558919641784354
v -0.0412336575291612 -0.1691712774457873 0.2717615573899892
v -0.0587992200334379 -0.1691837776006923 0.2638347350209620
v -0.0455572024868843 -0.1957560896498178 0.2369809539665632
v -0.0340327924322338 -0.1882391861537077 0.2543531520056552
v -0.0504404957604539 -0.1882391861537077 0.2469017665628400
v -0.0136354706981821 -0.1957651414861283 0.2502354285640394
v 0.0000407332633971 -0.1882465138307210 0.2659770029477736
v -0.0203951234309477 -0.1793214032285960 0.2702111071419527
v -0.0171845232995883 -0.1882422034324779 0.2607230585292813
v -0.0048232106324593 -0.1691712774457873 0.2841707628919971
v -0.0232234774461106 -0.1691686912068415 0.2785560381405588
v 0.0156274350382575 -0.1793278688259607 0.2799181239853727
v 0.0328999766699695 -0.1691760188838547 0.2917096494191469
v 0.0139124137853002 -0.1691738636847331 0.2885591793432785
v 0.0197387790904737 -0.1957716070834929 0.2592027810689464
v 0.0353536277658613 -0.1882508242289640 0.2730232109557392
v 0.0175795281945843 -0.1882491000696668 0.2700800710353630
v 0.0540090744659013 -0.1957729002029659 0.2637222336268176
v 0.0712946335003074 -0.1882521173484370 0.2753926368699612
v 0.0526301780679394 -0.1793317481843795 0.2848147363895134
v 0.0532849275610635 -0.1882516863086127 0.2747969398327673
v 0.0712972197392533 -0.1691798982422735 0.2942545085418623
v 0.0520560330219610 -0.1691781740829763 0.2936118281638188
v 0.0899621062114455 -0.1793330413038524 0.2848233571859996
v 0.1097020060054624 -0.1691807603219221 0.2917385290873756
v 0.0905396995760185 -0.1691803292820978 0.2936260524780210
v 0.0885788994152406 -0.1957729002029659 0.2637235267462905
v 0.1072390444493655 -0.1882521173484370 0.2730335559115226
v 0.0893052015191999 -0.1882521173484370 0.2748012502310104
v 0.1228543241645775 -0.1957724691631416 0.2592109708256083
v 0.1425709478080817 -0.1882521173484370 0.2660101930142453
v 0.1269793752832067 -0.1793330413038524 0.2799508830120201
v 0.1250198682419017 -0.1882521173484370 0.2700994678274569
v 0.1474537669378446 -0.1691807603219221 0.2842345567859947
v 0.1287005173016692 -0.1691807603219221 0.2886040074850065
v 0.1630431842635981 -0.1793330413038524 0.2702865391112066
v 0.1839003392822217 -0.1691807603219221 0.2718563861513370
v 0.1658794263075459 -0.1691807603219221 0.2786413840257719
v 0.1562465483139069 -0.1957724691631416 0.2502634461526194
v 0.1766804222250599 -0.1882521173484370 0.2544255666961390
v 0.1598146959795299 -0.1882521173484370 0.2607756453878469
v 0.1881861682553178 -0.1957724691631416 0.2370335408251288
v 0.2089907364153759 -0.1882521173484370 0.2384977831083036
v 0.1975384393233321 -0.1793330413038524 0.2559979999752152
v 0.1930961428940122 -0.1882521173484370 0.2469896986869988
v 0.2184240429703601 -0.1691807603219221 0.2548372097283533
v 0.2014406428527940 -0.1691807603219221 0.2639110290698645
v 0.2298720296641607 -0.1793330413038524 0.2373300962242528
v 0.2504248705668228 -0.1691807603219221 0.2334481515665334
v 0.2347738145461932 -0.1691807603219221 0.2446659629941535
v 0.2181244702924659 -0.1957724691631416 0.2197484128305469
v 0.2389398144481316 -0.1882521173484370 0.2184802936674323
v 0.2242922191384915 -0.1882521173484370 0.2289786996282820
v 0.2455519653530190 -0.1957724691631416 0.1987028934087006
v 0.2660263570076569 -0.1882521173484370 0.1947325855869981
v 0.2594939484702666 -0.1793330413038524 0.2146005042088345
v 0.2528714526095960 -0.1882521173484370 0.2070491175267797
v 0.2793674706098190 -0.1691807603219221 0.2080736991891602
v 0.2653112619391297 -0.1691807603219221 0.2212337760651129
v 0.2858942756294933 -0.1793330413038524 0.1881997460097835
v 0.3047548541819214 -0.1691807603219221 0.1791310991461640
v 0.2925279785255960 -0.1691807603219221 0.1940174905184709
v 0.2699966648293594 -0.1957724691631416 0.1742581939323602
v 0.2897740650880911 -0.1882521173484370 0.1676456119876485
v 0.2783428889474385 -0.1882521173484370 0.1815776811889371
v 0.2910421842512057 -0.1957724691631416 0.1468306988718071
v 0.3097915545289624 -0.1882521173484370 0.1376965339548928
v 0.3086363677998165 -0.1793330413038524 0.1585782582435019
v 0.3002729020887651 -0.1882521173484370 0.1529984477178327
v 0.3262572758175344 -0.1691807603219221 0.1471302715497013
v 0.3160101660742563 -0.1691807603219221 0.1634800431255344
v 0.3273547032102230 -0.1793330413038524 0.1262446679026734
v 0.3435540418873725 -0.1691807603219221 0.1126065678615629
v 0.3354573898275679 -0.1691807603219221 0.1301468714321352
v 0.3083273122457876 -0.1957724691631416 0.1168923968346591
v 0.3257193381167978 -0.1882521173484370 0.1053866508044011
v 0.3182839011474819 -0.1882521173484370 0.1218023714733534
v 0.3215572175732782 -0.1957724691631416 0.0849527768932481
v 0.3373035333950798 -0.1882521173484370 0.0712771763874229
v 0.3417191053552927 -0.1793330413038524 0.0917494128429393
v 0.3320694168085057 -0.1882521173484370 0.0885209245588711
v 0.3562093711290604 -0.1691807603219221 0.0761604265570101
v 0.3504903347401396 -0.1691807603219221 0.0945856548868871
v -0.1723251958402502 -0.2015880584727074 0.0651676179176789
v -0.1555417982011630 -0.2059243191052476 0.0768815561830777
v -0.1617388577552416 -0.2016221106188277 0.0963921427905626
v -0.1675441021090240 -0.2016040069462068 0.0809492790050739
v -0.1474330770262778 -0.2085954728964853 0.0585451220570083
v -0.1305462298293567 -0.2095428984303146 0.0684693829718795
v -0.1379402869755390 -0.2086079730513902 0.0865601243980933
v -0.1431450928540601 -0.2086010764142013 0.0727065044448288
v -0.1198939426512290 -0.2095502261073278 0.0942136675185091
v -0.1248664180644480 -0.2086234904850653 0.1131225225312598
v -0.1435869086739760 -0.2059488883752331 0.1058086387923988
v -0.1318402113819298 -0.2086153007284035 0.1000503777794660
v -0.1471666944148553 -0.2016557317251237 0.1260015614417636
v -0.1549374803674830 -0.2016402142914487 0.1114315533004989
v -0.1279341284940492 -0.2059717334859214 0.1329719064406509
v -0.1288440535631638 -0.2016716801986232 0.1534764708829905
v -0.1384549485257630 -0.2016656456410828 0.1400366491610618
v -0.1059584251313459 -0.2095588469038140 0.1183687082329145
v -0.1084028519749975 -0.2086403010382133 0.1377917937560649
v -0.1170400279744846 -0.2086316802417272 0.1257218165957876
v -0.0889780422925499 -0.2095687608197731 0.1405198448041113
v -0.0888620925798111 -0.2086575426311856 0.1601218118543495
v -0.1088502713126294 -0.2059915613178396 0.1578993705202166
v -0.0989962698891204 -0.2086489218346995 0.1492772809145803
v -0.1070942150683979 -0.2016798699552850 0.1783319513118967
v -0.1183762514298399 -0.2016759905968662 0.1662615431117950
v -0.0866823241882846 -0.2060113891497578 0.1801121457862894
v -0.0822719247059635 -0.2016923701101899 0.2001085142757696
v -0.0950397553417957 -0.2016854734730010 0.1896282119875408
v -0.0692571082508027 -0.2095795368153808 0.1602610377176010
v -0.0665837992604434 -0.2086756463038066 0.1796828301212784
v -0.0780412688303788 -0.2086670255073204 0.1702693513982124
v -0.0471367479230615 -0.2095898817711642 0.1772465930342887
v -0.0419564682105435 -0.2086907326976573 0.1961597584452825
v -0.0618169298434194 -0.2060316480215003 0.1992162618394517
v -0.0545388224099760 -0.2086838360604685 0.1883251785986572
v -0.0548284811719111 -0.2017065944243921 0.2184587416762169
v -0.0688484824973585 -0.2016992667473789 0.2097323404330980
v -0.0346789642328542 -0.2060471654551754 0.2149009389663773
v -0.0252362610097000 -0.2017186635394728 0.2330666813220207
v -0.0402696800660784 -0.2017130600217567 0.2262459071421683
v -0.0229914056047031 -0.2095963473685288 0.1911928865497795
v -0.0153859665286800 -0.2086993534941435 0.2092676795024938
v -0.0288858752021173 -0.2086959051755491 0.2031486381566151
v 0.0027698188070219 -0.2095989336074747 0.2018671567589469
v 0.0126667949010144 -0.2087028018127380 0.2187996941772447
v -0.0057272692495650 -0.2060557862516615 0.2269062601530084
v -0.0015154929182851 -0.2087015086932651 0.2144931752925817
v 0.0059999019384400 -0.2017268532961346 0.2436935371505143
v -0.0097918325496490 -0.2017234049775402 0.2388917535077213
v 0.0245445282996503 -0.2060596656100803 0.2350236021243798
v 0.0383631909231634 -0.2017294395350804 0.2501332721256783
v 0.0220752304581361 -0.2017285774554319 0.2474435836219953
v 0.0297037732687420 -0.2095997956871233 0.2090853496568115
v 0.0417274567518886 -0.2087036638923866 0.2245769209424471
v 0.0271021462011652 -0.2087036638923866 0.2221639600059699
v 0.0573513572635868 -0.2095993646472990 0.2127250499332697
v 0.0712937714206588 -0.2087032328525623 0.2265183243111310
v 0.0556211634088138 -0.2060596656100803 0.2391154631765372
v 0.0564789326591871 -0.2087036638923866 0.2260312493096628
v 0.0712937714206588 -0.2017290084952561 0.2522966610038810
v 0.0547931359063178 -0.2017290084952561 0.2517535508252527
v 0.0869659483926794 -0.2060592345702560 0.2391146010968886
v 0.1042243519181542 -0.2017285774554319 0.2501332721256783
v 0.0877944069349997 -0.2017285774554319 0.2517535508252527
v 0.0852361855777308 -0.2095993646472990 0.2127246188934453
v 0.1008596550496046 -0.2087028018127380 0.2245760588627984
v 0.0861081791423062 -0.2087032328525623 0.2260303872300141
v 0.1128835109486809 -0.2095993646472990 0.2090844875771629
v 0.1299212220841099 -0.2087028018127380 0.2187996941772447
v 0.1180430576456497 -0.2060588035304317 0.2350231710845555
v 0.1154852673282050 -0.2087028018127380 0.2221626668864970
v 0.1365928564847517 -0.2017285774554319 0.2436995717080546
v 0.1205142089584084 -0.2017285774554319 0.2474457388211169
v 0.1483192949050554 -0.2060588035304317 0.2269105705512514
v 0.1678415195877966 -0.2017285774554319 0.2330869401937632
v 0.1523904660456460 -0.2017285774554319 0.2389042536626262
v 0.1398183274900497 -0.2095993646472990 0.2018675877987712
v 0.1579767421686799 -0.2087028018127380 0.2092715588609126
v 0.1441045875029701 -0.2087028018127380 0.2144940373722304
v 0.1655815777889489 -0.2095993646472990 0.1911959038285496
v 0.1845529335762243 -0.2087028018127380 0.1961701034010659
v 0.1772787055011996 -0.2060588035304317 0.2149151632805795
v 0.1714790646651333 -0.2087028018127380 0.2031551037539797
v 0.1974418864026871 -0.2017285774554319 0.2184949490214588
v 0.1828804990579086 -0.2017285774554319 0.2262747868103969
v 0.2044234384370065 -0.2060588035304317 0.1992429863085588
v 0.2248792953791992 -0.2017285774554319 0.2001563596962678
v 0.2114601635688373 -0.2017285774554319 0.2097745823358803
v 0.1897305839458140 -0.2095993646472990 0.1772534896714776
v 0.2091868595354361 -0.2087028018127380 0.1797052441921425
v 0.1971388654061985 -0.2087028018127380 0.1883406960323323
v 0.2118541339682550 -0.2095993646472990 0.1602778482707491
v 0.2314664459742767 -0.2087028018127380 0.1601722435137936
v 0.2292914190208176 -0.2060588035304317 0.1801612843262605
v 0.2206460532646687 -0.2087028018127380 0.1703029725045084
v 0.2496942580646205 -0.2017285774554319 0.1784004866439616
v 0.2376428156167883 -0.2017285774554319 0.1896838161248765
v 0.2514550557469193 -0.2060588035304317 0.1579976476001588
v 0.2714501311169266 -0.2017285774554319 0.1535855239585404
v 0.2609780185853596 -0.2017285774554319 0.1663486131563053
v 0.2315716196914078 -0.2095993646472990 0.1405599315077719
v 0.2509994466526255 -0.2087028018127380 0.1378926570749530
v 0.2415967439251672 -0.2087028018127380 0.1493522818440099
v 0.2485476921319607 -0.2095993646472990 0.1184368125251552
v 0.2674643058615490 -0.2087028018127380 0.1132587311157412
v 0.2705371887690419 -0.2060588035304317 0.1331296670163477
v 0.2596344674529911 -0.2087028018127380 0.1258450939855397
v 0.2897887204421176 -0.2017285774554319 0.1261481149820283
v 0.2810683537565390 -0.2017285774554319 0.1401663921481786
v 0.2862089347012382 -0.2060588035304317 0.1059849340805409
v 0.3043807116144220 -0.2017285774554319 0.0965477481671378
v 0.2975685582310557 -0.2017285774554319 0.1115867276372498
v 0.2624901062890327 -0.2095993646472990 0.0942878063682901
v 0.2805653302815714 -0.2087028018127380 0.0866829707480211
v 0.2744493062144628 -0.2087028018127380 0.1001852932444745
v 0.2731613592194300 -0.2095993646472990 0.0685245560693910
v 0.2900934655979034 -0.2087028018127380 0.0586270196236268
v 0.2982043419719102 -0.2060588035304317 0.0770255234843966
v 0.2857882398327135 -0.2087028018127380 0.0728108160823114
v 0.3149933431287134 -0.2017285774554319 0.0652990850640929
v 0.3101980250832850 -0.2017285774554319 0.0810966946249873
v -0.1217310343824304 -0.2086584047108343 0.0517075373240078
v -0.1055347129840510 -0.2060165616276495 0.0600184161764936
v -0.1133348096447316 -0.2086609909497801 0.0764474990799994
v -0.1179374528886942 -0.2086596978303072 0.0642145888661336
v -0.0968613296393220 -0.2016794389154607 0.0450570238747571
v -0.0822085618517902 -0.1957129856673870 0.0521045250021956
v -0.0895396871836235 -0.2016790078756364 0.0666163427671787
v -0.0935530989877568 -0.2016790078756364 0.0559562968722134
v -0.0740938061193646 -0.1957129856673870 0.0716944229373532
v -0.0794718900072576 -0.2016790078756364 0.0870394406827240
v -0.0961906316726985 -0.2060169926674738 0.0825807647400803
v -0.0848400599791915 -0.2016790078756364 0.0769923334179249
v -0.1017829423532727 -0.2086640082285502 0.0998891688851748
v -0.1079429324824607 -0.2086622840692530 0.0883558363061611
v -0.0839784113703995 -0.2060182857869467 0.1037353372374765
v -0.0872551761147902 -0.2086687496666177 0.1216329728224003
v -0.0948755291687343 -0.2086661634276718 0.1109970651575962
v -0.0634915195608566 -0.1957129856673870 0.0900580125723541
v -0.0668174228452184 -0.2016794389154607 0.1059732960052845
v -0.0734545740599156 -0.2016794389154607 0.0967128364198479
v -0.0505823078626513 -0.1957134167072113 0.1068823589947505
v -0.0518043057645650 -0.2016807320349336 0.1230985082250480
v -0.0691058132724705 -0.2060208720258926 0.1231213533357364
v -0.0595906091508677 -0.2016803009951093 0.1147815948150220
v -0.0700183245805309 -0.2086743531843336 0.1413043372843521
v -0.0789576594968580 -0.2086713359055635 0.1317507706183859
v -0.0518323233531450 -0.2060238893046628 0.1403982915736564
v -0.0503616154726055 -0.2086803877418740 0.1585454992168545
v -0.0604712235119293 -0.2086773704631038 0.1502471205192737
v -0.0355890186139160 -0.1957138477470357 0.1218769413629587
v -0.0346819384076419 -0.2016824561942308 0.1381116253057015
v -0.0434885992660469 -0.2016815941145823 0.1308848116113508
v -0.0187667411826763 -0.1957142787868600 0.1347861530611640
v -0.0157504538041150 -0.2016833182738795 0.1507652303880921
v -0.0324535487239335 -0.2060264755436086 0.1552704586317611
v -0.0254229874615903 -0.2016828872340552 0.1447479144407501
v -0.0286300530663904 -0.2086851291799414 0.1730741275349856
v -0.0397332079007444 -0.2086829739808198 0.1661654212309743
v -0.0113003555539751 -0.2060281997029058 0.1674839720535330
v -0.0051840383797859 -0.2086872843790629 0.1846341845831064
v -0.0170963325515348 -0.2086864222994143 0.1792375659827681
v -0.0004039274193592 -0.1957142787868600 0.1453884396196720
v 0.0046741096468329 -0.2016833182738795 0.1608338896441066
v -0.0057030232594477 -0.2016833182738795 0.1561334003600260
v 0.0191868325954470 -0.1957142787868600 0.1535027643122733
v 0.0262364027140423 -0.2016828872340552 0.1681563941794537
v 0.0112675965273277 -0.2060281997029058 0.1768319327233042
v 0.0153356641811833 -0.2016833182738795 0.1648477324880643
v 0.0195685614638544 -0.2086872843790629 0.1930411853164129
v 0.0070549150124167 -0.2086872843790629 0.1892424313447850
v 0.0348620268462379 -0.2060277686630815 0.1831539938264321
v 0.0452085343730014 -0.2086872843790629 0.1981373691592083
v 0.0323050124004770 -0.2086872843790629 0.1960084634669503
v 0.0396683795111685 -0.1957142787868600 0.1589907633553649
v 0.0485710760424294 -0.2016828872340552 0.1725956733300036
v 0.0373312815837696 -0.2016828872340552 0.1707413400058298
v 0.0606919159019751 -0.1957142787868600 0.1617584700672476
v 0.0712937714206588 -0.2016828872340552 0.1740883642415827
v 0.0590806890387112 -0.2060277686630815 0.1863423954068396
v 0.0599082855013829 -0.2016828872340552 0.1737137906342589
v 0.0712937714206588 -0.2086868533392386 0.1998507524608333
v 0.0582233508281622 -0.2086872843790629 0.1994205747161737
v 0.0835072848424307 -0.2060277686630815 0.1863423954068396
v 0.0973790084683162 -0.2086868533392386 0.1981373691592083
v 0.0843641920131553 -0.2086868533392386 0.1994205747161737
v 0.0818960579791668 -0.1957142787868600 0.1617584700672476
v 0.0940164667988881 -0.2016828872340552 0.1725956733300036
v 0.0826792573399347 -0.2016828872340552 0.1737137906342589
v 0.1029191633301490 -0.1957142787868600 0.1589907633553649
v 0.1163512263352402 -0.2016828872340552 0.1681563941794537
v 0.1077256884110094 -0.2060277686630815 0.1831539938264321
v 0.1052566922973722 -0.2016828872340552 0.1707413400058298
v 0.1230189813774632 -0.2086868533392386 0.1930411853164129
v 0.1102826166488055 -0.2086868533392386 0.1960084634669503
v 0.1313199463139899 -0.2060277686630815 0.1768319327233042
v 0.1477718743281840 -0.2086868533392386 0.1846346156229307
v 0.1355329295567779 -0.2086868533392386 0.1892424313447850
v 0.1234008826618003 -0.1957142787868600 0.1535027643122733
v 0.1379135625064319 -0.2016828872340552 0.1608334586042823
v 0.1272517924521694 -0.2016828872340552 0.1648477324880643
v 0.1429916426766065 -0.1957142787868600 0.1453880085798477
v 0.1583379535414502 -0.2016828872340552 0.1507647993482678
v 0.1538878983952926 -0.2060277686630815 0.1674839720535330
v 0.1482904152368268 -0.2016828872340552 0.1561334003600260
v 0.1712191476510754 -0.2086868533392386 0.1730758516942829
v 0.1596849529924132 -0.2086868533392386 0.1792384280624167
v 0.1750420398528646 -0.2060277686630815 0.1552704586317611
v 0.1929530376723419 -0.2086868533392386 0.1585493785752733
v 0.1823235956049024 -0.2086868533392386 0.1661680074699202
v 0.1613548012717830 -0.1957142787868600 0.1347857220213397
v 0.1772700847047135 -0.2016828872340552 0.1381111942658772
v 0.1680109182387498 -0.2016828872340552 0.1447474834009258
v 0.1781774235348822 -0.1957142787868600 0.1218773724027830
v 0.1943927106855312 -0.2016828872340552 0.1230989392648724
v 0.1944215903537598 -0.2060277686630815 0.1404000157329536
v 0.1860770903949780 -0.2016828872340552 0.1308848116113508
v 0.2126097467802672 -0.2086868533392386 0.1413159753596084
v 0.2030630767514899 -0.2086868533392386 0.1502540171564626
v 0.2116937871536124 -0.2060277686630815 0.1231278189331010
v 0.2298431499959321 -0.2086868533392386 0.1216592662516831
v 0.2215477885771214 -0.2086868533392386 0.1317693053308311
v 0.1931711438234418 -0.1957142787868600 0.1068836521142234
v 0.2094049656865360 -0.2016828872340552 0.1059763132840547
v 0.2021785830320096 -0.2016828872340552 0.1147833189743192
v 0.2060799244818228 -0.1957142787868600 0.0900605988112999
v 0.2220590018087508 -0.2016828872340552 0.0870441821207914
v 0.2265642300524198 -0.2060277686630815 0.1037482684322058
v 0.2160416858614088 -0.2016828872340552 0.0967171468180910
v 0.2443696231149416 -0.2086868533392386 0.0999253762304167
v 0.2374617788905789 -0.2086868533392386 0.1110298241842437
v 0.2387777434741918 -0.2060277686630815 0.0825941269746338
v 0.2559283870435895 -0.2086868533392386 0.0764781029075253
v 0.2505321994830755 -0.2086868533392386 0.0883907505319301
v 0.2166817800005065 -0.1957142787868600 0.0716974402161234
v 0.2321276610647653 -0.2016828872340552 0.0666193600459488
v 0.2274271717806848 -0.2016828872340552 0.0769966438161680
v 0.2247965357329321 -0.1957142787868600 0.0521071112411415
v 0.2394501656001125 -0.2016828872340552 0.0450574549145814
v 0.2481257041439630 -0.2060277686630815 0.0600261748933311
v 0.2361415039087230 -0.2016828872340552 0.0559580210315106
v 0.2643349567370716 -0.2086868533392386 0.0517252099568044
v 0.2605366338052681 -0.2086868533392386 0.0642391581361191
v -0.0745873467181975 -0.1881831509765477 0.0390829843257756
v -0.0622324522340525 -0.1792580403744228 0.0453083200923287
v -0.0682333886680708 -0.1881835820163720 0.0577886471653474
v -0.0717161904484808 -0.1881835820163720 0.0485393946153428
v -0.0564297941192159 -0.1691048973128439 0.0341837425787065
v -0.0469130382542456 -0.1578905342038183 0.0400413151671599
v -0.0508603285493301 -0.1691036041933709 0.0505562299532807
v -0.0539125215452562 -0.1691044662730195 0.0424594916855112
v -0.0406505037508547 -0.1578862238055752 0.0551252520909472
v -0.0432071733647561 -0.1691023110738980 0.0660728015487261
v -0.0551711578322361 -0.1792576093345984 0.0623503416260008
v -0.0472872239257275 -0.1691031731535466 0.0584390862602284
v -0.0594979355886414 -0.1881835820163720 0.0755082633028319
v -0.0641553208902912 -0.1881835820163720 0.0667913449358478
v -0.0459467331761115 -0.1792576093345984 0.0783264016741587
v -0.0485196960953719 -0.1881835820163720 0.0919338978877432
v -0.0542776122764452 -0.1881835820163720 0.0839006086821119
v -0.0324756610669205 -0.1578840686064536 0.0692749964035115
v -0.0335917955879841 -0.1691018800340737 0.0804583246451869
v -0.0386344442846005 -0.1691023110738980 0.0734224615930047
v -0.0225287274572907 -0.1578836375666293 0.0822432605576470
v -0.0221880335801575 -0.1691018800340737 0.0934705548614018
v -0.0347165940095163 -0.1792576093345984 0.0929632209881911
v -0.0281020723855953 -0.1691018800340737 0.0871510799972198
v -0.0354961295317776 -0.1881835820163720 0.1067896854325242
v -0.0422506097866514 -0.1881835820163720 0.0995749408532541
v -0.0216745358374592 -0.1792571782947741 0.1060082102310535
v -0.0206423247701884 -0.1881835820163720 0.1198144158036441
v -0.0282821608241912 -0.1881835820163720 0.1135449415590818
v -0.0109825067875302 -0.1578840686064536 0.0938015934464705
v -0.0091846138179514 -0.1691018800340737 0.1048780238117175
v -0.0158724811783767 -0.1691018800340737 0.0993870074898558
v 0.0019671795501776 -0.1578844996462779 0.1037504236313273
v 0.0051914867479500 -0.1691018800340737 0.1144923670929112
v -0.0070425010654766 -0.1792567472549498 0.1172389528534028
v -0.0021535611702085 -0.1691018800340737 0.1099207587162987
v -0.0042190048691336 -0.1881831509765477 0.1307925690889488
v -0.0126100700601354 -0.1881835820163720 0.1255722457767526
v 0.0089295072083329 -0.1792567472549498 0.1264623430139490
v 0.0134997362575075 -0.1881831509765477 0.1395275911285538
v 0.0044973402148841 -0.1881831509765477 0.1354495233507743
v 0.0161016219489789 -0.1578853617259266 0.1119181972621428
v 0.0207017220579781 -0.1691018800340737 0.1221407377354353
v 0.0128213657820113 -0.1691018800340737 0.1185704348706907
v 0.0311817657223123 -0.1578862238055752 0.1181678436747869
v 0.0370761060077792 -0.1691023110738980 0.1277015825088350
v 0.0259698907906725 -0.1792567472549498 0.1335206201369952
v 0.0287981585978706 -0.1691023110738980 0.1251890513729427
v 0.0322054853050442 -0.1881831509765477 0.1458798250193833
v 0.0227488594955649 -0.1881831509765477 0.1430095308293153
v 0.0437852408731358 -0.1792571782947741 0.1382939551513839
v 0.0515814581753977 -0.1881831509765477 0.1497307348097525
v 0.0418304752698983 -0.1881831509765477 0.1481220941854344
v 0.0469482111039092 -0.1578866548453995 0.1223928960326556
v 0.0540379541341299 -0.1691027421137223 0.1310731760145735
v 0.0455016414535310 -0.1691027421137223 0.1296645378687344
v 0.0631324633872079 -0.1578866548453995 0.1245235258842109
v 0.0712937714206588 -0.1691027421137223 0.1322063797126797
v 0.0620721054194098 -0.1792571782947741 0.1407013125701450
v 0.0626475435848613 -0.1691027421137223 0.1319218934286362
v 0.0712937714206588 -0.1881831509765477 0.1510255784419742
v 0.0614164938466371 -0.1881831509765477 0.1507005744144459
v 0.0805158684617320 -0.1792571782947741 0.1407013125701450
v 0.0910065157057442 -0.1881831509765477 0.1497307348097525
v 0.0811710489946804 -0.1881831509765477 0.1507005744144459
v 0.0794555104939339 -0.1578866548453995 0.1245230948443865
v 0.0885500197470120 -0.1691027421137223 0.1310727449747492
v 0.0799404302962806 -0.1691027421137223 0.1319218934286362
v 0.0956393317374084 -0.1578866548453995 0.1223924649928313
v 0.1055114368335384 -0.1691023110738980 0.1277015825088350
v 0.0988023019681817 -0.1792571782947741 0.1382939551513839
v 0.0970859013877866 -0.1691023110738980 0.1296645378687344
v 0.1103821868482207 -0.1881831509765477 0.1458793939795590
v 0.1007574986112436 -0.1881831509765477 0.1481220941854344
v 0.1166176089466626 -0.1792571782947741 0.1335201890971709
v 0.1290880221037222 -0.1881831509765477 0.1395267290489052
v 0.1198387695537175 -0.1881831509765477 0.1430090997894909
v 0.1114063374707769 -0.1578866548453995 0.1181678436747869
v 0.1218862087191813 -0.1691023110738980 0.1221403066956110
v 0.1137895566593767 -0.1691023110738980 0.1251886203331184
v 0.1264875588436710 -0.1578866548453995 0.1119212145409130
v 0.1373971767969107 -0.1691023110738980 0.1144940912522084
v 0.1336583373608617 -0.1792571782947741 0.1264619119741247
v 0.1297669098270076 -0.1691023110738980 0.1185708659105151
v 0.1468067761615580 -0.1881831509765477 0.1307921380491245
v 0.1380902888343983 -0.1881831509765477 0.1354490923109500
v 0.1496309490904252 -0.1792571782947741 0.1172398149330514
v 0.1632306865871722 -0.1881831509765477 0.1198144158036441
v 0.1551982594611895 -0.1881831509765477 0.1255718147369283
v 0.1406235098818574 -0.1578866548453995 0.1037594754676378
v 0.1517745101367097 -0.1691023110738980 0.1048844894090821
v 0.1447429574827706 -0.1691023110738980 0.1099242070348932
v 0.1535741014031963 -0.1578866548453995 0.0938222833580373
v 0.1647776885166142 -0.1691023110738980 0.0934839170959554
v 0.1642638890460388 -0.1792571782947741 0.1060116585496480
v 0.1584625240506752 -0.1691023110738980 0.0993969214058148
v 0.1780851810124802 -0.1881831509765477 0.1067914095918215
v 0.1708708674730344 -0.1881831509765477 0.1135458036387304
v 0.1773054299703068 -0.1792571782947741 0.0929701176253801
v 0.1911081872243029 -0.1881831509765477 0.0919369151665134
v 0.1848395750593892 -0.1881831509765477 0.0995770960523756
v 0.1651160547786961 -0.1578866548453995 0.0822803299825375
v 0.1761782608297409 -0.1691023110738980 0.0804807387160509
v 0.1706906928264736 -0.1691023110738980 0.0871687526300164
v 0.1750532468882966 -0.1578866548453995 0.0693297384611986
v 0.1857878626728672 -0.1691023110738980 0.0661029743364277
v 0.1885340173935345 -0.1792571782947741 0.0783371776697664
v 0.1812184094953763 -0.1691023110738980 0.0734487550222875
v 0.2020859094697833 -0.1881831509765477 0.0755130047408993
v 0.1968655861575871 -0.1881831509765477 0.0839040570007064
v 0.1977556833947835 -0.1792571782947741 0.0623641349003786
v 0.2108209315093883 -0.1881831509765477 0.0577938196432391
v 0.2067428637316088 -0.1881831509765477 0.0667965174137395
v 0.1832149859615717 -0.1578866548453995 0.0551933563831879
v 0.1934345091560941 -0.1691023110738980 0.0505924372985226
v 0.1898646373311738 -0.1691023110738980 0.0584727073665245
v 0.1894616150954457 -0.1578866548453995 0.0401124367381708
v 0.1989953539294937 -0.1691023110738980 0.0342175361009323
v 0.2048139605178297 -0.1792571782947741 0.0453238375260038
v 0.1964828227936014 -0.1691023110738980 0.0424956990307531
v 0.2171735964400421 -0.1881831509765477 0.0390883292195970
v 0.2143028712101497 -0.1881831509765477 0.0485449981330588
v -0.0436656704258727 -0.1457890911363665 0.0306650782849141
v -0.0373834374025109 -0.1330122086642238 0.0366901960530761
v -0.0386324183974263 -0.1457787461805830 0.0453828899819340
v -0.0413895215296310 -0.1457839186584748 0.0381016359577732
v -0.0370888216825963 -0.1198094588456646 0.0288554006865387
v -0.0323289782147085 -0.1197960966111110 0.0427141931176949
v -0.0349360794880540 -0.1198029932483000 0.0358567805527762
v -0.0258051904738044 -0.1197848895756790 0.0558748303454192
v -0.0316025467988019 -0.1329988464296702 0.0505489022762674
v -0.0292808369931308 -0.1197896310137464 0.0493971638657160
v -0.0317273328279391 -0.1457714185035698 0.0593507354886402
v -0.0354073353279701 -0.1457744357823400 0.0524769434103979
v -0.0240698241411397 -0.1329915187526570 0.0635667360101984
v -0.0230620530319072 -0.1457688322646239 0.0723116719657625
v -0.0276053420920626 -0.1457692633044483 0.0659715071900137
v -0.0176303046858878 -0.1197814412570846 0.0680952404043800
v -0.0219154439952650 -0.1197823033367331 0.0621162870014014
v -0.0079484519474110 -0.1197779929384901 0.0791552912563033
v -0.0149161331201841 -0.1329902256331841 0.0755056770638860
v -0.0129683934660828 -0.1197801481376116 0.0737836729657749
v -0.0127942533770623 -0.1457692633044483 0.0840394035055391
v -0.0181181555590398 -0.1457688322646239 0.0783436432671310
v -0.0042994282795530 -0.1329897945933597 0.0861476192862304
v -0.0010942376979887 -0.1457709874637455 0.0943184101958160
v -0.0071110191559486 -0.1457701253840969 0.0893709350924069
v 0.0030845640867317 -0.1197680790225310 0.0888467906660481
v -0.0025891398438666 -0.1197736825402470 0.0841825087272094
v 0.0152750599818856 -0.1197590271862205 0.0970124090977420
v 0.0076016459255691 -0.1329893635535354 0.0953037672341845
v 0.0090476121201933 -0.1197629065446393 0.0931296023603741
v 0.0118365690954144 -0.1457731426628671 0.1029784313059914
v 0.0052301941241729 -0.1457718495433941 0.0988611389041998
v 0.0205877120244486 -0.1329910877128326 0.1028193776108217
v 0.0257866988653416 -0.1457752978619886 0.1098651545789630
v 0.0186989817222951 -0.1457740047425157 0.1066508906090970
v 0.0284196194241631 -0.1197603203056935 0.1035081792500661
v 0.0217418642580161 -0.1197585961463962 0.1004758140860582
v 0.0422942741208539 -0.1197654927835852 0.1082306515651864
v 0.0344410302498361 -0.1329941049916028 0.1085677247077954
v 0.0352798768519222 -0.1197629065446393 0.1060970044348610
v 0.0405145106862855 -0.1457765909814615 0.1148708200586537
v 0.0330688149691510 -0.1457761599416372 0.1126091541005088
v 0.0489253907780107 -0.1329958291509001 0.1124526866442849
v 0.0557715963074974 -0.1457770220212858 0.1179040473023103
v 0.0480930528772717 -0.1457770220212858 0.1166367902188443
v 0.0566685901818827 -0.1197676479827067 0.1110910318392954
v 0.0494340177706944 -0.1197667859030581 0.1098966204861375
v 0.0712937714206588 -0.1197680790225310 0.1120518196076783
v 0.0637949715971696 -0.1329962601907243 0.1144109005661169
v 0.0639652323277713 -0.1197680790225310 0.1118108683458901
v 0.0712937714206588 -0.1457770220212858 0.1189230254469748
v 0.0635160888308422 -0.1457770220212858 0.1186674188311601
v 0.0787925712441480 -0.1329962601907243 0.1144104695262926
v 0.0868159465338202 -0.1457765909814615 0.1179031852226617
v 0.0790714540104754 -0.1457765909814615 0.1186669877913358
v 0.0859193836992592 -0.1197680790225310 0.1110906007994711
v 0.0786223105135462 -0.1197680790225310 0.1118104373060658
v 0.1002949928797609 -0.1197680790225310 0.1082332378041323
v 0.0936621520633068 -0.1329958291509001 0.1124526866442849
v 0.0931539561104475 -0.1197680790225310 0.1098970515259618
v 0.1020734631948564 -0.1457765909814615 0.1148708200586537
v 0.0944944899640459 -0.1457765909814615 0.1166363591790200
v 0.1081485384786557 -0.1329958291509001 0.1085707419865656
v 0.1168029560711151 -0.1457765909814615 0.1098686028975575
v 0.1095196761597800 -0.1457765909814615 0.1126104472199817
v 0.1141731821030110 -0.1197680790225310 0.1035202483651468
v 0.1073110281000250 -0.1197680790225310 0.1061034700322256
v 0.1273194657045858 -0.1197680790225310 0.0970391335668492
v 0.1220047446708661 -0.1329958291509001 0.1028314467259023
v 0.1208525752204904 -0.1197680790225310 0.1004947798383277
v 0.1307552841441462 -0.1457765909814615 0.1029900693812477
v 0.1238918370216873 -0.1457765909814615 0.1066573562064616
v 0.1349928366569198 -0.1329958291509001 0.0953326469024131
v 0.1436882030326885 -0.1457765909814615 0.0943459967445717
v 0.1373631246507904 -0.1457765909814615 0.0988796736166450
v 0.1395049615377777 -0.1197680790225310 0.0888946360865463
v 0.1335454049268930 -0.1197680790225310 0.0931662407454403
v 0.1505262188055132 -0.1197680790225310 0.0792324473848545
v 0.1468916910069468 -0.1329958291509001 0.0862023613439175
v 0.1451735662672544 -0.1197680790225310 0.0842437163822612
v 0.1553848997051149 -0.1457765909814615 0.0840911282844561
v 0.1497042258605576 -0.1457765909814615 0.0894097286765946
v 0.1574965638044006 -0.1329958291509001 0.0755979195862880
v 0.1656401992050548 -0.1457765909814615 0.0723944316120297
v 0.1607039311370777 -0.1457765909814615 0.0784104544398988
v 0.1601884075072051 -0.1197680790225310 0.0682111901171189
v 0.1555374878029200 -0.1197680790225310 0.0738797948465956
v 0.1683333360273323 -0.1197680790225310 0.0560256942839270
v 0.1666264183230719 -0.1329958291509001 0.0636990652362610
v 0.1644600121660990 -0.1197680790225310 0.0622516335062342
v 0.1742842718417308 -0.1457765909814615 0.0594615127234874
v 0.1701734450373038 -0.1457765909814615 0.0660689221903073
v 0.1741252181465611 -0.1329958291509001 0.0507109732502073
v 0.1811623743182162 -0.1457765909814615 0.0455091846504563
v 0.1779511276271204 -0.1457765909814615 0.0525976345612041
v 0.1748140197858055 -0.1197680790225310 0.0428794106823522
v 0.1717885512589865 -0.1197680790225310 0.0495588037998316
v 0.1795270092247911 -0.1197680790225310 0.0290010490431724
v 0.1798649444470486 -0.1329958291509001 0.0368547239540145
v 0.1773976724927087 -0.1197680790225310 0.0360172135753837
v 0.1861645914793125 -0.1457765909814615 0.0307795193582679
v 0.1839042186406405 -0.1457765909814615 0.0382259478431037
v -0.1040609878247414 0.0215111286400640 0.0637236345062466
v -0.1238866645437955 0.0304678775652931 0.0721349456377962
v -0.1392842691477319 0.0204715898957800 0.0858023563869595
v -0.1201262731165311 0.0211875039399734 0.0760237869327045
v -0.1107808986857057 0.0411573634802586 0.0591679746031336
v -0.1284427554867328 0.0505634714223291 0.0707250143724841
v -0.1458326261586216 0.0389822934228172 0.0795841758814899
v -0.1267591139329852 0.0403167496148929 0.0704426832875623
v -0.1696988701907405 0.0470648073763845 0.0869627155939971
v -0.1885366036324804 0.0336190373048804 0.0904381896973939
v -0.1633841367646258 0.0272633550954565 0.0883278187175811
v -0.1668195241643619 0.0368507583876309 0.0863346905699801
v -0.1802537423685746 0.0153145432297922 0.0978210398081442
v -0.1595827965540521 0.0185627300338312 0.0930787396611057
v -0.2054075023559020 0.0194214044678355 0.0943158239568702
v -0.2201546678649574 0.0046103157528353 0.0990063993249916
v -0.2005289936243822 0.0105807306879342 0.0999986530005490
v -0.2140076089304986 0.0390145783056579 0.0917856201881812
v -0.2299828068990079 0.0236239134428929 0.0895243852698606
v -0.2098015223248995 0.0289838936581649 0.0916364804089706
v -0.2534167179873457 0.0276877138024879 0.0827820603380322
v -0.2645707355209682 0.0134434984916300 0.0737470345807087
v -0.2437420291307489 0.0082537574549685 0.0873342719225508
v -0.2484498460918427 0.0182175964465077 0.0836962958053898
v -0.2558865761806315 -0.0084164405054589 0.0840682831737678
v -0.2388768826337826 -0.0023476584030944 0.0942395299079676
v -0.1116498749715110 0.0617686533830969 0.0606270444084167
v -0.1282099939816064 0.0725024070880189 0.0754806767540761
v -0.1491494776066729 0.0597841460319821 0.0827523185901549
v -0.1286388786067931 0.0610376098410702 0.0727603844228673
v -0.1097446789480689 0.0860758511554831 0.0641831229589591
v -0.1289332788067956 0.1014626797638117 0.0787078719186714
v -0.1504671663495830 0.0848482497358534 0.0892515370610735
v -0.1280203364589108 0.0857228295393747 0.0778190678009480
v -0.1777213834007641 0.0990143735617413 0.0988430352315788
v -0.2013272793790009 0.0792361112233611 0.1018292791343858
v -0.1736178842733504 0.0693351264590024 0.0941227181155801
v -0.1754485104071871 0.0828775356591165 0.0975611227940864
v -0.1953409982990091 0.0542582154843514 0.0941959948857125
v -0.1718329483608902 0.0576453264237650 0.0900739610458535
v -0.2225456457703948 0.0604587233570244 0.0982917352962887
v -0.2398687052695157 0.0432449324533655 0.0912183717793917
v -0.2183244727709449 0.0492599638896387 0.0945895342453058
v -0.2298810815004712 0.0886724350571155 0.1013689286020247
v -0.2504490087969840 0.0656829260276394 0.0962395546927575
v -0.2264663840123019 0.0733498313826087 0.1011370291765469
v -0.2787109969573976 0.0696885791149352 0.0873234959269431
v -0.2907684739627700 0.0469145037896483 0.0759298202510053
v -0.2655004884220009 0.0462532455951771 0.0861877059898910
v -0.2728583382229413 0.0566983319297599 0.0878916064153812
v -0.2749846576762535 0.0305437836783538 0.0730435775874378
v -0.2590603224070125 0.0368079561330771 0.0840484553418496
v -0.1131598074760625 0.1203659312588464 0.0633706128901382
v -0.1363454396255988 0.1403041093720450 0.0732409938269709
v -0.1550142054562098 0.1201771358157994 0.0884847172136293
v -0.1318126248331741 0.1204857603300041 0.0770794034624352
v -0.1260401395060391 0.1567547442667662 0.0569580334239056
v -0.1467977243252476 0.1735019345606115 0.0591227154215812
v -0.1633552570963972 0.1604897043443965 0.0758147326179150
v -0.1422183572317976 0.1584306271036764 0.0674999744070104
v -0.1911245667376266 0.1780688014991565 0.0692754274433358
v -0.2132757033088233 0.1557262832459670 0.0828023192097747
v -0.1843740520491364 0.1394148742144972 0.0905308632596201
v -0.1879404755554621 0.1599034901833374 0.0814040260197190
v -0.2073329572510866 0.1144688754224864 0.0997258047917620
v -0.1808321978127962 0.1184891838638086 0.0964218845384399
v -0.2347776939046119 0.1271651534474834 0.0893985216411626
v -0.2569102957633634 0.0975923731813487 0.0908881952739716
v -0.2325841322387077 0.1071644745597602 0.0972313773284906
v -0.2384411013714071 0.1650449332076852 0.0653439132058210
v -0.2587835948398067 0.1356256031190042 0.0712189860111413
v -0.2366630620961359 0.1470128131975774 0.0785445078252586
v -0.2805355885336941 0.1395609967149378 0.0508687338259041
v -0.3019522332442697 0.1122878139114871 0.0577175255943366
v -0.2805368816531670 0.1054972125193362 0.0744711814855464
v -0.2803196375817157 0.1234293312902046 0.0634137168725690
v -0.3034832867002124 0.0772503107527733 0.0752578291649088
v -0.2806355897729336 0.0867693942327949 0.0826454207137265
v -0.3249913118535413 0.1177180536181214 0.0455734095842783
v -0.3454247547248700 0.0977686684694907 0.0577106289571476
v -0.3245443235557337 0.0883672588615053 0.0659477999996767
v -0.3243628557896999 0.1040640051035115 0.0567183752815902
v -0.3640443820155099 0.1029131287726087 0.0489859518733260
v -0.3770760090238187 0.0885672613399843 0.0551894770247692
v -0.3628219530737719 0.0798369807384467 0.0644663161235295
v -0.3630116105964675 0.0924121365728131 0.0579882186040021
v -0.3741703695681574 0.0649682619989364 0.0615011931721137
v -0.3602085586189915 0.0549758967918245 0.0635891500810624
v -0.3447437118024630 0.0685721859699770 0.0692788757619302
v -0.3612137434892781 0.0669717351023208 0.0666284118822593
v -0.3265805556857655 0.0555556453555189 0.0702556120038125
v -0.3251762279381695 0.0715916199392557 0.0714784719853748
v 0.3813945970235623 -0.0170445646686354 0.0615348142784097
v 0.3758376316085814 0.0078912831355130 0.0575899378063414
v 0.3615159024061182 -0.0032537472177726 0.0714987308571173
v 0.3720354293183590 -0.0106177608882007 0.0685702462907676
v 0.3851752473225692 0.0244095266266769 0.0428322118215905
v 0.3787415469049455 0.0436339889987861 0.0397994587217406
v 0.3701026467461612 0.0285643625971658 0.0509394243570906
v 0.3782255922352486 0.0263617921989335 0.0481445621362765
v 0.3638965353557722 0.0450977571381542 0.0426665201131264
v 0.3518123338812927 0.0320482419771366 0.0504165730502048
v 0.3565684273027090 0.0161304154092427 0.0612464486359475
v 0.3611753809449147 0.0305991722957774 0.0515769322572424
v 0.3393238170516122 0.0077169620097663 0.0699918156313360
v 0.3505511113553670 0.0028798201701853 0.0718276142430644
v 0.3356793753370866 0.0212144870329751 0.0567257029586035
v 0.3168321590192120 0.0134524899823651 0.0611563613126671
v 0.3280172114201846 0.0111917481736034 0.0664271162843074
v 0.3474036585582688 0.0444134814170650 0.0395754473250477
v 0.3334108127417527 0.0322563911082950 0.0438940784287736
v 0.3423824756449029 0.0324935923236118 0.0478191270689238
v 0.3324241625839113 0.0416898700792090 0.0320718198555262
v 0.3189472714370922 0.0310191343966008 0.0324993251532751
v 0.3164580164517125 0.0226336425505273 0.0460725537008271
v 0.3254236447973224 0.0316578492082607 0.0387510405570759
v 0.2972349334070412 0.0153543282055758 0.0454040109333251
v 0.3059699554466462 0.0146475134120735 0.0542032579067521
v 0.3819726214279595 0.0584233533066412 0.0285973802477078
v 0.3737638990138348 0.0707342817287068 0.0253303138993641
v 0.3709267948902384 0.0586272351435390 0.0339596880780311
v 0.3769264382047838 0.0585479238158663 0.0321207859795676
v 0.3736669150533655 0.0794654244098930 0.0180209129746759
v 0.3672974395695637 0.0861896456691004 0.0148571668722188
v 0.3658366456049833 0.0803516422886706 0.0201421461580612
v 0.3702362690916967 0.0798227564242445 0.0196497693667540
v 0.3589563879293763 0.0875482831953198 0.0143898334947039
v 0.3558899706192480 0.0790550744971516 0.0195552423332832
v 0.3630310073885614 0.0702234995369016 0.0267966251736956
v 0.3610051202143130 0.0800589662479654 0.0200956800650008
v 0.3571930040081316 0.0577561036586122 0.0335811489043237
v 0.3642551604895966 0.0584380086606677 0.0343633568734957
v 0.3508851672192059 0.0676101050821212 0.0248143592296672
v 0.3431579162888334 0.0545659779189074 0.0292703196214177
v 0.3500222254909409 0.0563586725482051 0.0318623776048949
v 0.3499342933667820 0.0851573052898824 0.0132506383430398
v 0.3456476023140373 0.0752839070742795 0.0172569379900721
v 0.3506399055591745 0.0774490201117794 0.0185656611046365
v 0.3418630726566116 0.0795874086801722 0.0118649746198363
v 0.3379130237066515 0.0705510898033758 0.0137145234019603
v 0.3397807192653789 0.0634242773482646 0.0203581402140221
v 0.3413053071239568 0.0726024083272584 0.0157588159767066
v 0.3320086401932783 0.0510799864437975 0.0217196657070643
v 0.3370151677526176 0.0526995754796530 0.0258683378080655
v -0.0397859240712573 -0.1063687750440873 -0.0072503484687580
v -0.0398340712196326 -0.0929220566849697 -0.0146908717080007
v -0.0427488487195693 -0.0796033571536716 -0.0076635432443398
v -0.0407709793817488 -0.0928927459769167 0.0000000001003594
v -0.0405373557969738 -0.0929017978132272 -0.0073627205509551
v -0.0378786590566586 -0.1063799820795193 -0.0216308715032568
v -0.0409211105525553 -0.0797037894327354 -0.0228089033430910
v -0.0386588411386563 -0.0929466259549553 -0.0219499702851921
v -0.0491189707631075 -0.0545474432064622 -0.0265900277859047
v -0.0455655646594758 -0.0667355252785999 -0.0163229608987611
v -0.0444722321451182 -0.0668411300355554 -0.0243185772237479
v -0.0506663606283914 -0.0542495946878652 -0.0089977839165033
v -0.0464007043190729 -0.0666260411632256 0.0000000001003594
v -0.0461989776812967 -0.0666579381102244 -0.0081946705158523
v 0.1803201225015181 -0.1063166192253460 -0.0216868635764344
v 0.1823843722201299 -0.0928651594281610 -0.0146253967586883
v 0.1837464580649437 -0.0796374092997920 -0.0223683375386656
v 0.1811908229466206 -0.0928651594281610 -0.0218600122738590
v 0.1822184218877713 -0.1063166192253460 -0.0072702194046586
v 0.1833451599885128 -0.0928651594281610 0.0000000001003594
v 0.1857038099071271 -0.0796374092997920 -0.0074987136155243
v 0.1831042087267245 -0.0928651594281610 -0.0073282804689929
v 0.1902167968676336 -0.0668566474692305 0.0000000001003594
v 0.1958172973048696 -0.0547465836052925 -0.0081615235533630
v 0.1891973876831448 -0.0668566474692305 -0.0155222613211263
v 0.1899607592119946 -0.0668566474692305 -0.0077776825898166
v 0.1936866674533144 -0.0547465836052925 -0.0243455603167496
v 0.1879305616395031 -0.0668566474692305 -0.0232005892314398
v -0.0554991791385346 -0.0427455728169045 -0.0200768867286610
v -0.0614367527183796 -0.0317345742969875 -0.0114086758618237
v -0.0560435824366358 -0.0424929834798599 0.0000000001003594
v -0.0559289258433698 -0.0425628119313979 -0.0101146943092506
v -0.0606268288885045 -0.0323544957723075 -0.0333905430940146
v -0.0546681343572684 -0.0430132485477999 -0.0297341184723733
v -0.0718011052938695 -0.0141313389120663 -0.0407989538663464
v -0.0666842315395072 -0.0222088096996892 -0.0252285022928625
v -0.0665019016938249 -0.0226883846082144 -0.0371989523577070
v -0.0709864400259270 -0.0131996894358066 -0.0139810353253300
v -0.0665600920701064 -0.0217904424462157 0.0000000001003594
v -0.0666394033977792 -0.0219012627850453 -0.0127430027419521
v 0.2023669474352323 -0.0435309273767940 -0.0172560759104235
v 0.2095390190718959 -0.0332432998900310 -0.0274996942311246
v 0.2009583092893931 -0.0435309273767940 -0.0257920437591630
v 0.2035001511333384 -0.0435309273767940 0.0000000001003594
v 0.2118877550745510 -0.0332152823014509 -0.0092183469946018
v 0.2032156648492950 -0.0435309273767940 -0.0086464433557097
v 0.2218430508567725 -0.0237889154876380 0.0000000001003594
v 0.2319793833652033 -0.0153072155527789 -0.0105666395650377
v 0.2207012263621801 -0.0238498214148128 -0.0196858905040310
v 0.2215654612099180 -0.0238053381049442 -0.0098630963638019
v 0.2297961666550825 -0.0155876069584914 -0.0315369425375422
v 0.2192206045656816 -0.0239174946672292 -0.0294281233010969
v -0.0749011437102938 -0.0061511969167721 -0.0296901093063114
v -0.0759839157489559 0.0010026417353232 -0.0157435140629437
v -0.0734791433299012 -0.0056405871408967 0.0000000000000000
v -0.0739269937073574 -0.0057667093934893 -0.0149860477796869
v -0.0799598270883745 -0.0001434500535298 -0.0464708344984879
v -0.0760308990898055 -0.0068001273722681 -0.0438302845347760
v -0.0888426957877172 0.0135891296066708 -0.0500562237570832
v -0.0802585376866200 0.0072681245511124 -0.0325235495914012
v -0.0843564332963178 0.0063899498754564 -0.0488993128686401
v -0.0795356839012552 0.0149703191364979 -0.0164580056757169
v -0.0767697013486697 0.0078277047614275 0.0000000000000000
v -0.0776796264177843 0.0077133369648439 -0.0162389943409859
v 0.2422726143696824 -0.0079488916080318 -0.0225899782163249
v 0.2531404214599642 -0.0017949360363841 -0.0359387212233772
v 0.2410579441447820 -0.0082873871820610 -0.0337858928208701
v 0.2430002095931146 -0.0076444481801229 0.0000000000000000
v 0.2541093989850090 -0.0008717780446633 -0.0119394583014768
v 0.2428618458095116 -0.0077265612666536 -0.0113148384920718
v 0.2655147127362031 0.0056064056828290 0.0000000000000000
v 0.2772859792982348 0.0114266631536921 -0.0121453660255488
v 0.2658616997947712 0.0049568286675966 -0.0247803501875293
v 0.2656185933338614 0.0054487744190795 -0.0122723934617724
v 0.2794959204774628 0.0099281230316971 -0.0377955545785320
v 0.2661763588665161 0.0041116457800932 -0.0377593903372725
v -0.2862671250775198 -0.0277441369154898 -0.0240066337028961
v -0.2782510774648608 -0.0438231723776749 -0.0493911293081757
v -0.2824968197342962 -0.0620440878308298 -0.0251867776378694
v -0.2867563552781096 -0.0442050736620120 0.0000000000000000
v -0.2845343449838010 -0.0441067965820697 -0.0247354358378364
v -0.2681819871690220 -0.0260722196449633 -0.0714482991976732
v -0.2687186317502857 -0.0620983988486926 -0.0748397205353299
v -0.2682919023242206 -0.0433654080842597 -0.0738879846032575
v -0.2640297805414614 -0.0987721291804801 -0.0739806581654837
v -0.2746945678744941 -0.0805598345238114 -0.0503514860367343
v -0.2674793922553997 -0.0807710440377225 -0.0749595496064876
v -0.2744126678293966 -0.0987303183175223 -0.0249713439336802
v -0.2810920609468760 -0.0806447493692002 0.0000000000000000
v -0.2793812638841969 -0.0805779381964324 -0.0252892789080899
v 0.3881369219553906 -0.0416403867073784 -0.0553347374455610
v 0.3949801102061071 -0.0613673553066660 -0.0390529839540037
v 0.3913451513677163 -0.0768813406631656 -0.0603330752482385
v 0.3894757316496918 -0.0603199285335971 -0.0587705558851214
v 0.3973512602796263 -0.0439460187276028 -0.0183746242545032
v 0.3991340409929649 -0.0624996969251235 0.0000000000000000
v 0.3989952461695377 -0.0781162697598085 -0.0201594739589984
v 0.3981400631581103 -0.0621639169019875 -0.0194882587445857
v 0.4000000000000000 -0.0927112782108830 0.0000000000000000
v 0.3978758357458094 -0.1061648932071895 -0.0205884447921499
v 0.3965775437949932 -0.0921815302668083 -0.0409054207029505
v 0.3991594723425991 -0.0925384312413354 -0.0204917194555751
v 0.3913908415890930 -0.1057963541574060 -0.0614330888798730
v 0.3921955929410764 -0.0918013531417685 -0.0611632579498561
v -0.2633642550527296 -0.1154736292529487 -0.0481109410299804
v -0.2573417666274959 -0.1309712350961246 -0.0230382165296229
v -0.2680233645136766 -0.1155645786558778 0.0000000002007184
v -0.2668181771649110 -0.1155231988327442 -0.0241615063117700
v -0.2495787393917058 -0.1309177861579104 -0.0684189513124354
v -0.2578245312307211 -0.1154900087662725 -0.0716370946407202
v -0.2298203048852437 -0.1578763098896161 -0.0613201564459042
v -0.2441907415878537 -0.1450593407138127 -0.0434289864583451
v -0.2400057759336457 -0.1450489957580293 -0.0648167515006921
v -0.2357221021596712 -0.1578905342038183 -0.0205647807057954
v -0.2475847491644562 -0.1451076171741353 0.0000000002007184
v -0.2467278419937316 -0.1450886514218657 -0.0217798388665377
v 0.3921546441577671 -0.1196594569868053 -0.0410203790240935
v 0.3832903101708696 -0.1329885014738868 -0.0608343745639089
v 0.3882946825310874 -0.1195831629379028 -0.0613162770874855
v 0.3950969219984946 -0.1197650617437609 0.0000000002007184
v 0.3890610713387073 -0.1330255708987773 -0.0203932699597032
v 0.3943874304476834 -0.1197305785578162 -0.0205530564225742
v 0.3829265125591535 -0.1458390917559862 0.0000000002007184
v 0.3743643374890961 -0.1579607936951805 -0.0197314945174428
v 0.3802260480598628 -0.1458390917559862 -0.0401479975236762
v 0.3822644353890161 -0.1458390917559862 -0.0201168441203743
v 0.3690871169200912 -0.1579607936951805 -0.0588584880092803
v 0.3767600568326008 -0.1458390917559862 -0.0600076401808859
v -0.2230715143560508 -0.1693867973579414 -0.0390693203633450
v -0.2144843389761834 -0.1795511474549523 -0.0187321717887668
v -0.2257314611118564 -0.1693971423137248 0.0000000000000000
v -0.2250680908222462 -0.1693915387960088 -0.0195714494306772
v -0.2095355707533013 -0.1795601992912628 -0.0559330207217007
v -0.2197361281955541 -0.1693928319154817 -0.0584201205079589
v -0.1879124579668821 -0.1956914336761716 -0.0514631377436251
v -0.2019324592923296 -0.1883301355566368 -0.0358929016900533
v -0.1990000953675611 -0.1883391873929472 -0.0536752341219746
v -0.1923991514981059 -0.1956802266407396 -0.0172452137068509
v -0.2042730055383229 -0.1883279803575152 0.0000000000000000
v -0.2036885155365611 -0.1883275493176909 -0.0179793176316301
v 0.3638271379440586 -0.1691807603219221 -0.0384079759609090
v 0.3514325877960772 -0.1793330413038524 -0.0556856038625479
v 0.3606542537973262 -0.1691807603219221 -0.0574071769208347
v 0.3663625141906393 -0.1691807603219221 0.0000000002007184
v 0.3563188552444346 -0.1793330413038524 -0.0186679468549449
v 0.3657288856489063 -0.1691807603219221 -0.0192449798677462
v 0.3466872703702686 -0.1882521173484370 0.0000000002007184
v 0.3350168671271250 -0.1957724691631416 -0.0172849986826345
v 0.3443260342127085 -0.1882521173484370 -0.0359454023406540
v 0.3460945906118449 -0.1882521173484370 -0.0180110421626992
v 0.3305043112064428 -0.1957724691631416 -0.0515605527439187
v 0.3413923771684671 -0.1882521173484370 -0.0537260968212429
v -0.1787261372312265 -0.2015712479195594 -0.0328563123357671
v -0.1676820348528026 -0.2059006119149106 -0.0156415731444948
v -0.1808718534766325 -0.2015673685611405 0.0000000000000000
v -0.1803339157758959 -0.2015682306407892 -0.0164621867620127
v -0.1636147430706307 -0.2059075085520995 -0.0466596299415348
v -0.1760545524001644 -0.2015772824770997 -0.0491144017409698
v -0.1377458880147760 -0.2095377259524229 -0.0415589632845666
v -0.1531853034816703 -0.2085881452194720 -0.0295258400292676
v -0.1507822564611523 -0.2085911624982422 -0.0441307192923188
v -0.1413773985345723 -0.2095355707533014 -0.0139325433450953
v -0.1551189481335167 -0.2085859900203505 0.0000000000000000
v -0.1546331662515214 -0.2085864210601748 -0.0147945798897292
v 0.3214270435463371 -0.2017285774554319 -0.0329306667054603
v 0.3063169425052143 -0.2060588035304317 -0.0467492862249909
v 0.3187395102417757 -0.2017285774554319 -0.0492204375377497
v 0.3235900013847154 -0.2017285774554319 0.0000000002007184
v 0.3104083725175474 -0.2060588035304317 -0.0156720907640558
v 0.3230468912060872 -0.2017285774554319 -0.0165004630984112
v 0.2978116646919655 -0.2087028018127380 0.0000000002007184
v 0.2840183903141041 -0.2095993646472990 -0.0139424572610544
v 0.2958698302834572 -0.2087028018127380 -0.0295659698369107
v 0.2973241586506729 -0.2087028018127380 -0.0148145370335947
v 0.2803786900376460 -0.2095993646472990 -0.0415897826320046
v 0.2934568693469801 -0.2087028018127380 -0.0441910648677220
v -0.1268216147075099 -0.2086571115913614 -0.0260775645387847
v -0.1150404342295190 -0.2060161305878252 -0.0122126513421233
v -0.1285332738498376 -0.2086566805515370 0.0000000001003594
v -0.1281035271450023 -0.2086566805515370 -0.0130667567539899
v -0.1118533257685844 -0.2060161305878252 -0.0364289859195453
v -0.1246948642143733 -0.2086575426311856 -0.0389764312812066
v -0.0876969919347061 -0.1957129856673870 -0.0316240987900173
v -0.1013001777500475 -0.2016794389154607 -0.0227229540021240
v -0.0994458444258738 -0.2016794389154607 -0.0339628346687486
v -0.0904651296864131 -0.1957129856673870 -0.0106015968947891
v -0.1027928686616267 -0.2016794389154607 0.0000000001003594
v -0.1024182950543029 -0.2016794389154607 -0.0113857876471530
v 0.2694311405798671 -0.2086868533392386 -0.0260852801516398
v 0.2544477652470909 -0.2060277686630815 -0.0364317876784033
v 0.2673022348876091 -0.2086868533392386 -0.0389887590201818
v 0.2711445238814921 -0.2086868533392386 0.0000000001003594
v 0.2576361668274984 -0.2060277686630815 -0.0122132979018598
v 0.2707143461368325 -0.2086868533392386 -0.0130704636964790
v 0.2453821356622415 -0.2016828872340552 0.0000000001003594
v 0.2330522414879064 -0.1957142787868600 -0.0106020279346134
v 0.2438898757904867 -0.2016828872340552 -0.0227226953782294
v 0.2450075620549177 -0.2016828872340552 -0.0113855721272408
v 0.2302845347760236 -0.1957142787868600 -0.0316253919094903
v 0.2420351114264886 -0.2016828872340552 -0.0339627915647662
v -0.0784404117076882 -0.1881831509765477 -0.0197092097585261
v -0.0694213344238641 -0.1792576093345984 -0.0092172262910586
v -0.0797365484593828 -0.1881827199367233 0.0000000000000000
v -0.0794111133920302 -0.1881827199367233 -0.0098755965187069
v -0.0670100976466842 -0.1792580403744228 -0.0274960734966004
v -0.0768304779638972 -0.1881831509765477 -0.0294589857525174
v -0.0511560218688055 -0.1578952756418857 -0.0242909906749922
v -0.0598104394612649 -0.1691061904323168 -0.0172359463506283
v -0.0583974909171827 -0.1691057593924924 -0.0257638537546532
v -0.0533013070743872 -0.1578987239604801 -0.0081413508895854
v -0.0609488156372627 -0.1691066214721411 0.0000000000000000
v -0.0606626051939221 -0.1691066214721411 -0.0086359690879790
v 0.2210245062304113 -0.1881831509765477 -0.0197124425572084
v 0.2095877265720426 -0.1792571782947741 -0.0275085305475230
v 0.2194158656060932 -0.1881831509765477 -0.0294635116706726
v 0.2223193498626330 -0.1881831509765477 0.0000000000000000
v 0.2119950839908038 -0.1792571782947741 -0.0092218815211611
v 0.2219943458351046 -0.1881831509765477 -0.0098772775740217
v 0.2035001511333384 -0.1691023110738980 0.0000000000000000
v 0.1958172973048696 -0.1578866548453995 -0.0081615235533630
v 0.2023669474352323 -0.1691023110738980 -0.0172560759104235
v 0.2032156648492950 -0.1691023110738980 -0.0086464433557097
v 0.1936866674533144 -0.1578866548453995 -0.0243455603167496
v 0.2009583092893931 -0.1691023110738980 -0.0257920437591630
v -0.0467292859771430 -0.1457994360921498 -0.0154550622125166
v -0.0432985538075095 -0.1330372089740336 -0.0074530664981301
v -0.0477637815554826 -0.1458041775302172 0.0000000001003594
v -0.0475034766055829 -0.1458028844107443 -0.0077428545720125
v -0.0413085722506259 -0.1330268640182502 -0.0222441549652824
v -0.0454478045794748 -0.1457946946540825 -0.0231060190939866
v -0.0399848058461931 -0.1198176486023264 -0.0145409991610887
v -0.0387737132518345 -0.1198142002837320 -0.0217407004504905
v -0.0409619731278997 -0.1198206658810966 0.0000000001003594
v -0.0407161942200792 -0.1198198038014480 -0.0072846592387729
v 0.1891973876831448 -0.1457765909814615 -0.0155222613211263
v 0.1837464580649437 -0.1329958291509001 -0.0223683375386656
v 0.1879301305996788 -0.1457765909814615 -0.0232005892314398
v 0.1902167968676336 -0.1457765909814615 0.0000000001003594
v 0.1857038099071271 -0.1329958291509001 -0.0074987136155243
v 0.1899607592119946 -0.1457765909814615 -0.0077776825898166
v 0.1833451599885128 -0.1197680790225310 0.0000000001003594
v 0.1823843722201299 -0.1197680790225310 -0.0146253967586883
v 0.1831042087267245 -0.1197680790225310 -0.0073282804689929
v 0.1811908229466206 -0.1197680790225310 -0.0218600122738590
v -0.0860499887660246 0.0229951556511746 -0.0327033363021201
v -0.0847154894699665 0.0326617409590744 -0.0161720107522884
v -0.0808404414494361 0.0234780926703294 0.0000000000000000
v -0.0820745084664303 0.0233785224709142 -0.0163861082330223
v -0.0965772743951029 0.0318249202441625 -0.0469975651637924
v -0.0930401615968301 0.0222431635736865 -0.0488829333553164
v -0.1001868018838595 0.0520318085838348 -0.0459699662226418
v -0.0912496221666540 0.0422686272513075 -0.0314600450328856
v -0.0990807536946848 0.0418072422233681 -0.0460173806033157
v -0.0879814782187495 0.0527481967718350 -0.0159123954661076
v -0.0855573102468403 0.0426346662701100 -0.0000000000000000
v -0.0868780162685206 0.0425437168671810 -0.0159645081808665
v -0.2815097385366306 -0.0132328363982959 -0.0455561679913059
v -0.2738794715667274 0.0001471569960188 -0.0621382700324411
v -0.2703733936358048 -0.0117191538472729 -0.0668646217059802
v -0.2909046825472514 -0.0140822003720951 0.0000000000000000
v -0.2909982181891262 -0.0025783078130817 -0.0221016100953837
v -0.2884693075399102 -0.0139344399203223 -0.0230719669478663
v -0.2958810373188892 0.0060492128943408 0.0000000000000000
v -0.2964650962808267 0.0131703140717800 -0.0207352138523268
v -0.2875421408778234 0.0076869788795874 -0.0414002113172739
v -0.2937111828433219 0.0064235278777700 -0.0212659531879975
v -0.2819687959495188 0.0181550094640181 -0.0580270121881898
v -0.2777152949632458 0.0099801322968981 -0.0592709931211432
v -0.2946517117399623 0.0206691785512428 -0.0403918367522873
v -0.2928654827080293 0.0311229718902767 -0.0590921115940553
v -0.2867279066497053 0.0250470776308112 -0.0581688242903872
v -0.3004849736823247 0.0166750342272560 0.0000000000000000
v -0.3028535375168981 0.0207349121244498 -0.0209209489126212
v -0.2991168532799706 0.0177613838964599 -0.0206796528189735
v -0.3092799102575086 0.0206219365864986 0.0000000000000000
v -0.3183270051299127 0.0239820644329105 -0.0215803967398303
v -0.3065410832138544 0.0281912545252446 -0.0416482747361632
v -0.3088613705881053 0.0226290735283896 -0.0212806516460064
v -0.3129661628349920 0.0409323606919698 -0.0605408364435551
v -0.3012530866492419 0.0368492497482458 -0.0601899700265682
v -0.0916694549555302 0.0627509931426952 -0.0319257835630506
v -0.0863646478377695 0.0741744105665103 -0.0165376187312666
v -0.0862418014878417 0.0630820317277639 -0.0000000002007184
v -0.0874448336374858 0.0629988410416724 -0.0161644244513806
v -0.0982014324530961 0.0735506959407363 -0.0481712866053836
v -0.0995324834305597 0.0623402121901295 -0.0468807533714049
v -0.0978453935582176 0.1019480306059827 -0.0495721660343851
v -0.0896366711440928 0.0868642229941427 -0.0333765774037070
v -0.0972777141096037 0.0864805975505084 -0.0492618173608832
v -0.0869620690342607 0.1028139896130178 -0.0169153820332903
v -0.0848999745147704 0.0872741418670598 -0.0000000002007184
v -0.0858383482122893 0.0871534507162535 -0.0168489156923820
v -0.0939841388120650 0.1214206857089285 -0.0328235102051372
v -0.0980721205058037 0.1428450891363417 -0.0160717939931368
v -0.0902207301060304 0.1223323349373403 -0.0000000000000000
v -0.0908332376963723 0.1220344864187433 -0.0165540413485727
v -0.1070394730107108 0.1404515249919584 -0.0467005787248441
v -0.1009881049172484 0.1207711086936961 -0.0485238771816677
v -0.1295682004680015 0.1735170209544623 -0.0443044283415150
v -0.1113373710988875 0.1614086812498215 -0.0308913741926759
v -0.1163318295431463 0.1584914037189038 -0.0446871917055007
v -0.1251375421139378 0.1813528939205604 -0.0159727410415108
v -0.1090205320432311 0.1639449195760508 -0.0000000000000000
v -0.1092998458493828 0.1632746526492516 -0.0157757127378195
v -0.1464830652535026 0.1911159459411405 -0.0330559268784042
v -0.1705286218525337 0.2040518821084529 -0.0181882857384547
v -0.1462403898324171 0.1963638558020924 -0.0000000000000000
v -0.1462063376862967 0.1951090988735313 -0.0169699516750477
v -0.1690695520472506 0.1903443846556288 -0.0515230522792039
v -0.1474498875794258 0.1841555148582121 -0.0473738629304135
v -0.2181511947615730 0.1886288461548823 -0.0545062789032407
v -0.1951720306878803 0.2018639239602646 -0.0374058514733749
v -0.1935198550413071 0.1920228537314848 -0.0543786911152455
v -0.2210232131109384 0.2055329349447757 -0.0189728644266605
v -0.1964298048952115 0.2095997956871233 -0.0000000000000000
v -0.1961267838987229 0.2076902892654381 -0.0190489429556509
v -0.2420049386387870 0.1903810230406950 -0.0343443480172437
v -0.2640595222893387 0.1843632760535287 -0.0150548417356465
v -0.2437437532900462 0.1994229454352074 -0.0000000000000000
v -0.2432402987752542 0.1970880027069301 -0.0173812067714201
v -0.2611327618822862 0.1669992677710984 -0.0443535668814861
v -0.2403135383682017 0.1796002859949234 -0.0504713151078920
v -0.3032449216773699 0.1393217696124467 -0.0341864581295997
v -0.2833373473916972 0.1629668902146955 -0.0255263077074770
v -0.2817347413249194 0.1528861618436005 -0.0382319824006440
v -0.3066316015769592 0.1541038493472710 -0.0113214765053662
v -0.2854313388581863 0.1716450149974919 -0.0000000000000000
v -0.2847627960906843 0.1693661074463746 -0.0127746410650563
v -0.3314422538641373 0.0317934543369880 -0.0418578462987418
v -0.3464234739977919 0.0426501837037851 -0.0569558782247840
v -0.3290797245871042 0.0420787973126822 -0.0592222856209964
v -0.3325926991552158 0.0230573546978222 0.0000000000000000
v -0.3490476444481801 0.0277949565107757 -0.0214895335448661
v -0.3324370937786406 0.0253320811626437 -0.0216418199147942
v -0.3666439831959125 0.0307024063336992 0.0000000000000000
v -0.3811984739035020 0.0405230021708243 -0.0206420661462938
v -0.3643409374146339 0.0374012824512373 -0.0400510997711717
v -0.3660159581718954 0.0324866525824404 -0.0211480637960492
v -0.3743871825997844 0.0505666180130465 -0.0525135817954641
v -0.3618279752389173 0.0450083163746102 -0.0544640370004585
v -0.3290193790117011 0.1359945732086120 -0.0229194650580260
v -0.3550132356166051 0.1278535240469036 -0.0127301577551877
v -0.3318345001042577 0.1421192180722067 -0.0000000000000000
v -0.3309469891060072 0.1405838542180210 -0.0114763060102577
v -0.3494183386970852 0.1188400502807955 -0.0366285142542176
v -0.3267891789607307 0.1283673235174790 -0.0342962870768334
v -0.3814484770016008 0.0992889459298256 -0.0425587601570494
v -0.3730182001177816 0.1132649811931937 -0.0280302180468831
v -0.3681840884881655 0.1095571766244948 -0.0392503139855720
v -0.3916167064570305 0.1009467250941149 -0.0164992992908856
v -0.3772639423872171 0.1153020754028741 -0.0000000002007184
v -0.3761350490873540 0.1149585366629005 -0.0145741461235780
v -0.3890390883076676 0.0561375491183350 -0.0379632721741703
v -0.3877558827507022 0.0734950918034006 -0.0506484724756826
v -0.3831950503696975 0.0607384682030004 -0.0518721945368935
v -0.3935494890292283 0.0518321509372153 -0.0000000002007184
v -0.3986728283809551 0.0683445969427423 -0.0191383406152124
v -0.3924511995568911 0.0530199673810613 -0.0199961529695681
v -0.4000000000000000 0.0842529837384838 -0.0000000004014373
v -0.3947262277495896 0.0859620566418657 -0.0342336569903614
v -0.3987620536245869 0.0848646292491771 -0.0179966885365498
v -0.3875726908253712 0.0868068946975097 -0.0469510128627672
v 0.3942766532128362 -0.0218419517052205 -0.0331154534781412
v 0.3974547098374603 -0.0001786229031933 -0.0146968631615586
v 0.3983689453048179 -0.0230242939432978 0.0000000000000000
v 0.3973866055452196 -0.0227283419999278 -0.0167152071388816
v 0.3901934129571649 0.0017918325496491 -0.0413471072109191
v 0.3888770173337278 -0.0203666748025434 -0.0488859506340865
v 0.3893455576227507 0.0424238015880585 -0.0286225529734474
v 0.3944464829036136 0.0223778204148004 -0.0242937924338502
v 0.3905826419185152 0.0231254589900629 -0.0346421103278758
v 0.3945301046295294 0.0422433683176031 -0.0103313349249479
v 0.3975396246828490 0.0219642808073591 0.0000000000000000
v 0.3967659081982158 0.0220347127146511 -0.0125066205023015
v 0.2901538111733066 0.0168465449733483 -0.0228864043035016
v 0.3043190729195459 0.0229907590449666 -0.0298485595457271
v 0.2924292704058294 0.0161504156570906 -0.0345947390511844
v 0.2887184485583604 0.0173847412979794 0.0000000001003594
v 0.3002293670665100 0.0234349024799337 -0.0101952987563962
v 0.2890085383601197 0.0172535327754600 -0.0113901842533609
v 0.3100450059456556 0.0304921020034192 0.0000000001003594
v 0.3189377885609574 0.0388828525353493 -0.0072402621368692
v 0.3117665790039424 0.0305065418375335 -0.0172486189214629
v 0.3103915619643994 0.0304761535299198 -0.0087492032498248
v 0.3226869729527899 0.0395460504090299 -0.0208949141072330
v 0.3145066991670694 0.0306614144464075 -0.0252485887486752
v 0.3884235634385556 0.0586233557851202 -0.0162325287436213
v 0.3838989384027927 0.0718963650950416 -0.0066358149912418
v 0.3904460022942094 0.0588591345690167 -0.0000000000000000
v 0.3899563410537954 0.0587789611616954 -0.0083579915052827
v 0.3808734698759737 0.0711403212432051 -0.0184127281749720
v 0.3857838755544923 0.0584763712050311 -0.0231401574480718
v 0.3704345474108785 0.0864396487671992 -0.0120420026756797
v 0.3765820373851616 0.0813607065173760 -0.0101820658337900
v 0.3755915078689014 0.0802718999211736 -0.0146580264733884
v 0.3707470512835019 0.0888944205666342 -0.0041418616717772
v 0.3774350651974674 0.0819447654793136 -0.0000000000000000
v 0.3772109244888272 0.0818499367179658 -0.0052140301307613
v 0.3264038293577992 0.0494273797574000 -0.0115431602870079
v 0.3327133903060221 0.0607307094861628 -0.0134405544896300
v 0.3285538560014483 0.0500282492724856 -0.0168876661725873
v 0.3250296743979047 0.0491103930706038 -0.0000000000000000
v 0.3301133580857953 0.0601893234668318 -0.0046535490472134
v 0.3253115744430023 0.0491604367942060 -0.0058570122366818
v 0.3337892657074953 0.0708308346493518 -0.0000000000000000
v 0.3374043967139679 0.0800231899425478 -0.0030026966929008
v 0.3345556545151152 0.0707260919720449 -0.0072968576658008
v 0.3339440090044219 0.0708502314414457 -0.0036840628951760
v 0.3385134621819128 0.0781235974368217 -0.0090498104232973
v 0.3357707557798399 0.0702756553556429 -0.0107671161873234
v 0.3413272901549965 0.0858107616635335 -0.0054473088836769
v 0.3453734609857773 0.0875495763147927 -0.0085995031188425
v 0.3417268640721302 0.0837335807501925 -0.0084710963551811
v 0.3410199587602648 0.0866534445200560 -0.0000000000000000
v 0.3449411280419962 0.0910078088252171 -0.0025750405312135
v 0.3410945286498701 0.0865887885464098 -0.0026636149047106
v 0.3488097104651620 0.0938862927719471 -0.0000000000000000
v 0.3528054496364987 0.0952470854972879 -0.0027823318931215
v 0.3490657481208010 0.0926634327903848 -0.0055573964548052
v 0.3488696250007409 0.0937406013113309 -0.0026452051938144
v 0.3535968387539286 0.0914806595124832 -0.0094757208736962
v 0.3494148903784907 0.0900155551496597 -0.0090035598501490
v 0.3569615356224781 0.0949065640360845 -0.0060704200536968
v 0.3617296981589750 0.0920185972132198 -0.0101704708625161
v 0.3576654236555734 0.0922953247804256 -0.0098084405140796
v 0.3566369626347741 0.0961462345707948 -0.0000000000000000
v 0.3607650310321733 0.0954910540378464 -0.0030880770612998
v 0.3566757562189617 0.0959880429552737 -0.0028946565609380
v 0.3654034505815535 0.0933962004917087 -0.0000000000000000
v 0.3654517270418761 0.0924035157763270 -0.0070182766273504
v 0.3653603465991228 0.0932836990975642 -0.0034685084998359
v 0.3659000084591566 0.0902108161900713 -0.0107305640102221
v -0.0427488487195693 -0.0796033571536716 0.0076635432443398
v -0.0398340712196326 -0.0929220566849697 0.0146908717080007
v -0.0397859240712573 -0.1063687750440873 0.0072503484687580
v -0.0405373557969738 -0.0929017978132272 0.0073627205509551
v -0.0506663606283914 -0.0542495946878652 0.0089977839165033
v -0.0455655646594758 -0.0667355252785999 0.0163229608987611
v -0.0461989776812967 -0.0666579381102244 0.0081946705158523
v -0.0491189707631075 -0.0545474432064622 0.0265900277859047
v -0.0409211105525553 -0.0797037894327354 0.0228089033430910
v -0.0444722321451182 -0.0668411300355554 0.0243185772237479
v -0.0378786590566586 -0.1063799820795193 0.0216308715032568
v -0.0386588411386563 -0.0929466259549553 0.0219499702851921
v 0.1837464580649437 -0.0796374092997920 0.0223683375386656
v 0.1823843722201299 -0.0928651594281610 0.0146253967586883
v 0.1803201225015181 -0.1063166192253460 0.0216868635764344
v 0.1811908229466206 -0.0928651594281610 0.0218600122738590
v 0.1936866674533144 -0.0547465836052925 0.0243455603167496
v 0.1891973876831448 -0.0668566474692305 0.0155222613211263
v 0.1879305616395031 -0.0668566474692305 0.0232005892314398
v 0.1958172973048696 -0.0547465836052925 0.0081615235533630
v 0.1857038099071271 -0.0796374092997920 0.0074987136155243
v 0.1899607592119946 -0.0668566474692305 0.0077776825898166
v 0.1822184218877713 -0.1063166192253460 0.0072702194046586
v 0.1831042087267245 -0.0928651594281610 0.0073282804689929
v -0.0614367527183796 -0.0317345742969875 0.0114086758618237
v -0.0554991791385346 -0.0427455728169045 0.0200768867286610
v -0.0559289258433698 -0.0425628119313979 0.0101146943092506
v -0.0709864400259270 -0.0131996894358066 0.0139810353253300
v -0.0666842315395072 -0.0222088096996892 0.0252285022928625
v -0.0666394033977792 -0.0219012196810629 0.0127430027419521
v -0.0718011052938695 -0.0141313389120663 0.0407989538663464
v -0.0606268288885045 -0.0323544957723075 0.0333905430940146
v -0.0665019016938249 -0.0226883846082144 0.0371989523577070
v -0.0546681343572684 -0.0430132485477999 0.0297341184723733
v 0.2095390190718959 -0.0332432998900310 0.0274996942311246
v 0.2023669474352323 -0.0435309273767940 0.0172560759104235
v 0.2009583092893931 -0.0435309273767940 0.0257920437591630
v 0.2297961666550825 -0.0155876069584914 0.0315369425375422
v 0.2207012263621801 -0.0238498214148128 0.0196858905040310
v 0.2192206045656816 -0.0239174946672292 0.0294281233010969
v 0.2319793833652033 -0.0153072155527789 0.0105666395650377
v 0.2118877550745510 -0.0332152823014509 0.0092183469946018
v 0.2215654612099180 -0.0238053381049442 0.0098630963638019
v 0.2032156648492950 -0.0435309273767940 0.0086464433557097
v -0.0759839157489559 0.0010026417353232 0.0157435140629437
v -0.0749011437102938 -0.0061511969167721 0.0296901093063114
v -0.0739269937073574 -0.0057667093934893 0.0149860477796869
v -0.0795356839012552 0.0149703191364979 0.0164580056757169
v -0.0802585376866200 0.0072681245511124 0.0325235495914012
v -0.0776796264177843 0.0077133369648439 0.0162389943409859
v -0.0888426957877172 0.0135891296066708 0.0500562237570832
v -0.0799598270883745 -0.0001434500535298 0.0464708344984879
v -0.0843564332963178 0.0063899498754564 0.0488993128686401
v -0.0760308990898055 -0.0068001273722681 0.0438302845347760
v 0.2531404214599642 -0.0017949360363841 0.0359387212233772
v 0.2422726143696824 -0.0079488916080318 0.0225899782163249
v 0.2410579441447820 -0.0082873871820610 0.0337858928208701
v 0.2794959204774628 0.0099281230316971 0.0377955545785320
v 0.2658616997947712 0.0049568286675966 0.0247803501875293
v 0.2661763588665161 0.0041116457800932 0.0377593903372725
v 0.2772859792982348 0.0114266631536921 0.0121453660255488
v 0.2541093989850090 -0.0008717780446633 0.0119394583014768
v 0.2656185933338614 0.0054487744190795 0.0122723934617724
v 0.2428618458095116 -0.0077265612666536 0.0113148384920718
v -0.2824968197342962 -0.0620440878308298 0.0251867776378694
v -0.2782510774648608 -0.0438231723776749 0.0493911293081757
v -0.2862671250775198 -0.0277441369154898 0.0240066337028961
v -0.2845343449838010 -0.0441067965820697 0.0247354358378364
v -0.2744126678293966 -0.0987303183175223 0.0249713439336802
v -0.2746945678744941 -0.0805598345238114 0.0503514860367343
v -0.2793812638841969 -0.0805779381964324 0.0252892789080899
v -0.2640297805414614 -0.0987721291804801 0.0739806581654837
v -0.2687186317502857 -0.0620983988486926 0.0748397205353299
v -0.2674793922553997 -0.0807710440377225 0.0749595496064876
v -0.2681819871690220 -0.0260722196449633 0.0714482991976732
v -0.2682919023242206 -0.0433654080842597 0.0738879846032575
v 0.3913451513677163 -0.0768813406631656 0.0603330752482385
v 0.3949801102061071 -0.0613673553066660 0.0390529839540037
v 0.3881369219553906 -0.0416403867073784 0.0553347374455610
v 0.3894757316496918 -0.0603199285335971 0.0587705558851214
v 0.3913908415890930 -0.1057963541574060 0.0614330888798730
v 0.3965775437949932 -0.0921815302668083 0.0409054207029505
v 0.3921955929410764 -0.0918013531417685 0.0611632579498561
v 0.3978758357458094 -0.1061648932071895 0.0205884447921499
v 0.3989952461695377 -0.0781162697598085 0.0201594739589984
v 0.3991594723425991 -0.0925384312413354 0.0204917194555751
v 0.3973512602796263 -0.0439460187276028 0.0183746242545032
v 0.3981400631581103 -0.0621639169019875 0.0194882587445857
v -0.2573417666274959 -0.1309712350961246 0.0230382165296229
v -0.2633642550527296 -0.1154736292529487 0.0481109410299804
v -0.2668181771649110 -0.1155231988327442 0.0241615063117700
v -0.2357221021596712 -0.1578905342038183 0.0205647807057954
v -0.2441907415878537 -0.1450593407138127 0.0434289864583451
v -0.2467278419937316 -0.1450886514218657 0.0217798388665377
v -0.2298203048852437 -0.1578763098896161 0.0613201564459042
v -0.2495787393917058 -0.1309177861579104 0.0684189513124354
v -0.2400057759336457 -0.1450489957580293 0.0648167515006921
v -0.2578245312307211 -0.1154900087662725 0.0716370946407202
v 0.3832903101708696 -0.1329885014738868 0.0608343745639089
v 0.3921546441577671 -0.1196594569868053 0.0410203790240935
v 0.3882946825310874 -0.1195831629379028 0.0613162770874855
v 0.3690871169200912 -0.1579607936951805 0.0588584880092803
v 0.3802260480598628 -0.1458390917559862 0.0401479975236762
v 0.3767600568326008 -0.1458390917559862 0.0600076401808859
v 0.3743643374890961 -0.1579607936951805 0.0197314945174428
v 0.3890610713387073 -0.1330255708987773 0.0203932699597032
v 0.3822644353890161 -0.1458390917559862 0.0201168441203743
v 0.3943874304476834 -0.1197305785578162 0.0205530564225742
v -0.2144843389761834 -0.1795511474549523 0.0187321717887668
v -0.2230715143560508 -0.1693867973579414 0.0390693203633450
v -0.2250680908222462 -0.1693915387960088 0.0195714494306772
v -0.1923991514981059 -0.1956802266407396 0.0172452137068509
v -0.2019324592923296 -0.1883301355566368 0.0358929016900533
v -0.2036885155365611 -0.1883275493176909 0.0179793176316301
v -0.1879124579668821 -0.1956914336761716 0.0514631377436251
v -0.2095355707533013 -0.1795601992912628 0.0559330207217007
v -0.1990000953675611 -0.1883391873929472 0.0536752341219746
v -0.2197361281955541 -0.1693928319154817 0.0584201205079589
v 0.3514325877960772 -0.1793330413038524 0.0556856038625479
v 0.3638271379440586 -0.1691807603219221 0.0384079759609090
v 0.3606542537973262 -0.1691807603219221 0.0574071769208347
v 0.3305043112064428 -0.1957724691631416 0.0515605527439187
v 0.3443260342127085 -0.1882521173484370 0.0359454023406540
v 0.3413923771684671 -0.1882521173484370 0.0537260968212429
v 0.3350168671271250 -0.1957724691631416 0.0172849986826345
v 0.3563188552444346 -0.1793330413038524 0.0186679468549449
v 0.3460945906118449 -0.1882521173484370 0.0180110421626992
v 0.3657288856489063 -0.1691807603219221 0.0192449798677462
v -0.1676820348528026 -0.2059006119149106 0.0156415731444948
v -0.1787261372312265 -0.2015712479195594 0.0328563123357671
v -0.1803339157758959 -0.2015682306407892 0.0164621867620127
v -0.1413773985345723 -0.2095355707533014 0.0139325433450953
v -0.1531853034816703 -0.2085881452194720 0.0295258400292676
v -0.1546331662515214 -0.2085864210601748 0.0147945798897292
v -0.1377458880147760 -0.2095377259524229 0.0415589632845666
v -0.1636147430706307 -0.2059075085520995 0.0466596299415348
v -0.1507822564611523 -0.2085911624982422 0.0441307192923188
v -0.1760545524001644 -0.2015772824770997 0.0491144017409698
v 0.3063169425052143 -0.2060588035304317 0.0467492862249909
v 0.3214270435463371 -0.2017285774554319 0.0329306667054603
v 0.3187395102417757 -0.2017285774554319 0.0492204375377497
v 0.2803786900376460 -0.2095993646472990 0.0415898257359870
v 0.2958698302834572 -0.2087028018127380 0.0295659698369107
v 0.2934568693469801 -0.2087028018127380 0.0441910648677220
v 0.2840183903141041 -0.2095993646472990 0.0139424572610544
v 0.3104083725175474 -0.2060588035304317 0.0156720907640558
v 0.2973241586506729 -0.2087028018127380 0.0148145370335947
v 0.3230468912060872 -0.2017285774554319 0.0165004630984112
v -0.1150404342295190 -0.2060161305878252 0.0122126513421233
v -0.1268216147075099 -0.2086571115913614 0.0260775645387847
v -0.1281035271450023 -0.2086566805515370 0.0130667567539899
v -0.0904651296864131 -0.1957129856673870 0.0106015968947891
v -0.1013001777500475 -0.2016794389154607 0.0227229540021240
v -0.1024182950543029 -0.2016794389154607 0.0113857876471530
v -0.0876969919347061 -0.1957129856673870 0.0316240987900173
v -0.1118533257685844 -0.2060161305878252 0.0364289859195453
v -0.0994458444258738 -0.2016794389154607 0.0339628346687486
v -0.1246948642143733 -0.2086575426311856 0.0389764312812066
v 0.2544477652470909 -0.2060277686630815 0.0364318307823858
v 0.2694311405798671 -0.2086868533392386 0.0260852801516398
v 0.2673022348876091 -0.2086868533392386 0.0389887590201818
v 0.2302845347760236 -0.1957142787868600 0.0316253919094903
v 0.2438898757904867 -0.2016828872340552 0.0227226953782294
v 0.2420351114264886 -0.2016828872340552 0.0339627915647662
v 0.2330522414879064 -0.1957142787868600 0.0106020279346134
v 0.2576361668274984 -0.2060277686630815 0.0122132979018598
v 0.2450075620549177 -0.2016828872340552 0.0113855721272408
v 0.2707143461368325 -0.2086868533392386 0.0130704636964790
v -0.0694213344238641 -0.1792576093345984 0.0092172262910586
v -0.0784404117076882 -0.1881831509765477 0.0197092097585261
v -0.0794111133920302 -0.1881827199367233 0.0098755965187069
v -0.0533013070743872 -0.1578987239604801 0.0081413508895854
v -0.0598104394612649 -0.1691061904323168 0.0172359463506283
v -0.0606626051939221 -0.1691066214721411 0.0086359690879790
v -0.0511560218688055 -0.1578952756418857 0.0242909906749922
v -0.0670100976466842 -0.1792580403744228 0.0274960734966004
v -0.0583974909171827 -0.1691057593924924 0.0257638537546532
v -0.0768304779638972 -0.1881831509765477 0.0294589857525174
v 0.2095877265720426 -0.1792571782947741 0.0275085305475230
v 0.2210245062304113 -0.1881831509765477 0.0197124425572084
v 0.2194158656060932 -0.1881831509765477 0.0294635116706726
v 0.1936866674533144 -0.1578866548453995 0.0243455603167496
v 0.2023669474352323 -0.1691023110738980 0.0172560759104235
v 0.2009583092893931 -0.1691023110738980 0.0257920437591630
v 0.1958172973048696 -0.1578866548453995 0.0081615235533630
v 0.2119950839908038 -0.1792571782947741 0.0092218815211611
v 0.2032156648492950 -0.1691023110738980 0.0086464433557097
v 0.2219943458351046 -0.1881831509765477 0.0098772775740217
v -0.0432985538075095 -0.1330372089740336 0.0074530664981301
v -0.0467292859771430 -0.1457994360921498 0.0154550622125166
v -0.0475034766055829 -0.1458028844107443 0.0077428545720125
v -0.0399848058461931 -0.1198176486023264 0.0145409991610887
v -0.0407161942200792 -0.1198198038014480 0.0072846592387729
v -0.0413085722506259 -0.1330268640182502 0.0222441549652824
v -0.0387737132518345 -0.1198142002837320 0.0217407004504905
v -0.0454478045794748 -0.1457946946540825 0.0231060190939866
v 0.1837464580649437 -0.1329958291509001 0.0223683375386656
v 0.1891973876831448 -0.1457765909814615 0.0155222613211263
v 0.1879301305996788 -0.1457765909814615 0.0232005892314398
v 0.1823843722201299 -0.1197680790225310 0.0146253967586883
v 0.1811908229466206 -0.1197680790225310 0.0218600122738590
v 0.1857038099071271 -0.1329958291509001 0.0074987136155243
v 0.1831042087267245 -0.1197680790225310 0.0073282804689929
v 0.1899607592119946 -0.1457765909814615 0.0077776825898166
v -0.0847154894699665 0.0326617409590744 0.0161720107522884
v -0.0860499887660246 0.0229951556511746 0.0327033363021201
v -0.0820745084664303 0.0233785224709142 0.0163861082330223
v -0.0879814782187495 0.0527481967718350 0.0159123954661076
v -0.0912496221666540 0.0422686272513075 0.0314600450328856
v -0.0868780162685206 0.0425437168671810 0.0159645081808665
v -0.1001868018838595 0.0520318085838348 0.0459699662226418
v -0.0965772743951029 0.0318249202441625 0.0469975651637924
v -0.0990807536946848 0.0418072422233681 0.0460173806033157
v -0.0930401615968301 0.0222431635736865 0.0488829333553164
v -0.2738794715667274 0.0001471569960188 0.0621382700324411
v -0.2815097385366306 -0.0132328363982959 0.0455561679913059
v -0.2703733936358048 -0.0117191538472729 0.0668646217059802
v -0.2819687959495188 0.0181550094640181 0.0580270121881898
v -0.2875421408778234 0.0076869788795874 0.0414002113172739
v -0.2777152949632458 0.0099801322968981 0.0592709931211432
v -0.2964650962808267 0.0131703140717800 0.0207352138523268
v -0.2909982181891262 -0.0025783078130817 0.0221016100953837
v -0.2937111828433219 0.0064235278777700 0.0212659531879975
v -0.2884693075399102 -0.0139344399203223 0.0230719669478663
v -0.2928654827080293 0.0311229718902767 0.0590921115940553
v -0.2946517117399623 0.0206691785512428 0.0403918367522873
v -0.2867279066497053 0.0250470776308112 0.0581688242903872
v -0.3129661628349920 0.0409323606919698 0.0605408364435551
v -0.3065410832138544 0.0281912545252446 0.0416482747361632
v -0.3012530866492419 0.0368492497482458 0.0601899700265682
v -0.3183270051299127 0.0239820644329105 0.0215803967398303
v -0.3028535375168981 0.0207349121244498 0.0209209489126212
v -0.3088613705881053 0.0226290735283896 0.0212806516460064
v -0.2991168532799706 0.0177613838964599 0.0206796528189735
v -0.0863646478377695 0.0741744105665103 0.0165376187312666
v -0.0916694549555302 0.0627509931426952 0.0319257835630506
v -0.0874448336374858 0.0629988410416724 0.0161644244513806
v -0.0869620690342607 0.1028139896130178 0.0169153820332903
v -0.0896366711440928 0.0868642229941427 0.0333765774037070
v -0.0858383482122893 0.0871534507162535 0.0168489156923820
v -0.0978453935582176 0.1019480306059827 0.0495721660343851
v -0.0982014324530961 0.0735506959407363 0.0481712866053836
v -0.0972777141096037 0.0864805975505084 0.0492618173608832
v -0.0995324834305597 0.0623402121901295 0.0468807533714049
v -0.0980721205058037 0.1428450891363417 0.0160717939931368
v -0.0939841388120650 0.1214206857089285 0.0328235102051372
v -0.0908332376963723 0.1220344864187433 0.0165540413485727
v -0.1251375421139378 0.1813528939205604 0.0159727410415108
v -0.1113373710988875 0.1614086812498215 0.0308913741926759
v -0.1092998458493828 0.1632746526492516 0.0157757127378195
v -0.1295682004680015 0.1735170209544623 0.0443044283415150
v -0.1070394730107108 0.1404515249919584 0.0467005787248441
v -0.1163318295431463 0.1584914037189038 0.0446871917055007
v -0.1009881049172484 0.1207711086936961 0.0485238771816677
v -0.1705286218525337 0.2040518821084529 0.0181882857384547
v -0.1464830652535026 0.1911159459411405 0.0330559268784042
v -0.1462063376862967 0.1951090988735313 0.0169699516750477
v -0.2210232131109384 0.2055329349447757 0.0189728644266605
v -0.1951720306878803 0.2018639239602646 0.0374058514733749
v -0.1961267838987229 0.2076902892654381 0.0190489429556509
v -0.2181511947615730 0.1886288461548823 0.0545062789032407
v -0.1690695520472506 0.1903443846556288 0.0515230522792039
v -0.1935198550413071 0.1920228537314848 0.0543786911152455
v -0.1474498875794258 0.1841555148582121 0.0473738629304135
v -0.2640595222893387 0.1843632760535287 0.0150548417356465
v -0.2420049386387870 0.1903810230406950 0.0343443480172437
v -0.2432402987752542 0.1970880027069301 0.0173812067714201
v -0.3066316015769592 0.1541038493472710 0.0113214765053662
v -0.2833373473916972 0.1629668902146955 0.0255263077074770
v -0.2847627960906843 0.1693661074463746 0.0127746410650563
v -0.3032449216773699 0.1393217696124467 0.0341864581295997
v -0.2611327618822862 0.1669992677710984 0.0443535668814861
v -0.2817347413249194 0.1528861618436005 0.0382319824006440
v -0.2403135383682017 0.1796002859949234 0.0504713151078920
v -0.3464234739977919 0.0426501837037851 0.0569558782247840
v -0.3314422538641373 0.0317934543369880 0.0418578462987418
v -0.3290797245871042 0.0420787973126822 0.0592222856209964
v -0.3743871825997844 0.0505666180130465 0.0525135817954641
v -0.3643409374146339 0.0374012824512373 0.0400510997711717
v -0.3618279752389173 0.0450083163746102 0.0544640370004585
v -0.3811984739035020 0.0405230021708243 0.0206420661462938
v -0.3490476444481801 0.0277949565107757 0.0214895335448661
v -0.3660159581718954 0.0324866525824404 0.0211480637960492
v -0.3324370937786406 0.0253320811626437 0.0216418199147942
v -0.3550132356166051 0.1278535240469036 0.0127301577551877
v -0.3290193790117011 0.1359945732086120 0.0229194650580260
v -0.3309469891060072 0.1405838542180210 0.0114763060102577
v -0.3916167064570305 0.1009467250941149 0.0164992992908856
v -0.3730182001177816 0.1132649811931937 0.0280302180468831
v -0.3761350490873540 0.1149585366629005 0.0145741461235780
v -0.3814484770016008 0.0992889459298256 0.0425587601570494
v -0.3494183386970852 0.1188400502807955 0.0366285142542176
v -0.3681840884881655 0.1095571766244948 0.0392503139855720
v -0.3267891789607307 0.1283673235174790 0.0342962870768334
v -0.3877558827507022 0.0734950918034006 0.0506484724756826
v -0.3890390883076676 0.0561375491183350 0.0379632721741703
v -0.3831950503696975 0.0607384682030004 0.0518721945368935
v -0.3947262277495896 0.0859620566418657 0.0342336569903614
v -0.3875726908253712 0.0868068946975097 0.0469510128627672
v -0.3986728283809551 0.0683445969427423 0.0191383406152124
v -0.3987620536245869 0.0848646292491771 0.0179966885365498
v -0.3924511995568911 0.0530199673810613 0.0199961529695681
v 0.3974547098374603 -0.0001786229031933 0.0146968631615586
v 0.3942766532128362 -0.0218419517052205 0.0331154534781412
v 0.3973866055452196 -0.0227283419999278 0.0167152071388816
v 0.3945301046295294 0.0422433683176031 0.0103313349249479
v 0.3944464829036136 0.0223778204148004 0.0242937924338502
v 0.3967659081982158 0.0220347127146511 0.0125066205023015
v 0.3893455576227507 0.0424238015880585 0.0286225529734474
v 0.3901934129571649 0.0017918756536315 0.0413471072109191
v 0.3905826419185152 0.0231254589900629 0.0346421103278758
v 0.3888770173337278 -0.0203666748025434 0.0488859506340865
v 0.3043190729195459 0.0229907590449666 0.0298485595457271
v 0.2901538111733066 0.0168465449733483 0.0228864043035016
v 0.2924292704058294 0.0161504156570906 0.0345947390511844
v 0.3226869729527899 0.0395460504090299 0.0208949141072330
v 0.3117665790039424 0.0305065418375335 0.0172486189214629
v 0.3145066991670694 0.0306614144464075 0.0252485887486752
v 0.3189377885609574 0.0388828525353493 0.0072402621368692
v 0.3002293670665100 0.0234349024799337 0.0101952987563962
v 0.3103915619643994 0.0304761535299198 0.0087492032498248
v 0.2890085383601197 0.0172535327754600 0.0113901842533609
v 0.3838989384027927 0.0718963650950416 0.0066358149912418
v 0.3884235634385556 0.0586233557851202 0.0162325287436213
v 0.3899563410537954 0.0587789611616954 0.0083579915052827
v 0.3707470512835019 0.0888944205666342 0.0041418616717772
v 0.3765820373851616 0.0813607065173760 0.0101820658337900
v 0.3772109244888272 0.0818499367179658 0.0052140301307613
v 0.3704345474108785 0.0864396487671992 0.0120420026756797
v 0.3808734698759737 0.0711403212432051 0.0184127281749720
v 0.3755915078689014 0.0802718999211736 0.0146580264733884
v 0.3857838755544923 0.0584763712050311 0.0231401574480718
v 0.3327133903060221 0.0607307094861628 0.0134405544896300
v 0.3264038293577992 0.0494273797574000 0.0115431602870079
v 0.3285538560014483 0.0500282492724856 0.0168876661725873
v 0.3385134621819128 0.0781235974368217 0.0090498104232973
v 0.3345556545151152 0.0707260919720449 0.0072968576658008
v 0.3357707557798399 0.0702756553556429 0.0107671161873234
v 0.3374043967139679 0.0800231899425478 0.0030026966929008
v 0.3301133580857953 0.0601893234668318 0.0046535490472134
v 0.3339440090044219 0.0708502314414457 0.0036840628951760
v 0.3253115744430023 0.0491604367942060 0.0058570122366818
v 0.3453734609857773 0.0875495763147927 0.0085995031188425
v 0.3413272901549965 0.0858107616635335 0.0054473088836769
v 0.3417268640721302 0.0837335807501925 0.0084710963551811
v 0.3535968387539286 0.0914806595124832 0.0094757208736962
v 0.3490657481208010 0.0926634327903848 0.0055573964548052
v 0.3494148903784907 0.0900155551496597 0.0090035598501490
v 0.3528054496364987 0.0952470854972879 0.0027823318931215
v 0.3449411280419962 0.0910078088252171 0.0025750405312135
v 0.3488696250007409 0.0937406013113309 0.0026452051938144
v 0.3410945286498701 0.0865887885464098 0.0026636149047106
v 0.3617296981589750 0.0920185972132198 0.0101704708625161
v 0.3569615356224781 0.0949065640360845 0.0060704200536968
v 0.3576654236555734 0.0922953247804256 0.0098084405140796
v 0.3654517270418761 0.0924035157763270 0.0070182766273504
v 0.3659000084591566 0.0902108161900713 0.0107305640102221
v 0.3607650310321733 0.0954910540378464 0.0030880770612998
v 0.3653603465991228 0.0932836990975642 0.0034685084998359
v 0.3566757562189617 0.0959880429552737 0.0028946565609380
f 1341 1340 1337
f 1 1337 1340
f 339 1339 1338
f 1341 1338 1339
f 1345 1338 1342
f 335 1342 1338
f 336 1344 1343
f 1345 1343 1344
f 1349 1348 1344
f 339 1344 1348
f 13 1347 1346
f 1349 1346 1347
f 1352 1351 1339
f 338 1339 1351
f 337 1350 1348
f 1352 1348 1350
f 1356 1343 1353
f 2 1353 1343
f 343 1355 1354
f 1356 1354 1355
f 1360 1354 1357
f 340 1357 1354
f 341 1359 1358
f 1360 1358 1359
f 1364 1363 1359
f 343 1359 1363
f 14 1362 1361
f 1364 1361 1362
f 1366 1346 1355
f 336 1355 1346
f 342 1365 1363
f 1366 1363 1365
f 1370 1358 1367
f 3 1367 1358
f 347 1369 1368
f 1370 1368 1369
f 1374 1368 1371
f 344 1371 1368
f 345 1373 1372
f 1374 1372 1373
f 1378 1377 1373
f 347 1373 1377
f 15 1376 1375
f 1378 1375 1376
f 1380 1361 1369
f 341 1369 1361
f 346 1379 1377
f 1380 1377 1379
f 1384 1372 1381
f 4 1381 1372
f 351 1383 1382
f 1384 1382 1383
f 1382 348 1388
f 1385 1388 348
f 1387 1388 349
f 1386 349 1388
f 1392 1391 1387
f 351 1387 1391
f 16 1390 1389
f 1392 1389 1390
f 1394 1375 1383
f 345 1383 1375
f 350 1393 1391
f 1394 1391 1393
f 1386 5 1398
f 1395 1398 5
f 1397 1398 355
f 1396 355 1398
f 1396 352 1402
f 1399 1402 352
f 1401 1402 353
f 1400 353 1402
f 1405 355 1406
f 1401 1406 355
f 1404 1406 17
f 1403 17 1406
f 1389 349 1408
f 1397 1408 349
f 1407 1408 354
f 1405 354 1408
f 1400 6 1412
f 1409 1412 6
f 1411 1412 359
f 1410 359 1412
f 1416 1410 1413
f 356 1413 1410
f 357 1415 1414
f 1416 1414 1415
f 1420 1419 1415
f 359 1415 1419
f 18 1418 1417
f 1420 1417 1418
f 1403 353 1422
f 1411 1422 353
f 1421 1422 358
f 1419 358 1422
f 1414 7 1426
f 1423 1426 7
f 1425 1426 363
f 1424 363 1426
f 1430 1424 1427
f 360 1427 1424
f 361 1429 1428
f 1430 1428 1429
f 1434 1433 1429
f 363 1429 1433
f 19 1432 1431
f 1434 1431 1432
f 1417 357 1436
f 1425 1436 357
f 1435 1436 362
f 1433 362 1436
f 1428 8 1440
f 1437 1440 8
f 1439 1440 367
f 1438 367 1440
f 1444 1438 1441
f 364 1441 1438
f 365 1443 1442
f 1444 1442 1443
f 1448 1447 1443
f 367 1443 1447
f 20 1446 1445
f 1448 1445 1446
f 1431 361 1450
f 1439 1450 361
f 1449 1450 366
f 1447 366 1450
f 1442 9 1454
f 1451 1454 9
f 1453 1454 371
f 1452 371 1454
f 1458 1452 1455
f 368 1455 1452
f 369 1457 1456
f 1458 1456 1457
f 1462 1461 1457
f 371 1457 1461
f 21 1460 1459
f 1462 1459 1460
f 1445 365 1464
f 1453 1464 365
f 1463 1464 370
f 1461 370 1464
f 1456 10 1468
f 1465 1468 10
f 1467 1468 375
f 1466 375 1468
f 1472 1466 1469
f 372 1469 1466
f 373 1471 1470
f 1472 1470 1471
f 1476 1475 1471
f 375 1471 1475
f 22 1474 1473
f 1476 1473 1474
f 1459 369 1478
f 1467 1478 369
f 1477 1478 374
f 1475 374 1478
f 12 1350 1481
f 1482 1481 1350
f 1482 1479 1480
f 379 1480 1479
f 1485 1479 1347
f 337 1347 1479
f 1485 1483 1484
f 376 1484 1483
f 379 1484 1488
f 1489 1488 1484
f 1489 1486 1487
f 24 1487 1486
f 378 1480 1491
f 1492 1491 1480
f 1492 1488 1490
f 377 1490 1488
f 1495 1483 1365
f 13 1365 1483
f 382 1494 1493
f 1495 1493 1494
f 1498 1493 1362
f 342 1362 1493
f 380 1497 1496
f 1498 1496 1497
f 1502 1501 1497
f 382 1497 1501
f 25 1500 1499
f 1502 1499 1500
f 1504 1486 1494
f 376 1494 1486
f 381 1503 1501
f 1504 1501 1503
f 1507 1496 1379
f 14 1379 1496
f 385 1506 1505
f 1507 1505 1506
f 1510 1505 1376
f 346 1376 1505
f 383 1509 1508
f 1510 1508 1509
f 1514 1513 1509
f 385 1509 1513
f 1512 1514 26
f 1511 26 1514
f 1516 1499 1506
f 380 1506 1499
f 384 1515 1513
f 1516 1513 1515
f 1519 1508 1393
f 15 1393 1508
f 388 1518 1517
f 1519 1517 1518
f 1522 1517 1390
f 350 1390 1517
f 386 1521 1520
f 1522 1520 1521
f 1526 1525 1521
f 388 1521 1525
f 27 1524 1523
f 1526 1523 1524
f 1528 1511 1518
f 383 1518 1511
f 1527 1528 387
f 1525 387 1528
f 1531 1520 1407
f 16 1407 1520
f 391 1530 1529
f 1531 1529 1530
f 1529 354 1534
f 1404 1534 354
f 389 1533 1532
f 1534 1532 1533
f 1538 1537 1533
f 391 1533 1537
f 28 1536 1535
f 1538 1535 1536
f 1540 1523 1530
f 386 1530 1523
f 390 1539 1537
f 1540 1537 1539
f 1532 17 1543
f 1421 1543 17
f 1542 1543 394
f 1541 394 1543
f 1546 1541 1418
f 358 1418 1541
f 392 1545 1544
f 1546 1544 1545
f 1550 1549 1545
f 394 1545 1549
f 29 1548 1547
f 1550 1547 1548
f 1535 389 1552
f 1542 1552 389
f 1551 1552 393
f 1549 393 1552
f 1544 18 1555
f 1435 1555 18
f 1554 1555 397
f 1553 397 1555
f 1558 1553 1432
f 362 1432 1553
f 395 1557 1556
f 1558 1556 1557
f 1562 1561 1557
f 397 1557 1561
f 30 1560 1559
f 1562 1559 1560
f 1547 392 1564
f 1554 1564 392
f 1563 1564 396
f 1561 396 1564
f 1556 19 1567
f 1449 1567 19
f 1566 1567 400
f 1565 400 1567
f 1570 1565 1446
f 366 1446 1565
f 398 1569 1568
f 1570 1568 1569
f 1574 1573 1569
f 400 1569 1573
f 31 1572 1571
f 1574 1571 1572
f 1559 395 1576
f 1566 1576 395
f 1575 1576 399
f 1573 399 1576
f 1568 20 1579
f 1463 1579 20
f 403 1578 1577
f 1579 1577 1578
f 1582 1577 1460
f 370 1460 1577
f 401 1581 1580
f 1582 1580 1581
f 1586 1585 1581
f 403 1581 1585
f 32 1584 1583
f 1586 1583 1584
f 1571 398 1588
f 1578 1588 398
f 402 1587 1585
f 1588 1585 1587
f 1580 21 1591
f 1477 1591 21
f 406 1590 1589
f 1591 1589 1590
f 1594 1589 1474
f 374 1474 1589
f 404 1593 1592
f 1594 1592 1593
f 1598 1597 1593
f 406 1593 1597
f 33 1596 1595
f 1598 1595 1596
f 1600 1583 1590
f 401 1590 1583
f 405 1599 1597
f 1600 1597 1599
f 23 1490 1603
f 1604 1603 1490
f 1604 1601 1602
f 410 1602 1601
f 377 1487 1601
f 1607 1601 1487
f 1607 1605 1606
f 407 1606 1605
f 410 1606 1610
f 1611 1610 1606
f 1611 1608 1609
f 35 1609 1608
f 409 1602 1613
f 1614 1613 1602
f 1614 1610 1612
f 408 1612 1610
f 24 1503 1605
f 1617 1605 1503
f 1617 1615 1616
f 413 1616 1615
f 1620 1615 1500
f 381 1500 1615
f 411 1619 1618
f 1620 1618 1619
f 1624 1623 1619
f 413 1619 1623
f 1622 1624 36
f 1621 36 1624
f 407 1616 1608
f 1626 1608 1616
f 1626 1623 1625
f 412 1625 1623
f 1618 25 1629
f 1515 1629 25
f 1628 1629 416
f 1627 416 1629
f 1627 384 1632
f 1512 1632 384
f 414 1631 1630
f 1632 1630 1631
f 1635 416 1636
f 1631 1636 416
f 37 1634 1633
f 1636 1633 1634
f 1621 411 1638
f 1628 1638 411
f 1635 415 1638
f 1637 1638 415
f 1641 1630 1527
f 26 1527 1630
f 419 1640 1639
f 1641 1639 1640
f 1644 1639 1524
f 387 1524 1639
f 417 1643 1642
f 1644 1642 1643
f 1648 1647 1643
f 419 1643 1647
f 38 1646 1645
f 1648 1645 1646
f 1650 1633 1640
f 414 1640 1633
f 418 1649 1647
f 1650 1647 1649
f 1653 1642 1539
f 27 1539 1642
f 422 1652 1651
f 1653 1651 1652
f 1656 1651 1536
f 390 1536 1651
f 420 1655 1654
f 1656 1654 1655
f 1660 1659 1655
f 422 1655 1659
f 39 1658 1657
f 1660 1657 1658
f 1662 1645 1652
f 417 1652 1645
f 421 1661 1659
f 1662 1659 1661
f 1665 1654 1551
f 28 1551 1654
f 425 1664 1663
f 1665 1663 1664
f 1668 1663 1548
f 393 1548 1663
f 423 1667 1666
f 1668 1666 1667
f 1672 1671 1667
f 425 1667 1671
f 40 1670 1669
f 1672 1669 1670
f 1674 1657 1664
f 420 1664 1657
f 424 1673 1671
f 1674 1671 1673
f 1677 1666 1563
f 29 1563 1666
f 428 1676 1675
f 1677 1675 1676
f 1680 1675 1560
f 396 1560 1675
f 426 1679 1678
f 1680 1678 1679
f 1684 1683 1679
f 428 1679 1683
f 41 1682 1681
f 1684 1681 1682
f 1686 1669 1676
f 423 1676 1669
f 427 1685 1683
f 1686 1683 1685
f 1689 1678 1575
f 30 1575 1678
f 431 1688 1687
f 1689 1687 1688
f 1692 1687 1572
f 399 1572 1687
f 429 1691 1690
f 1692 1690 1691
f 1696 1695 1691
f 431 1691 1695
f 42 1694 1693
f 1696 1693 1694
f 1698 1681 1688
f 426 1688 1681
f 430 1697 1695
f 1698 1695 1697
f 1701 1690 1587
f 31 1587 1690
f 434 1700 1699
f 1701 1699 1700
f 1704 1699 1584
f 402 1584 1699
f 432 1703 1702
f 1704 1702 1703
f 1708 1707 1703
f 434 1703 1707
f 43 1706 1705
f 1708 1705 1706
f 1710 1693 1700
f 429 1700 1693
f 433 1709 1707
f 1710 1707 1709
f 1713 1702 1599
f 32 1599 1702
f 437 1712 1711
f 1713 1711 1712
f 1716 1711 1596
f 405 1596 1711
f 435 1715 1714
f 1716 1714 1715
f 1720 1719 1715
f 437 1715 1719
f 44 1718 1717
f 1720 1717 1718
f 1722 1705 1712
f 432 1712 1705
f 436 1721 1719
f 1722 1719 1721
f 34 1612 1725
f 1726 1725 1612
f 1726 1723 1724
f 441 1724 1723
f 408 1609 1723
f 1729 1723 1609
f 1729 1727 1728
f 438 1728 1727
f 441 1728 1732
f 1733 1732 1728
f 1733 1730 1731
f 46 1731 1730
f 440 1724 1735
f 1736 1735 1724
f 439 1734 1732
f 1736 1732 1734
f 35 1625 1727
f 1739 1727 1625
f 1739 1737 1738
f 444 1738 1737
f 1742 1737 1622
f 412 1622 1737
f 1740 442 1742
f 1741 1742 442
f 1741 1746 444
f 1745 444 1746
f 1743 47 1746
f 1744 1746 47
f 438 1738 1730
f 1748 1730 1738
f 1747 1748 443
f 1745 443 1748
f 1637 1751 36
f 1740 36 1751
f 1749 447 1751
f 1750 1751 447
f 1634 1754 415
f 1749 415 1754
f 445 1753 1752
f 1754 1752 1753
f 1753 1758 447
f 1757 447 1758
f 1756 1758 48
f 1755 48 1758
f 1750 1760 442
f 1743 442 1760
f 1757 446 1760
f 1759 1760 446
f 1763 1752 1649
f 37 1649 1752
f 450 1762 1761
f 1763 1761 1762
f 1766 1761 1646
f 418 1646 1761
f 448 1765 1764
f 1766 1764 1765
f 1770 1769 1765
f 450 1765 1769
f 49 1768 1767
f 1770 1767 1768
f 1755 445 1772
f 1762 1772 445
f 1771 1772 449
f 1769 449 1772
f 1775 1764 1661
f 38 1661 1764
f 453 1774 1773
f 1775 1773 1774
f 1778 1773 1658
f 421 1658 1773
f 451 1777 1776
f 1778 1776 1777
f 1782 1781 1777
f 453 1777 1781
f 50 1780 1779
f 1782 1779 1780
f 1784 1767 1774
f 448 1774 1767
f 452 1783 1781
f 1784 1781 1783
f 1787 1776 1673
f 39 1673 1776
f 456 1786 1785
f 1787 1785 1786
f 1790 1785 1670
f 424 1670 1785
f 454 1789 1788
f 1790 1788 1789
f 1794 1793 1789
f 456 1789 1793
f 51 1792 1791
f 1794 1791 1792
f 1796 1779 1786
f 451 1786 1779
f 455 1795 1793
f 1796 1793 1795
f 1799 1788 1685
f 40 1685 1788
f 459 1798 1797
f 1799 1797 1798
f 1802 1797 1682
f 427 1682 1797
f 457 1801 1800
f 1802 1800 1801
f 1806 1805 1801
f 459 1801 1805
f 52 1804 1803
f 1806 1803 1804
f 1808 1791 1798
f 454 1798 1791
f 1807 1808 458
f 1805 458 1808
f 1811 1800 1697
f 41 1697 1800
f 462 1810 1809
f 1811 1809 1810
f 1814 1809 1694
f 430 1694 1809
f 460 1813 1812
f 1814 1812 1813
f 1818 1817 1813
f 462 1813 1817
f 53 1816 1815
f 1818 1815 1816
f 1820 1803 1810
f 457 1810 1803
f 1819 1820 461
f 1817 461 1820
f 1823 1812 1709
f 42 1709 1812
f 465 1822 1821
f 1823 1821 1822
f 1826 1821 1706
f 433 1706 1821
f 463 1825 1824
f 1826 1824 1825
f 1830 1829 1825
f 465 1825 1829
f 54 1828 1827
f 1830 1827 1828
f 1832 1815 1822
f 460 1822 1815
f 464 1831 1829
f 1832 1829 1831
f 1721 1835 43
f 1824 43 1835
f 1833 468 1835
f 1834 1835 468
f 1718 1838 436
f 1833 436 1838
f 1838 1836 1837
f 466 1837 1836
f 1837 1842 468
f 1841 468 1842
f 1842 1839 1840
f 55 1840 1839
f 1844 1827 1834
f 463 1834 1827
f 467 1843 1841
f 1844 1841 1843
f 1734 1848 45
f 1847 45 1848
f 1845 472 1848
f 1846 1848 472
f 1845 439 1851
f 1731 1851 439
f 1849 469 1851
f 1850 1851 469
f 1850 1855 472
f 1854 472 1855
f 1853 1855 57
f 1852 57 1855
f 1846 1858 471
f 1857 471 1858
f 1854 470 1858
f 1856 1858 470
f 1747 1861 46
f 1849 46 1861
f 1859 475 1861
f 1860 1861 475
f 1744 1864 443
f 1859 443 1864
f 1862 473 1864
f 1863 1864 473
f 1863 1868 475
f 1867 475 1868
f 1865 58 1868
f 1866 1868 58
f 1860 1870 469
f 1852 469 1870
f 1867 474 1870
f 1869 1870 474
f 1759 1873 47
f 1862 47 1873
f 1871 478 1873
f 1872 1873 478
f 1756 1876 446
f 1871 446 1876
f 1875 1876 476
f 1874 476 1876
f 1879 478 1880
f 1875 1880 478
f 1878 1880 59
f 1877 59 1880
f 1872 1882 473
f 1865 473 1882
f 1879 477 1882
f 1881 1882 477
f 1874 48 1885
f 1771 1885 48
f 1884 1885 481
f 1883 481 1885
f 1888 1883 1768
f 449 1768 1883
f 479 1887 1886
f 1888 1886 1887
f 1891 481 1892
f 1887 1892 481
f 60 1890 1889
f 1892 1889 1890
f 1877 476 1894
f 1884 1894 476
f 1893 1894 480
f 1891 480 1894
f 1897 1886 1783
f 49 1783 1886
f 484 1896 1895
f 1897 1895 1896
f 1900 1895 1780
f 452 1780 1895
f 482 1899 1898
f 1900 1898 1899
f 1904 1903 1899
f 484 1899 1903
f 61 1902 1901
f 1904 1901 1902
f 1906 1889 1896
f 479 1896 1889
f 483 1905 1903
f 1906 1903 1905
f 1909 1898 1795
f 50 1795 1898
f 487 1908 1907
f 1909 1907 1908
f 1912 1907 1792
f 455 1792 1907
f 485 1911 1910
f 1912 1910 1911
f 1916 1915 1911
f 487 1911 1915
f 62 1914 1913
f 1916 1913 1914
f 1918 1901 1908
f 482 1908 1901
f 486 1917 1915
f 1918 1915 1917
f 1910 51 1921
f 1807 1921 51
f 1920 1921 490
f 1919 490 1921
f 1924 1919 1804
f 458 1804 1919
f 488 1923 1922
f 1924 1922 1923
f 1928 1927 1923
f 490 1923 1927
f 63 1926 1925
f 1928 1925 1926
f 1913 485 1930
f 1920 1930 485
f 1929 1930 489
f 1927 489 1930
f 1922 52 1933
f 1819 1933 52
f 1932 1933 493
f 1931 493 1933
f 1936 1931 1816
f 461 1816 1931
f 491 1935 1934
f 1936 1934 1935
f 1940 1939 1935
f 493 1935 1939
f 64 1938 1937
f 1940 1937 1938
f 1925 488 1942
f 1932 1942 488
f 1941 1942 492
f 1939 492 1942
f 1934 53 1945
f 1831 1945 53
f 496 1944 1943
f 1945 1943 1944
f 1948 1943 1828
f 464 1828 1943
f 494 1947 1946
f 1948 1946 1947
f 1952 1951 1947
f 496 1947 1951
f 65 1950 1949
f 1952 1949 1950
f 1937 491 1954
f 1944 1954 491
f 495 1953 1951
f 1954 1951 1953
f 1957 1946 1843
f 54 1843 1946
f 1957 1955 1956
f 499 1956 1955
f 467 1840 1955
f 1960 1955 1840
f 497 1959 1958
f 1960 1958 1959
f 499 1959 1963
f 1964 1963 1959
f 66 1962 1961
f 1964 1961 1962
f 1966 1949 1956
f 494 1956 1949
f 498 1965 1963
f 1966 1963 1965
f 56 1856 1969
f 1970 1969 1856
f 1970 1967 1968
f 503 1968 1967
f 1967 470 1973
f 1853 1973 470
f 1972 1973 500
f 1971 500 1973
f 503 1972 1976
f 1977 1976 1972
f 1975 1977 68
f 1974 68 1977
f 502 1968 1979
f 1980 1979 1968
f 1980 1976 1978
f 501 1978 1976
f 1971 57 1983
f 1869 1983 57
f 1982 1983 506
f 1981 506 1983
f 1866 1986 474
f 1981 474 1986
f 1984 504 1986
f 1985 1986 504
f 1989 506 1990
f 1985 1990 506
f 1988 1990 69
f 1987 69 1990
f 1974 500 1992
f 1982 1992 500
f 1991 1992 505
f 1989 505 1992
f 1881 1995 58
f 1984 58 1995
f 1994 1995 509
f 1993 509 1995
f 1993 477 1998
f 1878 1998 477
f 1997 1998 507
f 1996 507 1998
f 2001 509 2002
f 1997 2002 509
f 2000 2002 70
f 1999 70 2002
f 1987 504 2004
f 1994 2004 504
f 2003 2004 508
f 2001 508 2004
f 1996 59 2007
f 1893 2007 59
f 2006 2007 512
f 2005 512 2007
f 2005 480 2010
f 1890 2010 480
f 2009 2010 510
f 2008 510 2010
f 2013 512 2014
f 2009 2014 512
f 2012 2014 71
f 2011 71 2014
f 1999 507 2016
f 2006 2016 507
f 2015 2016 511
f 2013 511 2016
f 2008 60 2019
f 1905 2019 60
f 2018 2019 515
f 2017 515 2019
f 2022 2017 1902
f 483 1902 2017
f 513 2021 2020
f 2022 2020 2021
f 2026 2025 2021
f 515 2021 2025
f 72 2024 2023
f 2026 2023 2024
f 2011 510 2028
f 2018 2028 510
f 2027 2028 514
f 2025 514 2028
f 2031 2020 1917
f 61 1917 2020
f 518 2030 2029
f 2031 2029 2030
f 2034 2029 1914
f 486 1914 2029
f 516 2033 2032
f 2034 2032 2033
f 2038 2037 2033
f 518 2033 2037
f 73 2036 2035
f 2038 2035 2036
f 2040 2023 2030
f 513 2030 2023
f 517 2039 2037
f 2040 2037 2039
f 2032 62 2043
f 1929 2043 62
f 2042 2043 521
f 2041 521 2043
f 2046 2041 1926
f 489 1926 2041
f 519 2045 2044
f 2046 2044 2045
f 2050 2049 2045
f 521 2045 2049
f 74 2048 2047
f 2050 2047 2048
f 2052 2035 2042
f 516 2042 2035
f 2051 2052 520
f 2049 520 2052
f 2044 63 2055
f 1941 2055 63
f 2054 2055 524
f 2053 524 2055
f 2058 2053 1938
f 492 1938 2053
f 522 2057 2056
f 2058 2056 2057
f 2062 2061 2057
f 524 2057 2061
f 75 2060 2059
f 2062 2059 2060
f 2047 519 2064
f 2054 2064 519
f 2063 2064 523
f 2061 523 2064
f 2056 64 2067
f 1953 2067 64
f 527 2066 2065
f 2067 2065 2066
f 2070 2065 1950
f 495 1950 2065
f 525 2069 2068
f 2070 2068 2069
f 2073 527 2074
f 2069 2074 527
f 2071 76 2074
f 2072 2074 76
f 2059 522 2076
f 2066 2076 522
f 2075 2076 526
f 2073 526 2076
f 2079 2068 1965
f 65 1965 2068
f 530 2078 2077
f 2079 2077 2078
f 1962 2082 498
f 2077 498 2082
f 2080 528 2082
f 2081 2082 528
f 2081 2086 530
f 2085 530 2086
f 2083 77 2086
f 2084 2086 77
f 2078 2088 525
f 2071 525 2088
f 2085 529 2088
f 2087 2088 529
f 1978 2092 67
f 2091 67 2092
f 2089 534 2092
f 2090 2092 534
f 1975 2095 501
f 2089 501 2095
f 2093 531 2095
f 2094 2095 531
f 2094 2099 534
f 2098 534 2099
f 2096 79 2099
f 2097 2099 79
f 2090 2102 533
f 2101 533 2102
f 2098 532 2102
f 2100 2102 532
f 1991 2105 68
f 2093 68 2105
f 2103 537 2105
f 2104 2105 537
f 2103 505 2108
f 1988 2108 505
f 2107 2108 535
f 2106 535 2108
f 2107 2112 537
f 2111 537 2112
f 2110 2112 80
f 2109 80 2112
f 2104 2114 531
f 2096 531 2114
f 2111 536 2114
f 2113 2114 536
f 2106 69 2117
f 2003 2117 69
f 2117 2115 2116
f 540 2116 2115
f 508 2000 2115
f 2120 2115 2000
f 2120 2118 2119
f 538 2119 2118
f 540 2119 2123
f 2124 2123 2119
f 2124 2121 2122
f 81 2122 2121
f 535 2116 2109
f 2126 2109 2116
f 2126 2123 2125
f 539 2125 2123
f 70 2015 2118
f 2129 2118 2015
f 2129 2127 2128
f 543 2128 2127
f 511 2012 2127
f 2132 2127 2012
f 2132 2130 2131
f 541 2131 2130
f 543 2131 2135
f 2136 2135 2131
f 2136 2133 2134
f 82 2134 2133
f 538 2128 2121
f 2138 2121 2128
f 2138 2135 2137
f 542 2137 2135
f 2027 2141 71
f 2130 71 2141
f 2141 2139 2140
f 546 2140 2139
f 2024 2144 514
f 2139 514 2144
f 2142 544 2144
f 2143 2144 544
f 2143 2148 546
f 2147 546 2148
f 2145 83 2148
f 2146 2148 83
f 541 2140 2133
f 2150 2133 2140
f 2150 2147 2149
f 545 2149 2147
f 2039 2153 72
f 2142 72 2153
f 2151 549 2153
f 2152 2153 549
f 2036 2156 517
f 2151 517 2156
f 2154 547 2156
f 2155 2156 547
f 2155 2160 549
f 2159 549 2160
f 2157 84 2160
f 2158 2160 84
f 2152 2162 544
f 2145 544 2162
f 2159 548 2162
f 2161 2162 548
f 73 2051 2154
f 2165 2154 2051
f 2165 2163 2164
f 552 2164 2163
f 2048 2168 520
f 2163 520 2168
f 2166 550 2168
f 2167 2168 550
f 2167 2172 552
f 2171 552 2172
f 2169 85 2172
f 2170 2172 85
f 547 2164 2157
f 2174 2157 2164
f 2174 2171 2173
f 551 2173 2171
f 74 2063 2166
f 2177 2166 2063
f 2177 2175 2176
f 555 2176 2175
f 2060 2180 523
f 2175 523 2180
f 2178 553 2180
f 2179 2180 553
f 2179 2184 555
f 2183 555 2184
f 2181 86 2184
f 2182 2184 86
f 550 2176 2169
f 2186 2169 2176
f 2186 2183 2185
f 554 2185 2183
f 75 2075 2178
f 2189 2178 2075
f 2187 558 2189
f 2188 2189 558
f 2072 2192 526
f 2187 526 2192
f 2190 556 2192
f 2191 2192 556
f 2191 2196 558
f 2195 558 2196
f 2193 87 2196
f 2194 2196 87
f 553 2188 2181
f 2198 2181 2188
f 2195 557 2198
f 2197 2198 557
f 2087 2201 76
f 2190 76 2201
f 2199 561 2201
f 2200 2201 561
f 2084 2204 529
f 2199 529 2204
f 2202 559 2204
f 2203 2204 559
f 2203 2208 561
f 2207 561 2208
f 2205 88 2208
f 2206 2208 88
f 2200 2210 556
f 2193 556 2210
f 2207 560 2210
f 2209 2210 560
f 2100 2214 78
f 2213 78 2214
f 2211 565 2214
f 2212 2214 565
f 2097 2217 532
f 2211 532 2217
f 2215 562 2217
f 2216 2217 562
f 2216 2221 565
f 2220 565 2221
f 2218 90 2221
f 2219 2221 90
f 2212 2224 564
f 2223 564 2224
f 2220 563 2224
f 2222 2224 563
f 2113 2227 79
f 2215 79 2227
f 2225 568 2227
f 2226 2227 568
f 2110 2230 536
f 2225 536 2230
f 2228 566 2230
f 2229 2230 566
f 2229 2234 568
f 2233 568 2234
f 2231 91 2234
f 2232 2234 91
f 2226 2236 562
f 2218 562 2236
f 2233 567 2236
f 2235 2236 567
f 80 2125 2228
f 2239 2228 2125
f 2239 2237 2238
f 571 2238 2237
f 539 2122 2237
f 2242 2237 2122
f 2242 2240 2241
f 569 2241 2240
f 571 2241 2245
f 2246 2245 2241
f 2246 2243 2244
f 92 2244 2243
f 566 2238 2231
f 2248 2231 2238
f 2248 2245 2247
f 570 2247 2245
f 81 2137 2240
f 2251 2240 2137
f 2251 2249 2250
f 574 2250 2249
f 542 2134 2249
f 2254 2249 2134
f 2252 572 2254
f 2253 2254 572
f 2253 2258 574
f 2257 574 2258
f 2255 93 2258
f 2256 2258 93
f 569 2250 2243
f 2260 2243 2250
f 2257 573 2260
f 2259 2260 573
f 2149 2263 82
f 2252 82 2263
f 2261 577 2263
f 2262 2263 577
f 2146 2266 545
f 2261 545 2266
f 2264 575 2266
f 2265 2266 575
f 2265 2270 577
f 2269 577 2270
f 2267 94 2270
f 2268 2270 94
f 2262 2272 572
f 2255 572 2272
f 2269 576 2272
f 2271 2272 576
f 2161 2275 83
f 2264 83 2275
f 2273 580 2275
f 2274 2275 580
f 2158 2278 548
f 2273 548 2278
f 2276 578 2278
f 2277 2278 578
f 2277 2282 580
f 2281 580 2282
f 2279 95 2282
f 2280 2282 95
f 2274 2284 575
f 2267 575 2284
f 2284 2281 2283
f 579 2283 2281
f 84 2173 2276
f 2287 2276 2173
f 2287 2285 2286
f 583 2286 2285
f 2170 2290 551
f 2285 551 2290
f 2288 581 2290
f 2289 2290 581
f 2289 2294 583
f 2293 583 2294
f 2291 96 2294
f 2292 2294 96
f 578 2286 2279
f 2296 2279 2286
f 2296 2293 2295
f 582 2295 2293
f 85 2185 2288
f 2299 2288 2185
f 2299 2297 2298
f 586 2298 2297
f 2182 2302 554
f 2297 554 2302
f 2300 584 2302
f 2301 2302 584
f 2301 2306 586
f 2305 586 2306
f 2303 97 2306
f 2304 2306 97
f 581 2298 2291
f 2308 2291 2298
f 2308 2305 2307
f 585 2307 2305
f 86 2197 2300
f 2311 2300 2197
f 2309 589 2311
f 2310 2311 589
f 2194 2314 557
f 2309 557 2314
f 2312 587 2314
f 2313 2314 587
f 2313 2318 589
f 2317 589 2318
f 2315 98 2318
f 2316 2318 98
f 584 2310 2303
f 2320 2303 2310
f 2320 2317 2319
f 588 2319 2317
f 2209 2323 87
f 2312 87 2323
f 2321 592 2323
f 2322 2323 592
f 2206 2326 560
f 2321 560 2326
f 2324 590 2326
f 2325 2326 590
f 2325 2330 592
f 2329 592 2330
f 2327 99 2330
f 2328 2330 99
f 2322 2332 587
f 2315 587 2332
f 2332 2329 2331
f 591 2331 2329
f 2222 2336 89
f 2335 89 2336
f 2336 2333 2334
f 596 2334 2333
f 2219 2339 563
f 2333 563 2339
f 2339 2337 2338
f 593 2338 2337
f 596 2338 2342
f 2343 2342 2338
f 2343 2340 2341
f 101 2341 2340
f 595 2334 2345
f 2346 2345 2334
f 2346 2342 2344
f 594 2344 2342
f 2235 2349 90
f 2337 90 2349
f 2349 2347 2348
f 599 2348 2347
f 2232 2352 567
f 2347 567 2352
f 2352 2350 2351
f 597 2351 2350
f 599 2351 2355
f 2356 2355 2351
f 2356 2353 2354
f 102 2354 2353
f 593 2348 2340
f 2358 2340 2348
f 2358 2355 2357
f 598 2357 2355
f 91 2247 2350
f 2361 2350 2247
f 2361 2359 2360
f 602 2360 2359
f 570 2244 2359
f 2364 2359 2244
f 2364 2362 2363
f 600 2363 2362
f 602 2363 2367
f 2368 2367 2363
f 2368 2365 2366
f 103 2366 2365
f 597 2360 2353
f 2370 2353 2360
f 2370 2367 2369
f 601 2369 2367
f 2259 2373 92
f 2362 92 2373
f 2373 2371 2372
f 605 2372 2371
f 2256 2376 573
f 2371 573 2376
f 2376 2374 2375
f 603 2375 2374
f 605 2375 2379
f 2380 2379 2375
f 2380 2377 2378
f 104 2378 2377
f 600 2372 2365
f 2382 2365 2372
f 2382 2379 2381
f 604 2381 2379
f 2271 2385 93
f 2374 93 2385
f 2385 2383 2384
f 608 2384 2383
f 2268 2388 576
f 2383 576 2388
f 2388 2386 2387
f 606 2387 2386
f 608 2387 2391
f 2392 2391 2387
f 2392 2389 2390
f 105 2390 2389
f 603 2384 2377
f 2394 2377 2384
f 2394 2391 2393
f 607 2393 2391
f 94 2283 2386
f 2397 2386 2283
f 2397 2395 2396
f 611 2396 2395
f 2280 2400 579
f 2395 579 2400
f 2400 2398 2399
f 609 2399 2398
f 611 2399 2403
f 2404 2403 2399
f 2404 2401 2402
f 106 2402 2401
f 606 2396 2389
f 2406 2389 2396
f 2406 2403 2405
f 610 2405 2403
f 95 2295 2398
f 2409 2398 2295
f 2409 2407 2408
f 614 2408 2407
f 2292 2412 582
f 2407 582 2412
f 2412 2410 2411
f 612 2411 2410
f 614 2411 2415
f 2416 2415 2411
f 2416 2413 2414
f 107 2414 2413
f 609 2408 2401
f 2418 2401 2408
f 2418 2415 2417
f 613 2417 2415
f 96 2307 2410
f 2421 2410 2307
f 2421 2419 2420
f 617 2420 2419
f 2304 2424 585
f 2419 585 2424
f 2424 2422 2423
f 615 2423 2422
f 617 2423 2427
f 2428 2427 2423
f 2428 2425 2426
f 108 2426 2425
f 612 2420 2413
f 2430 2413 2420
f 2430 2427 2429
f 616 2429 2427
f 97 2319 2422
f 2433 2422 2319
f 2433 2431 2432
f 620 2432 2431
f 2316 2436 588
f 2431 588 2436
f 2436 2434 2435
f 618 2435 2434
f 620 2435 2439
f 2440 2439 2435
f 2440 2437 2438
f 109 2438 2437
f 615 2432 2425
f 2442 2425 2432
f 2442 2439 2441
f 619 2441 2439
f 98 2331 2434
f 2445 2434 2331
f 2445 2443 2444
f 623 2444 2443
f 2328 2448 591
f 2443 591 2448
f 2448 2446 2447
f 621 2447 2446
f 623 2447 2451
f 2452 2451 2447
f 2452 2449 2450
f 110 2450 2449
f 618 2444 2437
f 2454 2437 2444
f 2454 2451 2453
f 622 2453 2451
f 100 2344 2457
f 2458 2457 2344
f 2458 2455 2456
f 627 2456 2455
f 594 2341 2455
f 2461 2455 2341
f 2461 2459 2460
f 624 2460 2459
f 627 2460 2464
f 2465 2464 2460
f 2465 2462 2463
f 112 2463 2462
f 626 2456 2467
f 2468 2467 2456
f 2468 2464 2466
f 625 2466 2464
f 101 2357 2459
f 2471 2459 2357
f 2471 2469 2470
f 630 2470 2469
f 598 2354 2469
f 2474 2469 2354
f 2474 2472 2473
f 628 2473 2472
f 630 2473 2477
f 2478 2477 2473
f 2478 2475 2476
f 113 2476 2475
f 624 2470 2462
f 2480 2462 2470
f 2480 2477 2479
f 629 2479 2477
f 102 2369 2472
f 2483 2472 2369
f 2483 2481 2482
f 633 2482 2481
f 601 2366 2481
f 2486 2481 2366
f 2486 2484 2485
f 631 2485 2484
f 633 2485 2489
f 2490 2489 2485
f 2490 2487 2488
f 114 2488 2487
f 628 2482 2475
f 2492 2475 2482
f 2492 2489 2491
f 632 2491 2489
f 103 2381 2484
f 2495 2484 2381
f 2495 2493 2494
f 636 2494 2493
f 604 2378 2493
f 2498 2493 2378
f 2498 2496 2497
f 634 2497 2496
f 636 2497 2501
f 2502 2501 2497
f 2502 2499 2500
f 115 2500 2499
f 631 2494 2487
f 2504 2487 2494
f 2504 2501 2503
f 635 2503 2501
f 104 2393 2496
f 2507 2496 2393
f 2507 2505 2506
f 639 2506 2505
f 607 2390 2505
f 2510 2505 2390
f 2510 2508 2509
f 637 2509 2508
f 639 2509 2513
f 2514 2513 2509
f 2514 2511 2512
f 116 2512 2511
f 634 2506 2499
f 2516 2499 2506
f 2516 2513 2515
f 638 2515 2513
f 105 2405 2508
f 2519 2508 2405
f 2519 2517 2518
f 642 2518 2517
f 610 2402 2517
f 2522 2517 2402
f 2522 2520 2521
f 640 2521 2520
f 642 2521 2525
f 2526 2525 2521
f 2526 2523 2524
f 117 2524 2523
f 637 2518 2511
f 2528 2511 2518
f 2528 2525 2527
f 641 2527 2525
f 106 2417 2520
f 2531 2520 2417
f 2531 2529 2530
f 645 2530 2529
f 613 2414 2529
f 2534 2529 2414
f 2534 2532 2533
f 643 2533 2532
f 645 2533 2537
f 2538 2537 2533
f 2538 2535 2536
f 118 2536 2535
f 640 2530 2523
f 2540 2523 2530
f 2540 2537 2539
f 644 2539 2537
f 107 2429 2532
f 2543 2532 2429
f 2543 2541 2542
f 648 2542 2541
f 616 2426 2541
f 2546 2541 2426
f 2546 2544 2545
f 646 2545 2544
f 648 2545 2549
f 2550 2549 2545
f 2550 2547 2548
f 119 2548 2547
f 643 2542 2535
f 2552 2535 2542
f 2552 2549 2551
f 647 2551 2549
f 108 2441 2544
f 2555 2544 2441
f 2555 2553 2554
f 651 2554 2553
f 619 2438 2553
f 2558 2553 2438
f 2558 2556 2557
f 649 2557 2556
f 651 2557 2561
f 2562 2561 2557
f 2562 2559 2560
f 120 2560 2559
f 646 2554 2547
f 2564 2547 2554
f 2564 2561 2563
f 650 2563 2561
f 109 2453 2556
f 2567 2556 2453
f 2567 2565 2566
f 654 2566 2565
f 622 2450 2565
f 2570 2565 2450
f 2570 2568 2569
f 652 2569 2568
f 654 2569 2573
f 2574 2573 2569
f 2574 2571 2572
f 121 2572 2571
f 649 2566 2559
f 2576 2559 2566
f 2576 2573 2575
f 653 2575 2573
f 2466 2580 111
f 2579 111 2580
f 2577 658 2580
f 2578 2580 658
f 2463 2583 625
f 2577 625 2583
f 2581 655 2583
f 2582 2583 655
f 2582 2587 658
f 2586 658 2587
f 2584 123 2587
f 2585 2587 123
f 2578 2590 657
f 2589 657 2590
f 2586 656 2590
f 2588 2590 656
f 112 2479 2581
f 2593 2581 2479
f 2591 661 2593
f 2592 2593 661
f 2476 2596 629
f 2591 629 2596
f 2594 659 2596
f 2595 2596 659
f 2595 2600 661
f 2599 661 2600
f 2597 124 2600
f 2598 2600 124
f 2592 2602 655
f 2584 655 2602
f 2599 660 2602
f 2601 2602 660
f 113 2491 2594
f 2605 2594 2491
f 2603 664 2605
f 2604 2605 664
f 2488 2608 632
f 2603 632 2608
f 2606 662 2608
f 2607 2608 662
f 2607 2612 664
f 2611 664 2612
f 2609 125 2612
f 2610 2612 125
f 2604 2614 659
f 2597 659 2614
f 2611 663 2614
f 2613 2614 663
f 114 2503 2606
f 2617 2606 2503
f 2617 2615 2616
f 667 2616 2615
f 2500 2620 635
f 2615 635 2620
f 2618 665 2620
f 2619 2620 665
f 2619 2624 667
f 2623 667 2624
f 2621 126 2624
f 2622 2624 126
f 662 2616 2609
f 2626 2609 2616
f 2623 666 2626
f 2625 2626 666
f 115 2515 2618
f 2629 2618 2515
f 2629 2627 2628
f 670 2628 2627
f 2512 2632 638
f 2627 638 2632
f 2630 668 2632
f 2631 2632 668
f 2631 2636 670
f 2635 670 2636
f 2633 127 2636
f 2634 2636 127
f 665 2628 2621
f 2638 2621 2628
f 2638 2635 2637
f 669 2637 2635
f 116 2527 2630
f 2641 2630 2527
f 2641 2639 2640
f 673 2640 2639
f 2524 2644 641
f 2639 641 2644
f 2642 671 2644
f 2643 2644 671
f 2643 2648 673
f 2647 673 2648
f 2645 128 2648
f 2646 2648 128
f 668 2640 2633
f 2650 2633 2640
f 2650 2647 2649
f 672 2649 2647
f 117 2539 2642
f 2653 2642 2539
f 2653 2651 2652
f 676 2652 2651
f 2536 2656 644
f 2651 644 2656
f 2654 674 2656
f 2655 2656 674
f 2655 2660 676
f 2659 676 2660
f 2657 129 2660
f 2658 2660 129
f 671 2652 2645
f 2662 2645 2652
f 2662 2659 2661
f 675 2661 2659
f 118 2551 2654
f 2665 2654 2551
f 2665 2663 2664
f 679 2664 2663
f 2548 2668 647
f 2663 647 2668
f 2666 677 2668
f 2667 2668 677
f 2667 2672 679
f 2671 679 2672
f 2669 130 2672
f 2670 2672 130
f 674 2664 2657
f 2674 2657 2664
f 2674 2671 2673
f 678 2673 2671
f 119 2563 2666
f 2677 2666 2563
f 2677 2675 2676
f 682 2676 2675
f 2560 2680 650
f 2675 650 2680
f 2678 680 2680
f 2679 2680 680
f 2679 2684 682
f 2683 682 2684
f 2681 131 2684
f 2682 2684 131
f 677 2676 2669
f 2686 2669 2676
f 2686 2683 2685
f 681 2685 2683
f 120 2575 2678
f 2689 2678 2575
f 2689 2687 2688
f 685 2688 2687
f 2572 2692 653
f 2687 653 2692
f 2690 683 2692
f 2691 2692 683
f 2691 2696 685
f 2695 685 2696
f 2693 132 2696
f 2694 2696 132
f 680 2688 2681
f 2698 2681 2688
f 2698 2695 2697
f 684 2697 2695
f 2588 2702 122
f 2701 122 2702
f 2699 688 2702
f 2700 2702 688
f 2585 2705 656
f 2699 656 2705
f 2703 686 2705
f 2704 2705 686
f 688 2704 2707
f 2708 2707 2704
f 2708 2706 1342
f 2 1342 2706
f 687 2700 2709
f 2710 2709 2700
f 2710 2707 1337
f 335 1337 2707
f 2601 2713 123
f 2703 123 2713
f 2711 690 2713
f 2712 2713 690
f 2598 2716 660
f 2711 660 2716
f 2714 689 2716
f 2715 2716 689
f 2715 2719 690
f 2718 690 2719
f 2719 2717 1357
f 3 1357 2717
f 2712 2720 686
f 2706 686 2720
f 2720 2718 1353
f 340 1353 2718
f 2613 2723 124
f 2714 124 2723
f 2721 692 2723
f 2722 2723 692
f 2610 2726 663
f 2721 663 2726
f 2724 691 2726
f 2725 2726 691
f 2725 2729 692
f 2728 692 2729
f 2729 2727 1371
f 4 1371 2727
f 2722 2730 689
f 2717 689 2730
f 2730 2728 1367
f 344 1367 2728
f 2625 2733 125
f 2724 125 2733
f 2731 694 2733
f 2732 2733 694
f 2622 2736 666
f 2731 666 2736
f 2734 693 2736
f 2735 2736 693
f 2735 2739 694
f 2738 694 2739
f 2737 5 2739
f 1385 2739 5
f 2732 2740 691
f 2727 691 2740
f 2738 348 2740
f 1381 2740 348
f 126 2637 2734
f 2743 2734 2637
f 2743 2741 2742
f 696 2742 2741
f 2634 2746 669
f 2741 669 2746
f 2744 695 2746
f 2745 2746 695
f 2745 2749 696
f 2748 696 2749
f 2747 6 2749
f 1399 2749 6
f 2742 2750 693
f 2737 693 2750
f 2748 352 2750
f 1395 2750 352
f 127 2649 2744
f 2753 2744 2649
f 2753 2751 2752
f 698 2752 2751
f 2646 2756 672
f 2751 672 2756
f 2754 697 2756
f 2755 2756 697
f 2755 2759 698
f 2758 698 2759
f 2757 7 2759
f 1413 2759 7
f 695 2752 2747
f 2760 2747 2752
f 2760 2758 1409
f 356 1409 2758
f 128 2661 2754
f 2763 2754 2661
f 2763 2761 2762
f 700 2762 2761
f 2658 2766 675
f 2761 675 2766
f 2764 699 2766
f 2765 2766 699
f 2765 2769 700
f 2768 700 2769
f 2767 8 2769
f 1427 2769 8
f 697 2762 2757
f 2770 2757 2762
f 2770 2768 1423
f 360 1423 2768
f 129 2673 2764
f 2773 2764 2673
f 2773 2771 2772
f 702 2772 2771
f 2670 2776 678
f 2771 678 2776
f 2774 701 2776
f 2775 2776 701
f 2775 2779 702
f 2778 702 2779
f 2777 9 2779
f 1441 2779 9
f 699 2772 2767
f 2780 2767 2772
f 2780 2778 1437
f 364 1437 2778
f 130 2685 2774
f 2783 2774 2685
f 2783 2781 2782
f 704 2782 2781
f 2682 2786 681
f 2781 681 2786
f 2784 703 2786
f 2785 2786 703
f 2785 2789 704
f 2788 704 2789
f 2787 10 2789
f 1455 2789 10
f 701 2782 2777
f 2790 2777 2782
f 2790 2788 1451
f 368 1451 2788
f 131 2697 2784
f 2793 2784 2697
f 2793 2791 2792
f 706 2792 2791
f 2694 2796 684
f 2791 684 2796
f 2794 705 2796
f 2795 2796 705
f 2795 2799 706
f 2798 706 2799
f 2797 11 2799
f 1469 2799 11
f 703 2792 2787
f 2800 2787 2792
f 2800 2798 1465
f 372 1465 2798
f 34 1725 2803
f 2804 2803 1725
f 2804 2801 2802
f 710 2802 2801
f 2807 2801 1735
f 440 1735 2801
f 707 2806 2805
f 2807 2805 2806
f 2811 2810 2806
f 710 2806 2810
f 134 2809 2808
f 2811 2808 2809
f 709 2802 2813
f 2814 2813 2802
f 708 2812 2810
f 2814 2810 2812
f 2817 2805 1847
f 45 1847 2805
f 2817 2815 2816
f 713 2816 2815
f 471 1857 2815
f 2820 2815 1857
f 2820 2818 2819
f 711 2819 2818
f 713 2819 2823
f 2824 2823 2819
f 2824 2821 2822
f 135 2822 2821
f 2826 2808 2816
f 707 2816 2808
f 712 2825 2823
f 2826 2823 2825
f 2830 2829 2812
f 133 2812 2829
f 717 2828 2827
f 2830 2827 2828
f 2833 2827 2809
f 708 2809 2827
f 714 2832 2831
f 2833 2831 2832
f 2837 2836 2832
f 717 2832 2836
f 137 2835 2834
f 2837 2834 2835
f 2840 2839 2828
f 716 2828 2839
f 715 2838 2836
f 2840 2836 2838
f 2843 2831 2825
f 134 2825 2831
f 720 2842 2841
f 2843 2841 2842
f 712 2822 2841
f 2846 2841 2822
f 2846 2844 2845
f 718 2845 2844
f 2850 2849 2845
f 720 2845 2849
f 138 2848 2847
f 2850 2847 2848
f 2852 2834 2842
f 714 2842 2834
f 2851 2852 719
f 2849 719 2852
f 136 2838 2855
f 2856 2855 2838
f 2856 2853 2854
f 724 2854 2853
f 2859 2853 2835
f 715 2835 2853
f 2857 721 2859
f 2858 2859 721
f 724 2858 2862
f 2863 2862 2858
f 2860 140 2863
f 2861 2863 140
f 723 2854 2865
f 2866 2865 2854
f 2866 2862 2864
f 722 2864 2862
f 2851 2869 137
f 2857 137 2869
f 2867 727 2869
f 2868 2869 727
f 2848 2872 719
f 2867 719 2872
f 2870 725 2872
f 2871 2872 725
f 2871 2876 727
f 2875 727 2876
f 2873 141 2876
f 2874 2876 141
f 2868 2878 721
f 2860 721 2878
f 2875 726 2878
f 2877 2878 726
f 141 2873 2881
f 2882 2881 2873
f 2882 2879 2880
f 731 2880 2879
f 725 2870 2879
f 2885 2879 2870
f 2885 2883 2884
f 728 2884 2883
f 731 2884 2888
f 2889 2888 2884
f 2889 2886 2887
f 142 2887 2886
f 730 2880 2891
f 2892 2891 2880
f 2892 2888 2890
f 729 2890 2888
f 66 1961 2895
f 2896 2895 1961
f 2896 2893 2894
f 735 2894 2893
f 497 1958 2893
f 2899 2893 1958
f 2899 2897 2898
f 732 2898 2897
f 735 2898 2902
f 2903 2902 2898
f 2900 145 2903
f 2901 2903 145
f 2894 2906 734
f 2905 734 2906
f 2906 2902 2904
f 733 2904 2902
f 1839 2909 55
f 2897 55 2909
f 2907 738 2909
f 2908 2909 738
f 1836 2912 466
f 2907 466 2912
f 2910 736 2912
f 2911 2912 736
f 2911 2916 738
f 2915 738 2916
f 2913 144 2916
f 2914 2916 144
f 2908 2918 732
f 2900 732 2918
f 2915 737 2918
f 2917 2918 737
f 2904 2922 146
f 2921 146 2922
f 2922 2919 2920
f 742 2920 2919
f 733 2901 2919
f 2925 2919 2901
f 2925 2923 2924
f 739 2924 2923
f 742 2924 2928
f 2929 2928 2924
f 2929 2926 2927
f 148 2927 2926
f 741 2920 2931
f 2932 2931 2920
f 2932 2928 2930
f 740 2930 2928
f 2917 2935 145
f 2923 145 2935
f 2933 745 2935
f 2934 2935 745
f 2914 2938 737
f 2933 737 2938
f 2936 743 2938
f 2937 2938 743
f 2937 2942 745
f 2941 745 2942
f 2939 147 2942
f 2940 2942 147
f 2934 2944 739
f 2926 739 2944
f 2941 744 2944
f 2943 2944 744
f 2949 2948 2945
f 150 2945 2948
f 750 2947 2946
f 2949 2946 2947
f 2953 2946 2950
f 746 2950 2946
f 747 2952 2951
f 2953 2951 2952
f 2957 2956 2952
f 750 2952 2956
f 162 2955 2954
f 2957 2954 2955
f 2960 2959 2947
f 749 2947 2959
f 748 2958 2956
f 2960 2956 2958
f 2964 2963 2958
f 151 2958 2963
f 754 2962 2961
f 2964 2961 2962
f 2967 2961 2955
f 748 2955 2961
f 751 2966 2965
f 2967 2965 2966
f 2971 2970 2966
f 754 2966 2970
f 163 2969 2968
f 2971 2968 2969
f 2974 2973 2962
f 753 2962 2973
f 752 2972 2970
f 2974 2970 2972
f 2978 2977 2972
f 152 2972 2977
f 758 2976 2975
f 2978 2975 2976
f 2981 2975 2969
f 752 2969 2975
f 755 2980 2979
f 2981 2979 2980
f 2985 2984 2980
f 758 2980 2984
f 164 2983 2982
f 2985 2982 2983
f 2988 2987 2976
f 757 2976 2987
f 756 2986 2984
f 2988 2984 2986
f 2992 2991 2986
f 153 2986 2991
f 762 2990 2989
f 2992 2989 2990
f 2995 2989 2983
f 756 2983 2989
f 759 2994 2993
f 2995 2993 2994
f 2999 2998 2994
f 762 2994 2998
f 165 2997 2996
f 2999 2996 2997
f 2990 3002 761
f 3001 761 3002
f 2998 760 3002
f 3000 3002 760
f 3000 3006 154
f 3005 154 3006
f 3003 766 3006
f 3004 3006 766
f 2997 3009 760
f 3003 760 3009
f 3007 763 3009
f 3008 3009 763
f 3008 3013 766
f 3012 766 3013
f 3010 166 3013
f 3011 3013 166
f 3004 3016 765
f 3015 765 3016
f 3012 764 3016
f 3014 3016 764
f 3014 3020 155
f 3019 155 3020
f 3017 770 3020
f 3018 3020 770
f 3011 3023 764
f 3017 764 3023
f 3021 767 3023
f 3022 3023 767
f 3027 3026 3022
f 770 3022 3026
f 167 3025 3024
f 3027 3024 3025
f 3030 3029 3018
f 769 3018 3029
f 768 3028 3026
f 3030 3026 3028
f 3028 3034 156
f 3033 156 3034
f 3031 774 3034
f 3032 3034 774
f 3025 3037 768
f 3031 768 3037
f 3035 771 3037
f 3036 3037 771
f 3041 3040 3036
f 774 3036 3040
f 168 3039 3038
f 3041 3038 3039
f 3044 3043 3032
f 773 3032 3043
f 772 3042 3040
f 3044 3040 3042
f 3042 3048 157
f 3047 157 3048
f 3045 778 3048
f 3046 3048 778
f 3039 3051 772
f 3045 772 3051
f 3049 775 3051
f 3050 3051 775
f 3055 3054 3050
f 778 3050 3054
f 169 3053 3052
f 3055 3052 3053
f 3058 3057 3046
f 777 3046 3057
f 776 3056 3054
f 3058 3054 3056
f 3056 3062 158
f 3061 158 3062
f 3059 782 3062
f 3060 3062 782
f 3053 3065 776
f 3059 776 3065
f 3063 779 3065
f 3064 3065 779
f 3069 3068 3064
f 782 3064 3068
f 170 3067 3066
f 3069 3066 3067
f 3072 3071 3060
f 781 3060 3071
f 780 3070 3068
f 3072 3068 3070
f 3070 3076 159
f 3075 159 3076
f 3073 786 3076
f 3074 3076 786
f 3067 3079 780
f 3073 780 3079
f 3077 783 3079
f 3078 3079 783
f 3083 3082 3078
f 786 3078 3082
f 171 3081 3080
f 3083 3080 3081
f 3086 3085 3074
f 785 3074 3085
f 784 3084 3082
f 3086 3082 3084
f 161 3087 2951
f 3090 2951 3087
f 3090 3088 3089
f 790 3089 3088
f 787 3091 3088
f 3094 3088 3091
f 3094 3092 3093
f 788 3093 3092
f 790 3093 3097
f 3098 3097 3093
f 3098 3095 3096
f 173 3096 3095
f 3100 2954 3089
f 747 3089 2954
f 3100 3097 3099
f 789 3099 3097
f 3103 2965 3099
f 162 3099 2965
f 793 3102 3101
f 3103 3101 3102
f 3106 3101 3096
f 789 3096 3101
f 791 3105 3104
f 3106 3104 3105
f 3110 3109 3105
f 793 3105 3109
f 174 3108 3107
f 3110 3107 3108
f 3112 2968 3102
f 751 3102 2968
f 792 3111 3109
f 3112 3109 3111
f 3115 2979 3111
f 163 3111 2979
f 796 3114 3113
f 3115 3113 3114
f 3118 3113 3108
f 792 3108 3113
f 794 3117 3116
f 3118 3116 3117
f 3122 3121 3117
f 796 3117 3121
f 3119 175 3122
f 3120 3122 175
f 3124 2982 3114
f 755 3114 2982
f 795 3123 3121
f 3124 3121 3123
f 3127 2993 3123
f 164 3123 2993
f 799 3126 3125
f 3127 3125 3126
f 3130 3125 3120
f 795 3120 3125
f 3128 797 3130
f 3129 3130 797
f 3134 3133 3129
f 799 3129 3133
f 176 3132 3131
f 3134 3131 3132
f 3136 2996 3126
f 759 3126 2996
f 798 3135 3133
f 3136 3133 3135
f 3139 3007 3135
f 165 3135 3007
f 802 3138 3137
f 3139 3137 3138
f 3142 3137 3132
f 798 3132 3137
f 800 3141 3140
f 3142 3140 3141
f 3146 3145 3141
f 802 3141 3145
f 177 3144 3143
f 3146 3143 3144
f 3138 3148 763
f 3010 763 3148
f 801 3147 3145
f 3148 3145 3147
f 3147 3151 166
f 3021 166 3151
f 3149 805 3151
f 3150 3151 805
f 3144 3154 801
f 3149 801 3154
f 3152 803 3154
f 3153 3154 803
f 3158 3157 3153
f 805 3153 3157
f 178 3156 3155
f 3158 3155 3156
f 3160 3024 3150
f 767 3150 3024
f 804 3159 3157
f 3160 3157 3159
f 3159 3163 167
f 3035 167 3163
f 3161 808 3163
f 3162 3163 808
f 3156 3166 804
f 3161 804 3166
f 3164 806 3166
f 3165 3166 806
f 3170 3169 3165
f 808 3165 3169
f 179 3168 3167
f 3170 3167 3168
f 3172 3038 3162
f 771 3162 3038
f 807 3171 3169
f 3172 3169 3171
f 3171 3175 168
f 3049 168 3175
f 3173 811 3175
f 3174 3175 811
f 3168 3178 807
f 3173 807 3178
f 3176 809 3178
f 3177 3178 809
f 3182 3181 3177
f 811 3177 3181
f 180 3180 3179
f 3182 3179 3180
f 3184 3052 3174
f 775 3174 3052
f 810 3183 3181
f 3184 3181 3183
f 3183 3187 169
f 3063 169 3187
f 814 3186 3185
f 3187 3185 3186
f 3180 3190 810
f 3185 810 3190
f 812 3189 3188
f 3190 3188 3189
f 3194 3193 3189
f 814 3189 3193
f 181 3192 3191
f 3194 3191 3192
f 3196 3066 3186
f 779 3186 3066
f 813 3195 3193
f 3196 3193 3195
f 3195 3199 170
f 3077 170 3199
f 817 3198 3197
f 3199 3197 3198
f 3202 3197 3192
f 813 3192 3197
f 815 3201 3200
f 3202 3200 3201
f 3206 3205 3201
f 817 3201 3205
f 182 3204 3203
f 3206 3203 3204
f 3208 3080 3198
f 783 3198 3080
f 816 3207 3205
f 3208 3205 3207
f 172 3209 3092
f 3212 3092 3209
f 3212 3210 3211
f 821 3211 3210
f 818 3213 3210
f 3216 3210 3213
f 3216 3214 3215
f 819 3215 3214
f 821 3215 3219
f 3220 3219 3215
f 3220 3217 3218
f 184 3218 3217
f 788 3211 3095
f 3222 3095 3211
f 3222 3219 3221
f 820 3221 3219
f 173 3221 3104
f 3225 3104 3221
f 3225 3223 3224
f 824 3224 3223
f 820 3218 3223
f 3228 3223 3218
f 3228 3226 3227
f 822 3227 3226
f 3232 3231 3227
f 824 3227 3231
f 3229 185 3232
f 3230 3232 185
f 3234 3107 3224
f 791 3224 3107
f 823 3233 3231
f 3234 3231 3233
f 3233 3237 174
f 3116 174 3237
f 3235 827 3237
f 3236 3237 827
f 3230 3240 823
f 3235 823 3240
f 3238 825 3240
f 3239 3240 825
f 3239 3244 827
f 3243 827 3244
f 3241 186 3244
f 3242 3244 186
f 3236 3246 794
f 3119 794 3246
f 3243 826 3246
f 3245 3246 826
f 3245 3249 175
f 3128 175 3249
f 3247 830 3249
f 3248 3249 830
f 3242 3252 826
f 3247 826 3252
f 3250 828 3252
f 3251 3252 828
f 3251 3256 830
f 3255 830 3256
f 3253 187 3256
f 3254 3256 187
f 3248 3258 797
f 3131 797 3258
f 3255 829 3258
f 3257 3258 829
f 3257 3261 176
f 3140 176 3261
f 3259 833 3261
f 3260 3261 833
f 3254 3264 829
f 3259 829 3264
f 3262 831 3264
f 3263 3264 831
f 3263 3268 833
f 3267 833 3268
f 3265 188 3268
f 3266 3268 188
f 3260 3270 800
f 3143 800 3270
f 3267 832 3270
f 3269 3270 832
f 3269 3273 177
f 3152 177 3273
f 3271 836 3273
f 3272 3273 836
f 3266 3276 832
f 3271 832 3276
f 3274 834 3276
f 3275 3276 834
f 3275 3280 836
f 3279 836 3280
f 3277 189 3280
f 3278 3280 189
f 3272 3282 803
f 3155 803 3282
f 3279 835 3282
f 3281 3282 835
f 3281 3285 178
f 3164 178 3285
f 3283 839 3285
f 3284 3285 839
f 3278 3288 835
f 3283 835 3288
f 3286 837 3288
f 3287 3288 837
f 3287 3292 839
f 3291 839 3292
f 3289 190 3292
f 3290 3292 190
f 3284 3294 806
f 3167 806 3294
f 3291 838 3294
f 3293 3294 838
f 3293 3297 179
f 3176 179 3297
f 3295 842 3297
f 3296 3297 842
f 3290 3300 838
f 3295 838 3300
f 3298 840 3300
f 3299 3300 840
f 3299 3304 842
f 3303 842 3304
f 3301 191 3304
f 3302 3304 191
f 3296 3306 809
f 3179 809 3306
f 3303 841 3306
f 3305 3306 841
f 3305 3309 180
f 3188 180 3309
f 3307 845 3309
f 3308 3309 845
f 3302 3312 841
f 3307 841 3312
f 3310 843 3312
f 3311 3312 843
f 3311 3316 845
f 3315 845 3316
f 3313 192 3316
f 3314 3316 192
f 3308 3318 812
f 3191 812 3318
f 3315 844 3318
f 3317 3318 844
f 3321 3200 3317
f 181 3317 3200
f 3319 848 3321
f 3320 3321 848
f 3314 3324 844
f 3319 844 3324
f 3322 846 3324
f 3323 3324 846
f 3328 3327 3323
f 848 3323 3327
f 193 3326 3325
f 3328 3325 3326
f 3330 3203 3320
f 815 3320 3203
f 3327 847 3330
f 3329 3330 847
f 183 3331 3214
f 3334 3214 3331
f 3334 3332 3333
f 852 3333 3332
f 849 3335 3332
f 3338 3332 3335
f 3336 850 3338
f 3337 3338 850
f 852 3337 3341
f 3342 3341 3337
f 3342 3339 3340
f 195 3340 3339
f 819 3333 3217
f 3344 3217 3333
f 3344 3341 3343
f 851 3343 3341
f 184 3343 3226
f 3347 3226 3343
f 3347 3345 3346
f 855 3346 3345
f 851 3340 3345
f 3350 3345 3340
f 3348 853 3350
f 3349 3350 853
f 3349 3354 855
f 3353 855 3354
f 3351 196 3354
f 3352 3354 196
f 3356 3229 3346
f 822 3346 3229
f 3353 854 3356
f 3355 3356 854
f 3355 3359 185
f 3238 185 3359
f 3357 858 3359
f 3358 3359 858
f 3352 3362 854
f 3357 854 3362
f 3360 856 3362
f 3361 3362 856
f 3361 3366 858
f 3365 858 3366
f 3363 197 3366
f 3364 3366 197
f 3358 3368 825
f 3241 825 3368
f 3365 857 3368
f 3367 3368 857
f 3367 3371 186
f 3250 186 3371
f 3369 861 3371
f 3370 3371 861
f 3364 3374 857
f 3369 857 3374
f 3372 859 3374
f 3373 3374 859
f 3373 3378 861
f 3377 861 3378
f 198 3376 3375
f 3378 3375 3376
f 3370 3380 828
f 3253 828 3380
f 3377 860 3380
f 3379 3380 860
f 3379 3383 187
f 3262 187 3383
f 3381 864 3383
f 3382 3383 864
f 3376 3386 860
f 3381 860 3386
f 862 3385 3384
f 3386 3384 3385
f 3385 3390 864
f 3389 864 3390
f 199 3388 3387
f 3390 3387 3388
f 3382 3392 831
f 3265 831 3392
f 3389 863 3392
f 3391 3392 863
f 3391 3395 188
f 3274 188 3395
f 3393 867 3395
f 3394 3395 867
f 3388 3398 863
f 3393 863 3398
f 865 3397 3396
f 3398 3396 3397
f 3397 3402 867
f 3401 867 3402
f 200 3400 3399
f 3402 3399 3400
f 3394 3404 834
f 3277 834 3404
f 3401 866 3404
f 3403 3404 866
f 3403 3407 189
f 3286 189 3407
f 3405 870 3407
f 3406 3407 870
f 3400 3410 866
f 3405 866 3410
f 3408 868 3410
f 3409 3410 868
f 3409 3414 870
f 3413 870 3414
f 201 3412 3411
f 3414 3411 3412
f 3406 3416 837
f 3289 837 3416
f 3413 869 3416
f 3415 3416 869
f 3415 3419 190
f 3298 190 3419
f 3417 873 3419
f 3418 3419 873
f 3412 3422 869
f 3417 869 3422
f 3420 871 3422
f 3421 3422 871
f 3421 3426 873
f 3425 873 3426
f 202 3424 3423
f 3426 3423 3424
f 3418 3428 840
f 3301 840 3428
f 3425 872 3428
f 3427 3428 872
f 3427 3431 191
f 3310 191 3431
f 3429 876 3431
f 3430 3431 876
f 3424 3434 872
f 3429 872 3434
f 874 3433 3432
f 3434 3432 3433
f 3433 3438 876
f 3437 876 3438
f 203 3436 3435
f 3438 3435 3436
f 3430 3440 843
f 3313 843 3440
f 3437 875 3440
f 3439 3440 875
f 3439 3443 192
f 3322 192 3443
f 3441 879 3443
f 3442 3443 879
f 3436 3446 875
f 3441 875 3446
f 877 3445 3444
f 3446 3444 3445
f 3445 3450 879
f 3449 879 3450
f 3450 3447 3448
f 204 3448 3447
f 3442 3452 846
f 3325 846 3452
f 3452 3449 3451
f 878 3451 3449
f 3453 3456 194
f 3336 194 3456
f 3454 883 3456
f 3455 3456 883
f 3457 3460 880
f 3454 880 3460
f 3458 881 3460
f 3459 3460 881
f 3459 3464 883
f 3463 883 3464
f 3461 206 3464
f 3462 3464 206
f 3455 3466 850
f 3339 850 3466
f 3463 882 3466
f 3465 3466 882
f 3465 3469 195
f 3348 195 3469
f 3467 886 3469
f 3468 3469 886
f 3462 3472 882
f 3467 882 3472
f 3470 884 3472
f 3471 3472 884
f 3471 3476 886
f 3475 886 3476
f 3473 207 3476
f 3474 3476 207
f 3468 3478 853
f 3351 853 3478
f 3475 885 3478
f 3477 3478 885
f 3477 3481 196
f 3360 196 3481
f 3479 889 3481
f 3480 3481 889
f 3474 3484 885
f 3479 885 3484
f 3482 887 3484
f 3483 3484 887
f 3483 3488 889
f 3487 889 3488
f 3485 208 3488
f 3486 3488 208
f 3480 3490 856
f 3363 856 3490
f 3487 888 3490
f 3489 3490 888
f 3489 3493 197
f 3372 197 3493
f 3491 892 3493
f 3492 3493 892
f 3486 3496 888
f 3491 888 3496
f 3494 890 3496
f 3495 3496 890
f 3495 3500 892
f 3499 892 3500
f 209 3498 3497
f 3500 3497 3498
f 3502 3375 3492
f 859 3492 3375
f 891 3501 3499
f 3502 3499 3501
f 3505 3384 3501
f 198 3501 3384
f 895 3504 3503
f 3505 3503 3504
f 3508 3503 3498
f 891 3498 3503
f 893 3507 3506
f 3508 3506 3507
f 3512 3511 3507
f 895 3507 3511
f 210 3510 3509
f 3512 3509 3510
f 3514 3387 3504
f 862 3504 3387
f 894 3513 3511
f 3514 3511 3513
f 3517 3396 3513
f 199 3513 3396
f 898 3516 3515
f 3517 3515 3516
f 3520 3515 3510
f 894 3510 3515
f 896 3519 3518
f 3520 3518 3519
f 3524 3523 3519
f 898 3519 3523
f 211 3522 3521
f 3524 3521 3522
f 3526 3399 3516
f 865 3516 3399
f 897 3525 3523
f 3526 3523 3525
f 3525 3529 200
f 3408 200 3529
f 3527 901 3529
f 3528 3529 901
f 3522 3532 897
f 3527 897 3532
f 3530 899 3532
f 3531 3532 899
f 3536 3535 3531
f 901 3531 3535
f 212 3534 3533
f 3536 3533 3534
f 3538 3411 3528
f 868 3528 3411
f 900 3537 3535
f 3538 3535 3537
f 3537 3541 201
f 3420 201 3541
f 3539 904 3541
f 3540 3541 904
f 3534 3544 900
f 3539 900 3544
f 3542 902 3544
f 3543 3544 902
f 3548 3547 3543
f 904 3543 3547
f 213 3546 3545
f 3548 3545 3546
f 3550 3423 3540
f 871 3540 3423
f 903 3549 3547
f 3550 3547 3549
f 3549 3553 202
f 3432 202 3553
f 907 3552 3551
f 3553 3551 3552
f 3546 3556 903
f 3551 903 3556
f 905 3555 3554
f 3556 3554 3555
f 3560 3559 3555
f 907 3555 3559
f 214 3558 3557
f 3560 3557 3558
f 3562 3435 3552
f 874 3552 3435
f 906 3561 3559
f 3562 3559 3561
f 3565 3444 3561
f 203 3561 3444
f 3565 3563 3564
f 910 3564 3563
f 3568 3563 3558
f 906 3558 3563
f 908 3567 3566
f 3568 3566 3567
f 910 3567 3571
f 3572 3571 3567
f 215 3570 3569
f 3572 3569 3570
f 877 3564 3447
f 3574 3447 3564
f 909 3573 3571
f 3574 3571 3573
f 205 3575 3458
f 3578 3458 3575
f 3578 3576 3577
f 914 3577 3576
f 911 3579 3576
f 3582 3576 3579
f 3582 3580 3581
f 912 3581 3580
f 914 3581 3585
f 3586 3585 3581
f 3583 217 3586
f 3584 3586 217
f 3577 3588 881
f 3461 881 3588
f 3585 913 3588
f 3587 3588 913
f 3587 3591 206
f 3470 206 3591
f 3589 917 3591
f 3590 3591 917
f 3584 3594 913
f 3589 913 3594
f 3592 915 3594
f 3593 3594 915
f 3593 3598 917
f 3597 917 3598
f 3595 218 3598
f 3596 3598 218
f 3590 3600 884
f 3473 884 3600
f 3597 916 3600
f 3599 3600 916
f 3599 3603 207
f 3482 207 3603
f 3601 920 3603
f 3602 3603 920
f 3596 3606 916
f 3601 916 3606
f 3604 918 3606
f 3605 3606 918
f 3605 3610 920
f 3609 920 3610
f 3607 219 3610
f 3608 3610 219
f 3602 3612 887
f 3485 887 3612
f 3609 919 3612
f 3611 3612 919
f 3611 3615 208
f 3494 208 3615
f 3613 923 3615
f 3614 3615 923
f 3608 3618 919
f 3613 919 3618
f 3616 921 3618
f 3617 3618 921
f 3617 3622 923
f 3621 923 3622
f 3619 220 3622
f 3620 3622 220
f 3614 3624 890
f 3497 890 3624
f 3621 922 3624
f 3623 3624 922
f 3623 3627 209
f 3506 209 3627
f 3625 926 3627
f 3626 3627 926
f 3620 3630 922
f 3625 922 3630
f 3628 924 3630
f 3629 3630 924
f 3634 3633 3629
f 926 3629 3633
f 221 3632 3631
f 3634 3631 3632
f 3636 3509 3626
f 893 3626 3509
f 925 3635 3633
f 3636 3633 3635
f 3639 3518 3635
f 210 3635 3518
f 929 3638 3637
f 3639 3637 3638
f 3642 3637 3632
f 925 3632 3637
f 927 3641 3640
f 3642 3640 3641
f 3646 3645 3641
f 929 3641 3645
f 222 3644 3643
f 3646 3643 3644
f 3648 3521 3638
f 896 3638 3521
f 928 3647 3645
f 3648 3645 3647
f 3647 3651 211
f 3530 211 3651
f 3649 932 3651
f 3650 3651 932
f 3654 3649 3644
f 928 3644 3649
f 3652 930 3654
f 3653 3654 930
f 3658 3657 3653
f 932 3653 3657
f 223 3656 3655
f 3658 3655 3656
f 3660 3533 3650
f 899 3650 3533
f 931 3659 3657
f 3660 3657 3659
f 3659 3663 212
f 3542 212 3663
f 3661 935 3663
f 3662 3663 935
f 3656 3666 931
f 3661 931 3666
f 3664 933 3666
f 3665 3666 933
f 3670 3669 3665
f 935 3665 3669
f 224 3668 3667
f 3670 3667 3668
f 3672 3545 3662
f 902 3662 3545
f 934 3671 3669
f 3672 3669 3671
f 3671 3675 213
f 3554 213 3675
f 938 3674 3673
f 3675 3673 3674
f 3668 3678 934
f 3673 934 3678
f 3676 936 3678
f 3677 3678 936
f 3677 3682 938
f 3681 938 3682
f 3680 3682 225
f 3679 225 3682
f 3684 3557 3674
f 905 3674 3557
f 937 3683 3681
f 3684 3681 3683
f 3687 3566 3683
f 214 3683 3566
f 941 3686 3685
f 3687 3685 3686
f 3685 937 3690
f 3680 3690 937
f 3689 3690 939
f 3688 939 3690
f 3693 941 3694
f 3689 3694 941
f 3692 3694 226
f 3691 226 3694
f 3569 908 3696
f 3686 3696 908
f 3695 3696 940
f 3693 940 3696
f 3580 216 3700
f 3697 3700 216
f 3698 945 3700
f 3699 3700 945
f 3701 3704 942
f 3698 942 3704
f 3702 943 3704
f 3703 3704 943
f 3703 3708 945
f 3707 945 3708
f 3705 228 3708
f 3706 3708 228
f 3699 3710 912
f 3583 912 3710
f 3707 944 3710
f 3709 3710 944
f 3709 3713 217
f 3592 217 3713
f 3711 948 3713
f 3712 3713 948
f 3706 3716 944
f 3711 944 3716
f 3714 946 3716
f 3715 3716 946
f 3715 3720 948
f 3719 948 3720
f 3717 229 3720
f 3718 3720 229
f 3712 3722 915
f 3595 915 3722
f 3719 947 3722
f 3721 3722 947
f 3721 3725 218
f 3604 218 3725
f 3725 3723 3724
f 951 3724 3723
f 947 3718 3723
f 3728 3723 3718
f 3728 3726 3727
f 949 3727 3726
f 951 3727 3731
f 3732 3731 3727
f 3732 3729 3730
f 230 3730 3729
f 918 3724 3607
f 3734 3607 3724
f 3734 3731 3733
f 950 3733 3731
f 219 3733 3616
f 3737 3616 3733
f 3737 3735 3736
f 954 3736 3735
f 950 3730 3735
f 3740 3735 3730
f 3740 3738 3739
f 952 3739 3738
f 954 3739 3743
f 3744 3743 3739
f 3744 3741 3742
f 231 3742 3741
f 921 3736 3619
f 3746 3619 3736
f 3746 3743 3745
f 953 3745 3743
f 3628 220 3749
f 3745 3749 220
f 3749 3747 3748
f 957 3748 3747
f 953 3742 3747
f 3752 3747 3742
f 3752 3750 3751
f 955 3751 3750
f 3755 957 3756
f 3751 3756 957
f 3754 3756 232
f 3753 232 3756
f 3631 924 3758
f 3748 3758 924
f 3757 3758 956
f 3755 956 3758
f 3640 221 3761
f 3757 3761 221
f 3760 3761 960
f 3759 960 3761
f 3759 956 3764
f 3754 3764 956
f 3763 3764 958
f 3762 958 3764
f 3767 960 3768
f 3763 3768 960
f 3766 3768 233
f 3765 233 3768
f 3643 927 3770
f 3760 3770 927
f 3769 3770 959
f 3767 959 3770
f 222 3769 3652
f 3773 3652 3769
f 3773 3771 3772
f 963 3772 3771
f 959 3766 3771
f 3776 3771 3766
f 3776 3774 3775
f 961 3775 3774
f 3779 963 3780
f 3775 3780 963
f 3778 3780 234
f 3777 234 3780
f 3655 930 3782
f 3772 3782 930
f 3781 3782 962
f 3779 962 3782
f 223 3781 3664
f 3785 3664 3781
f 3785 3783 3784
f 966 3784 3783
f 962 3778 3783
f 3788 3783 3778
f 3788 3786 3787
f 964 3787 3786
f 3791 966 3792
f 3787 3792 966
f 3790 3792 235
f 3789 235 3792
f 3667 933 3794
f 3784 3794 933
f 3793 3794 965
f 3791 965 3794
f 224 3793 3676
f 3797 3676 3793
f 3796 3797 969
f 3795 969 3797
f 965 3790 3795
f 3800 3795 3790
f 3799 3800 967
f 3798 967 3800
f 3803 969 3804
f 3799 3804 969
f 3802 3804 236
f 3801 236 3804
f 3679 936 3806
f 3796 3806 936
f 3805 3806 968
f 3803 968 3806
f 3688 225 3809
f 3805 3809 225
f 3808 3809 972
f 3807 972 3809
f 3807 968 3812
f 3802 3812 968
f 3811 3812 970
f 3810 970 3812
f 3815 972 3816
f 3811 3816 972
f 3814 3816 237
f 3813 237 3816
f 3691 939 3818
f 3808 3818 939
f 3817 3818 971
f 3815 971 3818
f 3819 3822 227
f 3702 227 3822
f 3821 3822 976
f 3820 976 3822
f 3820 973 3826
f 3823 3826 973
f 3825 3826 974
f 3824 974 3826
f 3829 976 3830
f 3825 3830 976
f 3828 3830 239
f 3827 239 3830
f 3821 3832 943
f 3705 943 3832
f 3829 975 3832
f 3831 3832 975
f 3831 3835 228
f 3714 228 3835
f 3833 979 3835
f 3834 3835 979
f 3833 975 3838
f 3828 3838 975
f 3837 3838 977
f 3836 977 3838
f 3841 979 3842
f 3837 3842 979
f 3840 3842 240
f 3839 240 3842
f 3834 3844 946
f 3717 946 3844
f 3843 3844 978
f 3841 978 3844
f 229 3843 3726
f 3847 3726 3843
f 3847 3845 3846
f 982 3846 3845
f 978 3840 3845
f 3850 3845 3840
f 3850 3848 3849
f 980 3849 3848
f 982 3849 3853
f 3854 3853 3849
f 3854 3851 3852
f 241 3852 3851
f 949 3846 3729
f 3856 3729 3846
f 3856 3853 3855
f 981 3855 3853
f 230 3855 3738
f 3859 3738 3855
f 3859 3857 3858
f 985 3858 3857
f 981 3852 3857
f 3862 3857 3852
f 3861 3862 983
f 3860 983 3862
f 3865 985 3866
f 3861 3866 985
f 3864 3866 242
f 3863 242 3866
f 952 3858 3741
f 3868 3741 3858
f 3867 3868 984
f 3865 984 3868
f 3750 231 3871
f 3867 3871 231
f 3870 3871 988
f 3869 988 3871
f 3869 984 3874
f 3864 3874 984
f 3873 3874 986
f 3872 986 3874
f 3877 988 3878
f 3873 3878 988
f 3876 3878 243
f 3875 243 3878
f 3753 955 3880
f 3870 3880 955
f 3879 3880 987
f 3877 987 3880
f 3762 232 3883
f 3879 3883 232
f 3882 3883 991
f 3881 991 3883
f 3881 987 3886
f 3876 3886 987
f 3886 3884 3885
f 989 3885 3884
f 3889 991 3890
f 3885 3890 991
f 3888 3890 244
f 3887 244 3890
f 3765 958 3892
f 3882 3892 958
f 3891 3892 990
f 3889 990 3892
f 233 3891 3774
f 3895 3774 3891
f 3895 3893 3894
f 994 3894 3893
f 990 3888 3893
f 3898 3893 3888
f 3898 3896 3897
f 992 3897 3896
f 3901 994 3902
f 3897 3902 994
f 3900 3902 245
f 3899 245 3902
f 3777 961 3904
f 3894 3904 961
f 3903 3904 993
f 3901 993 3904
f 234 3903 3786
f 3907 3786 3903
f 3907 3905 3906
f 997 3906 3905
f 993 3900 3905
f 3910 3905 3900
f 3910 3908 3909
f 995 3909 3908
f 3913 997 3914
f 3909 3914 997
f 3912 3914 246
f 3911 246 3914
f 3789 964 3916
f 3906 3916 964
f 3915 3916 996
f 3913 996 3916
f 235 3915 3798
f 3919 3798 3915
f 3918 3919 1000
f 3917 1000 3919
f 996 3912 3917
f 3922 3917 3912
f 3922 3920 3921
f 998 3921 3920
f 3925 1000 3926
f 3921 3926 1000
f 3924 3926 247
f 3923 247 3926
f 3801 967 3928
f 3918 3928 967
f 3927 3928 999
f 3925 999 3928
f 3810 236 3931
f 3927 3931 236
f 3930 3931 1003
f 3929 1003 3931
f 3929 999 3934
f 3924 3934 999
f 3934 3932 3933
f 1001 3933 3932
f 3937 1003 3938
f 3933 3938 1003
f 3936 3938 248
f 3935 248 3938
f 3813 970 3940
f 3930 3940 970
f 3939 3940 1002
f 3937 1002 3940
f 3824 238 3944
f 3941 3944 238
f 3944 3942 3943
f 1007 3943 3942
f 1004 3945 3942
f 3948 3942 3945
f 3948 3946 3947
f 1005 3947 3946
f 1007 3947 3951
f 3952 3951 3947
f 3952 3949 3950
f 250 3950 3949
f 3827 974 3954
f 3943 3954 974
f 3954 3951 3953
f 1006 3953 3951
f 3836 239 3957
f 3953 3957 239
f 3957 3955 3956
f 1010 3956 3955
f 1006 3950 3955
f 3960 3955 3950
f 3960 3958 3959
f 1008 3959 3958
f 1010 3959 3963
f 3964 3963 3959
f 3964 3961 3962
f 251 3962 3961
f 3839 977 3966
f 3956 3966 977
f 3966 3963 3965
f 1009 3965 3963
f 240 3965 3848
f 3969 3848 3965
f 3969 3967 3968
f 1013 3968 3967
f 1009 3962 3967
f 3972 3967 3962
f 3972 3970 3971
f 1011 3971 3970
f 1013 3971 3975
f 3976 3975 3971
f 3976 3973 3974
f 252 3974 3973
f 980 3968 3851
f 3978 3851 3968
f 3978 3975 3977
f 1012 3977 3975
f 3860 241 3981
f 3977 3981 241
f 3981 3979 3980
f 1016 3980 3979
f 1012 3974 3979
f 3984 3979 3974
f 3984 3982 3983
f 1014 3983 3982
f 1016 3983 3987
f 3988 3987 3983
f 3988 3985 3986
f 253 3986 3985
f 3863 983 3990
f 3980 3990 983
f 3990 3987 3989
f 1015 3989 3987
f 3872 242 3993
f 3989 3993 242
f 3993 3991 3992
f 1019 3992 3991
f 1015 3986 3991
f 3996 3991 3986
f 3996 3994 3995
f 1017 3995 3994
f 1019 3995 3999
f 4000 3999 3995
f 4000 3997 3998
f 254 3998 3997
f 3875 986 4002
f 3992 4002 986
f 4002 3999 4001
f 1018 4001 3999
f 243 4001 3884
f 4005 3884 4001
f 4005 4003 4004
f 1022 4004 4003
f 1018 3998 4003
f 4008 4003 3998
f 4008 4006 4007
f 1020 4007 4006
f 1022 4007 4011
f 4012 4011 4007
f 4012 4009 4010
f 255 4010 4009
f 3887 989 4014
f 4004 4014 989
f 4014 4011 4013
f 1021 4013 4011
f 244 4013 3896
f 4017 3896 4013
f 4017 4015 4016
f 1025 4016 4015
f 1021 4010 4015
f 4020 4015 4010
f 4020 4018 4019
f 1023 4019 4018
f 1025 4019 4023
f 4024 4023 4019
f 4024 4021 4022
f 256 4022 4021
f 3899 992 4026
f 4016 4026 992
f 4026 4023 4025
f 1024 4025 4023
f 245 4025 3908
f 4029 3908 4025
f 4029 4027 4028
f 1028 4028 4027
f 1024 4022 4027
f 4032 4027 4022
f 4032 4030 4031
f 1026 4031 4030
f 1028 4031 4035
f 4036 4035 4031
f 4036 4033 4034
f 257 4034 4033
f 3911 995 4038
f 4028 4038 995
f 4038 4035 4037
f 1027 4037 4035
f 246 4037 3920
f 4041 3920 4037
f 4041 4039 4040
f 1031 4040 4039
f 1027 4034 4039
f 4044 4039 4034
f 4044 4042 4043
f 1029 4043 4042
f 1031 4043 4047
f 4048 4047 4043
f 4048 4045 4046
f 258 4046 4045
f 3923 998 4050
f 4040 4050 998
f 4050 4047 4049
f 1030 4049 4047
f 247 4049 3932
f 4053 3932 4049
f 4053 4051 4052
f 1034 4052 4051
f 1030 4046 4051
f 4056 4051 4046
f 4056 4054 4055
f 1032 4055 4054
f 1034 4055 4059
f 4060 4059 4055
f 4060 4057 4058
f 259 4058 4057
f 3935 1001 4062
f 4052 4062 1001
f 4062 4059 4061
f 1033 4061 4059
f 249 4063 3946
f 4066 3946 4063
f 4066 4064 4065
f 1038 4065 4064
f 1035 4067 4064
f 4070 4064 4067
f 4070 4068 4069
f 1036 4069 4068
f 1038 4069 4073
f 4074 4073 4069
f 4074 4071 4072
f 261 4072 4071
f 1005 4065 3949
f 4076 3949 4065
f 4076 4073 4075
f 1037 4075 4073
f 250 4075 3958
f 4079 3958 4075
f 4079 4077 4078
f 1041 4078 4077
f 1037 4072 4077
f 4082 4077 4072
f 4082 4080 4081
f 1039 4081 4080
f 1041 4081 4085
f 4086 4085 4081
f 4086 4083 4084
f 262 4084 4083
f 1008 4078 3961
f 4088 3961 4078
f 4088 4085 4087
f 1040 4087 4085
f 251 4087 3970
f 4091 3970 4087
f 4091 4089 4090
f 1044 4090 4089
f 1040 4084 4089
f 4094 4089 4084
f 4094 4092 4093
f 1042 4093 4092
f 1044 4093 4097
f 4098 4097 4093
f 4098 4095 4096
f 263 4096 4095
f 1011 4090 3973
f 4100 3973 4090
f 4100 4097 4099
f 1043 4099 4097
f 252 4099 3982
f 4103 3982 4099
f 4103 4101 4102
f 1047 4102 4101
f 1043 4096 4101
f 4106 4101 4096
f 4106 4104 4105
f 1045 4105 4104
f 1047 4105 4109
f 4110 4109 4105
f 4110 4107 4108
f 264 4108 4107
f 1014 4102 3985
f 4112 3985 4102
f 4112 4109 4111
f 1046 4111 4109
f 253 4111 3994
f 4115 3994 4111
f 4115 4113 4114
f 1050 4114 4113
f 1046 4108 4113
f 4118 4113 4108
f 4118 4116 4117
f 1048 4117 4116
f 1050 4117 4121
f 4122 4121 4117
f 4122 4119 4120
f 265 4120 4119
f 1017 4114 3997
f 4124 3997 4114
f 4124 4121 4123
f 1049 4123 4121
f 254 4123 4006
f 4127 4006 4123
f 4127 4125 4126
f 1053 4126 4125
f 1049 4120 4125
f 4130 4125 4120
f 4130 4128 4129
f 1051 4129 4128
f 1053 4129 4133
f 4134 4133 4129
f 4134 4131 4132
f 266 4132 4131
f 1020 4126 4009
f 4136 4009 4126
f 4136 4133 4135
f 1052 4135 4133
f 255 4135 4018
f 4139 4018 4135
f 4139 4137 4138
f 1056 4138 4137
f 1052 4132 4137
f 4142 4137 4132
f 4142 4140 4141
f 1054 4141 4140
f 1056 4141 4145
f 4146 4145 4141
f 4146 4143 4144
f 267 4144 4143
f 1023 4138 4021
f 4148 4021 4138
f 4148 4145 4147
f 1055 4147 4145
f 256 4147 4030
f 4151 4030 4147
f 4151 4149 4150
f 1059 4150 4149
f 1055 4144 4149
f 4154 4149 4144
f 4154 4152 4153
f 1057 4153 4152
f 1059 4153 4157
f 4158 4157 4153
f 4158 4155 4156
f 268 4156 4155
f 1026 4150 4033
f 4160 4033 4150
f 4160 4157 4159
f 1058 4159 4157
f 257 4159 4042
f 4163 4042 4159
f 4163 4161 4162
f 1062 4162 4161
f 1058 4156 4161
f 4166 4161 4156
f 4166 4164 4165
f 1060 4165 4164
f 1062 4165 4169
f 4170 4169 4165
f 4170 4167 4168
f 269 4168 4167
f 1029 4162 4045
f 4172 4045 4162
f 4172 4169 4171
f 1061 4171 4169
f 258 4171 4054
f 4175 4054 4171
f 4175 4173 4174
f 1065 4174 4173
f 1061 4168 4173
f 4178 4173 4168
f 4178 4176 4177
f 1063 4177 4176
f 1065 4177 4181
f 4182 4181 4177
f 4182 4179 4180
f 270 4180 4179
f 1032 4174 4057
f 4184 4057 4174
f 4184 4181 4183
f 1064 4183 4181
f 4068 260 4188
f 4185 4188 260
f 4187 4188 1069
f 4186 1069 4188
f 4186 1066 4192
f 4189 4192 1066
f 4191 4192 1067
f 4190 1067 4192
f 4195 1069 4196
f 4191 4196 1069
f 4194 4196 272
f 4193 272 4196
f 4071 1036 4198
f 4187 4198 1036
f 4197 4198 1068
f 4195 1068 4198
f 261 4197 4080
f 4201 4080 4197
f 4200 4201 1072
f 4199 1072 4201
f 4199 1068 4204
f 4194 4204 1068
f 4203 4204 1070
f 4202 1070 4204
f 4207 1072 4208
f 4203 4208 1072
f 4206 4208 273
f 4205 273 4208
f 4083 1039 4210
f 4200 4210 1039
f 4209 4210 1071
f 4207 1071 4210
f 262 4209 4092
f 4213 4092 4209
f 4212 4213 1075
f 4211 1075 4213
f 4211 1071 4216
f 4206 4216 1071
f 4215 4216 1073
f 4214 1073 4216
f 4219 1075 4220
f 4215 4220 1075
f 4218 4220 274
f 4217 274 4220
f 4095 1042 4222
f 4212 4222 1042
f 4221 4222 1074
f 4219 1074 4222
f 263 4221 4104
f 4225 4104 4221
f 4225 4223 4224
f 1078 4224 4223
f 1074 4218 4223
f 4228 4223 4218
f 4227 4228 1076
f 4226 1076 4228
f 4231 1078 4232
f 4227 4232 1078
f 4230 4232 275
f 4229 275 4232
f 4107 1045 4234
f 4224 4234 1045
f 4233 4234 1077
f 4231 1077 4234
f 264 4233 4116
f 4237 4116 4233
f 4237 4235 4236
f 1081 4236 4235
f 1077 4230 4235
f 4240 4235 4230
f 4240 4238 4239
f 1079 4239 4238
f 4243 1081 4244
f 4239 4244 1081
f 4242 4244 276
f 4241 276 4244
f 4119 1048 4246
f 4236 4246 1048
f 4245 4246 1080
f 4243 1080 4246
f 265 4245 4128
f 4249 4128 4245
f 4249 4247 4248
f 1084 4248 4247
f 1080 4242 4247
f 4252 4247 4242
f 4252 4250 4251
f 1082 4251 4250
f 4255 1084 4256
f 4251 4256 1084
f 4254 4256 277
f 4253 277 4256
f 4131 1051 4258
f 4248 4258 1051
f 4257 4258 1083
f 4255 1083 4258
f 266 4257 4140
f 4261 4140 4257
f 4261 4259 4260
f 1087 4260 4259
f 1083 4254 4259
f 4264 4259 4254
f 4264 4262 4263
f 1085 4263 4262
f 4267 1087 4268
f 4263 4268 1087
f 4266 4268 278
f 4265 278 4268
f 4143 1054 4270
f 4260 4270 1054
f 4269 4270 1086
f 4267 1086 4270
f 267 4269 4152
f 4273 4152 4269
f 4273 4271 4272
f 1090 4272 4271
f 1086 4266 4271
f 4276 4271 4266
f 4276 4274 4275
f 1088 4275 4274
f 4279 1090 4280
f 4275 4280 1090
f 4278 4280 279
f 4277 279 4280
f 4155 1057 4282
f 4272 4282 1057
f 4281 4282 1089
f 4279 1089 4282
f 268 4281 4164
f 4285 4164 4281
f 4285 4283 4284
f 1093 4284 4283
f 1089 4278 4283
f 4288 4283 4278
f 4288 4286 4287
f 1091 4287 4286
f 4291 1093 4292
f 4287 4292 1093
f 4290 4292 280
f 4289 280 4292
f 4167 1060 4294
f 4284 4294 1060
f 4293 4294 1092
f 4291 1092 4294
f 269 4293 4176
f 4297 4176 4293
f 4297 4295 4296
f 1096 4296 4295
f 1092 4290 4295
f 4300 4295 4290
f 4300 4298 4299
f 1094 4299 4298
f 4303 1096 4304
f 4299 4304 1096
f 4302 4304 281
f 4301 281 4304
f 4179 1063 4306
f 4296 4306 1063
f 4305 4306 1095
f 4303 1095 4306
f 4190 271 4310
f 4307 4310 271
f 4309 4310 1099
f 4308 1099 4310
f 1097 4311 4308
f 4313 4308 4311
f 4313 2948 4312
f 749 4312 2948
f 1099 4312 4315
f 4316 4315 4312
f 4316 2959 4314
f 151 4314 2959
f 4193 1067 4318
f 4309 4318 1067
f 4317 4318 1098
f 4315 1098 4318
f 4202 272 4321
f 4317 4321 272
f 4320 4321 1101
f 4319 1101 4321
f 4319 1098 4323
f 4314 4323 1098
f 4323 2963 4322
f 753 4322 2963
f 4325 1101 4326
f 4322 4326 1101
f 4326 2973 4324
f 152 4324 2973
f 4205 1070 4328
f 4320 4328 1070
f 4327 4328 1100
f 4325 1100 4328
f 4214 273 4331
f 4327 4331 273
f 4330 4331 1103
f 4329 1103 4331
f 4329 1100 4333
f 4324 4333 1100
f 4333 2977 4332
f 757 4332 2977
f 4335 1103 4336
f 4332 4336 1103
f 4336 2987 4334
f 153 4334 2987
f 4217 1073 4338
f 4330 4338 1073
f 4337 4338 1102
f 4335 1102 4338
f 4226 274 4341
f 4337 4341 274
f 4340 4341 1105
f 4339 1105 4341
f 4339 1102 4343
f 4334 4343 1102
f 4342 4343 761
f 2991 761 4343
f 4345 1105 4346
f 4342 4346 1105
f 4344 4346 154
f 3001 154 4346
f 4229 1076 4348
f 4340 4348 1076
f 4347 4348 1104
f 4345 1104 4348
f 275 4347 4238
f 4351 4238 4347
f 4351 4349 4350
f 1107 4350 4349
f 4349 1104 4353
f 4344 4353 1104
f 4352 4353 765
f 3005 765 4353
f 4355 1107 4356
f 4352 4356 1107
f 4354 4356 155
f 3015 155 4356
f 4241 1079 4358
f 4350 4358 1079
f 4357 4358 1106
f 4355 1106 4358
f 276 4357 4250
f 4361 4250 4357
f 4361 4359 4360
f 1109 4360 4359
f 1106 4354 4359
f 4363 4359 4354
f 4363 3019 4362
f 769 4362 3019
f 4365 1109 4366
f 4362 4366 1109
f 4364 4366 156
f 3029 156 4366
f 4253 1082 4368
f 4360 4368 1082
f 4367 4368 1108
f 4365 1108 4368
f 277 4367 4262
f 4371 4262 4367
f 4371 4369 4370
f 1111 4370 4369
f 1108 4364 4369
f 4373 4369 4364
f 4373 3033 4372
f 773 4372 3033
f 4375 1111 4376
f 4372 4376 1111
f 4374 4376 157
f 3043 157 4376
f 4265 1085 4378
f 4370 4378 1085
f 4377 4378 1110
f 4375 1110 4378
f 278 4377 4274
f 4381 4274 4377
f 4381 4379 4380
f 1113 4380 4379
f 1110 4374 4379
f 4383 4379 4374
f 4383 3047 4382
f 777 4382 3047
f 4385 1113 4386
f 4382 4386 1113
f 4384 4386 158
f 3057 158 4386
f 4277 1088 4388
f 4380 4388 1088
f 4387 4388 1112
f 4385 1112 4388
f 279 4387 4286
f 4391 4286 4387
f 4391 4389 4390
f 1115 4390 4389
f 1112 4384 4389
f 4393 4389 4384
f 4393 3061 4392
f 781 4392 3061
f 4395 1115 4396
f 4392 4396 1115
f 4394 4396 159
f 3071 159 4396
f 4289 1091 4398
f 4390 4398 1091
f 4397 4398 1114
f 4395 1114 4398
f 280 4397 4298
f 4401 4298 4397
f 4401 4399 4400
f 1117 4400 4399
f 1114 4394 4399
f 4403 4399 4394
f 4403 3075 4402
f 785 4402 3075
f 4405 1117 4406
f 4402 4406 1117
f 4404 4406 160
f 3085 160 4406
f 4301 1094 4408
f 4400 4408 1094
f 4407 4408 1116
f 4405 1116 4408
f 183 4409 3331
f 4412 3331 4409
f 4412 4410 4411
f 1121 4411 4410
f 1118 4413 4410
f 4416 4410 4413
f 1119 4415 4414
f 4416 4414 4415
f 4420 4419 4415
f 1121 4415 4419
f 283 4418 4417
f 4420 4417 4418
f 4422 3335 4411
f 849 4411 3335
f 1120 4421 4419
f 4422 4419 4421
f 4425 3453 4421
f 194 4421 3453
f 4425 4423 4424
f 1124 4424 4423
f 4428 4423 4418
f 1120 4418 4423
f 1122 4427 4426
f 4428 4426 4427
f 1124 4427 4431
f 4432 4431 4427
f 4432 4429 4430
f 284 4430 4429
f 880 4424 3457
f 4434 3457 4424
f 4434 4431 4433
f 1123 4433 4431
f 4438 4414 4435
f 282 4435 4414
f 1128 4437 4436
f 4438 4436 4437
f 4442 4436 4439
f 1125 4439 4436
f 1126 4441 4440
f 4442 4440 4441
f 4446 4445 4441
f 1128 4441 4445
f 286 4444 4443
f 4446 4443 4444
f 4448 4417 4437
f 1119 4437 4417
f 1127 4447 4445
f 4448 4445 4447
f 4451 4426 4447
f 283 4447 4426
f 1131 4450 4449
f 4451 4449 4450
f 4454 4449 4444
f 1127 4444 4449
f 4452 1129 4454
f 4453 4454 1129
f 4458 4457 4453
f 1131 4453 4457
f 287 4456 4455
f 4458 4455 4456
f 1122 4450 4429
f 4460 4429 4450
f 4460 4457 4459
f 1130 4459 4457
f 285 4461 4440
f 4464 4440 4461
f 4464 4462 4463
f 1135 4463 4462
f 1132 4465 4462
f 4468 4462 4465
f 4468 4466 4467
f 1133 4467 4466
f 1135 4467 4471
f 4472 4471 4467
f 4470 4472 289
f 4469 289 4472
f 4474 4443 4463
f 1126 4463 4443
f 4473 4474 1134
f 4471 1134 4474
f 4473 4477 286
f 4452 286 4477
f 4475 1138 4477
f 4476 4477 1138
f 4470 4480 1134
f 4475 1134 4480
f 4478 1136 4480
f 4479 4480 1136
f 4479 4484 1138
f 4483 1138 4484
f 4481 290 4484
f 4482 4484 290
f 4476 4486 1129
f 4455 1129 4486
f 4483 1137 4486
f 4485 4486 1137
f 290 4487 4482
f 4490 4482 4487
f 4490 4488 4489
f 1142 4489 4488
f 1139 4491 4488
f 4494 4488 4491
f 4494 4492 4493
f 1140 4493 4492
f 1142 4493 4497
f 4498 4497 4493
f 4498 4495 4496
f 291 4496 4495
f 1137 4489 4485
f 4500 4485 4489
f 4500 4497 4499
f 1141 4499 4497
f 215 4501 3570
f 4504 3570 4501
f 4504 4502 4503
f 1146 4503 4502
f 4502 1143 4508
f 4505 4508 1143
f 4508 4506 4507
f 1144 4507 4506
f 1146 4507 4511
f 4512 4511 4507
f 4510 4512 294
f 4509 294 4512
f 909 4503 3573
f 4514 3573 4503
f 4514 4511 4513
f 1145 4513 4511
f 4513 4517 204
f 3448 204 4517
f 4515 1149 4517
f 4516 4517 1149
f 4515 1145 4520
f 4510 4520 1145
f 4518 1147 4520
f 4519 4520 1147
f 4519 4524 1149
f 4523 1149 4524
f 4522 4524 293
f 4521 293 4524
f 4516 4526 878
f 3451 878 4526
f 4523 1148 4526
f 4525 4526 1148
f 4506 295 4530
f 4527 4530 295
f 4530 4528 4529
f 1153 4529 4528
f 1150 4531 4528
f 4534 4528 4531
f 4534 4532 4533
f 1151 4533 4532
f 1153 4533 4537
f 4538 4537 4533
f 4538 4535 4536
f 297 4536 4535
f 1144 4529 4509
f 4540 4509 4529
f 4540 4537 4539
f 1152 4539 4537
f 4518 294 4543
f 4539 4543 294
f 4542 4543 1156
f 4541 1156 4543
f 4541 1152 4546
f 4536 4546 1152
f 4545 4546 1154
f 4544 1154 4546
f 4549 1156 4550
f 4545 4550 1156
f 4548 4550 296
f 4547 296 4550
f 4521 1147 4552
f 4542 4552 1147
f 4551 4552 1155
f 4549 1155 4552
f 4557 4556 4553
f 323 4553 4556
f 1160 4555 4554
f 4557 4554 4555
f 4560 4554 4558
f 1157 4558 4554
f 338 4559 1340
f 4560 1340 4559
f 4563 4562 4559
f 1160 4559 4562
f 12 4561 1351
f 4563 1351 4561
f 4566 4565 4555
f 1159 4555 4565
f 1158 4564 4562
f 4566 4562 4564
f 1470 11 4570
f 4567 4570 11
f 4569 4570 1164
f 4568 1164 4570
f 4574 4568 4571
f 1161 4571 4568
f 1162 4573 4572
f 4574 4572 4573
f 4578 4577 4573
f 1164 4573 4577
f 318 4576 4575
f 4578 4575 4576
f 1473 373 4580
f 4569 4580 373
f 4579 4580 1163
f 4577 1163 4580
f 4584 4583 4564
f 316 4564 4583
f 4584 4581 4582
f 1167 4582 4581
f 1158 4561 4581
f 4586 4581 4561
f 4586 1481 4585
f 378 4585 1481
f 1167 4585 4588
f 4589 4588 4585
f 4589 1491 4587
f 23 4587 1491
f 4592 4591 4582
f 1166 4582 4591
f 4592 4588 4590
f 1165 4590 4588
f 1592 22 4595
f 4579 4595 22
f 4594 4595 1170
f 4593 1170 4595
f 4598 4593 4576
f 1163 4576 4593
f 4597 4598 1168
f 4596 1168 4598
f 4601 1170 4602
f 4597 4602 1170
f 4600 4602 319
f 4599 319 4602
f 1595 404 4604
f 4594 4604 404
f 4603 4604 1169
f 4601 1169 4604
f 4608 4607 4590
f 317 4590 4607
f 1173 4606 4605
f 4608 4605 4606
f 1165 4587 4605
f 4610 4605 4587
f 4610 1603 4609
f 409 4609 1603
f 4613 4612 4609
f 1173 4609 4612
f 4613 1613 4611
f 34 4611 1613
f 4616 4615 4606
f 1172 4606 4615
f 1171 4614 4612
f 4616 4612 4614
f 1714 33 4619
f 4603 4619 33
f 4618 4619 1176
f 4617 1176 4619
f 4617 1169 4622
f 4600 4622 1169
f 1174 4621 4620
f 4622 4620 4621
f 4625 1176 4626
f 4621 4626 1176
f 4626 4623 4624
f 308 4624 4623
f 1717 435 4628
f 4618 4628 435
f 4627 4628 1175
f 4625 1175 4628
f 4633 4632 4629
f 314 4629 4632
f 1180 4631 4630
f 4633 4630 4631
f 4636 4630 4634
f 1177 4634 4630
f 4636 1969 4635
f 502 4635 1969
f 1180 4635 4638
f 4639 4638 4635
f 4639 1979 4637
f 67 4637 1979
f 4642 4641 4631
f 1179 4631 4641
f 4642 4638 4640
f 1178 4640 4638
f 66 4643 2080
f 4646 2080 4643
f 4645 4646 1184
f 4644 1184 4646
f 4647 4650 1181
f 4644 1181 4650
f 4649 4650 1182
f 4648 1182 4650
f 4653 1184 4654
f 4649 4654 1184
f 4652 4654 330
f 4651 330 4654
f 2083 528 4656
f 4645 4656 528
f 4655 4656 1183
f 4653 1183 4656
f 321 4640 4659
f 4660 4659 4640
f 4657 1187 4660
f 4658 4660 1187
f 4637 4662 1178
f 4657 1178 4662
f 2091 533 4662
f 4661 4662 533
f 4661 4665 1187
f 4664 1187 4665
f 2101 78 4665
f 4663 4665 78
f 4658 4668 1186
f 4667 1186 4668
f 4664 1185 4668
f 4666 4668 1185
f 4655 4671 77
f 2202 77 4671
f 4669 1190 4671
f 4670 4671 1190
f 4669 1183 4674
f 4652 4674 1183
f 4672 1188 4674
f 4673 4674 1188
f 4673 4678 1190
f 4677 1190 4678
f 4675 331 4678
f 4676 4678 331
f 4670 4680 559
f 2205 559 4680
f 4677 1189 4680
f 4679 4680 1189
f 4666 4684 322
f 4683 322 4684
f 4681 1193 4684
f 4682 4684 1193
f 4663 4686 1185
f 4681 1185 4686
f 2213 564 4686
f 4685 4686 564
f 4685 4689 1193
f 4688 1193 4689
f 2223 89 4689
f 4687 4689 89
f 4682 4692 1192
f 4691 1192 4692
f 4692 4688 4690
f 1191 4690 4688
f 4679 4695 88
f 2324 88 4695
f 4693 1196 4695
f 4694 4695 1196
f 4676 4698 1189
f 4693 1189 4698
f 4696 1194 4698
f 4697 4698 1194
f 4697 4702 1196
f 4701 1196 4702
f 4699 332 4702
f 4700 4702 332
f 4694 4704 590
f 2327 590 4704
f 4704 4701 4703
f 1195 4703 4701
f 324 4690 4707
f 4708 4707 4690
f 4708 4705 4706
f 1199 4706 4705
f 1191 4687 4705
f 4710 4705 4687
f 4710 2335 4709
f 595 4709 2335
f 1199 4709 4712
f 4713 4712 4709
f 4713 2345 4711
f 100 4711 2345
f 1198 4706 4715
f 4716 4715 4706
f 4716 4712 4714
f 1197 4714 4712
f 99 4703 2446
f 4719 2446 4703
f 4719 4717 4718
f 1202 4718 4717
f 4700 4722 1195
f 4717 1195 4722
f 4722 4720 4721
f 1200 4721 4720
f 1202 4721 4725
f 4726 4725 4721
f 4726 4723 4724
f 333 4724 4723
f 621 4718 2449
f 4728 2449 4718
f 4728 4725 4727
f 1201 4727 4725
f 325 4714 4731
f 4732 4731 4714
f 4732 4729 4730
f 1205 4730 4729
f 1197 4711 4729
f 4734 4729 4711
f 4734 2457 4733
f 626 4733 2457
f 1205 4733 4736
f 4737 4736 4733
f 4737 2467 4735
f 111 4735 2467
f 1204 4730 4739
f 4740 4739 4730
f 4740 4736 4738
f 1203 4738 4736
f 110 4727 2568
f 4743 2568 4727
f 4743 4741 4742
f 1208 4742 4741
f 1201 4724 4741
f 4746 4741 4724
f 4746 4744 4745
f 1206 4745 4744
f 1208 4745 4749
f 4750 4749 4745
f 4750 4747 4748
f 334 4748 4747
f 652 4742 2571
f 4752 2571 4742
f 4752 4749 4751
f 1207 4751 4749
f 326 4738 4755
f 4756 4755 4738
f 4753 1211 4756
f 4754 4756 1211
f 4735 4758 1203
f 4753 1203 4758
f 2579 657 4758
f 4757 4758 657
f 4757 4761 1211
f 4760 1211 4761
f 2589 122 4761
f 4759 4761 122
f 4754 4764 1210
f 4763 1210 4764
f 4760 1209 4764
f 4762 4764 1209
f 121 4751 2690
f 4767 2690 4751
f 4767 4765 4766
f 1214 4766 4765
f 4748 4770 1207
f 4765 1207 4770
f 4768 1212 4770
f 4769 4770 1212
f 4769 4774 1214
f 4773 1214 4774
f 4771 329 4774
f 4772 4774 329
f 683 4766 2693
f 4776 2693 4766
f 4776 4773 4775
f 1213 4775 4773
f 4762 4780 327
f 4779 327 4780
f 4777 1216 4780
f 4778 4780 1216
f 4759 4782 1209
f 4777 1209 4782
f 2701 687 4782
f 4781 4782 687
f 1216 4781 4783
f 4784 4783 4781
f 4784 2709 4558
f 1 4558 2709
f 1215 4778 4785
f 4786 4785 4778
f 4786 4783 4553
f 1157 4553 4783
f 132 4775 2794
f 4789 2794 4775
f 4789 4787 4788
f 1218 4788 4787
f 4772 4792 1213
f 4787 1213 4792
f 4790 1217 4792
f 4791 4792 1217
f 4791 4795 1218
f 4794 1218 4795
f 4793 328 4795
f 4571 4795 328
f 705 4788 2797
f 4796 2797 4788
f 4796 4794 4567
f 1161 4567 4794
f 4800 4799 4614
f 305 4614 4799
f 4797 1221 4800
f 4798 4800 1221
f 4802 4797 4611
f 1171 4611 4797
f 2803 709 4802
f 4801 4802 709
f 1221 4801 4804
f 4805 4804 4801
f 133 4803 2813
f 4805 2813 4803
f 1220 4798 4807
f 4808 4807 4798
f 4808 4804 4806
f 1219 4806 4804
f 56 4634 2818
f 4811 2818 4634
f 4811 4809 4810
f 1224 4810 4809
f 1177 4629 4809
f 4814 4809 4629
f 4814 4812 4813
f 1222 4813 4812
f 1224 4813 4817
f 4818 4817 4813
f 4818 4815 4816
f 302 4816 4815
f 711 4810 2821
f 4820 2821 4810
f 4820 4817 4819
f 1223 4819 4817
f 135 4819 2844
f 4823 2844 4819
f 4822 4823 1227
f 4821 1227 4823
f 1223 4816 4821
f 4826 4821 4816
f 4825 4826 1225
f 4824 1225 4826
f 4829 1227 4830
f 4825 4830 1227
f 4828 4830 315
f 4827 315 4830
f 718 4822 2847
f 4832 2847 4822
f 4832 4829 4831
f 1226 4831 4829
f 4836 4835 4806
f 306 4806 4835
f 1230 4834 4833
f 4836 4833 4834
f 4838 4833 4803
f 1219 4803 4833
f 716 4837 2829
f 4838 2829 4837
f 4841 4840 4837
f 1230 4837 4840
f 136 4839 2839
f 4841 2839 4839
f 4844 4843 4834
f 1229 4834 4843
f 4844 4840 4842
f 1228 4842 4840
f 4842 4848 307
f 4847 307 4848
f 4845 1233 4848
f 4846 4848 1233
f 1228 4839 4845
f 4850 4845 4839
f 4850 2855 4849
f 723 4849 2855
f 1233 4849 4852
f 4853 4852 4849
f 4853 2865 4851
f 139 4851 2865
f 4846 4856 1232
f 4855 1232 4856
f 4854 4856 1231
f 4852 1231 4856
f 4859 301 4860
f 4854 4860 301
f 4858 4860 1236
f 4857 1236 4860
f 4857 1231 4862
f 4851 4862 1231
f 4861 4862 722
f 2864 722 4862
f 4864 1236 4865
f 4861 4865 1236
f 140 4863 2861
f 4865 2861 4863
f 4867 1235 4868
f 4858 4868 1235
f 4866 4868 1234
f 4864 1234 4868
f 4866 4872 299
f 4871 299 4872
f 4872 4869 4870
f 1239 4870 4869
f 4863 4874 1234
f 4869 1234 4874
f 4874 2877 4873
f 726 4873 2877
f 1239 4873 4876
f 4877 4876 4873
f 4877 2874 4875
f 141 4875 2874
f 1238 4870 4879
f 4880 4879 4870
f 4880 4876 4878
f 1237 4878 4876
f 138 4831 2883
f 4883 2883 4831
f 4883 4881 4882
f 1242 4882 4881
f 1226 4828 4881
f 4886 4881 4828
f 4884 1240 4886
f 4885 4886 1240
f 1242 4885 4889
f 4890 4889 4885
f 4887 303 4890
f 4888 4890 303
f 728 4882 2886
f 4892 2886 4882
f 4892 4889 4891
f 1241 4891 4889
f 300 4878 4895
f 4896 4895 4878
f 1245 4894 4893
f 4896 4893 4894
f 1237 4875 4893
f 4898 4893 4875
f 4898 2881 4897
f 730 4897 2881
f 1245 4897 4900
f 4901 4900 4897
f 4901 2891 4899
f 143 4899 2891
f 4903 1244 4904
f 4894 4904 1244
f 4902 4904 1243
f 4900 1243 4904
f 4891 4907 142
f 2887 142 4907
f 4905 1247 4907
f 4906 4907 1247
f 4888 4910 1241
f 4905 1241 4910
f 4908 1246 4910
f 4909 4910 1246
f 1247 4909 4912
f 4913 4912 4909
f 4913 4911 4902
f 304 4902 4911
f 729 4906 2890
f 4914 2890 4906
f 4914 4912 4899
f 1243 4899 4912
f 320 4647 4917
f 4918 4917 4647
f 4915 1250 4918
f 4916 4918 1250
f 4643 4920 1181
f 4915 1181 4920
f 2895 734 4920
f 4919 4920 734
f 4919 4923 1250
f 4922 1250 4923
f 2905 146 4923
f 4921 4923 146
f 4916 4926 1249
f 4925 1249 4926
f 4922 1248 4926
f 4924 4926 1248
f 44 4627 2910
f 4929 2910 4627
f 4929 4927 4928
f 1253 4928 4927
f 1175 4624 4927
f 4932 4927 4624
f 4932 4930 4931
f 1251 4931 4930
f 1253 4931 4935
f 4936 4935 4931
f 4936 4933 4934
f 310 4934 4933
f 4928 4938 736
f 2913 736 4938
f 4938 4935 4937
f 1252 4937 4935
f 4924 4942 311
f 4941 311 4942
f 4939 1256 4942
f 4940 4942 1256
f 4921 4944 1248
f 4939 1248 4944
f 2921 741 4944
f 4943 4944 741
f 4943 4947 1256
f 4946 1256 4947
f 2931 149 4947
f 4945 4947 149
f 4940 4950 1255
f 4949 1255 4950
f 4946 1254 4950
f 4948 4950 1254
f 4937 4953 144
f 2936 144 4953
f 4951 1259 4953
f 4952 4953 1259
f 1252 4934 4951
f 4956 4951 4934
f 4956 4954 4955
f 1257 4955 4954
f 1259 4955 4959
f 4960 4959 4955
f 4960 4957 4958
f 312 4958 4957
f 4952 4962 743
f 2939 743 4962
f 4962 4959 4961
f 1258 4961 4959
f 147 4961 2940
f 4965 2940 4961
f 4965 4963 4964
f 1262 4964 4963
f 1258 4958 4963
f 4968 4963 4958
f 4968 4966 4967
f 1260 4967 4966
f 4972 4971 4967
f 1262 4967 4971
f 4970 4972 309
f 4969 309 4972
f 744 4964 2943
f 4974 2943 4964
f 4974 4971 4973
f 1261 4973 4971
f 2927 148 4977
f 4973 4977 148
f 4975 1264 4977
f 4976 4977 1264
f 4970 4980 1261
f 4975 1261 4980
f 4979 4980 1263
f 4978 1263 4980
f 4979 4983 1264
f 4982 1264 4983
f 4948 4983 313
f 4981 313 4983
f 4976 4984 740
f 2930 740 4984
f 4982 1254 4984
f 4945 4984 1254
f 4988 4987 4556
f 323 4556 4987
f 1267 4986 4985
f 4988 4985 4986
f 4991 4985 4565
f 1159 4565 4985
f 1265 4990 4989
f 4991 4989 4990
f 4994 4993 4990
f 1267 4990 4993
f 161 2950 4992
f 4994 4992 2950
f 4996 4995 4986
f 1266 4986 4995
f 746 2945 4993
f 4996 4993 2945
f 3084 5000 160
f 4999 160 5000
f 4997 1270 5000
f 4998 5000 1270
f 3081 5003 784
f 4997 784 5003
f 5001 1268 5003
f 5002 5003 1268
f 5006 5005 5002
f 1270 5002 5005
f 318 4575 5004
f 5006 5004 4575
f 5008 5007 4998
f 1269 4998 5007
f 1162 4572 5005
f 5008 5005 4572
f 5011 4989 4583
f 316 4583 4989
f 5011 5009 5010
f 1272 5010 5009
f 5014 5009 4591
f 1166 4591 5009
f 5014 5012 5013
f 1271 5013 5012
f 1272 5013 5016
f 5017 5016 5013
f 5017 5015 3091
f 172 3091 5015
f 1265 5010 4992
f 5018 4992 5010
f 5018 5016 3087
f 787 3087 5016
f 3207 5021 171
f 5001 171 5021
f 5019 1274 5021
f 5020 5021 1274
f 3204 5024 816
f 5019 816 5024
f 5022 1273 5024
f 5023 5024 1273
f 5023 5027 1274
f 5026 1274 5027
f 5025 319 5027
f 4599 5027 319
f 5028 5004 5020
f 1268 5020 5004
f 5026 1168 5028
f 4596 5028 1168
f 5031 5012 4607
f 317 4607 5012
f 1276 5030 5029
f 5031 5029 5030
f 5034 5029 4615
f 1172 4615 5029
f 1275 5033 5032
f 5034 5032 5033
f 5037 5036 5033
f 1276 5033 5036
f 5037 5035 3213
f 183 3213 5035
f 1271 5030 5015
f 5038 5015 5030
f 5038 5036 3209
f 818 3209 5036
f 3329 5041 182
f 5022 182 5041
f 5039 1278 5041
f 5040 5041 1278
f 3326 5044 847
f 5039 847 5044
f 5042 1277 5044
f 5043 5044 1277
f 5043 5047 1278
f 5046 1278 5047
f 5047 5045 4623
f 308 4623 5045
f 5040 5048 1273
f 5025 1273 5048
f 5046 1174 5048
f 4620 5048 1174
f 5052 5051 4632
f 314 4632 5051
f 1281 5050 5049
f 5052 5049 5050
f 5055 5049 4641
f 1179 4641 5049
f 5055 5053 5054
f 1279 5054 5053
f 1281 5054 5057
f 5058 5057 5054
f 5058 5056 3579
f 216 3579 5056
f 5060 5059 5050
f 1280 5050 5059
f 5060 5057 3575
f 911 3575 5057
f 215 3695 5063
f 5064 5063 3695
f 5061 1284 5064
f 5062 5064 1284
f 3692 5067 940
f 5061 940 5067
f 5065 1282 5067
f 5066 5067 1282
f 5066 5070 1284
f 5069 1284 5070
f 5068 330 5070
f 4651 5070 330
f 5062 5072 1283
f 5071 1283 5072
f 5069 1182 5072
f 4648 5072 1182
f 321 4659 5053
f 5075 5053 4659
f 5074 5075 1286
f 5073 1286 5075
f 5073 1186 5078
f 4667 5078 1186
f 5077 5078 1285
f 5076 1285 5078
f 5077 5081 1286
f 5080 1286 5081
f 5079 227 5081
f 3701 5081 227
f 5056 1279 5082
f 5074 5082 1279
f 5080 942 5082
f 3697 5082 942
f 5065 226 5085
f 3817 5085 226
f 5084 5085 1288
f 5083 1288 5085
f 5083 971 5088
f 3814 5088 971
f 5087 5088 1287
f 5086 1287 5088
f 5090 1288 5091
f 5087 5091 1288
f 4675 5091 331
f 5089 331 5091
f 5084 5092 1282
f 5068 1282 5092
f 4672 5092 1188
f 5090 1188 5092
f 5076 322 5095
f 4683 5095 322
f 5094 5095 1290
f 5093 1290 5095
f 5093 1192 5098
f 4691 5098 1192
f 5098 5096 5097
f 1289 5097 5096
f 5100 1290 5101
f 5097 5101 1290
f 3823 5101 238
f 5099 238 5101
f 5079 1285 5102
f 5094 5102 1285
f 3819 5102 973
f 5100 973 5102
f 5086 237 5105
f 3939 5105 237
f 5104 5105 1292
f 5103 1292 5105
f 5103 1002 5108
f 3936 5108 1002
f 5108 5106 5107
f 1291 5107 5106
f 5110 1292 5111
f 5107 5111 1292
f 4699 5111 332
f 5109 332 5111
f 5089 1287 5112
f 5104 5112 1287
f 4696 5112 1194
f 5110 1194 5112
f 324 4707 5096
f 5115 5096 4707
f 5115 5113 5114
f 1294 5114 5113
f 1198 4715 5113
f 5118 5113 4715
f 5118 5116 5117
f 1293 5117 5116
f 1294 5117 5120
f 5121 5120 5117
f 5121 5119 3945
f 249 3945 5119
f 1289 5114 5099
f 5122 5099 5114
f 5122 5120 3941
f 1004 3941 5120
f 248 4061 5106
f 5125 5106 4061
f 5125 5123 5124
f 1296 5124 5123
f 1033 4058 5123
f 5128 5123 4058
f 5128 5126 5127
f 1295 5127 5126
f 1296 5127 5130
f 5131 5130 5127
f 5131 5129 4723
f 333 4723 5129
f 5109 1291 5132
f 5124 5132 1291
f 5132 5130 4720
f 1200 4720 5130
f 325 4731 5116
f 5135 5116 4731
f 5135 5133 5134
f 1298 5134 5133
f 1204 4739 5133
f 5138 5133 4739
f 5138 5136 5137
f 1297 5137 5136
f 1298 5137 5140
f 5141 5140 5137
f 5141 5139 4067
f 260 4067 5139
f 1293 5134 5119
f 5142 5119 5134
f 5142 5140 4063
f 1035 4063 5140
f 259 4183 5126
f 5145 5126 4183
f 5145 5143 5144
f 1300 5144 5143
f 1064 4180 5143
f 5148 5143 4180
f 5148 5146 5147
f 1299 5147 5146
f 1300 5147 5150
f 5151 5150 5147
f 5151 5149 4747
f 334 4747 5149
f 1295 5144 5129
f 5152 5129 5144
f 5152 5150 4744
f 1206 4744 5150
f 326 4755 5136
f 5155 5136 4755
f 5154 5155 1302
f 5153 1302 5155
f 5153 1210 5158
f 4763 5158 1210
f 5157 5158 1301
f 5156 1301 5158
f 5160 1302 5161
f 5157 5161 1302
f 4189 5161 271
f 5159 271 5161
f 5139 1297 5162
f 5154 5162 1297
f 4185 5162 1066
f 5160 1066 5162
f 270 4305 5146
f 5165 5146 4305
f 5165 5163 5164
f 1304 5164 5163
f 1095 4302 5163
f 5168 5163 4302
f 5168 5166 5167
f 1303 5167 5166
f 5170 1304 5171
f 5167 5171 1304
f 4771 5171 329
f 5169 329 5171
f 5149 1299 5172
f 5164 5172 1299
f 4768 5172 1212
f 5170 1212 5172
f 5156 327 5175
f 4779 5175 327
f 5174 5175 1305
f 5173 1305 5175
f 1215 4785 5173
f 5177 5173 4785
f 5177 4987 5176
f 1266 5176 4987
f 1305 5176 5178
f 5179 5178 5176
f 5179 4995 4311
f 150 4311 4995
f 5159 1301 5180
f 5174 5180 1301
f 4307 5180 1097
f 5178 1097 5180
f 281 4407 5166
f 5183 5166 4407
f 5183 5181 5182
f 1306 5182 5181
f 1116 4404 5181
f 5185 5181 4404
f 5185 4999 5184
f 1269 5184 4999
f 5186 1306 5187
f 5184 5187 1306
f 4793 5187 328
f 5007 328 5187
f 5169 1303 5188
f 5182 5188 1303
f 4790 5188 1217
f 5186 1217 5188
f 5191 5032 4799
f 305 4799 5032
f 5190 5191 1308
f 5189 1308 5191
f 1220 4807 5189
f 5194 5189 4807
f 5194 5192 5193
f 1307 5193 5192
f 1308 5193 5196
f 5197 5196 5193
f 282 4413 5195
f 5197 5195 4413
f 5198 5035 5190
f 1275 5190 5035
f 4409 5198 1118
f 5196 1118 5198
f 205 4433 5059
f 5201 5059 4433
f 5201 5199 5200
f 1310 5200 5199
f 1123 4430 5199
f 5204 5199 4430
f 5204 5202 5203
f 1309 5203 5202
f 1310 5203 5206
f 5207 5206 5203
f 5207 5205 4815
f 302 4815 5205
f 1280 5200 5051
f 5208 5051 5200
f 5208 5206 4812
f 1222 4812 5206
f 284 4459 5202
f 5211 5202 4459
f 5209 1312 5211
f 5210 5211 1312
f 1130 4456 5209
f 5214 5209 4456
f 5214 5212 5213
f 1311 5213 5212
f 5213 5217 1312
f 5216 1312 5217
f 5215 315 5217
f 4827 5217 315
f 1309 5210 5205
f 5218 5205 5210
f 5216 1225 5218
f 4824 5218 1225
f 5221 5192 4835
f 306 4835 5192
f 1314 5220 5219
f 5221 5219 5220
f 5224 5219 4843
f 1229 4843 5219
f 5224 5222 5223
f 1313 5223 5222
f 5227 5226 5223
f 1314 5223 5226
f 285 4439 5225
f 5227 5225 4439
f 5228 5195 5220
f 1307 5220 5195
f 1125 4435 5226
f 5228 5226 4435
f 5222 307 5231
f 4847 5231 307
f 5230 5231 1316
f 5229 1316 5231
f 5229 1232 5234
f 4855 5234 1232
f 5232 1315 5234
f 5233 5234 1315
f 1316 5233 5236
f 5237 5236 5233
f 5237 5235 4465
f 288 4465 5235
f 1313 5230 5225
f 5238 5225 5230
f 5238 5236 4461
f 1132 4461 5236
f 4859 5241 301
f 5232 301 5241
f 5239 1318 5241
f 5240 5241 1318
f 4867 5244 1235
f 5239 1235 5244
f 5242 1317 5244
f 5243 5244 1317
f 5243 5247 1318
f 5246 1318 5247
f 289 4469 5245
f 5247 5245 4469
f 5240 5248 1315
f 5235 1315 5248
f 5246 1133 5248
f 4466 5248 1133
f 5242 299 5251
f 4871 5251 299
f 5251 5249 5250
f 1320 5250 5249
f 1238 4879 5249
f 5254 5249 4879
f 5254 5252 5253
f 1319 5253 5252
f 1320 5253 5256
f 5257 5256 5253
f 5257 5255 4481
f 290 4481 5255
f 5245 1317 5258
f 5250 5258 1317
f 5258 5256 4478
f 1136 4478 5256
f 287 4499 5212
f 5261 5212 4499
f 5261 5259 5260
f 1322 5260 5259
f 1141 4496 5259
f 5264 5259 4496
f 5264 5262 5263
f 1321 5263 5262
f 1322 5263 5266
f 5267 5266 5263
f 4887 5267 303
f 5265 303 5267
f 1311 5260 5215
f 5268 5215 5260
f 4884 5268 1240
f 5266 1240 5268
f 300 4895 5252
f 5271 5252 4895
f 1324 5270 5269
f 5271 5269 5270
f 4903 5274 1244
f 5269 1244 5274
f 5272 1323 5274
f 5273 5274 1323
f 1324 5273 5276
f 5277 5276 5273
f 5277 5275 4491
f 292 4491 5275
f 1319 5270 5255
f 5278 5255 5270
f 5278 5276 4487
f 1139 4487 5276
f 4495 5281 291
f 5262 291 5281
f 1325 5280 5279
f 5281 5279 5280
f 1140 4492 5279
f 5283 5279 4492
f 5283 5275 5282
f 1323 5282 5275
f 1325 5282 5284
f 5285 5284 5282
f 5285 5272 4911
f 304 4911 5272
f 5286 5265 5280
f 1321 5280 5265
f 4908 5286 1246
f 5284 1246 5286
f 320 4917 5071
f 5289 5071 4917
f 5288 5289 1327
f 5287 1327 5289
f 5287 1249 5292
f 4925 5292 1249
f 5291 5292 1326
f 5290 1326 5292
f 5294 1327 5295
f 5291 5295 1327
f 4505 5295 295
f 5293 295 5295
f 5288 5296 1283
f 5063 1283 5296
f 4501 5296 1143
f 5294 1143 5296
f 193 4525 5042
f 5299 5042 4525
f 5299 5297 5298
f 1329 5298 5297
f 5297 1148 5302
f 4522 5302 1148
f 5302 5300 5301
f 1328 5301 5300
f 1329 5301 5304
f 5305 5304 5301
f 5305 5303 4933
f 310 4933 5303
f 1277 5298 5045
f 5306 5045 5298
f 5306 5304 4930
f 1251 4930 5304
f 5290 311 5309
f 4941 5309 311
f 5308 5309 1331
f 5307 1331 5309
f 5307 1255 5312
f 4949 5312 1255
f 5311 5312 1330
f 5310 1330 5312
f 5314 1331 5315
f 5311 5315 1331
f 4531 5315 298
f 5313 298 5315
f 5293 1326 5316
f 5308 5316 1326
f 4527 5316 1150
f 5314 1150 5316
f 5300 293 5319
f 4551 5319 293
f 5318 5319 1333
f 5317 1333 5319
f 5317 1155 5322
f 4548 5322 1155
f 5322 5320 5321
f 1332 5321 5320
f 1333 5321 5324
f 5325 5324 5321
f 5325 5323 4957
f 312 4957 5323
f 1328 5318 5303
f 5326 5303 5318
f 5326 5324 4954
f 1257 4954 5324
f 296 4547 5320
f 5329 5320 4547
f 5329 5327 5328
f 1335 5328 5327
f 1154 4544 5327
f 5332 5327 4544
f 5332 5330 5331
f 1334 5331 5330
f 5335 5334 5331
f 1335 5331 5334
f 5333 309 5335
f 4969 5335 309
f 1332 5328 5323
f 5336 5323 5328
f 5336 5334 4966
f 1260 4966 5334
f 4535 5339 297
f 5330 297 5339
f 5337 1336 5339
f 5338 5339 1336
f 4532 5341 1151
f 5337 1151 5341
f 5313 1330 5341
f 5340 5341 1330
f 5340 5343 1336
f 5342 1336 5343
f 5310 313 5343
f 4981 5343 313
f 5338 5344 1334
f 5333 1334 5344
f 5342 1263 5344
f 4978 5344 1263
f 1338 1341 335
f 1337 335 1341
f 1339 338 1341
f 1340 1341 338
f 1343 1345 2
f 1342 2 1345
f 1344 339 1345
f 1338 1345 339
f 1346 1349 336
f 1344 336 1349
f 1347 337 1349
f 1348 1349 337
f 1348 1352 339
f 1339 339 1352
f 1350 12 1352
f 1351 1352 12
f 1354 1356 340
f 1353 340 1356
f 1355 336 1356
f 1343 1356 336
f 1358 1360 3
f 1357 3 1360
f 1359 343 1360
f 1354 1360 343
f 1361 1364 341
f 1359 341 1364
f 1362 342 1364
f 1363 1364 342
f 1363 1366 343
f 1355 343 1366
f 1365 13 1366
f 1346 1366 13
f 1368 1370 344
f 1367 344 1370
f 1369 341 1370
f 1358 1370 341
f 1372 1374 4
f 1371 4 1374
f 1373 347 1374
f 1368 1374 347
f 1375 1378 345
f 1373 345 1378
f 1376 346 1378
f 1377 1378 346
f 1377 1380 347
f 1369 347 1380
f 1379 14 1380
f 1361 1380 14
f 1384 1381 1382
f 348 1382 1381
f 1383 345 1384
f 1372 1384 345
f 1388 1385 1386
f 5 1386 1385
f 351 1382 1387
f 1388 1387 1382
f 1392 1387 1389
f 349 1389 1387
f 1390 350 1392
f 1391 1392 350
f 1391 1394 351
f 1383 351 1394
f 1393 15 1394
f 1375 1394 15
f 1398 1395 1396
f 352 1396 1395
f 349 1386 1397
f 1398 1397 1386
f 1402 1399 1400
f 6 1400 1399
f 355 1396 1401
f 1402 1401 1396
f 1406 1401 1403
f 353 1403 1401
f 354 1405 1404
f 1406 1404 1405
f 1408 1397 1405
f 355 1405 1397
f 16 1389 1407
f 1408 1407 1389
f 1412 1409 1410
f 356 1410 1409
f 353 1400 1411
f 1412 1411 1400
f 1414 1416 7
f 1413 7 1416
f 1415 359 1416
f 1410 1416 359
f 1417 1420 357
f 1415 357 1420
f 1418 358 1420
f 1419 1420 358
f 1422 1411 1419
f 359 1419 1411
f 17 1403 1421
f 1422 1421 1403
f 1426 1423 1424
f 360 1424 1423
f 357 1414 1425
f 1426 1425 1414
f 1428 1430 8
f 1427 8 1430
f 1429 363 1430
f 1424 1430 363
f 1431 1434 361
f 1429 361 1434
f 1432 362 1434
f 1433 1434 362
f 1436 1425 1433
f 363 1433 1425
f 18 1417 1435
f 1436 1435 1417
f 1440 1437 1438
f 364 1438 1437
f 361 1428 1439
f 1440 1439 1428
f 1442 1444 9
f 1441 9 1444
f 1443 367 1444
f 1438 1444 367
f 1445 1448 365
f 1443 365 1448
f 1446 366 1448
f 1447 1448 366
f 1450 1439 1447
f 367 1447 1439
f 19 1431 1449
f 1450 1449 1431
f 1454 1451 1452
f 368 1452 1451
f 365 1442 1453
f 1454 1453 1442
f 1456 1458 10
f 1455 10 1458
f 1457 371 1458
f 1452 1458 371
f 1459 1462 369
f 1457 369 1462
f 1460 370 1462
f 1461 1462 370
f 1464 1453 1461
f 371 1461 1453
f 20 1445 1463
f 1464 1463 1445
f 1468 1465 1466
f 372 1466 1465
f 369 1456 1467
f 1468 1467 1456
f 1470 1472 11
f 1469 11 1472
f 1471 375 1472
f 1466 1472 375
f 1473 1476 373
f 1471 373 1476
f 1474 374 1476
f 1475 1476 374
f 1478 1467 1475
f 375 1475 1467
f 21 1459 1477
f 1478 1477 1459
f 1350 337 1482
f 1479 1482 337
f 1481 1482 378
f 1480 378 1482
f 1483 1485 13
f 1347 13 1485
f 1479 1485 379
f 1484 379 1485
f 1484 376 1489
f 1486 1489 376
f 1488 1489 377
f 1487 377 1489
f 1480 379 1492
f 1488 1492 379
f 1491 1492 23
f 1490 23 1492
f 1493 1495 342
f 1365 342 1495
f 1494 376 1495
f 1483 1495 376
f 1496 1498 14
f 1362 14 1498
f 1497 382 1498
f 1493 1498 382
f 1499 1502 380
f 1497 380 1502
f 1500 381 1502
f 1501 1502 381
f 1501 1504 382
f 1494 382 1504
f 1486 1504 24
f 1503 24 1504
f 1505 1507 346
f 1379 346 1507
f 1506 380 1507
f 1496 1507 380
f 1508 1510 15
f 1376 15 1510
f 1509 385 1510
f 1505 1510 385
f 1511 1514 383
f 1509 383 1514
f 384 1513 1512
f 1514 1512 1513
f 1513 1516 385
f 1506 385 1516
f 1515 25 1516
f 1499 1516 25
f 1517 1519 350
f 1393 350 1519
f 1518 383 1519
f 1508 1519 383
f 1520 1522 16
f 1390 16 1522
f 1521 388 1522
f 1517 1522 388
f 1523 1526 386
f 1521 386 1526
f 387 1525 1524
f 1526 1524 1525
f 1525 1528 388
f 1518 388 1528
f 26 1511 1527
f 1528 1527 1511
f 1529 1531 354
f 1407 354 1531
f 1530 386 1531
f 1520 1531 386
f 1534 1404 1532
f 17 1532 1404
f 1533 391 1534
f 1529 1534 391
f 1535 1538 389
f 1533 389 1538
f 1536 390 1538
f 1537 1538 390
f 1537 1540 391
f 1530 391 1540
f 1539 27 1540
f 1523 1540 27
f 1543 1421 1541
f 358 1541 1421
f 389 1532 1542
f 1543 1542 1532
f 1544 1546 18
f 1418 18 1546
f 1545 394 1546
f 1541 1546 394
f 1547 1550 392
f 1545 392 1550
f 1548 393 1550
f 1549 1550 393
f 1552 1542 1549
f 394 1549 1542
f 28 1535 1551
f 1552 1551 1535
f 1555 1435 1553
f 362 1553 1435
f 392 1544 1554
f 1555 1554 1544
f 1556 1558 19
f 1432 19 1558
f 1557 397 1558
f 1553 1558 397
f 1559 1562 395
f 1557 395 1562
f 1560 396 1562
f 1561 1562 396
f 1564 1554 1561
f 397 1561 1554
f 29 1547 1563
f 1564 1563 1547
f 1567 1449 1565
f 366 1565 1449
f 395 1556 1566
f 1567 1566 1556
f 1568 1570 20
f 1446 20 1570
f 1569 400 1570
f 1565 1570 400
f 1571 1574 398
f 1569 398 1574
f 1572 399 1574
f 1573 1574 399
f 1576 1566 1573
f 400 1573 1566
f 30 1559 1575
f 1576 1575 1559
f 1579 1463 1577
f 370 1577 1463
f 398 1568 1578
f 1579 1578 1568
f 1580 1582 21
f 1460 21 1582
f 1581 403 1582
f 1577 1582 403
f 1583 1586 401
f 1581 401 1586
f 1584 402 1586
f 1585 1586 402
f 1585 1588 403
f 1578 403 1588
f 31 1571 1587
f 1588 1587 1571
f 1591 1477 1589
f 374 1589 1477
f 1590 401 1591
f 1580 1591 401
f 1592 1594 22
f 1474 22 1594
f 1593 406 1594
f 1589 1594 406
f 1595 1598 404
f 1593 404 1598
f 1596 405 1598
f 1597 1598 405
f 1597 1600 406
f 1590 406 1600
f 1599 32 1600
f 1583 1600 32
f 1490 377 1604
f 1601 1604 377
f 1603 1604 409
f 1602 409 1604
f 1487 24 1607
f 1605 1607 24
f 1601 1607 410
f 1606 410 1607
f 1606 407 1611
f 1608 1611 407
f 1610 1611 408
f 1609 408 1611
f 1602 410 1614
f 1610 1614 410
f 1613 1614 34
f 1612 34 1614
f 1503 381 1617
f 1615 1617 381
f 1605 1617 407
f 1616 407 1617
f 1618 1620 25
f 1500 25 1620
f 1619 413 1620
f 1615 1620 413
f 1624 1619 1621
f 411 1621 1619
f 1622 412 1624
f 1623 1624 412
f 1616 413 1626
f 1623 1626 413
f 1608 1626 35
f 1625 35 1626
f 1629 1515 1627
f 384 1627 1515
f 411 1618 1628
f 1629 1628 1618
f 1632 1512 1630
f 26 1630 1512
f 416 1627 1631
f 1632 1631 1627
f 1633 1636 414
f 1631 414 1636
f 1636 1634 1635
f 415 1635 1634
f 1638 1628 1635
f 416 1635 1628
f 36 1621 1637
f 1638 1637 1621
f 1639 1641 387
f 1527 387 1641
f 1640 414 1641
f 1630 1641 414
f 1642 1644 27
f 1524 27 1644
f 1643 419 1644
f 1639 1644 419
f 1645 1648 417
f 1643 417 1648
f 1646 418 1648
f 1647 1648 418
f 1647 1650 419
f 1640 419 1650
f 1649 37 1650
f 1633 1650 37
f 1651 1653 390
f 1539 390 1653
f 1652 417 1653
f 1642 1653 417
f 1654 1656 28
f 1536 28 1656
f 1655 422 1656
f 1651 1656 422
f 1657 1660 420
f 1655 420 1660
f 1658 421 1660
f 1659 1660 421
f 1659 1662 422
f 1652 422 1662
f 1661 38 1662
f 1645 1662 38
f 1663 1665 393
f 1551 393 1665
f 1664 420 1665
f 1654 1665 420
f 1666 1668 29
f 1548 29 1668
f 1667 425 1668
f 1663 1668 425
f 1669 1672 423
f 1667 423 1672
f 1670 424 1672
f 1671 1672 424
f 1671 1674 425
f 1664 425 1674
f 1673 39 1674
f 1657 1674 39
f 1675 1677 396
f 1563 396 1677
f 1676 423 1677
f 1666 1677 423
f 1678 1680 30
f 1560 30 1680
f 1679 428 1680
f 1675 1680 428
f 1681 1684 426
f 1679 426 1684
f 1682 427 1684
f 1683 1684 427
f 1683 1686 428
f 1676 428 1686
f 1685 40 1686
f 1669 1686 40
f 1687 1689 399
f 1575 399 1689
f 1688 426 1689
f 1678 1689 426
f 1690 1692 31
f 1572 31 1692
f 1691 431 1692
f 1687 1692 431
f 1693 1696 429
f 1691 429 1696
f 1694 430 1696
f 1695 1696 430
f 1695 1698 431
f 1688 431 1698
f 1697 41 1698
f 1681 1698 41
f 1699 1701 402
f 1587 402 1701
f 1700 429 1701
f 1690 1701 429
f 1702 1704 32
f 1584 32 1704
f 1703 434 1704
f 1699 1704 434
f 1705 1708 432
f 1703 432 1708
f 1706 433 1708
f 1707 1708 433
f 1707 1710 434
f 1700 434 1710
f 1709 42 1710
f 1693 1710 42
f 1711 1713 405
f 1599 405 1713
f 1712 432 1713
f 1702 1713 432
f 1714 1716 33
f 1596 33 1716
f 1715 437 1716
f 1711 1716 437
f 1717 1720 435
f 1715 435 1720
f 1718 436 1720
f 1719 1720 436
f 1719 1722 437
f 1712 437 1722
f 1721 43 1722
f 1705 1722 43
f 1612 408 1726
f 1723 1726 408
f 1725 1726 440
f 1724 440 1726
f 1609 35 1729
f 1727 1729 35
f 1723 1729 441
f 1728 441 1729
f 1728 438 1733
f 1730 1733 438
f 1732 1733 439
f 1731 439 1733
f 1724 441 1736
f 1732 1736 441
f 45 1735 1734
f 1736 1734 1735
f 1625 412 1739
f 1737 1739 412
f 1727 1739 438
f 1738 438 1739
f 1742 1622 1740
f 36 1740 1622
f 444 1737 1741
f 1742 1741 1737
f 442 1743 1741
f 1746 1741 1743
f 1746 1744 1745
f 443 1745 1744
f 1745 1748 444
f 1738 444 1748
f 1747 46 1748
f 1730 1748 46
f 415 1749 1637
f 1751 1637 1749
f 1751 1750 1740
f 442 1740 1750
f 37 1752 1634
f 1754 1634 1752
f 1754 1753 1749
f 447 1749 1753
f 1758 1753 1755
f 445 1755 1753
f 1758 1756 1757
f 446 1757 1756
f 447 1757 1750
f 1760 1750 1757
f 1760 1759 1743
f 47 1743 1759
f 1761 1763 418
f 1649 418 1763
f 1762 445 1763
f 1752 1763 445
f 1764 1766 38
f 1646 38 1766
f 1765 450 1766
f 1761 1766 450
f 1767 1770 448
f 1765 448 1770
f 1768 449 1770
f 1769 1770 449
f 1769 1772 450
f 1762 450 1772
f 48 1755 1771
f 1772 1771 1755
f 1773 1775 421
f 1661 421 1775
f 1774 448 1775
f 1764 1775 448
f 1776 1778 39
f 1658 39 1778
f 1777 453 1778
f 1773 1778 453
f 1779 1782 451
f 1777 451 1782
f 1780 452 1782
f 1781 1782 452
f 1781 1784 453
f 1774 453 1784
f 1783 49 1784
f 1767 1784 49
f 1785 1787 424
f 1673 424 1787
f 1786 451 1787
f 1776 1787 451
f 1788 1790 40
f 1670 40 1790
f 1789 456 1790
f 1785 1790 456
f 1791 1794 454
f 1789 454 1794
f 1792 455 1794
f 1793 1794 455
f 1793 1796 456
f 1786 456 1796
f 1795 50 1796
f 1779 1796 50
f 1797 1799 427
f 1685 427 1799
f 1798 454 1799
f 1788 1799 454
f 1800 1802 41
f 1682 41 1802
f 1801 459 1802
f 1797 1802 459
f 1803 1806 457
f 1801 457 1806
f 1804 458 1806
f 1805 1806 458
f 1805 1808 459
f 1798 459 1808
f 51 1791 1807
f 1808 1807 1791
f 1809 1811 430
f 1697 430 1811
f 1810 457 1811
f 1800 1811 457
f 1812 1814 42
f 1694 42 1814
f 1813 462 1814
f 1809 1814 462
f 1815 1818 460
f 1813 460 1818
f 1816 461 1818
f 1817 1818 461
f 1817 1820 462
f 1810 462 1820
f 52 1803 1819
f 1820 1819 1803
f 1821 1823 433
f 1709 433 1823
f 1822 460 1823
f 1812 1823 460
f 1824 1826 43
f 1706 43 1826
f 1825 465 1826
f 1821 1826 465
f 1827 1830 463
f 1825 463 1830
f 1828 464 1830
f 1829 1830 464
f 1829 1832 465
f 1822 465 1832
f 53 1815 1831
f 1832 1831 1815
f 436 1833 1721
f 1835 1721 1833
f 1835 1834 1824
f 463 1824 1834
f 44 1836 1718
f 1838 1718 1836
f 1838 1837 1833
f 468 1833 1837
f 1837 466 1842
f 1839 1842 466
f 1840 467 1842
f 1841 1842 467
f 468 1841 1834
f 1844 1834 1841
f 1843 54 1844
f 1827 1844 54
f 439 1845 1734
f 1848 1734 1845
f 1848 1846 1847
f 471 1847 1846
f 1851 1731 1849
f 46 1849 1731
f 1851 1850 1845
f 472 1845 1850
f 469 1852 1850
f 1855 1850 1852
f 470 1854 1853
f 1855 1853 1854
f 472 1854 1846
f 1858 1846 1854
f 1858 1856 1857
f 56 1857 1856
f 443 1859 1747
f 1861 1747 1859
f 1861 1860 1849
f 469 1849 1860
f 47 1862 1744
f 1864 1744 1862
f 1864 1863 1859
f 475 1859 1863
f 473 1865 1863
f 1868 1863 1865
f 1868 1866 1867
f 474 1867 1866
f 475 1867 1860
f 1870 1860 1867
f 1870 1869 1852
f 57 1852 1869
f 446 1871 1759
f 1873 1759 1871
f 1873 1872 1862
f 473 1862 1872
f 1876 1756 1874
f 48 1874 1756
f 1876 1875 1871
f 478 1871 1875
f 1880 1875 1877
f 476 1877 1875
f 477 1879 1878
f 1880 1878 1879
f 478 1879 1872
f 1882 1872 1879
f 1882 1881 1865
f 58 1865 1881
f 1885 1771 1883
f 449 1883 1771
f 476 1874 1884
f 1885 1884 1874
f 1886 1888 49
f 1768 49 1888
f 1887 481 1888
f 1883 1888 481
f 1889 1892 479
f 1887 479 1892
f 480 1891 1890
f 1892 1890 1891
f 1894 1884 1891
f 481 1891 1884
f 59 1877 1893
f 1894 1893 1877
f 1895 1897 452
f 1783 452 1897
f 1896 479 1897
f 1886 1897 479
f 1898 1900 50
f 1780 50 1900
f 1899 484 1900
f 1895 1900 484
f 1901 1904 482
f 1899 482 1904
f 1902 483 1904
f 1903 1904 483
f 1903 1906 484
f 1896 484 1906
f 1905 60 1906
f 1889 1906 60
f 1907 1909 455
f 1795 455 1909
f 1908 482 1909
f 1898 1909 482
f 1910 1912 51
f 1792 51 1912
f 1911 487 1912
f 1907 1912 487
f 1913 1916 485
f 1911 485 1916
f 1914 486 1916
f 1915 1916 486
f 1915 1918 487
f 1908 487 1918
f 1917 61 1918
f 1901 1918 61
f 1921 1807 1919
f 458 1919 1807
f 485 1910 1920
f 1921 1920 1910
f 1922 1924 52
f 1804 52 1924
f 1923 490 1924
f 1919 1924 490
f 1925 1928 488
f 1923 488 1928
f 1926 489 1928
f 1927 1928 489
f 1930 1920 1927
f 490 1927 1920
f 62 1913 1929
f 1930 1929 1913
f 1933 1819 1931
f 461 1931 1819
f 488 1922 1932
f 1933 1932 1922
f 1934 1936 53
f 1816 53 1936
f 1935 493 1936
f 1931 1936 493
f 1937 1940 491
f 1935 491 1940
f 1938 492 1940
f 1939 1940 492
f 1942 1932 1939
f 493 1939 1932
f 63 1925 1941
f 1942 1941 1925
f 1943 1945 464
f 1831 464 1945
f 491 1934 1944
f 1945 1944 1934
f 1946 1948 54
f 1828 54 1948
f 1947 496 1948
f 1943 1948 496
f 1949 1952 494
f 1947 494 1952
f 1950 495 1952
f 1951 1952 495
f 1951 1954 496
f 1944 496 1954
f 64 1937 1953
f 1954 1953 1937
f 1843 467 1957
f 1955 1957 467
f 1956 494 1957
f 1946 1957 494
f 1840 55 1960
f 1958 1960 55
f 1955 1960 499
f 1959 499 1960
f 1961 1964 497
f 1959 497 1964
f 1962 498 1964
f 1963 1964 498
f 1963 1966 499
f 1956 499 1966
f 1965 65 1966
f 1949 1966 65
f 1970 1856 1967
f 470 1967 1856
f 1969 1970 502
f 1968 502 1970
f 1973 1853 1971
f 57 1971 1853
f 1967 1973 503
f 1972 503 1973
f 1977 1972 1974
f 500 1974 1972
f 501 1976 1975
f 1977 1975 1976
f 1968 503 1980
f 1976 1980 503
f 1979 1980 67
f 1978 67 1980
f 474 1981 1869
f 1983 1869 1981
f 500 1971 1982
f 1983 1982 1971
f 58 1984 1866
f 1986 1866 1984
f 1986 1985 1981
f 506 1981 1985
f 1990 1985 1987
f 504 1987 1985
f 505 1989 1988
f 1990 1988 1989
f 1992 1982 1989
f 506 1989 1982
f 68 1974 1991
f 1992 1991 1974
f 1995 1881 1993
f 477 1993 1881
f 1995 1994 1984
f 504 1984 1994
f 1998 1878 1996
f 59 1996 1878
f 509 1993 1997
f 1998 1997 1993
f 2002 1997 1999
f 507 1999 1997
f 508 2001 2000
f 2002 2000 2001
f 2004 1994 2001
f 509 2001 1994
f 69 1987 2003
f 2004 2003 1987
f 2007 1893 2005
f 480 2005 1893
f 507 1996 2006
f 2007 2006 1996
f 2010 1890 2008
f 60 2008 1890
f 512 2005 2009
f 2010 2009 2005
f 2014 2009 2011
f 510 2011 2009
f 511 2013 2012
f 2014 2012 2013
f 2016 2006 2013
f 512 2013 2006
f 70 1999 2015
f 2016 2015 1999
f 2019 1905 2017
f 483 2017 1905
f 510 2008 2018
f 2019 2018 2008
f 2020 2022 61
f 1902 61 2022
f 2021 515 2022
f 2017 2022 515
f 2023 2026 513
f 2021 513 2026
f 514 2025 2024
f 2026 2024 2025
f 2028 2018 2025
f 515 2025 2018
f 71 2011 2027
f 2028 2027 2011
f 2029 2031 486
f 1917 486 2031
f 2030 513 2031
f 2020 2031 513
f 2032 2034 62
f 1914 62 2034
f 2033 518 2034
f 2029 2034 518
f 2035 2038 516
f 2033 516 2038
f 2036 517 2038
f 2037 2038 517
f 2037 2040 518
f 2030 518 2040
f 2039 72 2040
f 2023 2040 72
f 2043 1929 2041
f 489 2041 1929
f 516 2032 2042
f 2043 2042 2032
f 2044 2046 63
f 1926 63 2046
f 2045 521 2046
f 2041 2046 521
f 2047 2050 519
f 2045 519 2050
f 2048 520 2050
f 2049 2050 520
f 2052 2042 2049
f 521 2049 2042
f 2051 73 2052
f 2035 2052 73
f 2055 1941 2053
f 492 2053 1941
f 519 2044 2054
f 2055 2054 2044
f 2056 2058 64
f 1938 64 2058
f 2057 524 2058
f 2053 2058 524
f 2059 2062 522
f 2057 522 2062
f 2060 523 2062
f 2061 2062 523
f 2064 2054 2061
f 524 2061 2054
f 74 2047 2063
f 2064 2063 2047
f 2065 2067 495
f 1953 495 2067
f 522 2056 2066
f 2067 2066 2056
f 2068 2070 65
f 1950 65 2070
f 2069 527 2070
f 2065 2070 527
f 525 2071 2069
f 2074 2069 2071
f 2074 2072 2073
f 526 2073 2072
f 2076 2066 2073
f 527 2073 2066
f 75 2059 2075
f 2076 2075 2059
f 2077 2079 498
f 1965 498 2079
f 2078 525 2079
f 2068 2079 525
f 66 2080 1962
f 2082 1962 2080
f 2082 2081 2077
f 530 2077 2081
f 528 2083 2081
f 2086 2081 2083
f 2086 2084 2085
f 529 2085 2084
f 530 2085 2078
f 2088 2078 2085
f 2088 2087 2071
f 76 2071 2087
f 501 2089 1978
f 2092 1978 2089
f 2092 2090 2091
f 533 2091 2090
f 68 2093 1975
f 2095 1975 2093
f 2095 2094 2089
f 534 2089 2094
f 531 2096 2094
f 2099 2094 2096
f 2099 2097 2098
f 532 2098 2097
f 534 2098 2090
f 2102 2090 2098
f 2102 2100 2101
f 78 2101 2100
f 505 2103 1991
f 2105 1991 2103
f 2105 2104 2093
f 531 2093 2104
f 2108 1988 2106
f 69 2106 1988
f 2108 2107 2103
f 537 2103 2107
f 2112 2107 2109
f 535 2109 2107
f 2112 2110 2111
f 536 2111 2110
f 537 2111 2104
f 2114 2104 2111
f 2114 2113 2096
f 79 2096 2113
f 2003 508 2117
f 2115 2117 508
f 2106 2117 535
f 2116 535 2117
f 2000 70 2120
f 2118 2120 70
f 2115 2120 540
f 2119 540 2120
f 2119 538 2124
f 2121 2124 538
f 2123 2124 539
f 2122 539 2124
f 2116 540 2126
f 2123 2126 540
f 2109 2126 80
f 2125 80 2126
f 2015 511 2129
f 2127 2129 511
f 2118 2129 538
f 2128 538 2129
f 2012 71 2132
f 2130 2132 71
f 2127 2132 543
f 2131 543 2132
f 2131 541 2136
f 2133 2136 541
f 2135 2136 542
f 2134 542 2136
f 2128 543 2138
f 2135 2138 543
f 2121 2138 81
f 2137 81 2138
f 514 2139 2027
f 2141 2027 2139
f 2130 2141 541
f 2140 541 2141
f 72 2142 2024
f 2144 2024 2142
f 2144 2143 2139
f 546 2139 2143
f 544 2145 2143
f 2148 2143 2145
f 2148 2146 2147
f 545 2147 2146
f 2140 546 2150
f 2147 2150 546
f 2133 2150 82
f 2149 82 2150
f 517 2151 2039
f 2153 2039 2151
f 2153 2152 2142
f 544 2142 2152
f 73 2154 2036
f 2156 2036 2154
f 2156 2155 2151
f 549 2151 2155
f 547 2157 2155
f 2160 2155 2157
f 2160 2158 2159
f 548 2159 2158
f 549 2159 2152
f 2162 2152 2159
f 2162 2161 2145
f 83 2145 2161
f 2051 520 2165
f 2163 2165 520
f 2154 2165 547
f 2164 547 2165
f 74 2166 2048
f 2168 2048 2166
f 2168 2167 2163
f 552 2163 2167
f 550 2169 2167
f 2172 2167 2169
f 2172 2170 2171
f 551 2171 2170
f 2164 552 2174
f 2171 2174 552
f 2157 2174 84
f 2173 84 2174
f 2063 523 2177
f 2175 2177 523
f 2166 2177 550
f 2176 550 2177
f 75 2178 2060
f 2180 2060 2178
f 2180 2179 2175
f 555 2175 2179
f 553 2181 2179
f 2184 2179 2181
f 2184 2182 2183
f 554 2183 2182
f 2176 555 2186
f 2183 2186 555
f 2169 2186 85
f 2185 85 2186
f 526 2187 2075
f 2189 2075 2187
f 2178 2189 553
f 2188 553 2189
f 76 2190 2072
f 2192 2072 2190
f 2192 2191 2187
f 558 2187 2191
f 556 2193 2191
f 2196 2191 2193
f 2196 2194 2195
f 557 2195 2194
f 558 2195 2188
f 2198 2188 2195
f 2181 2198 86
f 2197 86 2198
f 529 2199 2087
f 2201 2087 2199
f 2201 2200 2190
f 556 2190 2200
f 77 2202 2084
f 2204 2084 2202
f 2204 2203 2199
f 561 2199 2203
f 559 2205 2203
f 2208 2203 2205
f 2208 2206 2207
f 560 2207 2206
f 561 2207 2200
f 2210 2200 2207
f 2210 2209 2193
f 87 2193 2209
f 532 2211 2100
f 2214 2100 2211
f 2214 2212 2213
f 564 2213 2212
f 79 2215 2097
f 2217 2097 2215
f 2217 2216 2211
f 565 2211 2216
f 562 2218 2216
f 2221 2216 2218
f 2221 2219 2220
f 563 2220 2219
f 565 2220 2212
f 2224 2212 2220
f 2224 2222 2223
f 89 2223 2222
f 536 2225 2113
f 2227 2113 2225
f 2227 2226 2215
f 562 2215 2226
f 2230 2110 2228
f 80 2228 2110
f 2230 2229 2225
f 568 2225 2229
f 566 2231 2229
f 2234 2229 2231
f 2234 2232 2233
f 567 2233 2232
f 568 2233 2226
f 2236 2226 2233
f 2236 2235 2218
f 90 2218 2235
f 2125 539 2239
f 2237 2239 539
f 2228 2239 566
f 2238 566 2239
f 2122 81 2242
f 2240 2242 81
f 2237 2242 571
f 2241 571 2242
f 2241 569 2246
f 2243 2246 569
f 2245 2246 570
f 2244 570 2246
f 2238 571 2248
f 2245 2248 571
f 2231 2248 91
f 2247 91 2248
f 2137 542 2251
f 2249 2251 542
f 2240 2251 569
f 2250 569 2251
f 2134 82 2254
f 2252 2254 82
f 2254 2253 2249
f 574 2249 2253
f 572 2255 2253
f 2258 2253 2255
f 2258 2256 2257
f 573 2257 2256
f 574 2257 2250
f 2260 2250 2257
f 2260 2259 2243
f 92 2243 2259
f 545 2261 2149
f 2263 2149 2261
f 2263 2262 2252
f 572 2252 2262
f 83 2264 2146
f 2266 2146 2264
f 2266 2265 2261
f 577 2261 2265
f 575 2267 2265
f 2270 2265 2267
f 2270 2268 2269
f 576 2269 2268
f 577 2269 2262
f 2272 2262 2269
f 2272 2271 2255
f 93 2255 2271
f 548 2273 2161
f 2275 2161 2273
f 2275 2274 2264
f 575 2264 2274
f 84 2276 2158
f 2278 2158 2276
f 2278 2277 2273
f 580 2273 2277
f 578 2279 2277
f 2282 2277 2279
f 2282 2280 2281
f 579 2281 2280
f 2274 580 2284
f 2281 2284 580
f 2267 2284 94
f 2283 94 2284
f 2173 551 2287
f 2285 2287 551
f 2276 2287 578
f 2286 578 2287
f 85 2288 2170
f 2290 2170 2288
f 2290 2289 2285
f 583 2285 2289
f 581 2291 2289
f 2294 2289 2291
f 2294 2292 2293
f 582 2293 2292
f 2286 583 2296
f 2293 2296 583
f 2279 2296 95
f 2295 95 2296
f 2185 554 2299
f 2297 2299 554
f 2288 2299 581
f 2298 581 2299
f 86 2300 2182
f 2302 2182 2300
f 2302 2301 2297
f 586 2297 2301
f 584 2303 2301
f 2306 2301 2303
f 2306 2304 2305
f 585 2305 2304
f 2298 586 2308
f 2305 2308 586
f 2291 2308 96
f 2307 96 2308
f 557 2309 2197
f 2311 2197 2309
f 2300 2311 584
f 2310 584 2311
f 87 2312 2194
f 2314 2194 2312
f 2314 2313 2309
f 589 2309 2313
f 587 2315 2313
f 2318 2313 2315
f 2318 2316 2317
f 588 2317 2316
f 589 2317 2310
f 2320 2310 2317
f 2303 2320 97
f 2319 97 2320
f 560 2321 2209
f 2323 2209 2321
f 2323 2322 2312
f 587 2312 2322
f 88 2324 2206
f 2326 2206 2324
f 2326 2325 2321
f 592 2321 2325
f 590 2327 2325
f 2330 2325 2327
f 2330 2328 2329
f 591 2329 2328
f 592 2329 2322
f 2332 2322 2329
f 2315 2332 98
f 2331 98 2332
f 563 2333 2222
f 2336 2222 2333
f 2335 2336 595
f 2334 595 2336
f 90 2337 2219
f 2339 2219 2337
f 2333 2339 596
f 2338 596 2339
f 2338 593 2343
f 2340 2343 593
f 2342 2343 594
f 2341 594 2343
f 2334 596 2346
f 2342 2346 596
f 2345 2346 100
f 2344 100 2346
f 567 2347 2235
f 2349 2235 2347
f 2337 2349 593
f 2348 593 2349
f 91 2350 2232
f 2352 2232 2350
f 2347 2352 599
f 2351 599 2352
f 2351 597 2356
f 2353 2356 597
f 2355 2356 598
f 2354 598 2356
f 2348 599 2358
f 2355 2358 599
f 2340 2358 101
f 2357 101 2358
f 2247 570 2361
f 2359 2361 570
f 2350 2361 597
f 2360 597 2361
f 2244 92 2364
f 2362 2364 92
f 2359 2364 602
f 2363 602 2364
f 2363 600 2368
f 2365 2368 600
f 2367 2368 601
f 2366 601 2368
f 2360 602 2370
f 2367 2370 602
f 2353 2370 102
f 2369 102 2370
f 573 2371 2259
f 2373 2259 2371
f 2362 2373 600
f 2372 600 2373
f 93 2374 2256
f 2376 2256 2374
f 2371 2376 605
f 2375 605 2376
f 2375 603 2380
f 2377 2380 603
f 2379 2380 604
f 2378 604 2380
f 2372 605 2382
f 2379 2382 605
f 2365 2382 103
f 2381 103 2382
f 576 2383 2271
f 2385 2271 2383
f 2374 2385 603
f 2384 603 2385
f 94 2386 2268
f 2388 2268 2386
f 2383 2388 608
f 2387 608 2388
f 2387 606 2392
f 2389 2392 606
f 2391 2392 607
f 2390 607 2392
f 2384 608 2394
f 2391 2394 608
f 2377 2394 104
f 2393 104 2394
f 2283 579 2397
f 2395 2397 579
f 2386 2397 606
f 2396 606 2397
f 95 2398 2280
f 2400 2280 2398
f 2395 2400 611
f 2399 611 2400
f 2399 609 2404
f 2401 2404 609
f 2403 2404 610
f 2402 610 2404
f 2396 611 2406
f 2403 2406 611
f 2389 2406 105
f 2405 105 2406
f 2295 582 2409
f 2407 2409 582
f 2398 2409 609
f 2408 609 2409
f 96 2410 2292
f 2412 2292 2410
f 2407 2412 614
f 2411 614 2412
f 2411 612 2416
f 2413 2416 612
f 2415 2416 613
f 2414 613 2416
f 2408 614 2418
f 2415 2418 614
f 2401 2418 106
f 2417 106 2418
f 2307 585 2421
f 2419 2421 585
f 2410 2421 612
f 2420 612 2421
f 97 2422 2304
f 2424 2304 2422
f 2419 2424 617
f 2423 617 2424
f 2423 615 2428
f 2425 2428 615
f 2427 2428 616
f 2426 616 2428
f 2420 617 2430
f 2427 2430 617
f 2413 2430 107
f 2429 107 2430
f 2319 588 2433
f 2431 2433 588
f 2422 2433 615
f 2432 615 2433
f 98 2434 2316
f 2436 2316 2434
f 2431 2436 620
f 2435 620 2436
f 2435 618 2440
f 2437 2440 618
f 2439 2440 619
f 2438 619 2440
f 2432 620 2442
f 2439 2442 620
f 2425 2442 108
f 2441 108 2442
f 2331 591 2445
f 2443 2445 591
f 2434 2445 618
f 2444 618 2445
f 99 2446 2328
f 2448 2328 2446
f 2443 2448 623
f 2447 623 2448
f 2447 621 2452
f 2449 2452 621
f 2451 2452 622
f 2450 622 2452
f 2444 623 2454
f 2451 2454 623
f 2437 2454 109
f 2453 109 2454
f 2344 594 2458
f 2455 2458 594
f 2457 2458 626
f 2456 626 2458
f 2341 101 2461
f 2459 2461 101
f 2455 2461 627
f 2460 627 2461
f 2460 624 2465
f 2462 2465 624
f 2464 2465 625
f 2463 625 2465
f 2456 627 2468
f 2464 2468 627
f 2467 2468 111
f 2466 111 2468
f 2357 598 2471
f 2469 2471 598
f 2459 2471 624
f 2470 624 2471
f 2354 102 2474
f 2472 2474 102
f 2469 2474 630
f 2473 630 2474
f 2473 628 2478
f 2475 2478 628
f 2477 2478 629
f 2476 629 2478
f 2470 630 2480
f 2477 2480 630
f 2462 2480 112
f 2479 112 2480
f 2369 601 2483
f 2481 2483 601
f 2472 2483 628
f 2482 628 2483
f 2366 103 2486
f 2484 2486 103
f 2481 2486 633
f 2485 633 2486
f 2485 631 2490
f 2487 2490 631
f 2489 2490 632
f 2488 632 2490
f 2482 633 2492
f 2489 2492 633
f 2475 2492 113
f 2491 113 2492
f 2381 604 2495
f 2493 2495 604
f 2484 2495 631
f 2494 631 2495
f 2378 104 2498
f 2496 2498 104
f 2493 2498 636
f 2497 636 2498
f 2497 634 2502
f 2499 2502 634
f 2501 2502 635
f 2500 635 2502
f 2494 636 2504
f 2501 2504 636
f 2487 2504 114
f 2503 114 2504
f 2393 607 2507
f 2505 2507 607
f 2496 2507 634
f 2506 634 2507
f 2390 105 2510
f 2508 2510 105
f 2505 2510 639
f 2509 639 2510
f 2509 637 2514
f 2511 2514 637
f 2513 2514 638
f 2512 638 2514
f 2506 639 2516
f 2513 2516 639
f 2499 2516 115
f 2515 115 2516
f 2405 610 2519
f 2517 2519 610
f 2508 2519 637
f 2518 637 2519
f 2402 106 2522
f 2520 2522 106
f 2517 2522 642
f 2521 642 2522
f 2521 640 2526
f 2523 2526 640
f 2525 2526 641
f 2524 641 2526
f 2518 642 2528
f 2525 2528 642
f 2511 2528 116
f 2527 116 2528
f 2417 613 2531
f 2529 2531 613
f 2520 2531 640
f 2530 640 2531
f 2414 107 2534
f 2532 2534 107
f 2529 2534 645
f 2533 645 2534
f 2533 643 2538
f 2535 2538 643
f 2537 2538 644
f 2536 644 2538
f 2530 645 2540
f 2537 2540 645
f 2523 2540 117
f 2539 117 2540
f 2429 616 2543
f 2541 2543 616
f 2532 2543 643
f 2542 643 2543
f 2426 108 2546
f 2544 2546 108
f 2541 2546 648
f 2545 648 2546
f 2545 646 2550
f 2547 2550 646
f 2549 2550 647
f 2548 647 2550
f 2542 648 2552
f 2549 2552 648
f 2535 2552 118
f 2551 118 2552
f 2441 619 2555
f 2553 2555 619
f 2544 2555 646
f 2554 646 2555
f 2438 109 2558
f 2556 2558 109
f 2553 2558 651
f 2557 651 2558
f 2557 649 2562
f 2559 2562 649
f 2561 2562 650
f 2560 650 2562
f 2554 651 2564
f 2561 2564 651
f 2547 2564 119
f 2563 119 2564
f 2453 622 2567
f 2565 2567 622
f 2556 2567 649
f 2566 649 2567
f 2450 110 2570
f 2568 2570 110
f 2565 2570 654
f 2569 654 2570
f 2569 652 2574
f 2571 2574 652
f 2573 2574 653
f 2572 653 2574
f 2566 654 2576
f 2573 2576 654
f 2559 2576 120
f 2575 120 2576
f 625 2577 2466
f 2580 2466 2577
f 2580 2578 2579
f 657 2579 2578
f 112 2581 2463
f 2583 2463 2581
f 2583 2582 2577
f 658 2577 2582
f 655 2584 2582
f 2587 2582 2584
f 2587 2585 2586
f 656 2586 2585
f 658 2586 2578
f 2590 2578 2586
f 2590 2588 2589
f 122 2589 2588
f 2479 629 2593
f 2591 2593 629
f 2593 2592 2581
f 655 2581 2592
f 113 2594 2476
f 2596 2476 2594
f 2596 2595 2591
f 661 2591 2595
f 659 2597 2595
f 2600 2595 2597
f 2600 2598 2599
f 660 2599 2598
f 661 2599 2592
f 2602 2592 2599
f 2602 2601 2584
f 123 2584 2601
f 2491 632 2605
f 2603 2605 632
f 2605 2604 2594
f 659 2594 2604
f 114 2606 2488
f 2608 2488 2606
f 2608 2607 2603
f 664 2603 2607
f 662 2609 2607
f 2612 2607 2609
f 2612 2610 2611
f 663 2611 2610
f 664 2611 2604
f 2614 2604 2611
f 2614 2613 2597
f 124 2597 2613
f 2503 635 2617
f 2615 2617 635
f 2606 2617 662
f 2616 662 2617
f 115 2618 2500
f 2620 2500 2618
f 2620 2619 2615
f 667 2615 2619
f 665 2621 2619
f 2624 2619 2621
f 2624 2622 2623
f 666 2623 2622
f 2616 667 2626
f 2623 2626 667
f 2626 2625 2609
f 125 2609 2625
f 2515 638 2629
f 2627 2629 638
f 2618 2629 665
f 2628 665 2629
f 116 2630 2512
f 2632 2512 2630
f 2632 2631 2627
f 670 2627 2631
f 668 2633 2631
f 2636 2631 2633
f 2636 2634 2635
f 669 2635 2634
f 2628 670 2638
f 2635 2638 670
f 2621 2638 126
f 2637 126 2638
f 2527 641 2641
f 2639 2641 641
f 2630 2641 668
f 2640 668 2641
f 117 2642 2524
f 2644 2524 2642
f 2644 2643 2639
f 673 2639 2643
f 671 2645 2643
f 2648 2643 2645
f 2648 2646 2647
f 672 2647 2646
f 2640 673 2650
f 2647 2650 673
f 2633 2650 127
f 2649 127 2650
f 2539 644 2653
f 2651 2653 644
f 2642 2653 671
f 2652 671 2653
f 118 2654 2536
f 2656 2536 2654
f 2656 2655 2651
f 676 2651 2655
f 674 2657 2655
f 2660 2655 2657
f 2660 2658 2659
f 675 2659 2658
f 2652 676 2662
f 2659 2662 676
f 2645 2662 128
f 2661 128 2662
f 2551 647 2665
f 2663 2665 647
f 2654 2665 674
f 2664 674 2665
f 119 2666 2548
f 2668 2548 2666
f 2668 2667 2663
f 679 2663 2667
f 677 2669 2667
f 2672 2667 2669
f 2672 2670 2671
f 678 2671 2670
f 2664 679 2674
f 2671 2674 679
f 2657 2674 129
f 2673 129 2674
f 2563 650 2677
f 2675 2677 650
f 2666 2677 677
f 2676 677 2677
f 120 2678 2560
f 2680 2560 2678
f 2680 2679 2675
f 682 2675 2679
f 680 2681 2679
f 2684 2679 2681
f 2684 2682 2683
f 681 2683 2682
f 2676 682 2686
f 2683 2686 682
f 2669 2686 130
f 2685 130 2686
f 2575 653 2689
f 2687 2689 653
f 2678 2689 680
f 2688 680 2689
f 121 2690 2572
f 2692 2572 2690
f 2692 2691 2687
f 685 2687 2691
f 683 2693 2691
f 2696 2691 2693
f 2696 2694 2695
f 684 2695 2694
f 2688 685 2698
f 2695 2698 685
f 2681 2698 131
f 2697 131 2698
f 656 2699 2588
f 2702 2588 2699
f 2702 2700 2701
f 687 2701 2700
f 123 2703 2585
f 2705 2585 2703
f 2705 2704 2699
f 688 2699 2704
f 2704 686 2708
f 2706 2708 686
f 2707 2708 335
f 1342 335 2708
f 2700 688 2710
f 2707 2710 688
f 2709 2710 1
f 1337 1 2710
f 660 2711 2601
f 2713 2601 2711
f 2713 2712 2703
f 686 2703 2712
f 124 2714 2598
f 2716 2598 2714
f 2716 2715 2711
f 690 2711 2715
f 689 2717 2715
f 2719 2715 2717
f 2718 2719 340
f 1357 340 2719
f 690 2718 2712
f 2720 2712 2718
f 2706 2720 2
f 1353 2 2720
f 663 2721 2613
f 2723 2613 2721
f 2723 2722 2714
f 689 2714 2722
f 125 2724 2610
f 2726 2610 2724
f 2726 2725 2721
f 692 2721 2725
f 691 2727 2725
f 2729 2725 2727
f 2728 2729 344
f 1371 344 2729
f 692 2728 2722
f 2730 2722 2728
f 2717 2730 3
f 1367 3 2730
f 666 2731 2625
f 2733 2625 2731
f 2733 2732 2724
f 691 2724 2732
f 126 2734 2622
f 2736 2622 2734
f 2736 2735 2731
f 694 2731 2735
f 693 2737 2735
f 2739 2735 2737
f 2739 1385 2738
f 348 2738 1385
f 694 2738 2732
f 2740 2732 2738
f 2740 1381 2727
f 4 2727 1381
f 2637 669 2743
f 2741 2743 669
f 2743 2742 2734
f 693 2734 2742
f 127 2744 2634
f 2746 2634 2744
f 2746 2745 2741
f 696 2741 2745
f 695 2747 2745
f 2749 2745 2747
f 2749 1399 2748
f 352 2748 1399
f 696 2748 2742
f 2750 2742 2748
f 2750 1395 2737
f 5 2737 1395
f 2649 672 2753
f 2751 2753 672
f 2744 2753 695
f 2752 695 2753
f 128 2754 2646
f 2756 2646 2754
f 2756 2755 2751
f 698 2751 2755
f 697 2757 2755
f 2759 2755 2757
f 2759 1413 2758
f 356 2758 1413
f 2752 698 2760
f 2758 2760 698
f 2747 2760 6
f 1409 6 2760
f 2661 675 2763
f 2761 2763 675
f 2754 2763 697
f 2762 697 2763
f 129 2764 2658
f 2766 2658 2764
f 2766 2765 2761
f 700 2761 2765
f 699 2767 2765
f 2769 2765 2767
f 2769 1427 2768
f 360 2768 1427
f 2762 700 2770
f 2768 2770 700
f 2757 2770 7
f 1423 7 2770
f 2673 678 2773
f 2771 2773 678
f 2764 2773 699
f 2772 699 2773
f 130 2774 2670
f 2776 2670 2774
f 2776 2775 2771
f 702 2771 2775
f 701 2777 2775
f 2779 2775 2777
f 2779 1441 2778
f 364 2778 1441
f 2772 702 2780
f 2778 2780 702
f 2767 2780 8
f 1437 8 2780
f 2685 681 2783
f 2781 2783 681
f 2774 2783 701
f 2782 701 2783
f 131 2784 2682
f 2786 2682 2784
f 2786 2785 2781
f 704 2781 2785
f 703 2787 2785
f 2789 2785 2787
f 2789 1455 2788
f 368 2788 1455
f 2782 704 2790
f 2788 2790 704
f 2777 2790 9
f 1451 9 2790
f 2697 684 2793
f 2791 2793 684
f 2784 2793 703
f 2792 703 2793
f 132 2794 2694
f 2796 2694 2794
f 2796 2795 2791
f 706 2791 2795
f 705 2797 2795
f 2799 2795 2797
f 2799 1469 2798
f 372 2798 1469
f 2792 706 2800
f 2798 2800 706
f 2787 2800 10
f 1465 10 2800
f 2804 1725 2801
f 440 2801 1725
f 2803 2804 709
f 2802 709 2804
f 2805 2807 45
f 1735 45 2807
f 2806 710 2807
f 2801 2807 710
f 2808 2811 707
f 2806 707 2811
f 2809 708 2811
f 2810 2811 708
f 2802 710 2814
f 2810 2814 710
f 2812 133 2814
f 2813 2814 133
f 1847 471 2817
f 2815 2817 471
f 2816 707 2817
f 2805 2817 707
f 1857 56 2820
f 2818 2820 56
f 2815 2820 713
f 2819 713 2820
f 2819 711 2824
f 2821 2824 711
f 2822 712 2824
f 2823 2824 712
f 2823 2826 713
f 2816 713 2826
f 2825 134 2826
f 2808 2826 134
f 2827 2830 708
f 2812 708 2830
f 2828 716 2830
f 2829 2830 716
f 2831 2833 134
f 2809 134 2833
f 2832 717 2833
f 2827 2833 717
f 2834 2837 714
f 2832 714 2837
f 2835 715 2837
f 2836 2837 715
f 2836 2840 717
f 2828 717 2840
f 2838 136 2840
f 2839 2840 136
f 2841 2843 712
f 2825 712 2843
f 2842 714 2843
f 2831 2843 714
f 2822 135 2846
f 2844 2846 135
f 2845 720 2846
f 2841 2846 720
f 2847 2850 718
f 2845 718 2850
f 719 2849 2848
f 2850 2848 2849
f 2852 2842 2849
f 720 2849 2842
f 137 2834 2851
f 2852 2851 2834
f 2838 715 2856
f 2853 2856 715
f 2855 2856 723
f 2854 723 2856
f 2859 2835 2857
f 137 2857 2835
f 2853 2859 724
f 2858 724 2859
f 721 2860 2858
f 2863 2858 2860
f 2862 2863 722
f 2861 722 2863
f 2854 724 2866
f 2862 2866 724
f 2865 2866 139
f 2864 139 2866
f 719 2867 2851
f 2869 2851 2867
f 2869 2868 2857
f 721 2857 2868
f 138 2870 2848
f 2872 2848 2870
f 2872 2871 2867
f 727 2867 2871
f 725 2873 2871
f 2876 2871 2873
f 2876 2874 2875
f 726 2875 2874
f 727 2875 2868
f 2878 2868 2875
f 2878 2877 2860
f 140 2860 2877
f 2873 725 2882
f 2879 2882 725
f 2881 2882 730
f 2880 730 2882
f 2870 138 2885
f 2883 2885 138
f 2879 2885 731
f 2884 731 2885
f 2884 728 2889
f 2886 2889 728
f 2888 2889 729
f 2887 729 2889
f 2880 731 2892
f 2888 2892 731
f 2891 2892 143
f 2890 143 2892
f 1961 497 2896
f 2893 2896 497
f 2895 2896 734
f 2894 734 2896
f 1958 55 2899
f 2897 2899 55
f 2893 2899 735
f 2898 735 2899
f 732 2900 2898
f 2903 2898 2900
f 2902 2903 733
f 2901 733 2903
f 2894 735 2906
f 2902 2906 735
f 2906 2904 2905
f 146 2905 2904
f 466 2907 1839
f 2909 1839 2907
f 2909 2908 2897
f 732 2897 2908
f 44 2910 1836
f 2912 1836 2910
f 2912 2911 2907
f 738 2907 2911
f 736 2913 2911
f 2916 2911 2913
f 2916 2914 2915
f 737 2915 2914
f 738 2915 2908
f 2918 2908 2915
f 2918 2917 2900
f 145 2900 2917
f 2904 733 2922
f 2919 2922 733
f 2922 2920 2921
f 741 2921 2920
f 145 2923 2901
f 2925 2901 2923
f 2919 2925 742
f 2924 742 2925
f 2924 739 2929
f 2926 2929 739
f 2928 2929 740
f 2927 740 2929
f 2920 742 2932
f 2928 2932 742
f 2931 2932 149
f 2930 149 2932
f 737 2933 2917
f 2935 2917 2933
f 2935 2934 2923
f 739 2923 2934
f 144 2936 2914
f 2938 2914 2936
f 2938 2937 2933
f 745 2933 2937
f 743 2939 2937
f 2942 2937 2939
f 2942 2940 2941
f 744 2941 2940
f 745 2941 2934
f 2944 2934 2941
f 2944 2943 2926
f 148 2926 2943
f 2946 2949 746
f 2945 746 2949
f 2947 749 2949
f 2948 2949 749
f 2951 2953 161
f 2950 161 2953
f 2952 750 2953
f 2946 2953 750
f 2954 2957 747
f 2952 747 2957
f 2955 748 2957
f 2956 2957 748
f 2956 2960 750
f 2947 750 2960
f 2958 151 2960
f 2959 2960 151
f 2961 2964 748
f 2958 748 2964
f 2962 753 2964
f 2963 2964 753
f 2965 2967 162
f 2955 162 2967
f 2966 754 2967
f 2961 2967 754
f 2968 2971 751
f 2966 751 2971
f 2969 752 2971
f 2970 2971 752
f 2970 2974 754
f 2962 754 2974
f 2972 152 2974
f 2973 2974 152
f 2975 2978 752
f 2972 752 2978
f 2976 757 2978
f 2977 2978 757
f 2979 2981 163
f 2969 163 2981
f 2980 758 2981
f 2975 2981 758
f 2982 2985 755
f 2980 755 2985
f 2983 756 2985
f 2984 2985 756
f 2984 2988 758
f 2976 758 2988
f 2986 153 2988
f 2987 2988 153
f 2989 2992 756
f 2986 756 2992
f 2992 2990 2991
f 761 2991 2990
f 2993 2995 164
f 2983 164 2995
f 2994 762 2995
f 2989 2995 762
f 2996 2999 759
f 2994 759 2999
f 2999 2997 2998
f 760 2998 2997
f 762 2998 2990
f 3002 2990 2998
f 3002 3000 3001
f 154 3001 3000
f 760 3003 3000
f 3006 3000 3003
f 3006 3004 3005
f 765 3005 3004
f 165 3007 2997
f 3009 2997 3007
f 3009 3008 3003
f 766 3003 3008
f 763 3010 3008
f 3013 3008 3010
f 3013 3011 3012
f 764 3012 3011
f 766 3012 3004
f 3016 3004 3012
f 3016 3014 3015
f 155 3015 3014
f 764 3017 3014
f 3020 3014 3017
f 3020 3018 3019
f 769 3019 3018
f 166 3021 3011
f 3023 3011 3021
f 3023 3022 3017
f 770 3017 3022
f 3024 3027 767
f 3022 767 3027
f 3025 768 3027
f 3026 3027 768
f 3026 3030 770
f 3018 770 3030
f 3028 156 3030
f 3029 3030 156
f 768 3031 3028
f 3034 3028 3031
f 3034 3032 3033
f 773 3033 3032
f 167 3035 3025
f 3037 3025 3035
f 3037 3036 3031
f 774 3031 3036
f 3038 3041 771
f 3036 771 3041
f 3039 772 3041
f 3040 3041 772
f 3040 3044 774
f 3032 774 3044
f 3042 157 3044
f 3043 3044 157
f 772 3045 3042
f 3048 3042 3045
f 3048 3046 3047
f 777 3047 3046
f 168 3049 3039
f 3051 3039 3049
f 3051 3050 3045
f 778 3045 3050
f 3052 3055 775
f 3050 775 3055
f 3053 776 3055
f 3054 3055 776
f 3054 3058 778
f 3046 778 3058
f 3056 158 3058
f 3057 3058 158
f 776 3059 3056
f 3062 3056 3059
f 3062 3060 3061
f 781 3061 3060
f 169 3063 3053
f 3065 3053 3063
f 3065 3064 3059
f 782 3059 3064
f 3066 3069 779
f 3064 779 3069
f 3067 780 3069
f 3068 3069 780
f 3068 3072 782
f 3060 782 3072
f 3070 159 3072
f 3071 3072 159
f 780 3073 3070
f 3076 3070 3073
f 3076 3074 3075
f 785 3075 3074
f 170 3077 3067
f 3079 3067 3077
f 3079 3078 3073
f 786 3073 3078
f 3080 3083 783
f 3078 783 3083
f 3081 784 3083
f 3082 3083 784
f 3082 3086 786
f 3074 786 3086
f 3084 160 3086
f 3085 3086 160
f 3087 787 3090
f 3088 3090 787
f 2951 3090 747
f 3089 747 3090
f 3091 172 3094
f 3092 3094 172
f 3088 3094 790
f 3093 790 3094
f 3093 788 3098
f 3095 3098 788
f 3097 3098 789
f 3096 789 3098
f 3089 790 3100
f 3097 3100 790
f 3099 162 3100
f 2954 3100 162
f 3101 3103 789
f 3099 789 3103
f 3102 751 3103
f 2965 3103 751
f 3096 173 3106
f 3104 3106 173
f 3105 793 3106
f 3101 3106 793
f 3107 3110 791
f 3105 791 3110
f 3108 792 3110
f 3109 3110 792
f 3109 3112 793
f 3102 793 3112
f 3111 163 3112
f 2968 3112 163
f 3113 3115 792
f 3111 792 3115
f 3114 755 3115
f 2979 3115 755
f 3116 3118 174
f 3108 174 3118
f 3117 796 3118
f 3113 3118 796
f 794 3119 3117
f 3122 3117 3119
f 3120 795 3122
f 3121 3122 795
f 3121 3124 796
f 3114 796 3124
f 3123 164 3124
f 2982 3124 164
f 3125 3127 795
f 3123 795 3127
f 3126 759 3127
f 2993 3127 759
f 175 3128 3120
f 3130 3120 3128
f 3129 799 3130
f 3125 3130 799
f 797 3131 3129
f 3134 3129 3131
f 3132 798 3134
f 3133 3134 798
f 3133 3136 799
f 3126 799 3136
f 3135 165 3136
f 2996 3136 165
f 3137 3139 798
f 3135 798 3139
f 3138 763 3139
f 3007 3139 763
f 3140 3142 176
f 3132 176 3142
f 3141 802 3142
f 3137 3142 802
f 3143 3146 800
f 3141 800 3146
f 3144 801 3146
f 3145 3146 801
f 3145 3148 802
f 3138 802 3148
f 3148 3147 3010
f 166 3010 3147
f 801 3149 3147
f 3151 3147 3149
f 3151 3150 3021
f 767 3021 3150
f 177 3152 3144
f 3154 3144 3152
f 3154 3153 3149
f 805 3149 3153
f 3155 3158 803
f 3153 803 3158
f 3156 804 3158
f 3157 3158 804
f 3157 3160 805
f 3150 805 3160
f 3159 167 3160
f 3024 3160 167
f 804 3161 3159
f 3163 3159 3161
f 3163 3162 3035
f 771 3035 3162
f 178 3164 3156
f 3166 3156 3164
f 3166 3165 3161
f 808 3161 3165
f 3167 3170 806
f 3165 806 3170
f 3168 807 3170
f 3169 3170 807
f 3169 3172 808
f 3162 808 3172
f 3171 168 3172
f 3038 3172 168
f 807 3173 3171
f 3175 3171 3173
f 3175 3174 3049
f 775 3049 3174
f 179 3176 3168
f 3178 3168 3176
f 3178 3177 3173
f 811 3173 3177
f 3179 3182 809
f 3177 809 3182
f 3180 810 3182
f 3181 3182 810
f 3181 3184 811
f 3174 811 3184
f 3183 169 3184
f 3052 3184 169
f 810 3185 3183
f 3187 3183 3185
f 3187 3186 3063
f 779 3063 3186
f 180 3188 3180
f 3190 3180 3188
f 3189 814 3190
f 3185 3190 814
f 3191 3194 812
f 3189 812 3194
f 3192 813 3194
f 3193 3194 813
f 3193 3196 814
f 3186 814 3196
f 3195 170 3196
f 3066 3196 170
f 3197 3199 813
f 3195 813 3199
f 3199 3198 3077
f 783 3077 3198
f 3200 3202 181
f 3192 181 3202
f 3201 817 3202
f 3197 3202 817
f 3203 3206 815
f 3201 815 3206
f 3204 816 3206
f 3205 3206 816
f 3205 3208 817
f 3198 817 3208
f 3207 171 3208
f 3080 3208 171
f 3209 818 3212
f 3210 3212 818
f 3092 3212 788
f 3211 788 3212
f 3213 183 3216
f 3214 3216 183
f 3210 3216 821
f 3215 821 3216
f 3215 819 3220
f 3217 3220 819
f 3219 3220 820
f 3218 820 3220
f 3211 821 3222
f 3219 3222 821
f 3095 3222 173
f 3221 173 3222
f 3221 820 3225
f 3223 3225 820
f 3104 3225 791
f 3224 791 3225
f 3218 184 3228
f 3226 3228 184
f 3223 3228 824
f 3227 824 3228
f 3229 3232 822
f 3227 822 3232
f 3232 3230 3231
f 823 3231 3230
f 3231 3234 824
f 3224 824 3234
f 3233 174 3234
f 3107 3234 174
f 823 3235 3233
f 3237 3233 3235
f 3237 3236 3116
f 794 3116 3236
f 185 3238 3230
f 3240 3230 3238
f 3240 3239 3235
f 827 3235 3239
f 825 3241 3239
f 3244 3239 3241
f 3244 3242 3243
f 826 3243 3242
f 827 3243 3236
f 3246 3236 3243
f 3246 3245 3119
f 175 3119 3245
f 826 3247 3245
f 3249 3245 3247
f 3249 3248 3128
f 797 3128 3248
f 186 3250 3242
f 3252 3242 3250
f 3252 3251 3247
f 830 3247 3251
f 828 3253 3251
f 3256 3251 3253
f 3256 3254 3255
f 829 3255 3254
f 830 3255 3248
f 3258 3248 3255
f 3258 3257 3131
f 176 3131 3257
f 829 3259 3257
f 3261 3257 3259
f 3261 3260 3140
f 800 3140 3260
f 187 3262 3254
f 3264 3254 3262
f 3264 3263 3259
f 833 3259 3263
f 831 3265 3263
f 3268 3263 3265
f 3268 3266 3267
f 832 3267 3266
f 833 3267 3260
f 3270 3260 3267
f 3270 3269 3143
f 177 3143 3269
f 832 3271 3269
f 3273 3269 3271
f 3273 3272 3152
f 803 3152 3272
f 188 3274 3266
f 3276 3266 3274
f 3276 3275 3271
f 836 3271 3275
f 834 3277 3275
f 3280 3275 3277
f 3280 3278 3279
f 835 3279 3278
f 836 3279 3272
f 3282 3272 3279
f 3282 3281 3155
f 178 3155 3281
f 835 3283 3281
f 3285 3281 3283
f 3285 3284 3164
f 806 3164 3284
f 189 3286 3278
f 3288 3278 3286
f 3288 3287 3283
f 839 3283 3287
f 837 3289 3287
f 3292 3287 3289
f 3292 3290 3291
f 838 3291 3290
f 839 3291 3284
f 3294 3284 3291
f 3294 3293 3167
f 179 3167 3293
f 838 3295 3293
f 3297 3293 3295
f 3297 3296 3176
f 809 3176 3296
f 190 3298 3290
f 3300 3290 3298
f 3300 3299 3295
f 842 3295 3299
f 840 3301 3299
f 3304 3299 3301
f 3304 3302 3303
f 841 3303 3302
f 842 3303 3296
f 3306 3296 3303
f 3306 3305 3179
f 180 3179 3305
f 841 3307 3305
f 3309 3305 3307
f 3309 3308 3188
f 812 3188 3308
f 191 3310 3302
f 3312 3302 3310
f 3312 3311 3307
f 845 3307 3311
f 843 3313 3311
f 3316 3311 3313
f 3316 3314 3315
f 844 3315 3314
f 845 3315 3308
f 3318 3308 3315
f 3318 3317 3191
f 181 3191 3317
f 844 3319 3317
f 3321 3317 3319
f 3320 815 3321
f 3200 3321 815
f 192 3322 3314
f 3324 3314 3322
f 3324 3323 3319
f 848 3319 3323
f 3325 3328 846
f 3323 846 3328
f 3326 847 3328
f 3327 3328 847
f 3327 3330 848
f 3320 848 3330
f 3330 3329 3203
f 182 3203 3329
f 3331 849 3334
f 3332 3334 849
f 3214 3334 819
f 3333 819 3334
f 194 3336 3335
f 3338 3335 3336
f 3332 3338 852
f 3337 852 3338
f 3337 850 3342
f 3339 3342 850
f 3341 3342 851
f 3340 851 3342
f 3333 852 3344
f 3341 3344 852
f 3217 3344 184
f 3343 184 3344
f 3343 851 3347
f 3345 3347 851
f 3226 3347 822
f 3346 822 3347
f 195 3348 3340
f 3350 3340 3348
f 3350 3349 3345
f 855 3345 3349
f 853 3351 3349
f 3354 3349 3351
f 3354 3352 3353
f 854 3353 3352
f 855 3353 3346
f 3356 3346 3353
f 3356 3355 3229
f 185 3229 3355
f 854 3357 3355
f 3359 3355 3357
f 3359 3358 3238
f 825 3238 3358
f 196 3360 3352
f 3362 3352 3360
f 3362 3361 3357
f 858 3357 3361
f 856 3363 3361
f 3366 3361 3363
f 3366 3364 3365
f 857 3365 3364
f 858 3365 3358
f 3368 3358 3365
f 3368 3367 3241
f 186 3241 3367
f 857 3369 3367
f 3371 3367 3369
f 3371 3370 3250
f 828 3250 3370
f 197 3372 3364
f 3374 3364 3372
f 3374 3373 3369
f 861 3369 3373
f 3375 3378 859
f 3373 859 3378
f 3378 3376 3377
f 860 3377 3376
f 861 3377 3370
f 3380 3370 3377
f 3380 3379 3253
f 187 3253 3379
f 860 3381 3379
f 3383 3379 3381
f 3383 3382 3262
f 831 3262 3382
f 3384 3386 198
f 3376 198 3386
f 3386 3385 3381
f 864 3381 3385
f 3387 3390 862
f 3385 862 3390
f 3390 3388 3389
f 863 3389 3388
f 864 3389 3382
f 3392 3382 3389
f 3392 3391 3265
f 188 3265 3391
f 863 3393 3391
f 3395 3391 3393
f 3395 3394 3274
f 834 3274 3394
f 3396 3398 199
f 3388 199 3398
f 3398 3397 3393
f 867 3393 3397
f 3399 3402 865
f 3397 865 3402
f 3402 3400 3401
f 866 3401 3400
f 867 3401 3394
f 3404 3394 3401
f 3404 3403 3277
f 189 3277 3403
f 866 3405 3403
f 3407 3403 3405
f 3407 3406 3286
f 837 3286 3406
f 200 3408 3400
f 3410 3400 3408
f 3410 3409 3405
f 870 3405 3409
f 3411 3414 868
f 3409 868 3414
f 3414 3412 3413
f 869 3413 3412
f 870 3413 3406
f 3416 3406 3413
f 3416 3415 3289
f 190 3289 3415
f 869 3417 3415
f 3419 3415 3417
f 3419 3418 3298
f 840 3298 3418
f 201 3420 3412
f 3422 3412 3420
f 3422 3421 3417
f 873 3417 3421
f 3423 3426 871
f 3421 871 3426
f 3426 3424 3425
f 872 3425 3424
f 873 3425 3418
f 3428 3418 3425
f 3428 3427 3301
f 191 3301 3427
f 872 3429 3427
f 3431 3427 3429
f 3431 3430 3310
f 843 3310 3430
f 202 3432 3424
f 3434 3424 3432
f 3434 3433 3429
f 876 3429 3433
f 3435 3438 874
f 3433 874 3438
f 3438 3436 3437
f 875 3437 3436
f 876 3437 3430
f 3440 3430 3437
f 3440 3439 3313
f 192 3313 3439
f 875 3441 3439
f 3443 3439 3441
f 3443 3442 3322
f 846 3322 3442
f 3444 3446 203
f 3436 203 3446
f 3446 3445 3441
f 879 3441 3445
f 877 3447 3445
f 3450 3445 3447
f 3449 3450 878
f 3448 878 3450
f 879 3449 3442
f 3452 3442 3449
f 193 3325 3451
f 3452 3451 3325
f 880 3454 3453
f 3456 3453 3454
f 3456 3455 3336
f 850 3336 3455
f 205 3458 3457
f 3460 3457 3458
f 3460 3459 3454
f 883 3454 3459
f 881 3461 3459
f 3464 3459 3461
f 3464 3462 3463
f 882 3463 3462
f 883 3463 3455
f 3466 3455 3463
f 3466 3465 3339
f 195 3339 3465
f 882 3467 3465
f 3469 3465 3467
f 3469 3468 3348
f 853 3348 3468
f 206 3470 3462
f 3472 3462 3470
f 3472 3471 3467
f 886 3467 3471
f 884 3473 3471
f 3476 3471 3473
f 3476 3474 3475
f 885 3475 3474
f 886 3475 3468
f 3478 3468 3475
f 3478 3477 3351
f 196 3351 3477
f 885 3479 3477
f 3481 3477 3479
f 3481 3480 3360
f 856 3360 3480
f 207 3482 3474
f 3484 3474 3482
f 3484 3483 3479
f 889 3479 3483
f 887 3485 3483
f 3488 3483 3485
f 3488 3486 3487
f 888 3487 3486
f 889 3487 3480
f 3490 3480 3487
f 3490 3489 3363
f 197 3363 3489
f 888 3491 3489
f 3493 3489 3491
f 3493 3492 3372
f 859 3372 3492
f 208 3494 3486
f 3496 3486 3494
f 3496 3495 3491
f 892 3491 3495
f 890 3497 3495
f 3500 3495 3497
f 3498 891 3500
f 3499 3500 891
f 3499 3502 892
f 3492 892 3502
f 3501 198 3502
f 3375 3502 198
f 3503 3505 891
f 3501 891 3505
f 3504 862 3505
f 3384 3505 862
f 3506 3508 209
f 3498 209 3508
f 3507 895 3508
f 3503 3508 895
f 3509 3512 893
f 3507 893 3512
f 3510 894 3512
f 3511 3512 894
f 3511 3514 895
f 3504 895 3514
f 3513 199 3514
f 3387 3514 199
f 3515 3517 894
f 3513 894 3517
f 3516 865 3517
f 3396 3517 865
f 3518 3520 210
f 3510 210 3520
f 3519 898 3520
f 3515 3520 898
f 3521 3524 896
f 3519 896 3524
f 3522 897 3524
f 3523 3524 897
f 3523 3526 898
f 3516 898 3526
f 3525 200 3526
f 3399 3526 200
f 897 3527 3525
f 3529 3525 3527
f 3529 3528 3408
f 868 3408 3528
f 211 3530 3522
f 3532 3522 3530
f 3532 3531 3527
f 901 3527 3531
f 3533 3536 899
f 3531 899 3536
f 3534 900 3536
f 3535 3536 900
f 3535 3538 901
f 3528 901 3538
f 3537 201 3538
f 3411 3538 201
f 900 3539 3537
f 3541 3537 3539
f 3541 3540 3420
f 871 3420 3540
f 212 3542 3534
f 3544 3534 3542
f 3544 3543 3539
f 904 3539 3543
f 3545 3548 902
f 3543 902 3548
f 3546 903 3548
f 3547 3548 903
f 3547 3550 904
f 3540 904 3550
f 3549 202 3550
f 3423 3550 202
f 903 3551 3549
f 3553 3549 3551
f 3552 874 3553
f 3432 3553 874
f 213 3554 3546
f 3556 3546 3554
f 3555 907 3556
f 3551 3556 907
f 3557 3560 905
f 3555 905 3560
f 3558 906 3560
f 3559 3560 906
f 3559 3562 907
f 3552 907 3562
f 3561 203 3562
f 3435 3562 203
f 3563 3565 906
f 3561 906 3565
f 3444 3565 877
f 3564 877 3565
f 3566 3568 214
f 3558 214 3568
f 3567 910 3568
f 3563 3568 910
f 3569 3572 908
f 3567 908 3572
f 3570 909 3572
f 3571 3572 909
f 3564 910 3574
f 3571 3574 910
f 3447 3574 204
f 3573 204 3574
f 3575 911 3578
f 3576 3578 911
f 3578 3577 3458
f 881 3458 3577
f 3579 216 3582
f 3580 3582 216
f 3576 3582 914
f 3581 914 3582
f 912 3583 3581
f 3586 3581 3583
f 3586 3584 3585
f 913 3585 3584
f 3577 914 3588
f 3585 3588 914
f 3588 3587 3461
f 206 3461 3587
f 913 3589 3587
f 3591 3587 3589
f 3591 3590 3470
f 884 3470 3590
f 217 3592 3584
f 3594 3584 3592
f 3594 3593 3589
f 917 3589 3593
f 915 3595 3593
f 3598 3593 3595
f 3598 3596 3597
f 916 3597 3596
f 917 3597 3590
f 3600 3590 3597
f 3600 3599 3473
f 207 3473 3599
f 916 3601 3599
f 3603 3599 3601
f 3603 3602 3482
f 887 3482 3602
f 218 3604 3596
f 3606 3596 3604
f 3606 3605 3601
f 920 3601 3605
f 918 3607 3605
f 3610 3605 3607
f 3610 3608 3609
f 919 3609 3608
f 920 3609 3602
f 3612 3602 3609
f 3612 3611 3485
f 208 3485 3611
f 919 3613 3611
f 3615 3611 3613
f 3615 3614 3494
f 890 3494 3614
f 219 3616 3608
f 3618 3608 3616
f 3618 3617 3613
f 923 3613 3617
f 921 3619 3617
f 3622 3617 3619
f 3622 3620 3621
f 922 3621 3620
f 923 3621 3614
f 3624 3614 3621
f 3624 3623 3497
f 209 3497 3623
f 922 3625 3623
f 3627 3623 3625
f 3627 3626 3506
f 893 3506 3626
f 220 3628 3620
f 3630 3620 3628
f 3630 3629 3625
f 926 3625 3629
f 924 3631 3629
f 3634 3629 3631
f 3632 925 3634
f 3633 3634 925
f 3633 3636 926
f 3626 926 3636
f 3635 210 3636
f 3509 3636 210
f 3637 3639 925
f 3635 925 3639
f 3638 896 3639
f 3518 3639 896
f 3640 3642 221
f 3632 221 3642
f 3641 929 3642
f 3637 3642 929
f 3643 3646 927
f 3641 927 3646
f 3644 928 3646
f 3645 3646 928
f 3645 3648 929
f 3638 929 3648
f 3647 211 3648
f 3521 3648 211
f 928 3649 3647
f 3651 3647 3649
f 3651 3650 3530
f 899 3530 3650
f 3652 3654 222
f 3644 222 3654
f 3654 3653 3649
f 932 3649 3653
f 3655 3658 930
f 3653 930 3658
f 3656 931 3658
f 3657 3658 931
f 3657 3660 932
f 3650 932 3660
f 3659 212 3660
f 3533 3660 212
f 931 3661 3659
f 3663 3659 3661
f 3663 3662 3542
f 902 3542 3662
f 223 3664 3656
f 3666 3656 3664
f 3666 3665 3661
f 935 3661 3665
f 3667 3670 933
f 3665 933 3670
f 3668 934 3670
f 3669 3670 934
f 3669 3672 935
f 3662 935 3672
f 3671 213 3672
f 3545 3672 213
f 934 3673 3671
f 3675 3671 3673
f 3674 905 3675
f 3554 3675 905
f 224 3676 3668
f 3678 3668 3676
f 3678 3677 3673
f 938 3673 3677
f 3682 3677 3679
f 936 3679 3677
f 937 3681 3680
f 3682 3680 3681
f 3681 3684 938
f 3674 938 3684
f 3683 214 3684
f 3557 3684 214
f 3685 3687 937
f 3683 937 3687
f 3686 908 3687
f 3566 3687 908
f 3690 3680 3688
f 225 3688 3680
f 941 3685 3689
f 3690 3689 3685
f 3694 3689 3691
f 939 3691 3689
f 940 3693 3692
f 3694 3692 3693
f 3696 3686 3693
f 941 3693 3686
f 215 3569 3695
f 3696 3695 3569
f 942 3698 3697
f 3700 3697 3698
f 3700 3699 3580
f 912 3580 3699
f 227 3702 3701
f 3704 3701 3702
f 3704 3703 3698
f 945 3698 3703
f 943 3705 3703
f 3708 3703 3705
f 3708 3706 3707
f 944 3707 3706
f 945 3707 3699
f 3710 3699 3707
f 3710 3709 3583
f 217 3583 3709
f 944 3711 3709
f 3713 3709 3711
f 3713 3712 3592
f 915 3592 3712
f 228 3714 3706
f 3716 3706 3714
f 3716 3715 3711
f 948 3711 3715
f 946 3717 3715
f 3720 3715 3717
f 3720 3718 3719
f 947 3719 3718
f 948 3719 3712
f 3722 3712 3719
f 3722 3721 3595
f 218 3595 3721
f 3721 947 3725
f 3723 3725 947
f 3604 3725 918
f 3724 918 3725
f 3718 229 3728
f 3726 3728 229
f 3723 3728 951
f 3727 951 3728
f 3727 949 3732
f 3729 3732 949
f 3731 3732 950
f 3730 950 3732
f 3724 951 3734
f 3731 3734 951
f 3607 3734 219
f 3733 219 3734
f 3733 950 3737
f 3735 3737 950
f 3616 3737 921
f 3736 921 3737
f 3730 230 3740
f 3738 3740 230
f 3735 3740 954
f 3739 954 3740
f 3739 952 3744
f 3741 3744 952
f 3743 3744 953
f 3742 953 3744
f 3736 954 3746
f 3743 3746 954
f 3619 3746 220
f 3745 220 3746
f 3745 953 3749
f 3747 3749 953
f 924 3628 3748
f 3749 3748 3628
f 3742 231 3752
f 3750 3752 231
f 3747 3752 957
f 3751 957 3752
f 3756 3751 3753
f 955 3753 3751
f 956 3755 3754
f 3756 3754 3755
f 3758 3748 3755
f 957 3755 3748
f 221 3631 3757
f 3758 3757 3631
f 3761 3757 3759
f 956 3759 3757
f 927 3640 3760
f 3761 3760 3640
f 3764 3754 3762
f 232 3762 3754
f 960 3759 3763
f 3764 3763 3759
f 3768 3763 3765
f 958 3765 3763
f 959 3767 3766
f 3768 3766 3767
f 3770 3760 3767
f 960 3767 3760
f 222 3643 3769
f 3770 3769 3643
f 3769 959 3773
f 3771 3773 959
f 3652 3773 930
f 3772 930 3773
f 3766 233 3776
f 3774 3776 233
f 3771 3776 963
f 3775 963 3776
f 3780 3775 3777
f 961 3777 3775
f 962 3779 3778
f 3780 3778 3779
f 3782 3772 3779
f 963 3779 3772
f 223 3655 3781
f 3782 3781 3655
f 3781 962 3785
f 3783 3785 962
f 3664 3785 933
f 3784 933 3785
f 3778 234 3788
f 3786 3788 234
f 3783 3788 966
f 3787 966 3788
f 3792 3787 3789
f 964 3789 3787
f 965 3791 3790
f 3792 3790 3791
f 3794 3784 3791
f 966 3791 3784
f 224 3667 3793
f 3794 3793 3667
f 3793 965 3797
f 3795 3797 965
f 936 3676 3796
f 3797 3796 3676
f 3790 235 3800
f 3798 3800 235
f 969 3795 3799
f 3800 3799 3795
f 3804 3799 3801
f 967 3801 3799
f 968 3803 3802
f 3804 3802 3803
f 3806 3796 3803
f 969 3803 3796
f 225 3679 3805
f 3806 3805 3679
f 3809 3805 3807
f 968 3807 3805
f 939 3688 3808
f 3809 3808 3688
f 3812 3802 3810
f 236 3810 3802
f 972 3807 3811
f 3812 3811 3807
f 3816 3811 3813
f 970 3813 3811
f 971 3815 3814
f 3816 3814 3815
f 3818 3808 3815
f 972 3815 3808
f 226 3691 3817
f 3818 3817 3691
f 3822 3819 3820
f 973 3820 3819
f 3822 3821 3702
f 943 3702 3821
f 3826 3823 3824
f 238 3824 3823
f 976 3820 3825
f 3826 3825 3820
f 3830 3825 3827
f 974 3827 3825
f 975 3829 3828
f 3830 3828 3829
f 3832 3821 3829
f 976 3829 3821
f 3832 3831 3705
f 228 3705 3831
f 975 3833 3831
f 3835 3831 3833
f 3835 3834 3714
f 946 3714 3834
f 3838 3828 3836
f 239 3836 3828
f 979 3833 3837
f 3838 3837 3833
f 3842 3837 3839
f 977 3839 3837
f 978 3841 3840
f 3842 3840 3841
f 3844 3834 3841
f 979 3841 3834
f 3844 3843 3717
f 229 3717 3843
f 3843 978 3847
f 3845 3847 978
f 3726 3847 949
f 3846 949 3847
f 3840 240 3850
f 3848 3850 240
f 3845 3850 982
f 3849 982 3850
f 3849 980 3854
f 3851 3854 980
f 3853 3854 981
f 3852 981 3854
f 3846 982 3856
f 3853 3856 982
f 3729 3856 230
f 3855 230 3856
f 3855 981 3859
f 3857 3859 981
f 3738 3859 952
f 3858 952 3859
f 3862 3852 3860
f 241 3860 3852
f 985 3857 3861
f 3862 3861 3857
f 3866 3861 3863
f 983 3863 3861
f 984 3865 3864
f 3866 3864 3865
f 3868 3858 3865
f 985 3865 3858
f 3741 3868 231
f 3867 231 3868
f 3871 3867 3869
f 984 3869 3867
f 955 3750 3870
f 3871 3870 3750
f 3874 3864 3872
f 242 3872 3864
f 988 3869 3873
f 3874 3873 3869
f 3878 3873 3875
f 986 3875 3873
f 987 3877 3876
f 3878 3876 3877
f 3880 3870 3877
f 988 3877 3870
f 232 3753 3879
f 3880 3879 3753
f 3883 3879 3881
f 987 3881 3879
f 958 3762 3882
f 3883 3882 3762
f 3876 243 3886
f 3884 3886 243
f 3881 3886 991
f 3885 991 3886
f 3890 3885 3887
f 989 3887 3885
f 990 3889 3888
f 3890 3888 3889
f 3892 3882 3889
f 991 3889 3882
f 233 3765 3891
f 3892 3891 3765
f 3891 990 3895
f 3893 3895 990
f 3774 3895 961
f 3894 961 3895
f 3888 244 3898
f 3896 3898 244
f 3893 3898 994
f 3897 994 3898
f 3902 3897 3899
f 992 3899 3897
f 993 3901 3900
f 3902 3900 3901
f 3904 3894 3901
f 994 3901 3894
f 234 3777 3903
f 3904 3903 3777
f 3903 993 3907
f 3905 3907 993
f 3786 3907 964
f 3906 964 3907
f 3900 245 3910
f 3908 3910 245
f 3905 3910 997
f 3909 997 3910
f 3914 3909 3911
f 995 3911 3909
f 996 3913 3912
f 3914 3912 3913
f 3916 3906 3913
f 997 3913 3906
f 235 3789 3915
f 3916 3915 3789
f 3915 996 3919
f 3917 3919 996
f 967 3798 3918
f 3919 3918 3798
f 3912 246 3922
f 3920 3922 246
f 1000 3917 3921
f 3922 3921 3917
f 3926 3921 3923
f 998 3923 3921
f 999 3925 3924
f 3926 3924 3925
f 3928 3918 3925
f 1000 3925 3918
f 236 3801 3927
f 3928 3927 3801
f 3931 3927 3929
f 999 3929 3927
f 970 3810 3930
f 3931 3930 3810
f 3924 247 3934
f 3932 3934 247
f 1003 3929 3933
f 3934 3933 3929
f 3938 3933 3935
f 1001 3935 3933
f 1002 3937 3936
f 3938 3936 3937
f 3940 3930 3937
f 1003 3937 3930
f 237 3813 3939
f 3940 3939 3813
f 3941 1004 3944
f 3942 3944 1004
f 974 3824 3943
f 3944 3943 3824
f 3945 249 3948
f 3946 3948 249
f 3942 3948 1007
f 3947 1007 3948
f 3947 1005 3952
f 3949 3952 1005
f 3951 3952 1006
f 3950 1006 3952
f 3943 1007 3954
f 3951 3954 1007
f 239 3827 3953
f 3954 3953 3827
f 3953 1006 3957
f 3955 3957 1006
f 977 3836 3956
f 3957 3956 3836
f 3950 250 3960
f 3958 3960 250
f 3955 3960 1010
f 3959 1010 3960
f 3959 1008 3964
f 3961 3964 1008
f 3963 3964 1009
f 3962 1009 3964
f 3956 1010 3966
f 3963 3966 1010
f 240 3839 3965
f 3966 3965 3839
f 3965 1009 3969
f 3967 3969 1009
f 3848 3969 980
f 3968 980 3969
f 3962 251 3972
f 3970 3972 251
f 3967 3972 1013
f 3971 1013 3972
f 3971 1011 3976
f 3973 3976 1011
f 3975 3976 1012
f 3974 1012 3976
f 3968 1013 3978
f 3975 3978 1013
f 3851 3978 241
f 3977 241 3978
f 3977 1012 3981
f 3979 3981 1012
f 983 3860 3980
f 3981 3980 3860
f 3974 252 3984
f 3982 3984 252
f 3979 3984 1016
f 3983 1016 3984
f 3983 1014 3988
f 3985 3988 1014
f 3987 3988 1015
f 3986 1015 3988
f 3980 1016 3990
f 3987 3990 1016
f 242 3863 3989
f 3990 3989 3863
f 3989 1015 3993
f 3991 3993 1015
f 986 3872 3992
f 3993 3992 3872
f 3986 253 3996
f 3994 3996 253
f 3991 3996 1019
f 3995 1019 3996
f 3995 1017 4000
f 3997 4000 1017
f 3999 4000 1018
f 3998 1018 4000
f 3992 1019 4002
f 3999 4002 1019
f 243 3875 4001
f 4002 4001 3875
f 4001 1018 4005
f 4003 4005 1018
f 3884 4005 989
f 4004 989 4005
f 3998 254 4008
f 4006 4008 254
f 4003 4008 1022
f 4007 1022 4008
f 4007 1020 4012
f 4009 4012 1020
f 4011 4012 1021
f 4010 1021 4012
f 4004 1022 4014
f 4011 4014 1022
f 244 3887 4013
f 4014 4013 3887
f 4013 1021 4017
f 4015 4017 1021
f 3896 4017 992
f 4016 992 4017
f 4010 255 4020
f 4018 4020 255
f 4015 4020 1025
f 4019 1025 4020
f 4019 1023 4024
f 4021 4024 1023
f 4023 4024 1024
f 4022 1024 4024
f 4016 1025 4026
f 4023 4026 1025
f 245 3899 4025
f 4026 4025 3899
f 4025 1024 4029
f 4027 4029 1024
f 3908 4029 995
f 4028 995 4029
f 4022 256 4032
f 4030 4032 256
f 4027 4032 1028
f 4031 1028 4032
f 4031 1026 4036
f 4033 4036 1026
f 4035 4036 1027
f 4034 1027 4036
f 4028 1028 4038
f 4035 4038 1028
f 246 3911 4037
f 4038 4037 3911
f 4037 1027 4041
f 4039 4041 1027
f 3920 4041 998
f 4040 998 4041
f 4034 257 4044
f 4042 4044 257
f 4039 4044 1031
f 4043 1031 4044
f 4043 1029 4048
f 4045 4048 1029
f 4047 4048 1030
f 4046 1030 4048
f 4040 1031 4050
f 4047 4050 1031
f 247 3923 4049
f 4050 4049 3923
f 4049 1030 4053
f 4051 4053 1030
f 3932 4053 1001
f 4052 1001 4053
f 4046 258 4056
f 4054 4056 258
f 4051 4056 1034
f 4055 1034 4056
f 4055 1032 4060
f 4057 4060 1032
f 4059 4060 1033
f 4058 1033 4060
f 4052 1034 4062
f 4059 4062 1034
f 248 3935 4061
f 4062 4061 3935
f 4063 1035 4066
f 4064 4066 1035
f 3946 4066 1005
f 4065 1005 4066
f 4067 260 4070
f 4068 4070 260
f 4064 4070 1038
f 4069 1038 4070
f 4069 1036 4074
f 4071 4074 1036
f 4073 4074 1037
f 4072 1037 4074
f 4065 1038 4076
f 4073 4076 1038
f 3949 4076 250
f 4075 250 4076
f 4075 1037 4079
f 4077 4079 1037
f 3958 4079 1008
f 4078 1008 4079
f 4072 261 4082
f 4080 4082 261
f 4077 4082 1041
f 4081 1041 4082
f 4081 1039 4086
f 4083 4086 1039
f 4085 4086 1040
f 4084 1040 4086
f 4078 1041 4088
f 4085 4088 1041
f 3961 4088 251
f 4087 251 4088
f 4087 1040 4091
f 4089 4091 1040
f 3970 4091 1011
f 4090 1011 4091
f 4084 262 4094
f 4092 4094 262
f 4089 4094 1044
f 4093 1044 4094
f 4093 1042 4098
f 4095 4098 1042
f 4097 4098 1043
f 4096 1043 4098
f 4090 1044 4100
f 4097 4100 1044
f 3973 4100 252
f 4099 252 4100
f 4099 1043 4103
f 4101 4103 1043
f 3982 4103 1014
f 4102 1014 4103
f 4096 263 4106
f 4104 4106 263
f 4101 4106 1047
f 4105 1047 4106
f 4105 1045 4110
f 4107 4110 1045
f 4109 4110 1046
f 4108 1046 4110
f 4102 1047 4112
f 4109 4112 1047
f 3985 4112 253
f 4111 253 4112
f 4111 1046 4115
f 4113 4115 1046
f 3994 4115 1017
f 4114 1017 4115
f 4108 264 4118
f 4116 4118 264
f 4113 4118 1050
f 4117 1050 4118
f 4117 1048 4122
f 4119 4122 1048
f 4121 4122 1049
f 4120 1049 4122
f 4114 1050 4124
f 4121 4124 1050
f 3997 4124 254
f 4123 254 4124
f 4123 1049 4127
f 4125 4127 1049
f 4006 4127 1020
f 4126 1020 4127
f 4120 265 4130
f 4128 4130 265
f 4125 4130 1053
f 4129 1053 4130
f 4129 1051 4134
f 4131 4134 1051
f 4133 4134 1052
f 4132 1052 4134
f 4126 1053 4136
f 4133 4136 1053
f 4009 4136 255
f 4135 255 4136
f 4135 1052 4139
f 4137 4139 1052
f 4018 4139 1023
f 4138 1023 4139
f 4132 266 4142
f 4140 4142 266
f 4137 4142 1056
f 4141 1056 4142
f 4141 1054 4146
f 4143 4146 1054
f 4145 4146 1055
f 4144 1055 4146
f 4138 1056 4148
f 4145 4148 1056
f 4021 4148 256
f 4147 256 4148
f 4147 1055 4151
f 4149 4151 1055
f 4030 4151 1026
f 4150 1026 4151
f 4144 267 4154
f 4152 4154 267
f 4149 4154 1059
f 4153 1059 4154
f 4153 1057 4158
f 4155 4158 1057
f 4157 4158 1058
f 4156 1058 4158
f 4150 1059 4160
f 4157 4160 1059
f 4033 4160 257
f 4159 257 4160
f 4159 1058 4163
f 4161 4163 1058
f 4042 4163 1029
f 4162 1029 4163
f 4156 268 4166
f 4164 4166 268
f 4161 4166 1062
f 4165 1062 4166
f 4165 1060 4170
f 4167 4170 1060
f 4169 4170 1061
f 4168 1061 4170
f 4162 1062 4172
f 4169 4172 1062
f 4045 4172 258
f 4171 258 4172
f 4171 1061 4175
f 4173 4175 1061
f 4054 4175 1032
f 4174 1032 4175
f 4168 269 4178
f 4176 4178 269
f 4173 4178 1065
f 4177 1065 4178
f 4177 1063 4182
f 4179 4182 1063
f 4181 4182 1064
f 4180 1064 4182
f 4174 1065 4184
f 4181 4184 1065
f 4057 4184 259
f 4183 259 4184
f 4188 4185 4186
f 1066 4186 4185
f 1036 4068 4187
f 4188 4187 4068
f 4192 4189 4190
f 271 4190 4189
f 1069 4186 4191
f 4192 4191 4186
f 4196 4191 4193
f 1067 4193 4191
f 1068 4195 4194
f 4196 4194 4195
f 4198 4187 4195
f 1069 4195 4187
f 261 4071 4197
f 4198 4197 4071
f 4201 4197 4199
f 1068 4199 4197
f 4080 4201 1039
f 4200 1039 4201
f 4204 4194 4202
f 272 4202 4194
f 1072 4199 4203
f 4204 4203 4199
f 4208 4203 4205
f 1070 4205 4203
f 1071 4207 4206
f 4208 4206 4207
f 4210 4200 4207
f 1072 4207 4200
f 262 4083 4209
f 4210 4209 4083
f 4213 4209 4211
f 1071 4211 4209
f 4092 4213 1042
f 4212 1042 4213
f 4216 4206 4214
f 273 4214 4206
f 1075 4211 4215
f 4216 4215 4211
f 4220 4215 4217
f 1073 4217 4215
f 1074 4219 4218
f 4220 4218 4219
f 4222 4212 4219
f 1075 4219 4212
f 263 4095 4221
f 4222 4221 4095
f 4221 1074 4225
f 4223 4225 1074
f 4104 4225 1045
f 4224 1045 4225
f 4228 4218 4226
f 274 4226 4218
f 4223 4228 1078
f 4227 1078 4228
f 4232 4227 4229
f 1076 4229 4227
f 1077 4231 4230
f 4232 4230 4231
f 4234 4224 4231
f 1078 4231 4224
f 264 4107 4233
f 4234 4233 4107
f 4233 1077 4237
f 4235 4237 1077
f 4116 4237 1048
f 4236 1048 4237
f 4230 275 4240
f 4238 4240 275
f 4235 4240 1081
f 4239 1081 4240
f 4244 4239 4241
f 1079 4241 4239
f 1080 4243 4242
f 4244 4242 4243
f 4246 4236 4243
f 1081 4243 4236
f 265 4119 4245
f 4246 4245 4119
f 4245 1080 4249
f 4247 4249 1080
f 4128 4249 1051
f 4248 1051 4249
f 4242 276 4252
f 4250 4252 276
f 4247 4252 1084
f 4251 1084 4252
f 4256 4251 4253
f 1082 4253 4251
f 1083 4255 4254
f 4256 4254 4255
f 4258 4248 4255
f 1084 4255 4248
f 266 4131 4257
f 4258 4257 4131
f 4257 1083 4261
f 4259 4261 1083
f 4140 4261 1054
f 4260 1054 4261
f 4254 277 4264
f 4262 4264 277
f 4259 4264 1087
f 4263 1087 4264
f 4268 4263 4265
f 1085 4265 4263
f 1086 4267 4266
f 4268 4266 4267
f 4270 4260 4267
f 1087 4267 4260
f 267 4143 4269
f 4270 4269 4143
f 4269 1086 4273
f 4271 4273 1086
f 4152 4273 1057
f 4272 1057 4273
f 4266 278 4276
f 4274 4276 278
f 4271 4276 1090
f 4275 1090 4276
f 4280 4275 4277
f 1088 4277 4275
f 1089 4279 4278
f 4280 4278 4279
f 4282 4272 4279
f 1090 4279 4272
f 268 4155 4281
f 4282 4281 4155
f 4281 1089 4285
f 4283 4285 1089
f 4164 4285 1060
f 4284 1060 4285
f 4278 279 4288
f 4286 4288 279
f 4283 4288 1093
f 4287 1093 4288
f 4292 4287 4289
f 1091 4289 4287
f 1092 4291 4290
f 4292 4290 4291
f 4294 4284 4291
f 1093 4291 4284
f 269 4167 4293
f 4294 4293 4167
f 4293 1092 4297
f 4295 4297 1092
f 4176 4297 1063
f 4296 1063 4297
f 4290 280 4300
f 4298 4300 280
f 4295 4300 1096
f 4299 1096 4300
f 4304 4299 4301
f 1094 4301 4299
f 1095 4303 4302
f 4304 4302 4303
f 4306 4296 4303
f 1096 4303 4296
f 270 4179 4305
f 4306 4305 4179
f 4310 4307 4308
f 1097 4308 4307
f 1067 4190 4309
f 4310 4309 4190
f 4311 150 4313
f 2948 4313 150
f 4308 4313 1099
f 4312 1099 4313
f 4312 749 4316
f 2959 4316 749
f 4315 4316 1098
f 4314 1098 4316
f 4318 4309 4315
f 1099 4315 4309
f 272 4193 4317
f 4318 4317 4193
f 4321 4317 4319
f 1098 4319 4317
f 1070 4202 4320
f 4321 4320 4202
f 4314 151 4323
f 2963 4323 151
f 1101 4319 4322
f 4323 4322 4319
f 4322 753 4326
f 2973 4326 753
f 1100 4325 4324
f 4326 4324 4325
f 4328 4320 4325
f 1101 4325 4320
f 273 4205 4327
f 4328 4327 4205
f 4331 4327 4329
f 1100 4329 4327
f 1073 4214 4330
f 4331 4330 4214
f 4324 152 4333
f 2977 4333 152
f 1103 4329 4332
f 4333 4332 4329
f 4332 757 4336
f 2987 4336 757
f 1102 4335 4334
f 4336 4334 4335
f 4338 4330 4335
f 1103 4335 4330
f 274 4217 4337
f 4338 4337 4217
f 4341 4337 4339
f 1102 4339 4337
f 1076 4226 4340
f 4341 4340 4226
f 4343 4334 2991
f 153 2991 4334
f 1105 4339 4342
f 4343 4342 4339
f 4346 4342 3001
f 761 3001 4342
f 1104 4345 4344
f 4346 4344 4345
f 4348 4340 4345
f 1105 4345 4340
f 275 4229 4347
f 4348 4347 4229
f 4351 4347 4349
f 1104 4349 4347
f 4238 4351 1079
f 4350 1079 4351
f 4353 4344 3005
f 154 3005 4344
f 1107 4349 4352
f 4353 4352 4349
f 4356 4352 3015
f 765 3015 4352
f 1106 4355 4354
f 4356 4354 4355
f 4358 4350 4355
f 1107 4355 4350
f 276 4241 4357
f 4358 4357 4241
f 4357 1106 4361
f 4359 4361 1106
f 4250 4361 1082
f 4360 1082 4361
f 4354 155 4363
f 3019 4363 155
f 4359 4363 1109
f 4362 1109 4363
f 4366 4362 3029
f 769 3029 4362
f 1108 4365 4364
f 4366 4364 4365
f 4368 4360 4365
f 1109 4365 4360
f 277 4253 4367
f 4368 4367 4253
f 4367 1108 4371
f 4369 4371 1108
f 4262 4371 1085
f 4370 1085 4371
f 4364 156 4373
f 3033 4373 156
f 4369 4373 1111
f 4372 1111 4373
f 4376 4372 3043
f 773 3043 4372
f 1110 4375 4374
f 4376 4374 4375
f 4378 4370 4375
f 1111 4375 4370
f 278 4265 4377
f 4378 4377 4265
f 4377 1110 4381
f 4379 4381 1110
f 4274 4381 1088
f 4380 1088 4381
f 4374 157 4383
f 3047 4383 157
f 4379 4383 1113
f 4382 1113 4383
f 4386 4382 3057
f 777 3057 4382
f 1112 4385 4384
f 4386 4384 4385
f 4388 4380 4385
f 1113 4385 4380
f 279 4277 4387
f 4388 4387 4277
f 4387 1112 4391
f 4389 4391 1112
f 4286 4391 1091
f 4390 1091 4391
f 4384 158 4393
f 3061 4393 158
f 4389 4393 1115
f 4392 1115 4393
f 4396 4392 3071
f 781 3071 4392
f 1114 4395 4394
f 4396 4394 4395
f 4398 4390 4395
f 1115 4395 4390
f 280 4289 4397
f 4398 4397 4289
f 4397 1114 4401
f 4399 4401 1114
f 4298 4401 1094
f 4400 1094 4401
f 4394 159 4403
f 3075 4403 159
f 4399 4403 1117
f 4402 1117 4403
f 4406 4402 3085
f 785 3085 4402
f 1116 4405 4404
f 4406 4404 4405
f 4408 4400 4405
f 1117 4405 4400
f 281 4301 4407
f 4408 4407 4301
f 4409 1118 4412
f 4410 4412 1118
f 4412 4411 3331
f 849 3331 4411
f 4414 4416 282
f 4413 282 4416
f 4410 4416 1121
f 4415 1121 4416
f 4417 4420 1119
f 4415 1119 4420
f 4418 1120 4420
f 4419 4420 1120
f 4419 4422 1121
f 4411 1121 4422
f 4421 194 4422
f 3335 4422 194
f 4423 4425 1120
f 4421 1120 4425
f 3453 4425 880
f 4424 880 4425
f 4426 4428 283
f 4418 283 4428
f 4427 1124 4428
f 4423 4428 1124
f 4429 4432 1122
f 4427 1122 4432
f 4431 4432 1123
f 4430 1123 4432
f 4424 1124 4434
f 4431 4434 1124
f 3457 4434 205
f 4433 205 4434
f 4436 4438 1125
f 4435 1125 4438
f 4437 1119 4438
f 4414 4438 1119
f 4440 4442 285
f 4439 285 4442
f 4441 1128 4442
f 4436 4442 1128
f 4443 4446 1126
f 4441 1126 4446
f 4444 1127 4446
f 4445 4446 1127
f 4445 4448 1128
f 4437 1128 4448
f 4447 283 4448
f 4417 4448 283
f 4449 4451 1127
f 4447 1127 4451
f 4450 1122 4451
f 4426 4451 1122
f 286 4452 4444
f 4454 4444 4452
f 4454 4453 4449
f 1131 4449 4453
f 1129 4455 4453
f 4458 4453 4455
f 4456 1130 4458
f 4457 4458 1130
f 4457 4460 1131
f 4450 1131 4460
f 4429 4460 284
f 4459 284 4460
f 4461 1132 4464
f 4462 4464 1132
f 4440 4464 1126
f 4463 1126 4464
f 4465 288 4468
f 4466 4468 288
f 4462 4468 1135
f 4467 1135 4468
f 4467 1133 4472
f 4469 4472 1133
f 4472 4470 4471
f 1134 4471 4470
f 4463 1135 4474
f 4471 4474 1135
f 4474 4473 4443
f 286 4443 4473
f 1134 4475 4473
f 4477 4473 4475
f 4477 4476 4452
f 1129 4452 4476
f 289 4478 4470
f 4480 4470 4478
f 4480 4479 4475
f 1138 4475 4479
f 1136 4481 4479
f 4484 4479 4481
f 4484 4482 4483
f 1137 4483 4482
f 1138 4483 4476
f 4486 4476 4483
f 4486 4485 4455
f 287 4455 4485
f 4487 1139 4490
f 4488 4490 1139
f 4482 4490 1137
f 4489 1137 4490
f 4491 292 4494
f 4492 4494 292
f 4488 4494 1142
f 4493 1142 4494
f 4493 1140 4498
f 4495 4498 1140
f 4497 4498 1141
f 4496 1141 4498
f 4489 1142 4500
f 4497 4500 1142
f 4485 4500 287
f 4499 287 4500
f 4501 1143 4504
f 4502 4504 1143
f 3570 4504 909
f 4503 909 4504
f 4508 4505 4506
f 295 4506 4505
f 4502 4508 1146
f 4507 1146 4508
f 4507 1144 4512
f 4509 4512 1144
f 1145 4511 4510
f 4512 4510 4511
f 4503 1146 4514
f 4511 4514 1146
f 3573 4514 204
f 4513 204 4514
f 1145 4515 4513
f 4517 4513 4515
f 4517 4516 3448
f 878 3448 4516
f 4520 4510 4518
f 294 4518 4510
f 4520 4519 4515
f 1149 4515 4519
f 1147 4521 4519
f 4524 4519 4521
f 4524 4522 4523
f 1148 4523 4522
f 1149 4523 4516
f 4526 4516 4523
f 193 3451 4525
f 4526 4525 3451
f 4530 4527 4528
f 1150 4528 4527
f 4506 4530 1144
f 4529 1144 4530
f 4531 298 4534
f 4532 4534 298
f 4528 4534 1153
f 4533 1153 4534
f 4533 1151 4538
f 4535 4538 1151
f 4537 4538 1152
f 4536 1152 4538
f 4529 1153 4540
f 4537 4540 1153
f 294 4509 4539
f 4540 4539 4509
f 4543 4539 4541
f 1152 4541 4539
f 1147 4518 4542
f 4543 4542 4518
f 4546 4536 4544
f 297 4544 4536
f 1156 4541 4545
f 4546 4545 4541
f 4550 4545 4547
f 1154 4547 4545
f 1155 4549 4548
f 4550 4548 4549
f 4552 4542 4549
f 1156 4549 4542
f 293 4521 4551
f 4552 4551 4521
f 4554 4557 1157
f 4553 1157 4557
f 4555 1159 4557
f 4556 4557 1159
f 1340 4560 1
f 4558 1 4560
f 4559 1160 4560
f 4554 4560 1160
f 1351 4563 338
f 4559 338 4563
f 4561 1158 4563
f 4562 4563 1158
f 4562 4566 1160
f 4555 1160 4566
f 4564 316 4566
f 4565 4566 316
f 4570 4567 4568
f 1161 4568 4567
f 373 1470 4569
f 4570 4569 1470
f 4572 4574 328
f 4571 328 4574
f 4573 1164 4574
f 4568 4574 1164
f 4575 4578 1162
f 4573 1162 4578
f 4576 1163 4578
f 4577 4578 1163
f 4580 4569 4577
f 1164 4577 4569
f 22 1473 4579
f 4580 4579 1473
f 4581 4584 1158
f 4564 1158 4584
f 4582 1166 4584
f 4583 4584 1166
f 4561 12 4586
f 1481 4586 12
f 4581 4586 1167
f 4585 1167 4586
f 4585 378 4589
f 1491 4589 378
f 4588 4589 1165
f 4587 1165 4589
f 4582 1167 4592
f 4588 4592 1167
f 4590 317 4592
f 4591 4592 317
f 4595 4579 4593
f 1163 4593 4579
f 404 1592 4594
f 4595 4594 1592
f 4596 4598 318
f 4576 318 4598
f 1170 4593 4597
f 4598 4597 4593
f 4602 4597 4599
f 1168 4599 4597
f 1169 4601 4600
f 4602 4600 4601
f 4604 4594 4601
f 1170 4601 4594
f 33 1595 4603
f 4604 4603 1595
f 4605 4608 1165
f 4590 1165 4608
f 4606 1172 4608
f 4607 4608 1172
f 4587 23 4610
f 1603 4610 23
f 4609 1173 4610
f 4605 4610 1173
f 4609 409 4613
f 1613 4613 409
f 4611 1171 4613
f 4612 4613 1171
f 4612 4616 1173
f 4606 1173 4616
f 4614 305 4616
f 4615 4616 305
f 4619 4603 4617
f 1169 4617 4603
f 435 1714 4618
f 4619 4618 1714
f 4620 4622 319
f 4600 319 4622
f 1176 4617 4621
f 4622 4621 4617
f 4626 4621 4623
f 1174 4623 4621
f 4625 4626 1175
f 4624 1175 4626
f 4628 4618 4625
f 1176 4625 4618
f 44 1717 4627
f 4628 4627 1717
f 4630 4633 1177
f 4629 1177 4633
f 4631 1179 4633
f 4632 4633 1179
f 56 1969 4634
f 4636 4634 1969
f 4635 1180 4636
f 4630 4636 1180
f 4635 502 4639
f 1979 4639 502
f 4638 4639 1178
f 4637 1178 4639
f 4631 1180 4642
f 4638 4642 1180
f 4641 4642 321
f 4640 321 4642
f 1181 4644 4643
f 4646 4643 4644
f 4646 4645 2080
f 528 2080 4645
f 4648 4650 320
f 4647 320 4650
f 1184 4644 4649
f 4650 4649 4644
f 4654 4649 4651
f 1182 4651 4649
f 1183 4653 4652
f 4654 4652 4653
f 4656 4645 4653
f 1184 4653 4645
f 77 2083 4655
f 4656 4655 2083
f 1178 4657 4640
f 4660 4640 4657
f 4660 4658 4659
f 1186 4659 4658
f 67 2091 4637
f 4662 4637 2091
f 4662 4661 4657
f 1187 4657 4661
f 533 2101 4661
f 4665 4661 2101
f 4665 4663 4664
f 1185 4664 4663
f 1187 4664 4658
f 4668 4658 4664
f 4668 4666 4667
f 322 4667 4666
f 1183 4669 4655
f 4671 4655 4669
f 4671 4670 2202
f 559 2202 4670
f 4674 4652 4672
f 330 4672 4652
f 4674 4673 4669
f 1190 4669 4673
f 1188 4675 4673
f 4678 4673 4675
f 4678 4676 4677
f 1189 4677 4676
f 1190 4677 4670
f 4680 4670 4677
f 4680 4679 2205
f 88 2205 4679
f 1185 4681 4666
f 4684 4666 4681
f 4684 4682 4683
f 1192 4683 4682
f 78 2213 4663
f 4686 4663 2213
f 4686 4685 4681
f 1193 4681 4685
f 564 2223 4685
f 4689 4685 2223
f 4688 4689 1191
f 4687 1191 4689
f 1193 4688 4682
f 4692 4682 4688
f 4692 4690 4691
f 324 4691 4690
f 1189 4693 4679
f 4695 4679 4693
f 4695 4694 2324
f 590 2324 4694
f 331 4696 4676
f 4698 4676 4696
f 4698 4697 4693
f 1196 4693 4697
f 1194 4699 4697
f 4702 4697 4699
f 4702 4700 4701
f 1195 4701 4700
f 1196 4701 4694
f 4704 4694 4701
f 2327 4704 99
f 4703 99 4704
f 4690 1191 4708
f 4705 4708 1191
f 4707 4708 1198
f 4706 1198 4708
f 4687 89 4710
f 2335 4710 89
f 4705 4710 1199
f 4709 1199 4710
f 4709 595 4713
f 2345 4713 595
f 4712 4713 1197
f 4711 1197 4713
f 4706 1199 4716
f 4712 4716 1199
f 4715 4716 325
f 4714 325 4716
f 4703 1195 4719
f 4717 4719 1195
f 2446 4719 621
f 4718 621 4719
f 332 4720 4700
f 4722 4700 4720
f 4717 4722 1202
f 4721 1202 4722
f 4721 1200 4726
f 4723 4726 1200
f 4725 4726 1201
f 4724 1201 4726
f 4718 1202 4728
f 4725 4728 1202
f 2449 4728 110
f 4727 110 4728
f 4714 1197 4732
f 4729 4732 1197
f 4731 4732 1204
f 4730 1204 4732
f 4711 100 4734
f 2457 4734 100
f 4729 4734 1205
f 4733 1205 4734
f 4733 626 4737
f 2467 4737 626
f 4736 4737 1203
f 4735 1203 4737
f 4730 1205 4740
f 4736 4740 1205
f 4739 4740 326
f 4738 326 4740
f 4727 1201 4743
f 4741 4743 1201
f 2568 4743 652
f 4742 652 4743
f 4724 333 4746
f 4744 4746 333
f 4741 4746 1208
f 4745 1208 4746
f 4745 1206 4750
f 4747 4750 1206
f 4749 4750 1207
f 4748 1207 4750
f 4742 1208 4752
f 4749 4752 1208
f 2571 4752 121
f 4751 121 4752
f 1203 4753 4738
f 4756 4738 4753
f 4755 4756 1210
f 4754 1210 4756
f 111 2579 4735
f 4758 4735 2579
f 4758 4757 4753
f 1211 4753 4757
f 657 2589 4757
f 4761 4757 2589
f 4761 4759 4760
f 1209 4760 4759
f 1211 4760 4754
f 4764 4754 4760
f 4764 4762 4763
f 327 4763 4762
f 4751 1207 4767
f 4765 4767 1207
f 2690 4767 683
f 4766 683 4767
f 334 4768 4748
f 4770 4748 4768
f 4770 4769 4765
f 1214 4765 4769
f 1212 4771 4769
f 4774 4769 4771
f 4774 4772 4773
f 1213 4773 4772
f 4766 1214 4776
f 4773 4776 1214
f 2693 4776 132
f 4775 132 4776
f 1209 4777 4762
f 4780 4762 4777
f 4780 4778 4779
f 1215 4779 4778
f 122 2701 4759
f 4782 4759 2701
f 4782 4781 4777
f 1216 4777 4781
f 4781 687 4784
f 2709 4784 687
f 4783 4784 1157
f 4558 1157 4784
f 4778 1216 4786
f 4783 4786 1216
f 4785 4786 323
f 4553 323 4786
f 4775 1213 4789
f 4787 4789 1213
f 2794 4789 705
f 4788 705 4789
f 329 4790 4772
f 4792 4772 4790
f 4792 4791 4787
f 1218 4787 4791
f 1217 4793 4791
f 4795 4791 4793
f 4795 4571 4794
f 1161 4794 4571
f 4788 1218 4796
f 4794 4796 1218
f 2797 4796 11
f 4567 11 4796
f 4797 4800 1171
f 4614 1171 4800
f 4799 4800 1220
f 4798 1220 4800
f 34 2803 4611
f 4802 4611 2803
f 4802 4801 4797
f 1221 4797 4801
f 2813 4805 709
f 4801 709 4805
f 4803 1219 4805
f 4804 4805 1219
f 4798 1221 4808
f 4804 4808 1221
f 4807 4808 306
f 4806 306 4808
f 4634 1177 4811
f 4809 4811 1177
f 2818 4811 711
f 4810 711 4811
f 4629 314 4814
f 4812 4814 314
f 4809 4814 1224
f 4813 1224 4814
f 4813 1222 4818
f 4815 4818 1222
f 4817 4818 1223
f 4816 1223 4818
f 4810 1224 4820
f 4817 4820 1224
f 2821 4820 135
f 4819 135 4820
f 4819 1223 4823
f 4821 4823 1223
f 2844 4823 718
f 4822 718 4823
f 4816 302 4826
f 4824 4826 302
f 1227 4821 4825
f 4826 4825 4821
f 4830 4825 4827
f 1225 4827 4825
f 1226 4829 4828
f 4830 4828 4829
f 4832 4822 4829
f 1227 4829 4822
f 2847 4832 138
f 4831 138 4832
f 4833 4836 1219
f 4806 1219 4836
f 4834 1229 4836
f 4835 4836 1229
f 2829 4838 133
f 4803 133 4838
f 4837 1230 4838
f 4833 4838 1230
f 2839 4841 716
f 4837 716 4841
f 4840 4841 1228
f 4839 1228 4841
f 4840 4844 1230
f 4834 1230 4844
f 307 4843 4842
f 4844 4842 4843
f 1228 4845 4842
f 4848 4842 4845
f 4848 4846 4847
f 1232 4847 4846
f 4839 136 4850
f 2855 4850 136
f 4845 4850 1233
f 4849 1233 4850
f 4849 723 4853
f 2865 4853 723
f 1231 4852 4851
f 4853 4851 4852
f 4856 4846 4852
f 1233 4852 4846
f 301 4855 4854
f 4856 4854 4855
f 4860 4854 4857
f 1231 4857 4854
f 1235 4859 4858
f 4860 4858 4859
f 2864 4862 139
f 4851 139 4862
f 1236 4857 4861
f 4862 4861 4857
f 4865 4861 2861
f 722 2861 4861
f 1234 4864 4863
f 4865 4863 4864
f 4868 4858 4864
f 1236 4864 4858
f 299 4867 4866
f 4868 4866 4867
f 1234 4869 4866
f 4872 4866 4869
f 4872 4870 4871
f 1238 4871 4870
f 4863 140 4874
f 2877 4874 140
f 4869 4874 1239
f 4873 1239 4874
f 4873 726 4877
f 2874 4877 726
f 4876 4877 1237
f 4875 1237 4877
f 4870 1239 4880
f 4876 4880 1239
f 4879 4880 300
f 4878 300 4880
f 4831 1226 4883
f 4881 4883 1226
f 2883 4883 728
f 4882 728 4883
f 4886 4828 4884
f 315 4884 4828
f 4881 4886 1242
f 4885 1242 4886
f 1240 4887 4885
f 4890 4885 4887
f 4889 4890 1241
f 4888 1241 4890
f 4882 1242 4892
f 4889 4892 1242
f 2886 4892 142
f 4891 142 4892
f 4878 1237 4896
f 4893 4896 1237
f 1244 4895 4894
f 4896 4894 4895
f 4875 141 4898
f 2881 4898 141
f 4893 4898 1245
f 4897 1245 4898
f 4897 730 4901
f 2891 4901 730
f 1243 4900 4899
f 4901 4899 4900
f 4904 4894 4900
f 1245 4900 4894
f 4902 304 4904
f 4903 4904 304
f 1241 4905 4891
f 4907 4891 4905
f 4907 4906 2887
f 729 2887 4906
f 303 4908 4888
f 4910 4888 4908
f 4910 4909 4905
f 1247 4905 4909
f 4909 1246 4913
f 4911 4913 1246
f 4912 4913 1243
f 4902 1243 4913
f 4906 1247 4914
f 4912 4914 1247
f 2890 4914 143
f 4899 143 4914
f 1181 4915 4647
f 4918 4647 4915
f 4918 4916 4917
f 1249 4917 4916
f 66 2895 4643
f 4920 4643 2895
f 4920 4919 4915
f 1250 4915 4919
f 734 2905 4919
f 4923 4919 2905
f 4923 4921 4922
f 1248 4922 4921
f 1250 4922 4916
f 4926 4916 4922
f 4926 4924 4925
f 311 4925 4924
f 4627 1175 4929
f 4927 4929 1175
f 2910 4929 736
f 4928 736 4929
f 4624 308 4932
f 4930 4932 308
f 4927 4932 1253
f 4931 1253 4932
f 4931 1251 4936
f 4933 4936 1251
f 4935 4936 1252
f 4934 1252 4936
f 4928 1253 4938
f 4935 4938 1253
f 4938 4937 2913
f 144 2913 4937
f 1248 4939 4924
f 4942 4924 4939
f 4942 4940 4941
f 1255 4941 4940
f 146 2921 4921
f 4944 4921 2921
f 4944 4943 4939
f 1256 4939 4943
f 741 2931 4943
f 4947 4943 2931
f 4947 4945 4946
f 1254 4946 4945
f 1256 4946 4940
f 4950 4940 4946
f 4950 4948 4949
f 313 4949 4948
f 4937 1252 4953
f 4951 4953 1252
f 4953 4952 2936
f 743 2936 4952
f 4934 310 4956
f 4954 4956 310
f 4951 4956 1259
f 4955 1259 4956
f 4955 1257 4960
f 4957 4960 1257
f 4959 4960 1258
f 4958 1258 4960
f 4952 1259 4962
f 4959 4962 1259
f 2939 4962 147
f 4961 147 4962
f 4961 1258 4965
f 4963 4965 1258
f 2940 4965 744
f 4964 744 4965
f 4958 312 4968
f 4966 4968 312
f 4967 1262 4968
f 4963 4968 1262
f 4969 4972 1260
f 4967 1260 4972
f 4970 1261 4972
f 4971 4972 1261
f 4964 1262 4974
f 4971 4974 1262
f 2943 4974 148
f 4973 148 4974
f 1261 4975 4973
f 4977 4973 4975
f 4977 4976 2927
f 740 2927 4976
f 4980 4970 4978
f 309 4978 4970
f 4980 4979 4975
f 1264 4975 4979
f 4983 4979 4981
f 1263 4981 4979
f 4983 4948 4982
f 1254 4982 4948
f 1264 4982 4976
f 4984 4976 4982
f 4984 4945 2930
f 149 2930 4945
f 4985 4988 1159
f 4556 1159 4988
f 4986 1266 4988
f 4987 4988 1266
f 4989 4991 316
f 4565 316 4991
f 4990 1267 4991
f 4985 4991 1267
f 4992 4994 1265
f 4990 1265 4994
f 2950 746 4994
f 4993 4994 746
f 4993 4996 1267
f 4986 1267 4996
f 2945 150 4996
f 4995 4996 150
f 784 4997 3084
f 5000 3084 4997
f 5000 4998 4999
f 1269 4999 4998
f 171 5001 3081
f 5003 3081 5001
f 5003 5002 4997
f 1270 4997 5002
f 5004 5006 1268
f 5002 1268 5006
f 4575 1162 5006
f 5005 5006 1162
f 5005 5008 1270
f 4998 1270 5008
f 4572 328 5008
f 5007 5008 328
f 1166 5009 4583
f 5011 4583 5009
f 5010 1265 5011
f 4989 5011 1265
f 5012 5014 317
f 4591 317 5014
f 5009 5014 1272
f 5013 1272 5014
f 5013 1271 5017
f 5015 5017 1271
f 5016 5017 787
f 3091 787 5017
f 5010 1272 5018
f 5016 5018 1272
f 4992 5018 161
f 3087 161 5018
f 816 5019 3207
f 5021 3207 5019
f 5021 5020 5001
f 1268 5001 5020
f 182 5022 3204
f 5024 3204 5022
f 5024 5023 5019
f 1274 5019 5023
f 1273 5025 5023
f 5027 5023 5025
f 5027 4599 5026
f 1168 5026 4599
f 1274 5026 5020
f 5028 5020 5026
f 4596 318 5028
f 5004 5028 318
f 5029 5031 1172
f 4607 1172 5031
f 5030 1271 5031
f 5012 5031 1271
f 5032 5034 305
f 4615 305 5034
f 5033 1276 5034
f 5029 5034 1276
f 5035 5037 1275
f 5033 1275 5037
f 5036 5037 818
f 3213 818 5037
f 5036 5038 1276
f 5030 1276 5038
f 5015 5038 172
f 3209 172 5038
f 847 5039 3329
f 5041 3329 5039
f 5041 5040 5022
f 1273 5022 5040
f 193 5042 3326
f 5044 3326 5042
f 5044 5043 5039
f 1278 5039 5043
f 5043 1277 5047
f 5045 5047 1277
f 5047 4623 5046
f 1174 5046 4623
f 1278 5046 5040
f 5048 5040 5046
f 5048 4620 5025
f 319 5025 4620
f 5049 5052 1179
f 4632 1179 5052
f 5050 1280 5052
f 5051 5052 1280
f 4641 321 5055
f 5053 5055 321
f 5049 5055 1281
f 5054 1281 5055
f 5054 1279 5058
f 5056 5058 1279
f 5057 5058 911
f 3579 911 5058
f 5057 5060 1281
f 5050 1281 5060
f 205 5059 3575
f 5060 3575 5059
f 940 5061 3695
f 5064 3695 5061
f 5064 5062 5063
f 1283 5063 5062
f 226 5065 3692
f 5067 3692 5065
f 5067 5066 5061
f 1284 5061 5066
f 1282 5068 5066
f 5070 5066 5068
f 5070 4651 5069
f 1182 5069 4651
f 1284 5069 5062
f 5072 5062 5069
f 5072 4648 5071
f 320 5071 4648
f 5075 4659 5073
f 1186 5073 4659
f 1279 5053 5074
f 5075 5074 5053
f 5078 4667 5076
f 322 5076 4667
f 1286 5073 5077
f 5078 5077 5073
f 1285 5079 5077
f 5081 5077 5079
f 5081 3701 5080
f 942 5080 3701
f 5082 5074 5080
f 1286 5080 5074
f 216 5056 3697
f 5082 3697 5056
f 5085 3817 5083
f 971 5083 3817
f 1282 5065 5084
f 5085 5084 5065
f 5088 3814 5086
f 237 5086 3814
f 1288 5083 5087
f 5088 5087 5083
f 5091 5087 5089
f 1287 5089 5087
f 1188 5090 4675
f 5091 4675 5090
f 5092 5084 5090
f 1288 5090 5084
f 5092 4672 5068
f 330 5068 4672
f 5095 4683 5093
f 1192 5093 4683
f 1285 5076 5094
f 5095 5094 5076
f 5098 4691 5096
f 324 5096 4691
f 1290 5093 5097
f 5098 5097 5093
f 5097 1289 5101
f 5099 5101 1289
f 973 5100 3823
f 5101 3823 5100
f 5102 5094 5100
f 1290 5100 5094
f 227 5079 3819
f 5102 3819 5079
f 5105 3939 5103
f 1002 5103 3939
f 1287 5086 5104
f 5105 5104 5086
f 3936 248 5108
f 5106 5108 248
f 1292 5103 5107
f 5108 5107 5103
f 5111 5107 5109
f 1291 5109 5107
f 1194 5110 4699
f 5111 4699 5110
f 5112 5104 5110
f 1292 5110 5104
f 331 5089 4696
f 5112 4696 5089
f 4707 1198 5115
f 5113 5115 1198
f 5096 5115 1289
f 5114 1289 5115
f 4715 325 5118
f 5116 5118 325
f 5113 5118 1294
f 5117 1294 5118
f 5117 1293 5121
f 5119 5121 1293
f 5120 5121 1004
f 3945 1004 5121
f 5114 1294 5122
f 5120 5122 1294
f 5099 5122 238
f 3941 238 5122
f 4061 1033 5125
f 5123 5125 1033
f 5106 5125 1291
f 5124 1291 5125
f 4058 259 5128
f 5126 5128 259
f 5123 5128 1296
f 5127 1296 5128
f 5127 1295 5131
f 5129 5131 1295
f 5130 5131 1200
f 4723 1200 5131
f 5124 1296 5132
f 5130 5132 1296
f 332 5109 4720
f 5132 4720 5109
f 4731 1204 5135
f 5133 5135 1204
f 5116 5135 1293
f 5134 1293 5135
f 4739 326 5138
f 5136 5138 326
f 5133 5138 1298
f 5137 1298 5138
f 5137 1297 5141
f 5139 5141 1297
f 5140 5141 1035
f 4067 1035 5141
f 5134 1298 5142
f 5140 5142 1298
f 5119 5142 249
f 4063 249 5142
f 4183 1064 5145
f 5143 5145 1064
f 5126 5145 1295
f 5144 1295 5145
f 4180 270 5148
f 5146 5148 270
f 5143 5148 1300
f 5147 1300 5148
f 5147 1299 5151
f 5149 5151 1299
f 5150 5151 1206
f 4747 1206 5151
f 5144 1300 5152
f 5150 5152 1300
f 5129 5152 333
f 4744 333 5152
f 4755 1210 5155
f 5153 5155 1210
f 1297 5136 5154
f 5155 5154 5136
f 5158 4763 5156
f 327 5156 4763
f 1302 5153 5157
f 5158 5157 5153
f 5161 5157 5159
f 1301 5159 5157
f 1066 5160 4189
f 5161 4189 5160
f 5162 5154 5160
f 1302 5160 5154
f 260 5139 4185
f 5162 4185 5139
f 4305 1095 5165
f 5163 5165 1095
f 5146 5165 1299
f 5164 1299 5165
f 4302 281 5168
f 5166 5168 281
f 5163 5168 1304
f 5167 1304 5168
f 5171 5167 5169
f 1303 5169 5167
f 1212 5170 4771
f 5171 4771 5170
f 5172 5164 5170
f 1304 5170 5164
f 334 5149 4768
f 5172 4768 5149
f 5175 4779 5173
f 1215 5173 4779
f 1301 5156 5174
f 5175 5174 5156
f 4785 323 5177
f 4987 5177 323
f 5173 5177 1305
f 5176 1305 5177
f 5176 1266 5179
f 4995 5179 1266
f 5178 5179 1097
f 4311 1097 5179
f 5180 5174 5178
f 1305 5178 5174
f 271 5159 4307
f 5180 4307 5159
f 4407 1116 5183
f 5181 5183 1116
f 5166 5183 1303
f 5182 1303 5183
f 4404 160 5185
f 4999 5185 160
f 5181 5185 1306
f 5184 1306 5185
f 5187 5184 5007
f 1269 5007 5184
f 1217 5186 4793
f 5187 4793 5186
f 5188 5182 5186
f 1306 5186 5182
f 329 5169 4790
f 5188 4790 5169
f 4799 1220 5191
f 5189 5191 1220
f 5190 1275 5191
f 5032 5191 1275
f 4807 306 5194
f 5192 5194 306
f 5189 5194 1308
f 5193 1308 5194
f 5195 5197 1307
f 5193 1307 5197
f 4413 1118 5197
f 5196 5197 1118
f 5198 5190 5196
f 1308 5196 5190
f 183 5035 4409
f 5198 4409 5035
f 4433 1123 5201
f 5199 5201 1123
f 5059 5201 1280
f 5200 1280 5201
f 4430 284 5204
f 5202 5204 284
f 5199 5204 1310
f 5203 1310 5204
f 5203 1309 5207
f 5205 5207 1309
f 5206 5207 1222
f 4815 1222 5207
f 5200 1310 5208
f 5206 5208 1310
f 5051 5208 314
f 4812 314 5208
f 4459 1130 5211
f 5209 5211 1130
f 5202 5211 1309
f 5210 1309 5211
f 4456 287 5214
f 5212 5214 287
f 5214 5213 5209
f 1312 5209 5213
f 1311 5215 5213
f 5217 5213 5215
f 5217 4827 5216
f 1225 5216 4827
f 1312 5216 5210
f 5218 5210 5216
f 5205 5218 302
f 4824 302 5218
f 5219 5221 1229
f 4835 1229 5221
f 5220 1307 5221
f 5192 5221 1307
f 307 5222 4843
f 5224 4843 5222
f 5223 1314 5224
f 5219 5224 1314
f 5223 1313 5227
f 5225 5227 1313
f 4439 1125 5227
f 5226 5227 1125
f 5226 5228 1314
f 5220 1314 5228
f 4435 282 5228
f 5195 5228 282
f 5231 4847 5229
f 1232 5229 4847
f 5231 5230 5222
f 1313 5222 5230
f 301 5232 4855
f 5234 4855 5232
f 5234 5233 5229
f 1316 5229 5233
f 1315 5235 5233
f 5237 5233 5235
f 5236 5237 1132
f 4465 1132 5237
f 5230 1316 5238
f 5236 5238 1316
f 5225 5238 285
f 4461 285 5238
f 1235 5239 4859
f 5241 4859 5239
f 5241 5240 5232
f 1315 5232 5240
f 299 5242 4867
f 5244 4867 5242
f 5244 5243 5239
f 1318 5239 5243
f 1317 5245 5243
f 5247 5243 5245
f 5247 4469 5246
f 1133 5246 4469
f 1318 5246 5240
f 5248 5240 5246
f 5248 4466 5235
f 288 5235 4466
f 5251 4871 5249
f 1238 5249 4871
f 1317 5242 5250
f 5251 5250 5242
f 4879 300 5254
f 5252 5254 300
f 5249 5254 1320
f 5253 1320 5254
f 5253 1319 5257
f 5255 5257 1319
f 5256 5257 1136
f 4481 1136 5257
f 5250 1320 5258
f 5256 5258 1320
f 5245 5258 289
f 4478 289 5258
f 4499 1141 5261
f 5259 5261 1141
f 5212 5261 1311
f 5260 1311 5261
f 4496 291 5264
f 5262 5264 291
f 5259 5264 1322
f 5263 1322 5264
f 5263 1321 5267
f 5265 5267 1321
f 1240 5266 4887
f 5267 4887 5266
f 5260 1322 5268
f 5266 5268 1322
f 5268 4884 5215
f 315 5215 4884
f 1244 5269 4895
f 5271 4895 5269
f 5252 5271 1319
f 5270 1319 5271
f 304 5272 4903
f 5274 4903 5272
f 5274 5273 5269
f 1324 5269 5273
f 1323 5275 5273
f 5277 5273 5275
f 5276 5277 1139
f 4491 1139 5277
f 5270 1324 5278
f 5276 5278 1324
f 5255 5278 290
f 4487 290 5278
f 5279 5281 1140
f 4495 1140 5281
f 5280 1321 5281
f 5262 5281 1321
f 4492 292 5283
f 5275 5283 292
f 5279 5283 1325
f 5282 1325 5283
f 5282 1323 5285
f 5272 5285 1323
f 5284 5285 1246
f 4911 1246 5285
f 5284 5286 1325
f 5280 1325 5286
f 303 5265 4908
f 5286 4908 5265
f 5289 4917 5287
f 1249 5287 4917
f 1283 5071 5288
f 5289 5288 5071
f 5292 4925 5290
f 311 5290 4925
f 1327 5287 5291
f 5292 5291 5287
f 5295 5291 5293
f 1326 5293 5291
f 1143 5294 4505
f 5295 4505 5294
f 5296 5288 5294
f 1327 5294 5288
f 215 5063 4501
f 5296 4501 5063
f 4525 1148 5299
f 5297 5299 1148
f 5042 5299 1277
f 5298 1277 5299
f 5302 4522 5300
f 293 5300 4522
f 5297 5302 1329
f 5301 1329 5302
f 5301 1328 5305
f 5303 5305 1328
f 5304 5305 1251
f 4933 1251 5305
f 5298 1329 5306
f 5304 5306 1329
f 5045 5306 308
f 4930 308 5306
f 5309 4941 5307
f 1255 5307 4941
f 1326 5290 5308
f 5309 5308 5290
f 5312 4949 5310
f 313 5310 4949
f 1331 5307 5311
f 5312 5311 5307
f 5315 5311 5313
f 1330 5313 5311
f 1150 5314 4531
f 5315 4531 5314
f 5316 5308 5314
f 1331 5314 5308
f 295 5293 4527
f 5316 4527 5293
f 5319 4551 5317
f 1155 5317 4551
f 5300 5319 1328
f 5318 1328 5319
f 4548 296 5322
f 5320 5322 296
f 5317 5322 1333
f 5321 1333 5322
f 5321 1332 5325
f 5323 5325 1332
f 5324 5325 1257
f 4957 1257 5325
f 5318 1333 5326
f 5324 5326 1333
f 5303 5326 310
f 4954 310 5326
f 4547 1154 5329
f 5327 5329 1154
f 5320 5329 1332
f 5328 1332 5329
f 4544 297 5332
f 5330 5332 297
f 5327 5332 1335
f 5331 1335 5332
f 5333 5335 1334
f 5331 1334 5335
f 4969 1260 5335
f 5334 5335 1260
f 5334 5336 1335
f 5328 1335 5336
f 5323 5336 312
f 4966 312 5336
f 1151 5337 4535
f 5339 4535 5337
f 5339 5338 5330
f 1334 5330 5338
f 298 5313 4532
f 5341 4532 5313
f 5341 5340 5337
f 1336 5337 5340
f 1330 5310 5340
f 5343 5340 5310
f 5343 4981 5342
f 1263 5342 4981
f 1336 5342 5338
f 5344 5338 5342
f 5344 4978 5333
f 309 5333 4978
