v -0.3748733520507813 -0.0454853335293857 -0.0863636363636364
v -0.3726796375621449 -0.0461226654052734 -0.0718181818181818
v -0.3748733520507813 -0.0454853335293857 -0.0718181818181818
v -0.3726796375621449 -0.0461226654052734 -0.0863636363636364
v -0.3916550237482244 0.0122775892777876 -0.0863636363636364
v -0.3901443204012784 0.0139911582253196 -0.0718181818181818
v -0.3901443204012784 0.0139911582253196 -0.0863636363636364
v -0.3916550237482244 0.0122775892777876 -0.0718181818181818
v -0.3704502175071023 0.0248180736194957 -0.0863636363636364
v -0.3726796375621449 0.0243197423761541 -0.0718181818181818
v -0.3704502175071023 0.0248180736194957 -0.0718181818181818
v -0.3726796375621449 0.0243197423761541 -0.0863636363636364
v -0.3955020696466620 0.0066168525002219 -0.0863636363636364
v -0.3943391834605824 0.0085831486095082 -0.0718181818181818
v -0.3943391834605824 0.0085831486095082 -0.0863636363636364
v -0.3955020696466620 0.0066168525002219 -0.0718181818181818
v 0.3726796375621449 -0.0461226654052734 -0.0863636363636364
v 0.3748733520507813 -0.0454853335293857 -0.0718181818181818
v 0.3726796375621449 -0.0461226654052734 -0.0718181818181818
v 0.3748733520507813 -0.0454853335293857 -0.0863636363636364
v -0.3831209772283380 0.0198013687133789 -0.0863636363636364
v -0.3850103759765625 0.0185173381458629 -0.0718181818181818
v -0.3831209772283380 0.0198013687133789 -0.0718181818181818
v -0.3850103759765625 0.0185173381458629 -0.0863636363636364
v -0.3659196610884233 -0.0471933399547230 -0.0863636363636364
v -0.3636363636363636 -0.0472650978781960 -0.0718181818181818
v -0.3659196610884233 -0.0471933399547230 -0.0718181818181818
v -0.3636363636363636 -0.0472650978781960 -0.0863636363636364
v -0.3748733520507813 0.0236824105002663 -0.0718181818181818
v -0.3748733520507813 0.0236824105002663 -0.0863636363636364
v 0.3770227050781250 -0.0447115117853338 -0.0863636363636364
v 0.3791192349520597 -0.0438042658025568 -0.0718181818181818
v 0.3770227050781250 -0.0447115117853338 -0.0718181818181818
v 0.3791192349520597 -0.0438042658025568 -0.0863636363636364
v -0.0530329028042880 -0.0472650978781960 -0.0718181818181818
v -0.0528318058360707 -0.0472650978781960 -0.0726558130437678
v -0.0523796532370827 -0.0472650978781960 -0.0743086069280451
v -0.0518758080222390 -0.0472650978781960 -0.0759463847767223
v -0.0513207661021839 -0.0472650978781960 -0.0775675236095082
v -0.0507150788740678 -0.0472650978781960 -0.0791704316572709
v -0.0500593428178267 -0.0472650978781960 -0.0807535240866921
v -0.0493541994961825 -0.0472650978781960 -0.0823152368718928
v -0.0486003528941761 -0.0472650978781960 -0.0838540302623402
v -0.0477985451438210 -0.0472650978781960 -0.0853683853149414
v -0.0472308627041903 -0.0472650978781960 -0.0863636363636364
v 0.3636363636363636 -0.0472650978781960 -0.0863636363636364
v 0.0530329028042880 -0.0472650978781960 -0.0718181818181818
v 0.0528318058360707 -0.0472650978781960 -0.0726558130437678
v 0.0523796532370827 -0.0472650978781960 -0.0743086069280451
v 0.0518758080222390 -0.0472650978781960 -0.0759463847767223
v 0.0513207661021839 -0.0472650978781960 -0.0775675236095082
v 0.0507150788740678 -0.0472650978781960 -0.0791704316572709
v 0.0500593428178267 -0.0472650978781960 -0.0807535240866921
v 0.0493541994961825 -0.0472650978781960 -0.0823152368718928
v 0.0486003528941761 -0.0472650978781960 -0.0838540302623402
v 0.0477985451438210 -0.0472650978781960 -0.0853683853149414
v 0.0472308627041903 -0.0472650978781960 -0.0863636363636364
v 0.3636363636363636 -0.0472650978781960 -0.0718181818181818
v 0.3791192349520597 0.0220013393055309 -0.0863636363636364
v 0.3770227050781250 0.0229085922241211 -0.0718181818181818
v 0.3791192349520597 0.0220013393055309 -0.0718181818181818
v 0.3770227050781250 0.0229085922241211 -0.0863636363636364
v 0.3748733520507813 0.0236824105002663 -0.0718181818181818
v 0.3748733520507813 0.0236824105002663 -0.0863636363636364
v -0.3965391679243608 -0.0263843432339755 -0.0863636363636364
v -0.3974464277787642 -0.0242878064242276 -0.0718181818181818
v -0.3974464277787642 -0.0242878064242276 -0.0863636363636364
v -0.3965391679243608 -0.0263843432339755 -0.0718181818181818
v 0.3704502175071023 0.0248180736194957 -0.0863636363636364
v 0.0530329028042880 0.0902550853382457 -0.0718181818181818
v 0.3704502175071023 0.0248180736194957 -0.0718181818181818
v 0.0528318058360707 0.0902965406938033 -0.0726558130437678
v 0.0523796532370827 0.0903897580233487 -0.0743086069280451
v 0.0518758080222390 0.0904936287619851 -0.0759463847767223
v 0.0513207661021839 0.0906080488725142 -0.0775675236095082
v 0.0507150788740678 0.0907329143177379 -0.0791704316572709
v 0.0500593428178267 0.0908681002530185 -0.0807535240866921
v 0.0493541994961825 0.0910134679620916 -0.0823152368718928
v 0.0486003528941761 0.0911688787286932 -0.0838540302623402
v 0.0477985451438210 0.0913341730291193 -0.0853683853149414
v 0.0472308627041903 0.0914512010054155 -0.0863636363636364
v 0.3999282559481534 -0.0086181709983132 -0.0718181818181818
v 0.3997132457386364 -0.0063438901034268 -0.0863636363636364
v 0.3997132457386364 -0.0063438901034268 -0.0718181818181818
v 0.3999282559481534 -0.0086181709983132 -0.0863636363636364
v 0.3811546741832386 -0.0427671536532315 -0.0718181818181818
v 0.3811546741832386 -0.0427671536532315 -0.0863636363636364
v 0.3704502175071023 -0.0466209966486151 -0.0863636363636364
v 0.3704502175071023 -0.0466209966486151 -0.0718181818181818
v -0.3681939419833097 -0.0469783574884588 -0.0863636363636364
v -0.3681939419833097 -0.0469783574884588 -0.0718181818181818
v 0.3831209772283380 0.0198013687133789 -0.0863636363636364
v 0.3811546741832386 0.0209642340920188 -0.0718181818181818
v 0.3831209772283380 0.0198013687133789 -0.0718181818181818
v 0.3811546741832386 0.0209642340920188 -0.0863636363636364
v -0.3868154074928977 0.0171171985973011 -0.0863636363636364
v -0.3885289972478693 0.0156064883145419 -0.0718181818181818
v -0.3868154074928977 0.0171171985973011 -0.0718181818181818
v -0.3885289972478693 0.0156064883145419 -0.0863636363636364
v -0.0530329028042880 0.0902550853382457 -0.0718181818181818
v -0.0528318058360707 0.0902965406938033 -0.0726558130437678
v -0.0523796532370827 0.0903897580233487 -0.0743086069280451
v -0.0518758080222390 0.0904936287619851 -0.0759463847767223
v -0.0513207661021839 0.0906080488725142 -0.0775675236095082
v -0.0507150788740678 0.0907329143177379 -0.0791704316572709
v -0.0500593428178267 0.0908681002530185 -0.0807535240866921
v -0.0493541994961825 0.0910134679620916 -0.0823152368718928
v -0.0486003528941761 0.0911688787286932 -0.0838540302623402
v -0.0477985451438210 0.0913341730291193 -0.0853683853149414
v -0.0472308627041903 0.0914512010054155 -0.0863636363636364
v 0.3965391679243608 0.0045814202048562 -0.0718181818181818
v 0.3955020696466620 0.0066168525002219 -0.0863636363636364
v 0.3955020696466620 0.0066168525002219 -0.0718181818181818
v 0.3965391679243608 0.0045814202048562 -0.0863636363636364
v -0.3704502175071023 -0.0466209966486151 -0.0863636363636364
v -0.3704502175071023 -0.0466209966486151 -0.0718181818181818
v -0.3997132457386364 -0.0063438901034268 -0.0863636363636364
v -0.3993559126420455 -0.0040875972401012 -0.0718181818181818
v -0.3993559126420455 -0.0040875972401012 -0.0863636363636364
v -0.3997132457386364 -0.0063438901034268 -0.0718181818181818
v -0.3999282559481534 -0.0131847520308061 -0.0863636363636364
v -0.4000000000000000 -0.0109014615145597 -0.0718181818181818
v -0.4000000000000000 -0.0109014615145597 -0.0863636363636364
v -0.3999282559481534 -0.0131847520308061 -0.0718181818181818
v -0.3770227050781250 -0.0447115117853338 -0.0863636363636364
v -0.3770227050781250 -0.0447115117853338 -0.0718181818181818
v -0.3770227050781250 0.0229085922241211 -0.0718181818181818
v -0.3770227050781250 0.0229085922241211 -0.0863636363636364
v 0.3659196610884233 -0.0471933399547230 -0.0718181818181818
v 0.3659196610884233 -0.0471933399547230 -0.0863636363636364
v 0.3850103759765625 0.0185173381458629 -0.0863636363636364
v 0.3850103759765625 0.0185173381458629 -0.0718181818181818
v 0.3982202425870028 -0.0221384429931641 -0.0718181818181818
v 0.3988575605912642 -0.0199447285045277 -0.0863636363636364
v 0.3988575605912642 -0.0199447285045277 -0.0718181818181818
v 0.3982202425870028 -0.0221384429931641 -0.0863636363636364
v -0.3982202425870028 -0.0221384429931641 -0.0718181818181818
v -0.3982202425870028 -0.0221384429931641 -0.0863636363636364
v 0.3681939419833097 -0.0469783574884588 -0.0718181818181818
v 0.3681939419833097 -0.0469783574884588 -0.0863636363636364
v 0.3993559126420455 -0.0040875972401012 -0.0718181818181818
v 0.3988575605912642 -0.0018581945245916 -0.0863636363636364
v 0.3988575605912642 -0.0018581945245916 -0.0718181818181818
v 0.3993559126420455 -0.0040875972401012 -0.0863636363636364
v 0.3726796375621449 0.0243197423761541 -0.0863636363636364
v 0.3726796375621449 0.0243197423761541 -0.0718181818181818
v -0.3993559126420455 -0.0177153257890181 -0.0863636363636364
v -0.3997132457386364 -0.0154590329256925 -0.0718181818181818
v -0.3997132457386364 -0.0154590329256925 -0.0863636363636364
v -0.3993559126420455 -0.0177153257890181 -0.0718181818181818
v -0.3999282559481534 -0.0086181709983132 -0.0718181818181818
v -0.3999282559481534 -0.0086181709983132 -0.0863636363636364
v -0.3791192349520597 0.0220013393055309 -0.0863636363636364
v -0.3811546741832386 0.0209642340920188 -0.0718181818181818
v -0.3791192349520597 0.0220013393055309 -0.0718181818181818
v -0.3811546741832386 0.0209642340920188 -0.0863636363636364
v 0.3997132457386364 -0.0154590329256925 -0.0718181818181818
v 0.3999282559481534 -0.0131847520308061 -0.0863636363636364
v 0.3999282559481534 -0.0131847520308061 -0.0718181818181818
v 0.3997132457386364 -0.0154590329256925 -0.0863636363636364
v -0.3916550237482244 -0.0340805123069070 -0.0863636363636364
v -0.3930551702325994 -0.0322754703868519 -0.0718181818181818
v -0.3930551702325994 -0.0322754703868519 -0.0863636363636364
v -0.3916550237482244 -0.0340805123069070 -0.0718181818181818
v -0.3791192349520597 -0.0438042658025568 -0.0863636363636364
v -0.3811546741832386 -0.0427671536532315 -0.0863636363636364
v -0.3831209772283380 -0.0416042952104048 -0.0863636363636364
v -0.3850103759765625 -0.0403202611749822 -0.0863636363636364
v -0.3868154074928977 -0.0389201216264205 -0.0863636363636364
v -0.3885289972478693 -0.0374094113436612 -0.0863636363636364
v -0.3901443204012784 -0.0357940812544389 -0.0863636363636364
v -0.3930551702325994 0.0104725473577326 -0.0863636363636364
v -0.3943391834605824 -0.0303860716386275 -0.0863636363636364
v -0.3955020696466620 -0.0284197755293413 -0.0863636363636364
v -0.3965391679243608 0.0045814202048562 -0.0863636363636364
v -0.3974464277787642 0.0024848833951083 -0.0863636363636364
v -0.3982202425870028 0.0003355199640447 -0.0863636363636364
v -0.3988575605912642 -0.0199447285045277 -0.0863636363636364
v -0.3988575605912642 -0.0018581945245916 -0.0863636363636364
v 0.4000000000000000 -0.0109014615145597 -0.0863636363636364
v 0.3993559126420455 -0.0177153257890181 -0.0863636363636364
v 0.3982202425870028 0.0003355199640447 -0.0863636363636364
v 0.3974464277787642 -0.0242878064242276 -0.0863636363636364
v 0.3974464277787642 0.0024848833951083 -0.0863636363636364
v 0.3965391679243608 -0.0263843432339755 -0.0863636363636364
v 0.3955020696466620 -0.0284197755293413 -0.0863636363636364
v 0.3943391834605824 -0.0303860716386275 -0.0863636363636364
v 0.3943391834605824 0.0085831486095082 -0.0863636363636364
v 0.3930551702325994 -0.0322754703868519 -0.0863636363636364
v 0.3930551702325994 0.0104725473577326 -0.0863636363636364
v 0.3916550237482244 -0.0340805123069070 -0.0863636363636364
v 0.3916550237482244 0.0122775892777876 -0.0863636363636364
v 0.3901443204012784 -0.0357940812544389 -0.0863636363636364
v 0.3901443204012784 0.0139911582253196 -0.0863636363636364
v 0.3885289972478693 -0.0374094113436612 -0.0863636363636364
v 0.3885289972478693 0.0156064883145419 -0.0863636363636364
v 0.3868154074928977 -0.0389201216264205 -0.0863636363636364
v 0.3868154074928977 0.0171171985973011 -0.0863636363636364
v 0.3850103759765625 -0.0403202611749822 -0.0863636363636364
v 0.3831209772283380 -0.0416042952104048 -0.0863636363636364
v -0.3965391679243608 0.0045814202048562 -0.0718181818181818
v -0.3974464277787642 0.0024848833951083 -0.0718181818181818
v 0.3993559126420455 -0.0177153257890181 -0.0718181818181818
v 0.3955020696466620 -0.0284197755293413 -0.0718181818181818
v 0.3965391679243608 -0.0263843432339755 -0.0718181818181818
v 0.3831209772283380 -0.0416042952104048 -0.0718181818181818
v -0.3850103759765625 -0.0403202611749822 -0.0718181818181818
v -0.3868154074928977 -0.0389201216264205 -0.0718181818181818
v -0.3930551702325994 0.0104725473577326 -0.0718181818181818
v 0.3916550237482244 -0.0340805123069070 -0.0718181818181818
v 0.3930551702325994 -0.0322754703868519 -0.0718181818181818
v -0.3955020696466620 -0.0284197755293413 -0.0718181818181818
v 0.3885289972478693 -0.0374094113436612 -0.0718181818181818
v 0.3868154074928977 -0.0389201216264205 -0.0718181818181818
v 0.3982202425870028 0.0003355199640447 -0.0718181818181818
v 0.3850103759765625 -0.0403202611749822 -0.0718181818181818
v -0.3831209772283380 -0.0416042952104048 -0.0718181818181818
v 0.3901443204012784 -0.0357940812544389 -0.0718181818181818
v -0.3982202425870028 0.0003355199640447 -0.0718181818181818
v 0.3943391834605824 -0.0303860716386275 -0.0718181818181818
v -0.3791192349520597 -0.0438042658025568 -0.0718181818181818
v -0.3811546741832386 -0.0427671536532315 -0.0718181818181818
v -0.3988575605912642 -0.0199447285045277 -0.0718181818181818
v -0.3885289972478693 -0.0374094113436612 -0.0718181818181818
v -0.3901443204012784 -0.0357940812544389 -0.0718181818181818
v -0.3943391834605824 -0.0303860716386275 -0.0718181818181818
v -0.3988575605912642 -0.0018581945245916 -0.0718181818181818
v 0.4000000000000000 -0.0109014615145597 -0.0718181818181818
v 0.3974464277787642 0.0024848833951083 -0.0718181818181818
v 0.3974464277787642 -0.0242878064242276 -0.0718181818181818
v 0.3943391834605824 0.0085831486095082 -0.0718181818181818
v 0.3930551702325994 0.0104725473577326 -0.0718181818181818
v 0.3916550237482244 0.0122775892777876 -0.0718181818181818
v 0.3901443204012784 0.0139911582253196 -0.0718181818181818
v 0.3885289972478693 0.0156064883145419 -0.0718181818181818
v 0.3868154074928977 0.0171171985973011 -0.0718181818181818
v 0.1996779563210227 -0.2820399891246449 -0.0481818181818182
v 0.1994287802956321 -0.2809252929687500 -0.0627272727272727
v 0.1994287802956321 -0.2809252929687500 -0.0481818181818182
v 0.1996779563210227 -0.2820399891246449 -0.0627272727272727
v 0.1885113525390625 -0.2685418978604404 -0.0627272727272727
v 0.1874366760253906 -0.2681549904563210 -0.0481818181818182
v 0.1885113525390625 -0.2685418978604404 -0.0481818181818182
v 0.1874366760253906 -0.2681549904563210 -0.0627272727272727
v -0.1942644986239347 -0.2987008944424716 -0.0627272727272727
v -0.1950721602006392 -0.2978932328657670 -0.0481818181818182
v -0.1950721602006392 -0.2978932328657670 -0.0627272727272727
v -0.1942644986239347 -0.2987008944424716 -0.0481818181818182
v -0.1965275851162997 -0.2961339222301136 -0.0627272727272727
v -0.1971695917302912 -0.2951892089843750 -0.0481818181818182
v -0.1971695917302912 -0.2951892089843750 -0.0627272727272727
v -0.1965275851162997 -0.2961339222301136 -0.0481818181818182
v 0.1905773370916193 -0.2695140769264915 -0.0627272727272727
v 0.1895596174760298 -0.2689955277876420 -0.0481818181818182
v 0.1905773370916193 -0.2695140769264915 -0.0481818181818182
v 0.1895596174760298 -0.2689955277876420 -0.0627272727272727
v -0.1895596174760298 -0.2689955277876420 -0.0627272727272727
v -0.1905773370916193 -0.2695140769264915 -0.0481818181818182
v -0.1895596174760298 -0.2689955277876420 -0.0481818181818182
v -0.1905773370916193 -0.2695140769264915 -0.0627272727272727
v 0.1863398187810724 -0.3030575284090909 -0.0627272727272727
v 0.1874366760253906 -0.3027388416637074 -0.0481818181818182
v 0.1863398187810724 -0.3030575284090909 -0.0481818181818182
v 0.1874366760253906 -0.3027388416637074 -0.0627272727272727
v -0.1915604886141690 -0.2700954922762784 -0.0627272727272727
v -0.1925051879882813 -0.2707375266335227 -0.0481818181818182
v -0.1915604886141690 -0.2700954922762784 -0.0481818181818182
v -0.1925051879882813 -0.2707375266335227 -0.0627272727272727
v -0.1874366760253906 -0.3027388416637074 -0.0627272727272727
v -0.1863398187810724 -0.3030575284090909 -0.0481818181818182
v -0.1874366760253906 -0.3027388416637074 -0.0481818181818182
v -0.1863398187810724 -0.3030575284090909 -0.0627272727272727
v -0.1934077037464489 -0.2994562599875710 -0.0627272727272727
v -0.1925051879882813 -0.3001563054865057 -0.0481818181818182
v -0.1934077037464489 -0.2994562599875710 -0.0481818181818182
v -0.1925051879882813 -0.3001563054865057 -0.0627272727272727
v 0.1991101212935014 -0.2798284357244318 -0.0627272727272727
v 0.1991101212935014 -0.2798284357244318 -0.0481818181818182
v -0.0341122193769975 -0.2151064508611506 -0.0495016098022461
v -0.1874366760253906 -0.2681549904563210 -0.0481818181818182
v -0.0337906924161044 -0.2149952004172585 -0.0481818181818182
v -0.0344338919899680 -0.2152177290482954 -0.0512785096602006
v -0.0345154606212269 -0.2152459439364346 -0.0517290878295898
v -0.0347304985739968 -0.2153203513405540 -0.0535226405750621
v -0.0347850660844283 -0.2153392444957386 -0.0539777755737305
v -0.0348124105280096 -0.2153487049449574 -0.0544356606223366
v -0.0349201063676314 -0.2153859641335227 -0.0562393119118430
v -0.1874366760253906 -0.2681549904563210 -0.0627272727272727
v -0.0349201063676314 -0.2153859641335227 -0.0585053218494762
v -0.0348124105280096 -0.2153487049449574 -0.0603093996914950
v -0.0347850660844283 -0.2153392444957386 -0.0607673957131126
v -0.0347304985739968 -0.2153203513405540 -0.0612227457219904
v -0.0345501986416903 -0.2152579845081676 -0.0627272727272727
v -0.1818181818181818 -0.3036287342418324 -0.0481818181818182
v -0.0081938908316872 -0.3036287342418324 -0.0482175064086914
v -0.0081618950583718 -0.3036287342418324 -0.0481818181818182
v -0.0083918614821001 -0.3036287342418324 -0.0484383288296786
v -0.0086250183799050 -0.3036287342418324 -0.0487421659989790
v -0.0090247847817161 -0.3036287342418324 -0.0492631218650124
v -0.0090629673004150 -0.3036287342418324 -0.0493168085271662
v -0.0094189418445934 -0.3036287342418324 -0.0499116758866744
v -0.0096031518415971 -0.3036287342418324 -0.0502195080843839
v -0.0099500690806996 -0.3036287342418324 -0.0509259414672852
v -0.0100565971027721 -0.3036287342418324 -0.0511428659612482
v -0.0102443192221902 -0.3036287342418324 -0.0516266077215021
v -0.0104100452769886 -0.3036287342418324 -0.0520832408558239
v -0.0106671974875710 -0.3036287342418324 -0.0530369221080433
v -0.0108391987193714 -0.3036287342418324 -0.0540001470392401
v -0.0109253692626953 -0.3036287342418324 -0.0549691078879616
v -0.0109253692626953 -0.3036287342418324 -0.0559399864890359
v -0.1818181818181818 -0.3036287342418324 -0.0627272727272727
v -0.0108391987193714 -0.3036287342418324 -0.0569089473377575
v -0.0106671974875710 -0.3036287342418324 -0.0578721722689542
v -0.0104100452769886 -0.3036287342418324 -0.0588258535211737
v -0.0102443192221902 -0.3036287342418324 -0.0592824866554954
v -0.0100565971027721 -0.3036287342418324 -0.0597662284157493
v -0.0099500690806996 -0.3036287342418324 -0.0599831529097124
v -0.0096031518415971 -0.3036287342418324 -0.0606895862926136
v -0.0094189418445934 -0.3036287342418324 -0.0609974202242765
v -0.0090629673004150 -0.3036287342418324 -0.0615922858498313
v -0.0090247847817161 -0.3036287342418324 -0.0616459725119851
v -0.0086250183799050 -0.3036287342418324 -0.0621669283780185
v -0.0083918614821001 -0.3036287342418324 -0.0624707655473189
v -0.0081938908316872 -0.3036287342418324 -0.0626915879683061
v -0.0081618976593018 -0.3036287342418324 -0.0627272727272727
v 0.0081938908316872 -0.3036287342418324 -0.0482175064086914
v 0.1818181818181818 -0.3036287342418324 -0.0481818181818182
v 0.0081618950583718 -0.3036287342418324 -0.0481818181818182
v 0.0083918614821001 -0.3036287342418324 -0.0484383288296786
v 0.0086250183799050 -0.3036287342418324 -0.0487421659989790
v 0.0090247847817161 -0.3036287342418324 -0.0492631218650124
v 0.0090629673004150 -0.3036287342418324 -0.0493168085271662
v 0.0094189418445934 -0.3036287342418324 -0.0499116758866744
v 0.0096031518415971 -0.3036287342418324 -0.0502195080843839
v 0.0099500690806996 -0.3036287342418324 -0.0509259414672852
v 0.0100565971027721 -0.3036287342418324 -0.0511428659612482
v 0.0102443192221902 -0.3036287342418324 -0.0516266077215021
v 0.0104100452769886 -0.3036287342418324 -0.0520832408558239
v 0.0106671974875710 -0.3036287342418324 -0.0530369221080433
v 0.0108391987193714 -0.3036287342418324 -0.0540001470392401
v 0.0109253692626953 -0.3036287342418324 -0.0549691078879616
v 0.0109253692626953 -0.3036287342418324 -0.0559399864890359
v 0.1818181818181818 -0.3036287342418324 -0.0627272727272727
v 0.0108391987193714 -0.3036287342418324 -0.0569089473377575
v 0.0106671974875710 -0.3036287342418324 -0.0578721722689542
v 0.0104100452769886 -0.3036287342418324 -0.0588258535211737
v 0.0102443192221902 -0.3036287342418324 -0.0592824866554954
v 0.0100565971027721 -0.3036287342418324 -0.0597662284157493
v 0.0099500690806996 -0.3036287342418324 -0.0599831529097124
v 0.0096031518415971 -0.3036287342418324 -0.0606895862926136
v 0.0094189418445934 -0.3036287342418324 -0.0609974202242765
v 0.0090629673004150 -0.3036287342418324 -0.0615922858498313
v 0.0090247847817161 -0.3036287342418324 -0.0616459725119851
v 0.0086250183799050 -0.3036287342418324 -0.0621669283780185
v 0.0083918614821001 -0.3036287342418324 -0.0624707655473189
v 0.0081938908316872 -0.3036287342418324 -0.0626915879683061
v 0.0081618976593018 -0.3036287342418324 -0.0627272727272727
v -0.1829598305442116 -0.3035928622159091 -0.0627272727272727
v -0.1829598305442116 -0.3035928622159091 -0.0481818181818182
v -0.1977510209517045 -0.2942060713334517 -0.0481818181818182
v -0.1977510209517045 -0.2942060713334517 -0.0627272727272727
v 0.1829598305442116 -0.3035928622159091 -0.0627272727272727
v 0.1840969709916548 -0.3034853571111505 -0.0481818181818182
v 0.1829598305442116 -0.3035928622159091 -0.0481818181818182
v 0.1840969709916548 -0.3034853571111505 -0.0627272727272727
v 0.1991101212935014 -0.2910653963955966 -0.0481818181818182
v 0.1994287802956321 -0.2899685391512784 -0.0627272727272727
v 0.1994287802956321 -0.2899685391512784 -0.0481818181818182
v 0.1991101212935014 -0.2910653963955966 -0.0627272727272727
v 0.1987232000177557 -0.2787537453391335 -0.0627272727272727
v 0.1987232000177557 -0.2787537453391335 -0.0481818181818182
v 0.1934077037464489 -0.2994562599875710 -0.0627272727272727
v 0.1942644986239347 -0.2987008944424716 -0.0481818181818182
v 0.1934077037464489 -0.2994562599875710 -0.0481818181818182
v 0.1942644986239347 -0.2987008944424716 -0.0627272727272727
v -0.1998566228693182 -0.2831681407581676 -0.0627272727272727
v -0.1996779563210227 -0.2820399891246449 -0.0481818181818182
v -0.1996779563210227 -0.2820399891246449 -0.0627272727272727
v -0.1998566228693182 -0.2831681407581676 -0.0481818181818182
v 0.1934077037464489 -0.2714375721324574 -0.0627272727272727
v 0.1925051879882813 -0.2707375266335227 -0.0481818181818182
v 0.1934077037464489 -0.2714375721324574 -0.0481818181818182
v 0.1925051879882813 -0.2707375266335227 -0.0627272727272727
v -0.1965275851162997 -0.2747599098899148 -0.0627272727272727
v -0.1958275118741122 -0.2738573941317471 -0.0481818181818182
v -0.1958275118741122 -0.2738573941317471 -0.0627272727272727
v -0.1965275851162997 -0.2747599098899148 -0.0481818181818182
v 0.1915604886141690 -0.2700954922762784 -0.0627272727272727
v 0.1915604886141690 -0.2700954922762784 -0.0481818181818182
v -0.1977510209517045 -0.2766877607865767 -0.0627272727272727
v -0.1971695917302912 -0.2757046231356534 -0.0481818181818182
v -0.1971695917302912 -0.2757046231356534 -0.0627272727272727
v -0.1977510209517045 -0.2766877607865767 -0.0481818181818182
v 0.2000000000000000 -0.2854469160600142 -0.0481818181818182
v 0.1999641279740767 -0.2843052812056108 -0.0627272727272727
v 0.1999641279740767 -0.2843052812056108 -0.0481818181818182
v 0.2000000000000000 -0.2854469160600142 -0.0627272727272727
v 0.1971695917302912 -0.2757046231356534 -0.0481818181818182
v 0.1965275851162997 -0.2747599098899148 -0.0627272727272727
v 0.1965275851162997 -0.2747599098899148 -0.0481818181818182
v 0.1971695917302912 -0.2757046231356534 -0.0627272727272727
v 0.1895596174760298 -0.3018983043323863 -0.0627272727272727
v 0.1905773370916193 -0.3013797551935369 -0.0481818181818182
v 0.1895596174760298 -0.3018983043323863 -0.0481818181818182
v 0.1905773370916193 -0.3013797551935369 -0.0627272727272727
v 0.0341122193769975 -0.2151064508611506 -0.0495016098022461
v 0.0337906924161044 -0.2149952004172585 -0.0481818181818182
v 0.0344338919899680 -0.2152177290482954 -0.0512785096602006
v 0.0345154606212269 -0.2152459439364346 -0.0517290878295898
v 0.0347304985739968 -0.2153203513405540 -0.0535226405750621
v 0.0347850660844283 -0.2153392444957386 -0.0539777755737305
v 0.0348124105280096 -0.2153487049449574 -0.0544356606223366
v 0.0349201063676314 -0.2153859641335227 -0.0562393119118430
v 0.0349201063676314 -0.2153859641335227 -0.0585053218494762
v 0.0348124105280096 -0.2153487049449574 -0.0603093996914950
v 0.0347850660844283 -0.2153392444957386 -0.0607673957131126
v 0.0347304985739968 -0.2153203513405540 -0.0612227457219904
v 0.0345501986416903 -0.2152579845081676 -0.0627272727272727
v 0.1977510209517045 -0.2766877607865767 -0.0481818181818182
v 0.1977510209517045 -0.2766877607865767 -0.0627272727272727
v -0.1950721602006392 -0.2730005992542613 -0.0481818181818182
v -0.1950721602006392 -0.2730005992542613 -0.0627272727272727
v -0.1905773370916193 -0.3013797551935369 -0.0627272727272727
v -0.1895596174760298 -0.3018983043323863 -0.0481818181818182
v -0.1905773370916193 -0.3013797551935369 -0.0481818181818182
v -0.1895596174760298 -0.3018983043323863 -0.0627272727272727
v -0.1885113525390625 -0.3023519342595881 -0.0481818181818182
v -0.1885113525390625 -0.3023519342595881 -0.0627272727272727
v -0.1987232000177557 -0.2787537453391335 -0.0627272727272727
v -0.1982695839621804 -0.2777054665305398 -0.0481818181818182
v -0.1982695839621804 -0.2777054665305398 -0.0627272727272727
v -0.1987232000177557 -0.2787537453391335 -0.0481818181818182
v -0.1942644986239347 -0.2721929376775568 -0.0481818181818182
v -0.1942644986239347 -0.2721929376775568 -0.0627272727272727
v 0.1971695917302912 -0.2951892089843750 -0.0481818181818182
v 0.1977510209517045 -0.2942060713334517 -0.0627272727272727
v 0.1977510209517045 -0.2942060713334517 -0.0481818181818182
v 0.1971695917302912 -0.2951892089843750 -0.0627272727272727
v -0.1994287802956321 -0.2899685391512784 -0.0627272727272727
v -0.1996779563210227 -0.2888538429953835 -0.0481818181818182
v -0.1996779563210227 -0.2888538429953835 -0.0627272727272727
v -0.1994287802956321 -0.2899685391512784 -0.0481818181818182
v -0.1982695839621804 -0.2931883655894886 -0.0481818181818182
v -0.1982695839621804 -0.2931883655894886 -0.0627272727272727
v 0.1982695839621804 -0.2777054665305398 -0.0627272727272727
v 0.1982695839621804 -0.2777054665305398 -0.0481818181818182
v -0.1991101212935014 -0.2910653963955966 -0.0627272727272727
v -0.1991101212935014 -0.2910653963955966 -0.0481818181818182
v 0.1958275118741122 -0.2970364379882813 -0.0481818181818182
v 0.1965275851162997 -0.2961339222301136 -0.0627272727272727
v 0.1965275851162997 -0.2961339222301136 -0.0481818181818182
v 0.1958275118741122 -0.2970364379882813 -0.0627272727272727
v -0.1934077037464489 -0.2714375721324574 -0.0481818181818182
v -0.1934077037464489 -0.2714375721324574 -0.0627272727272727
v 0.1987232000177557 -0.2921400867808949 -0.0481818181818182
v 0.1987232000177557 -0.2921400867808949 -0.0627272727272727
v 0.1998566228693182 -0.2831681407581676 -0.0481818181818182
v 0.1998566228693182 -0.2831681407581676 -0.0627272727272727
v -0.1998566228693182 -0.2877256913618608 -0.0481818181818182
v -0.1998566228693182 -0.2877256913618608 -0.0627272727272727
v 0.1885113525390625 -0.3023519342595881 -0.0481818181818182
v 0.1885113525390625 -0.3023519342595881 -0.0627272727272727
v -0.1852251087535511 -0.3033066905628551 -0.0481818181818182
v -0.1852251087535511 -0.3033066905628551 -0.0627272727272727
v -0.1840969709916548 -0.3034853571111505 -0.0481818181818182
v -0.1840969709916548 -0.3034853571111505 -0.0627272727272727
v -0.1958275118741122 -0.2970364379882813 -0.0481818181818182
v -0.1958275118741122 -0.2970364379882813 -0.0627272727272727
v 0.1958275118741122 -0.2738573941317471 -0.0627272727272727
v 0.1958275118741122 -0.2738573941317471 -0.0481818181818182
v 0.1852251087535511 -0.3033066905628551 -0.0481818181818182
v 0.1852251087535511 -0.3033066905628551 -0.0627272727272727
v -0.1987232000177557 -0.2921400867808949 -0.0481818181818182
v -0.1987232000177557 -0.2921400867808949 -0.0627272727272727
v 0.1982695839621804 -0.2931883655894886 -0.0481818181818182
v 0.1982695839621804 -0.2931883655894886 -0.0627272727272727
v 0.1996779563210227 -0.2888538429953835 -0.0481818181818182
v 0.1998566228693182 -0.2877256913618608 -0.0627272727272727
v 0.1998566228693182 -0.2877256913618608 -0.0481818181818182
v 0.1996779563210227 -0.2888538429953835 -0.0627272727272727
v 0.1950721602006392 -0.2978932328657670 -0.0481818181818182
v 0.1950721602006392 -0.2978932328657670 -0.0627272727272727
v 0.1999641279740767 -0.2865885509144176 -0.0627272727272727
v 0.1999641279740767 -0.2865885509144176 -0.0481818181818182
v 0.1950721602006392 -0.2730005992542613 -0.0481818181818182
v 0.1942644986239347 -0.2721929376775568 -0.0627272727272727
v 0.1942644986239347 -0.2721929376775568 -0.0481818181818182
v 0.1950721602006392 -0.2730005992542613 -0.0627272727272727
v 0.1915604886141690 -0.3007983398437500 -0.0481818181818182
v 0.1915604886141690 -0.3007983398437500 -0.0627272727272727
v -0.1991101212935014 -0.2798284357244318 -0.0627272727272727
v -0.1991101212935014 -0.2798284357244318 -0.0481818181818182
v -0.1885113525390625 -0.2685418978604404 -0.0481818181818182
v -0.1885113525390625 -0.2685418978604404 -0.0627272727272727
v -0.1994287802956321 -0.2809252929687500 -0.0627272727272727
v -0.1994287802956321 -0.2809252929687500 -0.0481818181818182
v 0.1925051879882813 -0.3001563054865057 -0.0627272727272727
v 0.0264601776816628 -0.2470286143909801 -0.0627272727272727
v 0.0334037919477983 -0.2198248291015625 -0.0627272727272727
v 0.0312702491066673 -0.2281836769797585 -0.0627272727272727
v 0.0237115981362083 -0.2575738525390625 -0.0627272727272727
v 0.0217779610373757 -0.2649924815784801 -0.0627272727272727
v 0.0202520231767134 -0.2707004061612216 -0.0627272727272727
v 0.0183850114995783 -0.2776841597123579 -0.0627272727272727
v 0.0162934667413885 -0.2852772938121449 -0.0627272727272727
v 0.0157961689342152 -0.2870826582475142 -0.0627272727272727
v 0.0154374538768422 -0.2883405095880682 -0.0627272727272727
v 0.0137421720678156 -0.2942851118607955 -0.0627272727272727
v 0.0135037257454612 -0.2951058405095880 -0.0627272727272727
v 0.0134935075586492 -0.2951410189541903 -0.0627272727272727
v 0.0129620291969993 -0.2969312633167613 -0.0627272727272727
v 0.0127573472803289 -0.2974997780539773 -0.0627272727272727
v 0.0126720020987771 -0.2977368441495029 -0.0627272727272727
v 0.0125719391215931 -0.2979680841619318 -0.0627272727272727
v 0.0123319617184726 -0.2985226162997159 -0.0627272727272727
v 0.0120576399022883 -0.2990610018643466 -0.0627272727272727
v 0.0119432562047785 -0.2992855002663352 -0.0627272727272727
v 0.0118150034817782 -0.2995023692737926 -0.0627272727272727
v 0.0115074157714844 -0.3000224720348011 -0.0627272727272727
v 0.0111677776683461 -0.3005222389914773 -0.0627272727272727
v 0.0110261596332897 -0.3007306185635654 -0.0627272727272727
v 0.0108717363530939 -0.3009297041459517 -0.0627272727272727
v 0.0105013873360374 -0.3014071377840909 -0.0627272727272727
v 0.0101017917286266 -0.3018604070490057 -0.0627272727272727
v 0.0099351735548540 -0.3020493940873580 -0.0627272727272727
v 0.0093297481536865 -0.3026548073508523 -0.0627272727272727
v 0.0091407567804510 -0.3028214333274148 -0.0627272727272727
v 0.0086875031211159 -0.3032210193980824 -0.0627272727272727
v 0.0082100556113503 -0.3035913918235085 -0.0627272727272727
v -0.0119432562047785 -0.2992855002663352 -0.0627272727272727
v -0.0123319617184726 -0.2985226162997159 -0.0627272727272727
v -0.0120576399022883 -0.2990610018643466 -0.0627272727272727
v -0.0126720020987771 -0.2977368441495029 -0.0627272727272727
v -0.0129620291969993 -0.2969312633167613 -0.0627272727272727
v -0.0127573472803289 -0.2974997780539773 -0.0627272727272727
v -0.0134935075586492 -0.2951410189541903 -0.0627272727272727
v -0.0137421720678156 -0.2942851118607955 -0.0627272727272727
v -0.0135037257454612 -0.2951058405095880 -0.0627272727272727
v -0.0154374538768422 -0.2883405095880682 -0.0627272727272727
v -0.0202520231767134 -0.2707004061612216 -0.0627272727272727
v -0.0183850114995783 -0.2776841597123579 -0.0627272727272727
v -0.0237115981362083 -0.2575738525390625 -0.0627272727272727
v -0.0217779610373757 -0.2649924815784801 -0.0627272727272727
v -0.0082100556113503 -0.3035913918235085 -0.0627272727272727
v -0.0086875031211159 -0.3032210193980824 -0.0627272727272727
v -0.0091407567804510 -0.3028214333274148 -0.0627272727272727
v -0.0093297481536865 -0.3026548073508523 -0.0627272727272727
v -0.0099351735548540 -0.3020493940873580 -0.0627272727272727
v -0.0101017917286266 -0.3018604070490057 -0.0627272727272727
v -0.0105013873360374 -0.3014071377840909 -0.0627272727272727
v -0.0108717363530939 -0.3009297041459517 -0.0627272727272727
v -0.0110261596332897 -0.3007306185635654 -0.0627272727272727
v -0.0111677776683461 -0.3005222389914773 -0.0627272727272727
v -0.0115074157714844 -0.3000224720348011 -0.0627272727272727
v -0.0118150034817782 -0.2995023692737926 -0.0627272727272727
v -0.0125719391215931 -0.2979680841619318 -0.0627272727272727
v -0.0157961689342152 -0.2870826582475142 -0.0627272727272727
v -0.0162934667413885 -0.2852772938121449 -0.0627272727272727
v -0.0264601776816628 -0.2470286143909801 -0.0627272727272727
v -0.0312702491066673 -0.2281836769797585 -0.0627272727272727
v -0.0334037919477983 -0.2198248291015625 -0.0627272727272727
v -0.1915604886141690 -0.3007983398437500 -0.0627272727272727
v -0.1999641279740767 -0.2865885509144176 -0.0627272727272727
v -0.1999641279740767 -0.2843052812056108 -0.0627272727272727
v -0.2000000000000000 -0.2854469160600142 -0.0627272727272727
v -0.1999641279740767 -0.2843052812056108 -0.0481818181818182
v -0.2000000000000000 -0.2854469160600142 -0.0481818181818182
v -0.1999641279740767 -0.2865885509144176 -0.0481818181818182
v -0.1915604886141690 -0.3007983398437500 -0.0481818181818182
v 0.1925051879882813 -0.3001563054865057 -0.0481818181818182
v -0.0086875022541393 -0.3032210193980824 -0.0481818181818182
v -0.0082100564783270 -0.3035913640802557 -0.0481818181818182
v -0.0123319599845193 -0.2985226162997159 -0.0481818181818182
v -0.0119432544708252 -0.2992855002663352 -0.0481818181818182
v -0.0120576399022883 -0.2990610018643466 -0.0481818181818182
v -0.0129620274630460 -0.2969312633167613 -0.0481818181818182
v -0.0126720003648238 -0.2977368441495029 -0.0481818181818182
v -0.0127573472803289 -0.2974997780539773 -0.0481818181818182
v -0.0132008977369829 -0.2961090642755682 -0.0481818181818182
v -0.0131306050040505 -0.2963510131835937 -0.0481818181818182
v -0.0138191864707253 -0.2938150579279119 -0.0481818181818182
v -0.0139507605812766 -0.2933268876509233 -0.0481818181818182
v -0.0317754468050870 -0.2231178144975142 -0.0481818181818182
v -0.0091407524455677 -0.3028214333274148 -0.0481818181818182
v -0.0093297464197332 -0.3026548073508523 -0.0481818181818182
v -0.0099351718209007 -0.3020493940873580 -0.0481818181818182
v -0.0101017925956032 -0.3018604070490057 -0.0481818181818182
v -0.0105013864690607 -0.3014071377840909 -0.0481818181818182
v -0.0108717328851873 -0.3009297041459517 -0.0481818181818182
v -0.0110261578993364 -0.3007306185635654 -0.0481818181818182
v -0.0111677785353227 -0.3005222389914773 -0.0481818181818182
v -0.0115074140375311 -0.3000224720348011 -0.0481818181818182
v -0.0118150000138716 -0.2995023692737926 -0.0481818181818182
v -0.0125719365206632 -0.2979680841619318 -0.0481818181818182
v -0.0162621012600985 -0.2845042558149858 -0.0481818181818182
v -0.0170553259416060 -0.2814764126864346 -0.0481818181818182
v -0.0184291960976341 -0.2761098410866477 -0.0481818181818182
v -0.0216415596008301 -0.2635617342862216 -0.0481818181818182
v -0.0243118979714134 -0.2529408957741477 -0.0481818181818182
v -0.0291844281283292 -0.2335611516779119 -0.0481818181818182
v 0.0317754468050870 -0.2231178144975142 -0.0481818181818182
v 0.0291844281283292 -0.2335611516779119 -0.0481818181818182
v 0.0243118979714134 -0.2529408957741477 -0.0481818181818182
v 0.0216415596008301 -0.2635617342862216 -0.0481818181818182
v 0.0184291960976341 -0.2761098410866477 -0.0481818181818182
v 0.0170553259416060 -0.2814764126864346 -0.0481818181818182
v 0.0162621012600985 -0.2845042558149858 -0.0481818181818182
v 0.0139507605812766 -0.2933268876509233 -0.0481818181818182
v 0.0138191864707253 -0.2938150579279119 -0.0481818181818182
v 0.0132008977369829 -0.2961090642755682 -0.0481818181818182
v 0.0131306050040505 -0.2963510131835937 -0.0481818181818182
v 0.0129620274630460 -0.2969312633167613 -0.0481818181818182
v 0.0127573472803289 -0.2974997780539773 -0.0481818181818182
v 0.0126720003648238 -0.2977368441495029 -0.0481818181818182
v 0.0125719365206632 -0.2979680841619318 -0.0481818181818182
v 0.0123319599845193 -0.2985226162997159 -0.0481818181818182
v 0.0120576399022883 -0.2990610018643466 -0.0481818181818182
v 0.0119432544708252 -0.2992855002663352 -0.0481818181818182
v 0.0118150000138716 -0.2995023692737926 -0.0481818181818182
v 0.0115074140375311 -0.3000224720348011 -0.0481818181818182
v 0.0111677785353227 -0.3005222389914773 -0.0481818181818182
v 0.0110261578993364 -0.3007306185635654 -0.0481818181818182
v 0.0108717328851873 -0.3009297041459517 -0.0481818181818182
v 0.0105013864690607 -0.3014071377840909 -0.0481818181818182
v 0.0101017925956032 -0.3018604070490057 -0.0481818181818182
v 0.0099351718209007 -0.3020493940873580 -0.0481818181818182
v 0.0093297464197332 -0.3026548073508523 -0.0481818181818182
v 0.0091407524455677 -0.3028214333274148 -0.0481818181818182
v 0.0086875022541393 -0.3032210193980824 -0.0481818181818182
v 0.0082100564783270 -0.3035913640802557 -0.0481818181818182
v -0.0036363636363636 -0.2915780084783381 0.1136004916104403
v -0.0072727272727273 -0.2078711492365057 -0.0172727272727273
v -0.0036363636363636 -0.2927196433327415 0.1136363636363636
v -0.0072727272727273 -0.3048408647017046 -0.0172727272727273
v 0.0036363636363636 -0.2915780084783381 0.1136004916104403
v 0.0036363636363636 -0.2927196433327415 0.1136363636363636
v 0.0072727272727273 -0.2078711492365057 -0.0172727272727273
v 0.0036363636363636 -0.3105794178355824 0.0988614723899148
v 0.0036363636363636 -0.3107580843838779 0.0977333346280185
v 0.0072727272727273 -0.3048408647017046 -0.0172727272727273
v -0.0036363636363636 -0.3108655894886364 0.0965961941805753
v -0.0036363636363636 -0.3107580843838779 0.0977333346280185
v 0.0036363636363636 -0.3108655894886364 0.0965961941805753
v -0.0036363636363636 -0.3108655894886364 0.0943128967285156
v 0.0000000000000000 -0.3048608121004971 -0.0458973659168590
v 0.0036363636363636 -0.3108655894886364 0.0943128967285156
v -0.0007057851011103 -0.3048597301136364 -0.0459228550304066
v -0.0007637830755927 -0.3048596468838778 -0.0459249496459961
v -0.0012941071120175 -0.3048571777343750 -0.0459823469682173
v -0.0072727272727273 -0.3048408647017046 -0.0463636363636364
v -0.0015064205906608 -0.3048560680042613 -0.0460083354603161
v -0.0015331697463989 -0.3048559292879972 -0.0460116091641513
v -0.0015712507204576 -0.3048555963689631 -0.0460193599354137
v -0.0023138191483238 -0.3048491321910511 -0.0461705190485174
v -0.0025907522981817 -0.3048457475142046 -0.0462491815740412
v -0.0029936911843040 -0.3048408647017046 -0.0463636363636364
v 0.0007057851011103 -0.3048597301136364 -0.0459228550304066
v 0.0007637830755927 -0.3048596468838778 -0.0459249496459961
v 0.0012941071120175 -0.3048571777343750 -0.0459823469682173
v 0.0072727272727273 -0.3048408647017046 -0.0463636363636364
v 0.0015064205906608 -0.3048560680042613 -0.0460083354603161
v 0.0015331697463989 -0.3048559292879972 -0.0460116091641513
v 0.0015712507204576 -0.3048555963689631 -0.0460193599354137
v 0.0023138191483238 -0.3048491321910511 -0.0461705190485174
v 0.0025907522981817 -0.3048457475142046 -0.0462491815740412
v 0.0029936911843040 -0.3048408647017046 -0.0463636363636364
v -0.0072727272727273 -0.2145493940873580 -0.0230032764781605
v -0.0072727272727273 -0.2078711492365057 -0.0214757745916193
v -0.0072727272727273 -0.2218229814009233 -0.0246677398681641
v -0.0072727272727273 -0.2409523703835227 -0.0290452436967330
v -0.0072727272727273 -0.2430775035511364 -0.0295356507734819
v -0.0072727272727273 -0.2467869429154829 -0.0303916723077947
v -0.0072727272727273 -0.2487408724698153 -0.0308475945212624
v -0.0072727272727273 -0.2516057517311790 -0.0315160716663707
v -0.0072727272727273 -0.2606042480468750 -0.0336269621415572
v -0.0072727272727273 -0.2679443636807529 -0.0353488228537820
v -0.0072727272727273 -0.2693788285688921 -0.0356887956099077
v -0.0072727272727273 -0.2712384865500710 -0.0361295422640714
v -0.0072727272727273 -0.2794879982688210 -0.0381231481378729
v -0.0072727272727273 -0.2826060069691051 -0.0388766548850320
v -0.0072727272727273 -0.2831878939541904 -0.0390175940773704
v -0.0072727272727273 -0.2848871404474432 -0.0394291652332653
v -0.0072727272727273 -0.2925311834161932 -0.0413420971957120
v -0.0072727272727273 -0.2931629527698864 -0.0415002025257457
v -0.0072727272727273 -0.2932760342684659 -0.0415285214510831
v -0.0072727272727273 -0.2947382424094460 -0.0418947323885831
v -0.0072727272727273 -0.2949164095791904 -0.0419411607222124
v -0.0072727272727273 -0.2961419400301847 -0.0422604959661310
v -0.0072727272727273 -0.2972530850497159 -0.0425994977084073
v -0.0072727272727273 -0.2973350663618608 -0.0426259925148704
v -0.0072727272727273 -0.2974650712446733 -0.0426723931052468
v -0.0072727272727273 -0.2973722978071733 -0.0426392815329812
v -0.0072727272727273 -0.2982749800248580 -0.0430133368752219
v -0.0072727272727273 -0.2987361561168324 -0.0432188034057617
v -0.0072727272727273 -0.2992153653231534 -0.0434777311845259
v -0.0072727272727273 -0.2995491998845881 -0.0436604517156428
v -0.0072727272727273 -0.3027296863902699 -0.0462047958374023
v -0.0072727272727273 -0.3028691517223011 -0.0463636363636364
v -0.0072727272727273 -0.3025252463600852 -0.0459823469682173
v -0.0072727272727273 -0.3021739612926136 -0.0456466397372159
v -0.0072727272727273 -0.3017424149946733 -0.0452342744307085
v -0.0072727272727273 -0.3015108698064631 -0.0450393329967152
v -0.0072727272727273 -0.3008691961115057 -0.0445265336470170
v -0.0072727272727273 -0.3006661709872159 -0.0443834339488636
v -0.0072727272727273 -0.3004643110795455 -0.0442411838878285
v -0.0072727272727273 -0.2998934381658381 -0.0438619232177734
v -0.0072727272727273 -0.2964738048206676 -0.0423561581698331
v -0.0072727272727273 -0.2967178622159091 -0.0424265115911310
v -0.0072727272727273 -0.2980035955255682 -0.0428924248435281
v -0.0072727272727273 -0.2987866210937500 -0.0432430614124645
v 0.0036363636363636 -0.2904408680308949 0.1134929865056818
v -0.0036363636363636 -0.3109014615145597 0.0954545454545455
v -0.0036363636363636 -0.2938612781871449 0.1136004916104403
v 0.0000000000000000 -0.2078711492365057 -0.0207425134832209
v 0.0004248710924929 -0.2078711492365057 -0.0207454820112749
v 0.0005161661993374 -0.2078711492365057 -0.0207461270419034
v 0.0006070966070349 -0.2078711492365057 -0.0207480343905362
v 0.0010299608924172 -0.2078711492365057 -0.0207569330388849
v 0.0014487908103249 -0.2078711492365057 -0.0207717063210227
v 0.0015390288829803 -0.2078711492365057 -0.0207748829234730
v 0.0016281770576130 -0.2078711492365057 -0.0207793218439276
v 0.0020410431515087 -0.2078711492365057 -0.0207998865300959
v 0.0024459570104426 -0.2078711492365057 -0.0208261247114702
v 0.0025337221405723 -0.2078711492365057 -0.0208318051424893
v 0.0026196828755465 -0.2078711492365057 -0.0208387201482599
v 0.0030148432471535 -0.2078711492365057 -0.0208704792369496
v 0.0030986915935170 -0.2078711492365057 -0.0208785941384055
v 0.0034822617877613 -0.2078711492365057 -0.0209157076748935
v 0.0038524675369263 -0.2078711492365057 -0.0209579675847834
v 0.0039339165254073 -0.2078711492365057 -0.0209672615744851
v 0.0048938057639382 -0.2078711492365057 -0.0210872233997692
v 0.0050992874665694 -0.2078711492365057 -0.0211129067160866
v 0.0055615984309803 -0.2078711492365057 -0.0211743025346236
v 0.0056588350642811 -0.2078711492365057 -0.0211872170188210
v 0.0057521239194003 -0.2078711492365057 -0.0212014978582209
v 0.0061921241066673 -0.2078711492365057 -0.0212688792835582
v 0.0062811712785201 -0.2078711492365057 -0.0212845056707209
v 0.0066968874497847 -0.2078711492365057 -0.0213574634898793
v 0.0070865266973322 -0.2078711492365057 -0.0214355746182528
v 0.0071710391478105 -0.2078711492365057 -0.0214525118741122
v 0.0072727272727273 -0.2078711492365057 -0.0214757745916193
v -0.0004248710924929 -0.2078711492365057 -0.0207454820112749
v -0.0005161661993374 -0.2078711492365057 -0.0207461270419034
v -0.0006070966070349 -0.2078711492365057 -0.0207480343905362
v -0.0010299608924172 -0.2078711492365057 -0.0207569330388849
v -0.0014487908103249 -0.2078711492365057 -0.0207717063210227
v -0.0015390288829803 -0.2078711492365057 -0.0207748829234730
v -0.0016281770576130 -0.2078711492365057 -0.0207793218439276
v -0.0020410431515087 -0.2078711492365057 -0.0207998865300959
v -0.0024459570104426 -0.2078711492365057 -0.0208261247114702
v -0.0025337221405723 -0.2078711492365057 -0.0208318051424893
v -0.0026196828755465 -0.2078711492365057 -0.0208387201482599
v -0.0030148432471535 -0.2078711492365057 -0.0208704792369496
v -0.0030986915935170 -0.2078711492365057 -0.0208785941384055
v -0.0034822617877613 -0.2078711492365057 -0.0209157076748935
v -0.0038524675369263 -0.2078711492365057 -0.0209579675847834
v -0.0039339165254073 -0.2078711492365057 -0.0209672615744851
v -0.0048938057639382 -0.2078711492365057 -0.0210872233997692
v -0.0050992874665694 -0.2078711492365057 -0.0211129067160866
v -0.0055615984309803 -0.2078711492365057 -0.0211743025346236
v -0.0056588350642811 -0.2078711492365057 -0.0211872170188210
v -0.0057521239194003 -0.2078711492365057 -0.0212014978582209
v -0.0061921241066673 -0.2078711492365057 -0.0212688792835582
v -0.0062811712785201 -0.2078711492365057 -0.0212845056707209
v -0.0066968874497847 -0.2078711492365057 -0.0213574634898793
v -0.0070865266973322 -0.2078711492365057 -0.0214355746182528
v -0.0071710391478105 -0.2078711492365057 -0.0214525118741122
v -0.0036363636363636 -0.2767868041992188 0.1042137007279830
v -0.0036363636363636 -0.2773682195490057 0.1051968522505327
v 0.0036363636363636 -0.3109014615145597 0.0954545454545455
v -0.0036363636363636 -0.3086524824662642 0.1042137007279830
v -0.0036363636363636 -0.3091710316051136 0.1031959811123935
v 0.0036363636363636 -0.2773682195490057 0.1051968522505327
v 0.0036363636363636 -0.2780102261629971 0.1061415516246449
v 0.0036363636363636 -0.2938612781871449 0.1136004916104403
v -0.0036363636363636 -0.3043091652610085 0.1094638755104759
v -0.0036363636363636 -0.3051659601384943 0.1087085238370028
v 0.0072727272727273 -0.2145493940873580 -0.0230032764781605
v 0.0072727272727273 -0.2218229814009233 -0.0246677398681641
v 0.0072727272727273 -0.2409523703835227 -0.0290452436967330
v 0.0072727272727273 -0.2430775035511364 -0.0295356507734819
v 0.0072727272727273 -0.2467869429154829 -0.0303916723077947
v 0.0072727272727273 -0.2487408724698153 -0.0308475945212624
v 0.0072727272727273 -0.2516057517311790 -0.0315160716663707
v 0.0072727272727273 -0.2606042480468750 -0.0336269621415572
v 0.0072727272727273 -0.2679443636807529 -0.0353488228537820
v 0.0072727272727273 -0.2693788285688921 -0.0356887956099077
v 0.0072727272727273 -0.2712384865500710 -0.0361295422640714
v 0.0072727272727273 -0.2794879982688210 -0.0381231481378729
v 0.0072727272727273 -0.2826060069691051 -0.0388766548850320
v 0.0072727272727273 -0.2831878939541904 -0.0390175940773704
v 0.0072727272727273 -0.2848871404474432 -0.0394291652332653
v 0.0072727272727273 -0.2925311834161932 -0.0413420971957120
v 0.0072727272727273 -0.2931629527698864 -0.0415002025257457
v 0.0072727272727273 -0.2932760342684659 -0.0415285214510831
v 0.0072727272727273 -0.2947382424094460 -0.0418947323885831
v 0.0072727272727273 -0.2949164095791904 -0.0419411607222124
v 0.0072727272727273 -0.2972530850497159 -0.0425994977084073
v 0.0072727272727273 -0.2967178622159091 -0.0424265115911310
v 0.0072727272727273 -0.2973350663618608 -0.0426259925148704
v 0.0072727272727273 -0.2974650712446733 -0.0426723931052468
v 0.0072727272727273 -0.2973722978071733 -0.0426392815329812
v 0.0072727272727273 -0.2982749800248580 -0.0430133368752219
v 0.0072727272727273 -0.2980035955255682 -0.0428924248435281
v 0.0072727272727273 -0.2992153653231534 -0.0434777311845259
v 0.0072727272727273 -0.2987866210937500 -0.0432430614124645
v 0.0072727272727273 -0.2961419400301847 -0.0422604959661310
v 0.0072727272727273 -0.2964738048206676 -0.0423561581698331
v 0.0072727272727273 -0.2987361561168324 -0.0432188034057617
v 0.0072727272727273 -0.2995491998845881 -0.0436604517156428
v 0.0072727272727273 -0.2998934381658381 -0.0438619232177734
v 0.0072727272727273 -0.3004643110795455 -0.0442411838878285
v 0.0072727272727273 -0.3006661709872159 -0.0443834339488636
v 0.0072727272727273 -0.3008691961115057 -0.0445265336470170
v 0.0072727272727273 -0.3015108698064631 -0.0450393329967152
v 0.0072727272727273 -0.3017424149946733 -0.0452342744307085
v 0.0072727272727273 -0.3021739612926136 -0.0456466397372159
v 0.0072727272727273 -0.3025252463600852 -0.0459823469682173
v 0.0072727272727273 -0.3027296863902699 -0.0462047958374023
v 0.0072727272727273 -0.3028691517223011 -0.0463636363636364
v -0.0042305673252453 -0.3044631958007812 -0.0463636363636364
v -0.0038591592962092 -0.3045969182794744 -0.0463636363636364
v -0.0063561560890891 -0.3034624689275568 -0.0463636363636364
v -0.0060163827375932 -0.3036634133078835 -0.0463636363636364
v -0.0031057635220614 -0.3048158125443892 -0.0463636363636364
v -0.0034800884940407 -0.3047070589932528 -0.0463636363636364
v -0.0045973248915239 -0.3043311656605114 -0.0463636363636364
v -0.0049550698020241 -0.3041763583096591 -0.0463636363636364
v -0.0053173485669223 -0.3040195811878551 -0.0463636363636364
v -0.0056690671227195 -0.3038403875177557 -0.0463636363636364
v -0.0066916756196456 -0.3032640491832386 -0.0463636363636364
v -0.0070140747590498 -0.3030449329723011 -0.0463636363636364
v 0.0070140747590498 -0.3030449329723011 -0.0463636363636364
v 0.0066916756196456 -0.3032640491832386 -0.0463636363636364
v 0.0063561560890891 -0.3034624689275568 -0.0463636363636364
v 0.0060163827375932 -0.3036634133078835 -0.0463636363636364
v 0.0056690671227195 -0.3038403875177557 -0.0463636363636364
v 0.0053173485669223 -0.3040195811878551 -0.0463636363636364
v 0.0049550698020241 -0.3041763583096591 -0.0463636363636364
v 0.0045973248915239 -0.3043311656605114 -0.0463636363636364
v 0.0042305673252453 -0.3044631958007812 -0.0463636363636364
v 0.0038591592962092 -0.3045969182794744 -0.0463636363636364
v 0.0034800884940407 -0.3047070589932528 -0.0463636363636364
v 0.0031057635220614 -0.3048158125443892 -0.0463636363636364
v 0.0036363636363636 -0.2767868041992188 0.1042137007279830
v 0.0036363636363636 -0.2787102994051847 0.1070440673828125
v 0.0036363636363636 -0.2794656649502841 0.1079008622602983
v 0.0036363636363636 -0.2839604880593040 0.1113873845880682
v 0.0036363636363636 -0.2849781938032671 0.1119059475985440
v -0.0036363636363636 -0.2983381236683239 0.1127464849298651
v -0.0036363636363636 -0.2994128140536221 0.1123595636541193
v -0.0036363636363636 -0.3067289872602983 0.1070440673828125
v 0.0036363636363636 -0.3059736217151989 0.1079008622602983
v -0.0036363636363636 -0.3059736217151989 0.1079008622602983
v 0.0036363636363636 -0.3067289872602983 0.1070440673828125
v 0.0036363636363636 -0.3086524824662642 0.1042137007279830
v 0.0036363636363636 -0.3091710316051136 0.1031959811123935
v 0.0036363636363636 -0.3051659601384943 0.1087085238370028
v 0.0036363636363636 -0.2994128140536221 0.1123595636541193
v 0.0036363636363636 -0.3004610928622159 0.1119059475985440
v -0.0036363636363636 -0.2829773226651278 0.1108059553666548
v -0.0036363636363636 -0.2839604880593040 0.1113873845880682
v 0.0036363636363636 -0.2860264726118608 0.1123595636541193
v 0.0036363636363636 -0.2871011352539062 0.1127464849298651
v 0.0036363636363636 -0.2881979924982244 0.1130651439319957
v -0.0036363636363636 -0.2949984186345881 0.1134929865056818
v -0.0036363636363636 -0.2961265702681108 0.1133143199573864
v 0.0036363636363636 -0.2983381236683239 0.1127464849298651
v -0.0036363636363636 -0.3100115689364347 0.1010730396617543
v -0.0036363636363636 -0.3103302556818182 0.0999761824174361
v -0.0036363636363636 -0.3014787986061790 0.1113873845880682
v -0.0036363636363636 -0.3024619362571023 0.1108059553666548
v 0.0036363636363636 -0.2961265702681108 0.1133143199573864
v 0.0036363636363636 -0.2972412664240057 0.1130651439319957
v -0.0036363636363636 -0.3074290327592329 0.1061415516246449
v 0.0036363636363636 -0.3074290327592329 0.1061415516246449
v 0.0036363636363636 -0.3080710671164772 0.1051968522505327
v 0.0036363636363636 -0.3096246615323153 0.1021477161754261
v 0.0036363636363636 -0.3100115689364347 0.1010730396617543
v 0.0036363636363636 -0.3103302556818182 0.0999761824174361
v -0.0036363636363636 -0.2871011352539062 0.1127464849298651
v -0.0036363636363636 -0.2881979924982244 0.1130651439319957
v -0.0036363636363636 -0.2820326371626420 0.1101639487526633
v 0.0036363636363636 -0.2829773226651278 0.1108059553666548
v 0.0036363636363636 -0.2820326371626420 0.1101639487526633
v -0.0036363636363636 -0.2893127163973722 0.1133143199573864
v 0.0036363636363636 -0.2893127163973722 0.1133143199573864
v -0.0036363636363636 -0.2904408680308949 0.1134929865056818
v -0.0036363636363636 -0.2972412664240057 0.1130651439319957
v 0.0036363636363636 -0.2949984186345881 0.1134929865056818
v 0.0036363636363636 -0.3014787986061790 0.1113873845880682
v 0.0036363636363636 -0.3024619362571023 0.1108059553666548
v -0.0036363636363636 -0.3034066495028409 0.1101639487526633
v -0.0036363636363636 -0.3105794178355824 0.0988614723899148
v 0.0036363636363636 -0.3034066495028409 0.1101639487526633
v -0.0036363636363636 -0.3080710671164772 0.1051968522505327
v -0.0036363636363636 -0.2860264726118608 0.1123595636541193
v 0.0036363636363636 -0.2802733265269886 0.1087085238370028
v 0.0036363636363636 -0.2811301214044744 0.1094638755104759
v -0.0036363636363636 -0.2794656649502841 0.1079008622602983
v -0.0036363636363636 -0.2802733265269886 0.1087085238370028
v 0.0036363636363636 -0.3043091652610085 0.1094638755104759
v -0.0036363636363636 -0.3004610928622159 0.1119059475985440
v -0.0036363636363636 -0.3096246615323153 0.1021477161754261
v -0.0036363636363636 -0.2849781938032671 0.1119059475985440
v -0.0036363636363636 -0.2811301214044744 0.1094638755104759
v -0.0036363636363636 -0.2780102261629971 0.1061415516246449
v -0.0036363636363636 -0.2787102994051847 0.1070440673828125
v 0.0256062316894531 0.2901458462801846 -0.0546688669378107
v 0.0247364737770774 0.2898014970259233 -0.0529672934792259
v 0.0253026234019886 0.2882289539683949 -0.0529672934792259
v -0.0182903463190252 -0.1406906821511009 -0.0090315662730824
v -0.0175254197554155 -0.1418162397904830 -0.0090315662730824
v 0.0262774727561257 -0.1109014615145597 -0.1068894542347301
v 0.0277658948031339 0.1800076293945312 -0.1060404725508256
v 0.0277658948031339 -0.1290832796963778 -0.1060404725508256
v 0.0262774727561257 0.1618258112127131 -0.1068894542347301
v 0.0261922870982777 0.2885180109197443 -0.0546688669378107
v 0.0240726991133256 0.2913353659889915 -0.0529672934792259
v 0.0224631361527876 0.2942631669477983 -0.0529672934792259
v 0.0224021738225763 0.2923233309659091 -0.0513278128884055
v 0.0233139211481268 0.2928245683149858 -0.0529672934792259
v 0.0441281994906339 -0.1109014615145597 -0.0270298975164240
v 0.0430993617664684 -0.1290832796963778 -0.0256596166437322
v 0.0451134837757457 -0.1290832796963778 -0.0284318161010742
v -0.0491726545854048 -0.1384634676846591 -0.0374282975630327
v -0.0497084322842685 -0.1418462302468040 -0.0406142980402166
v -0.0484866367686879 -0.1415325372869318 -0.0374282975630327
v -0.0017133123224432 0.1800076293945312 -0.0045723724365234
v -0.0051331780173562 0.1800076293945312 -0.0047875282981179
v -0.0034249357743697 0.1618258112127131 -0.0046530844948509
v -0.0538739083030007 0.1800076293945312 -0.0676237002286044
v -0.0541153439608487 -0.1109014615145597 -0.0659272696755149
v -0.0541153439608487 0.1618258112127131 -0.0659272696755149
v -0.0538739083030007 -0.1290832796963778 -0.0676237002286044
v 0.0027392855557528 0.3016913119229404 -0.0468452731045810
v 0.0025618778575550 0.3002870039506392 -0.0455160487781871
v 0.0038301745328036 0.3000861150568182 -0.0455160487781871
v 0.0162953012639826 0.2997052556818182 -0.0513278128884055
v 0.0143554618141868 0.2997662353515625 -0.0497568997469815
v 0.0155677864768288 0.2988258500532671 -0.0497568997469815
v -0.0270523868907582 0.2851681518554687 -0.0827337334372781
v -0.0491726545854048 0.1893878173828125 -0.0807535240866921
v -0.0278645012595437 0.2853230701793324 -0.0809767809781161
v 0.0385694607821378 -0.1290832796963778 -0.0205214483087713
v 0.0360003766146573 -0.1313482249866832 -0.0181757632168857
v 0.0384933506358754 -0.1315050714666193 -0.0205214483087713
v -0.0512194962935014 0.1832300914417614 -0.0406142980402166
v -0.0522762957486239 0.1832965781471946 -0.0438732147216797
v -0.0513207661021839 0.1800076293945312 -0.0406142980402166
v 0.0423359541459517 0.1880836348100142 -0.0925222015380859
v 0.0401904262195934 0.1876743663441051 -0.0951624644886364
v 0.0417453176325018 0.1907259993119673 -0.0925222015380859
v 0.0507340517911044 -0.1421095692027699 -0.0743086069280451
v 0.0497084322842685 -0.1418462302468040 -0.0775675236095082
v 0.0514518668434837 -0.1388982460715554 -0.0743086069280451
v 0.0292269134521484 0.1618258112127131 -0.0130366654829545
v 0.0306590929898349 -0.1290832796963778 -0.0139774253151634
v 0.0306590929898349 0.1800076293945312 -0.0139774253151634
v 0.0292269134521484 -0.1109014615145597 -0.0130366654829545
v 0.0525973372025923 0.1935123235529119 -0.0642240905761719
v 0.0298051556673917 0.2876603005149148 -0.0716101039539684
v 0.0299232517589222 0.2876906238902699 -0.0696721787886186
v -0.0123682368885387 -0.2976165771484375 -0.0633215505426580
v -0.0126513117009943 -0.2968303056196733 -0.0633215505426580
v -0.0110252415050160 -0.2963019631125710 -0.0656748199462891
v -0.0409899278120561 -0.1424017056551846 -0.0925222015380859
v -0.0389126170765270 -0.1417267539284446 -0.0951624644886364
v -0.0515594447742809 0.1932458496093750 -0.0709896330399947
v -0.0522889397361062 0.1899822720614347 -0.0709896330399947
v -0.0521813583374023 0.1934055259011009 -0.0676237002286044
v -0.0214917928522283 0.1827226673473011 -0.1091502519087358
v -0.0245678502863104 0.1831112670898437 -0.1076912619850852
v -0.0243244934082031 0.1846477716619318 -0.1076912619850852
v 0.0000000000000000 0.1618258112127131 -0.1136363636363636
v -0.0003210414539684 0.1816905905983665 -0.1136094457452947
v -0.0002147327769886 0.1817074307528409 -0.1136094457452947
v 0.0450244626131925 0.1828403264825994 -0.0284318161010742
v 0.0430993617664684 0.1800076293945312 -0.0256596166437322
v 0.0451134837757457 0.1800076293945312 -0.0284318161010742
v 0.0006060166792436 0.2848047429865057 -0.0992298473011364
v 0.0003036048195579 0.2848333462801846 -0.0992298473011364
v 0.0004233689741655 0.2867369218306108 -0.0988659980080344
v 0.0534490966796875 0.1867598238858310 -0.0676237002286044
v 0.0533415152809837 0.1901830638538707 -0.0642240905761719
v 0.0538751810247248 0.1868136457963423 -0.0642240905761719
v -0.0058829255537553 -0.3034206598455256 -0.0649267474087802
v -0.0065432392467152 -0.3030301458185369 -0.0649267474087802
v -0.0055847896229137 -0.3028783347389915 -0.0656748199462891
v -0.0034249357743697 -0.1109014615145597 -0.0046530844948509
v -0.0051331780173562 -0.1290832796963778 -0.0047875282981179
v 0.0499605594981800 0.1831508844549006 -0.0807535240866921
v 0.0485044514049183 0.1830592762340199 -0.0838540302623402
v 0.0496646083484996 0.1862817244096236 -0.0807535240866921
v 0.0150976978648793 0.1819149086692116 -0.1114705623279918
v 0.0118048962679776 0.1814989402077415 -0.1123227310180664
v 0.0149481478604403 0.1828591364080256 -0.1114705623279918
v 0.0509160891446200 -0.1355154696377841 -0.0775675236095082
v 0.0519666255604137 -0.1356481933593750 -0.0743086069280451
v 0.0161534569480202 0.2864032259854403 -0.0942656048861417
v 0.0146291073885831 0.2857996992631392 -0.0953060496937145
v 0.0157199998335405 0.2874048961292613 -0.0942656048861417
v 0.0477395075017756 -0.1381900717995383 -0.0343277913873846
v 0.0470734856345437 -0.1411696971546520 -0.0343277913873846
v 0.0491726545854048 -0.1384634676846591 -0.0374282975630327
v 0.0528057375821200 -0.1426414905894886 -0.0573775967684659
v 0.0528057375821200 -0.1426414905894886 -0.0608042248812589
v 0.0222804884477095 0.2961953457919034 -0.0546688669378107
v 0.0215236975929954 0.2956455022638494 -0.0529672934792259
v -0.0068490184437145 -0.3035119628906250 -0.0467678035389293
v -0.0071277687766335 -0.3039512218128551 -0.0475875438343395
v -0.0061578473177823 -0.3039207319779830 -0.0467678035389293
v 0.0095025704123757 -0.2964819613370028 -0.0438619232177734
v 0.0085707022927024 -0.2967527077414773 -0.0432430614124645
v 0.0092475787076083 -0.2970712280273438 -0.0438619232177734
v 0.0051331780173562 0.1800076293945312 -0.0047875282981179
v 0.0068363571166992 -0.1109014615145597 -0.0049755651300604
v 0.0068363571166992 0.1618258112127131 -0.0049755651300604
v 0.0051331780173562 -0.1290832796963778 -0.0047875282981179
v -0.0107923264936967 -0.2995686756480824 -0.0467678035389293
v -0.0112315680763938 -0.2998474121093750 -0.0475875438343395
v -0.0103409784490412 -0.3002327936345880 -0.0467678035389293
v -0.0113539505004883 -0.2972149935635653 -0.0649267474087802
v -0.0116138111461293 -0.2964931973544034 -0.0649267474087802
v -0.0373389296098189 0.1618258112127131 -0.0988528338345614
v -0.0385694607821378 0.1800076293945312 -0.0976603698730469
v -0.0360715553977273 0.1800076293945312 -0.1000060549649325
v 0.0007294914939187 -0.1306335310502486 -0.1136094457452947
v 0.0000000000000000 -0.1109014615145597 -0.1136363636363636
v 0.0008253929831765 -0.1305846613103693 -0.1136094457452947
v 0.0117254361239347 -0.1387834028764205 -0.0067112593217330
v 0.0110932228781960 -0.1395005104758523 -0.0067112593217330
v 0.0134688706831499 -0.1417313870516690 -0.0077701429887251
v -0.0245678502863104 0.1831112670898437 -0.0104905561967330
v -0.0247142514315518 0.1815625138716264 -0.0104905561967330
v -0.0214917928522283 0.1827226673473011 -0.0090315662730824
v 0.0343060857599432 -0.1402300054376776 -0.0181757632168857
v 0.0097200567072088 -0.2958778797496449 -0.0438619232177734
v 0.0103931565718217 -0.2960965798117898 -0.0445265336470170
v 0.0079521525989879 -0.3052502163973722 -0.0597662284157493
v 0.0077913943204013 -0.3049969204989347 -0.0606895862926136
v 0.0085469159212979 -0.3044834761186079 -0.0606895862926136
v 0.0269785829023881 0.2887734985351563 -0.0564258193969727
v 0.0462216845425692 0.1950259676846591 -0.0343277913873846
v 0.0436526003750888 0.1972909129749645 -0.0313250142877752
v 0.0429054745760831 0.1939484613591974 -0.0284318161010742
v 0.0446516869284890 0.1945158386230469 -0.0313250142877752
v 0.0283847253972834 0.2912459217418324 -0.0638660534945401
v 0.0280464276400479 0.2911120050603693 -0.0619586909901012
v 0.0286883336847479 0.2893290294300426 -0.0619586909901012
v -0.0035272875699130 -0.3064575195312500 -0.0493168085271662
v -0.0044933769919656 -0.3065488503196023 -0.0502195080843839
v -0.0036161700162021 -0.3068036998401988 -0.0502195080843839
v 0.0335384819724343 -0.1423621021617543 -0.0181757632168857
v -0.0110492810336026 -0.2979190340909091 -0.0649267474087802
v -0.0115656384554776 -0.2981620094992898 -0.0641412908380682
v 0.0175254197554155 -0.1418162397904830 -0.1091502519087358
v 0.0049655359441584 -0.2963273204456676 -0.0696380268443715
v 0.0166913292624734 -0.1428915405273438 -0.1091502519087358
v 0.0296958784623580 0.1876322382146662 -0.1042043928666548
v 0.0183492244373668 0.2847189053622159 -0.0931242717396129
v 0.0323809849132191 0.1883216441761364 -0.1021902708573775
v 0.0243244934082031 -0.1337234219637784 -0.1076912619850852
v 0.0212789050015536 -0.1331424505060369 -0.1091502519087358
v 0.0214917928522283 -0.1317983176491477 -0.1091502519087358
v -0.0028830406882546 -0.3078330577503551 -0.0569089473377575
v -0.0038263286243786 -0.3076222090287642 -0.0569089473377575
v -0.0037960676713423 -0.3075043556906960 -0.0578721722689542
v -0.0068139717795632 -0.3020982776988637 -0.0656748199462891
v -0.0073894153941761 -0.3016519165039063 -0.0656748199462891
v -0.0069657759232955 -0.3011398315429688 -0.0663825607299805
v -0.0430993617664684 -0.1290832796963778 -0.0925222015380859
v -0.0451134837757457 -0.1290832796963778 -0.0897500020807440
v -0.0441281994906339 -0.1109014615145597 -0.0911519206653942
v 0.0241336614435369 0.2932752297141335 -0.0546688669378107
v 0.0260845288363370 0.2965613625266335 -0.0677304215864702
v 0.0259815840287642 0.2964960549094460 -0.0657924964211204
v 0.0269656337391246 0.2948321255770597 -0.0657924964211204
v 0.0224631361527876 0.2942631669477983 -0.0844353068958629
v 0.0222804884477095 0.2961953457919034 -0.0827337334372781
v 0.0232529588179155 0.2947644042968750 -0.0827337334372781
v -0.0292170195146040 0.2875092939897017 -0.0754439093849876
v 0.0220985655351119 0.2904064109108665 -0.0497568997469815
v 0.0231312769109553 0.2908923894708807 -0.0513278128884055
v 0.0509160891446200 -0.1355154696377841 -0.0406142980402166
v 0.0504117341475053 -0.1386998263272372 -0.0406142980402166
v 0.0275974412397905 0.2909342262961648 -0.0600779377330433
v -0.0518758080222390 -0.1109014615145597 -0.0759463847767223
v -0.0523796532370827 -0.1290832796963778 -0.0743086069280451
v -0.0518758080222390 0.1618258112127131 -0.0759463847767223
v -0.0523796532370827 0.1800076293945312 -0.0743086069280451
v 0.0272740832242099 -0.1342860828746449 -0.1060404725508256
v 0.0275469519875266 -0.1325632684881037 -0.1060404725508256
v 0.0051230482621626 -0.1294056008078835 -0.1133942864157937
v 0.0017133123224432 -0.1290832796963778 -0.1136094457452947
v 0.0051331780173562 -0.1290832796963778 -0.1133942864157937
v -0.0003853884610263 -0.2988452703302557 -0.0696380268443715
v -0.0007692614468661 -0.2988089821555397 -0.0696380268443715
v -0.0006561244617809 -0.2979134022105824 -0.0699954327670011
v -0.0306590929898349 0.1800076293945312 -0.1042043928666548
v -0.0334312924471768 0.1800076293945312 -0.1021902708573775
v -0.0333653224598278 0.1821067948774858 -0.1021902708573775
v -0.0048819420554421 0.1815938637473367 -0.1133942864157937
v -0.0082647150213068 0.1821296414462003 -0.1129648173939098
v -0.0081151615489613 0.1826444036310369 -0.1129648173939098
v -0.0299232517589222 0.2876906238902699 -0.0677304215864702
v -0.0525973372025923 0.1935123235529119 -0.0539577310735529
v -0.0298051556673917 0.2876603005149148 -0.0657924964211204
v 0.0052266450361772 0.2911148071289062 -0.0403343408757990
v 0.0038542938232422 0.2897424593838778 -0.0396195324984464
v 0.0044579419222745 0.2894812289151278 -0.0396195324984464
v 0.0349382990056818 0.1889782576127486 -0.0181757632168857
v 0.0328391335227273 0.1862720281427557 -0.0159915438565341
v 0.0354326282848011 0.1867667596990412 -0.0181757632168857
v 0.0397619247436523 -0.1109014615145597 -0.0217519794810902
v 0.0409151458740234 -0.1290832796963778 -0.0230193536931818
v 0.0461179559881037 -0.1378807484019886 -0.0313250142877752
v 0.0443144017999822 -0.1375367043235085 -0.0284318161010742
v 0.0454745552756570 -0.1407591663707386 -0.0313250142877752
v 0.0538739083030007 0.1800076293945312 -0.0505581214211204
v 0.0532318219271573 0.1800076293945312 -0.0471921886097301
v 0.0535793027010831 0.1618258112127131 -0.0488701109452681
v -0.0216371016068892 0.3003262329101563 -0.0773246626420455
v -0.0206491574374112 0.3019967373934659 -0.0754439093849876
v -0.0203185931119052 0.3016447310014205 -0.0773246626420455
v -0.0219891184026545 0.3006567937677557 -0.0754439093849876
v 0.0488089509443803 0.1958666159889915 -0.0406142980402166
v 0.0476092633334073 0.1954768232865767 -0.0374282975630327
v 0.0292269134521484 -0.1109014615145597 -0.1051451561667702
v 0.0306590929898349 0.1800076293945312 -0.1042043928666548
v 0.0306590929898349 -0.1290832796963778 -0.1042043928666548
v 0.0292269134521484 0.1618258112127131 -0.1051451561667702
v -0.0113163549249822 -0.1327601900967685 -0.1123227310180664
v -0.0115249009565874 -0.1320423750443892 -0.1123227310180664
v -0.0082647150213068 -0.1312052917480469 -0.1129648173939098
v 0.0086737927523526 0.1881528680974787 -0.1123227310180664
v 0.0049151472611861 0.2846232743696733 -0.0988659980080344
v 0.0051952674172141 0.2843055308948864 -0.0988659980080344
v 0.0087658726085316 0.3069862227006392 -0.0564258193969727
v 0.0068489664251154 0.3066826005415483 -0.0546688669378107
v 0.0085103884610263 0.3061999234286222 -0.0546688669378107
v -0.0047169182517312 -0.3072368275035511 -0.0530369221080433
v -0.0056191531094638 -0.3069120094992898 -0.0530369221080433
v -0.0047545207630504 -0.3073525446111506 -0.0540001470392401
v -0.0285061021284624 -0.1403696511008523 -0.0139774253151634
v -0.0310836306485263 -0.1413901589133523 -0.0159915438565341
v -0.0080767267400568 -0.2959174416281960 -0.0426723931052468
v -0.0017258488048207 -0.3063811700994318 -0.0484383288296786
v -0.0025802577625621 -0.3062458385120739 -0.0484383288296786
v -0.0017776593295011 -0.3067912708629261 -0.0493168085271662
v -0.0149478912353516 -0.1399435563520952 -0.0077701429887251
v -0.0142364744706587 -0.1408607066761364 -0.0077701429887251
v -0.0073894153941761 -0.3016519165039063 -0.0452342744307085
v -0.0080938616665927 -0.3038598910245028 -0.0484383288296786
v -0.0073783874511719 -0.3043461192737926 -0.0484383288296786
v 0.0251233326305043 -0.1409054287997159 -0.0121413490988991
v 0.0118752427534624 -0.1298304054953835 -0.0058590836958452
v 0.0085159509832209 -0.1296190573952415 -0.0052170007879084
v 0.0118048962679776 -0.1305745905095881 -0.0058590836958452
v 0.0217000857266513 -0.1410130032626065 -0.0104905561967330
v 0.0243314361572266 -0.1424596058238636 -0.0121413490988991
v -0.0206023684414950 -0.1357773936878551 -0.0090315662730824
v -0.0239851379394531 -0.1352416159889915 -0.0104905561967330
v -0.0235511224920099 -0.1367355069247159 -0.0104905561967330
v -0.0256671905517578 0.2920856822620739 -0.0809767809781161
v -0.0263749313354492 0.2904501897638495 -0.0809767809781161
v -0.0263139690052379 0.2923900534889915 -0.0791713818636808
v -0.0544109587235884 -0.1325065196644176 -0.0608042248812589
v -0.0545185366543857 -0.1290832796963778 -0.0608042248812589
v -0.0543033773248846 -0.1290832796963778 -0.0642240905761719
v -0.0513207661021839 -0.1290832796963778 -0.0406142980402166
v -0.0523796532370827 -0.1290832796963778 -0.0438732147216797
v -0.0522762957486239 -0.1323722284490412 -0.0438732147216797
v -0.0029873587868430 -0.2990681041370739 -0.0692246489091353
v -0.0037899572199041 -0.2996135642311790 -0.0687569254094904
v -0.0033800853382457 -0.2988679920543324 -0.0692246489091353
v 0.0333653224598278 0.1821067948774858 -0.1021902708573775
v 0.0331676760586825 0.1841976789994673 -0.1021902708573775
v 0.0357871211658825 0.1845285866477273 -0.1000060549649325
v 0.0378862866488370 0.1872348299893466 -0.0976603698730469
v 0.0354326282848011 0.1867667596990412 -0.1000060549649325
v 0.0373577291315252 0.1895994706587358 -0.0976603698730469
v 0.0382653288407759 0.1848416692560369 -0.0976603698730469
v 0.0050927006114613 -0.1297266318581321 -0.1133942864157937
v 0.0017099311135032 -0.1291908541592685 -0.1136094457452947
v 0.0102207981456410 -0.1109014615145597 -0.1126702117919922
v 0.0118987204811790 0.1800076293945312 -0.1123227310180664
v 0.0118987204811790 -0.1290832796963778 -0.1123227310180664
v 0.0102207981456410 0.1618258112127131 -0.1126702117919922
v 0.0277111053466797 0.1817510708895597 -0.1060404725508256
v 0.0247142514315518 0.1815625138716264 -0.1076912619850852
v 0.0275469519875266 0.1834876181862571 -0.1060404725508256
v -0.0014529384266246 -0.3042208584872159 -0.0656748199462891
v -0.0021722412109375 -0.3041069169477983 -0.0656748199462891
v -0.0013696427778764 -0.3035614845969460 -0.0663825607299805
v 0.0528120734474876 -0.1357549910111861 -0.0471921886097301
v 0.0514518668434837 -0.1388982460715554 -0.0438732147216797
v 0.0522889397361062 -0.1390579223632812 -0.0471921886097301
v 0.0317950474132191 -0.1394141179865057 -0.1021902708573775
v 0.0291585298018022 -0.1385574618252841 -0.1042043928666548
v 0.0323809849132191 -0.1373972944779830 -0.1021902708573775
v 0.0239510172063654 0.2952074085582386 -0.0809767809781161
v 0.0235276447642933 0.2971014681729404 -0.0791713818636808
v 0.0245545473965732 0.2955904041637074 -0.0791713818636808
v 0.0468569183349609 0.1829556135697798 -0.0868568038940430
v 0.0482171249389648 0.1860988686301492 -0.0838540302623402
v 0.0523796532370827 0.1800076293945312 -0.0438732147216797
v 0.0528318058360707 -0.1109014615145597 -0.0455260086059570
v 0.0528318058360707 0.1618258112127131 -0.0455260086059570
v 0.0523796532370827 -0.1290832796963778 -0.0438732147216797
v 0.0525973372025923 -0.1425879738547585 -0.0642240905761719
v 0.0521813583374023 -0.1424811762029475 -0.0676237002286044
v 0.0529196513782848 -0.1391782448508523 -0.0676237002286044
v -0.0051331780173562 0.1800076293945312 -0.1133942864157937
v -0.0085327876697887 0.1800076293945312 -0.1129648173939098
v -0.0085159509832209 0.1805434070933949 -0.1129648173939098
v -0.0093786308982156 -0.2995336081764915 -0.0656748199462891
v -0.0097879756580700 -0.2989312744140625 -0.0656748199462891
v -0.0092268267544833 -0.2985751620205966 -0.0663825607299805
v 0.0286883336847479 0.2893290294300426 -0.0754439093849876
v 0.0280464276400479 0.2911120050603693 -0.0754439093849876
v 0.0283847253972834 0.2912459217418324 -0.0735365468805487
v 0.0249191180142489 0.2917336758700284 -0.0546688669378107
v -0.0272740832242099 0.1852104325727983 -0.0121413490988991
v -0.0301160361550071 0.1857525634765625 -0.0139774253151634
v -0.0275469519875266 0.1834876181862571 -0.0121413490988991
v -0.0540886445478959 0.1868406122381037 -0.0573775967684659
v -0.0544109587235884 0.1834308693625710 -0.0573775967684659
v -0.0538751810247248 0.1868136457963423 -0.0539577310735529
v 0.0098473080721768 0.2979198109019887 -0.0455160487781871
v 0.0091265314275568 0.2966087202592330 -0.0442783286354759
v 0.0101509163596413 0.2960029185901988 -0.0442783286354759
v -0.0089446085149592 0.2908198131214489 -0.0411611002141779
v -0.0169515193592418 0.1980591652610085 -0.0104905561967330
v -0.0157846034656871 0.1990879405628551 -0.0104905561967330
v -0.0113727777654474 0.3087319946289063 -0.0696721787886186
v -0.0131539535522461 0.3079612038352273 -0.0677304215864702
v -0.0113727777654474 0.3087319946289063 -0.0677304215864702
v -0.0131539535522461 0.3079612038352273 -0.0696721787886186
v -0.0513207661021839 -0.1290832796963778 -0.0775675236095082
v 0.0215571004694158 0.2885426746715199 -0.0482607512040572
v 0.0209786397760565 0.2898794278231534 -0.0482607512040572
v 0.0380419436368075 0.1950694968483665 -0.0230193536931818
v 0.0305985918912021 -0.1310083840110085 -0.1042043928666548
v 0.0277111053466797 -0.1308267211914063 -0.1060404725508256
v -0.0306590929898349 -0.1290832796963778 -0.1042043928666548
v -0.0334312924471768 -0.1290832796963778 -0.1021902708573775
v -0.0320610115744851 -0.1109014615145597 -0.1032191085815430
v 0.0010694399746982 -0.1375487865101207 -0.1129648173939098
v 0.0006433556296609 -0.1341759837757457 -0.1133942864157937
v 0.0009618620439009 -0.1341255326704545 -0.1133942864157937
v -0.0247142514315518 0.1815625138716264 -0.1076912619850852
v -0.0275469519875266 0.1834876181862571 -0.1060404725508256
v -0.0056020077792081 -0.1432323386452415 -0.1114705623279918
v -0.0064793777465820 -0.1428526583584872 -0.1114705623279918
v -0.0050662266124379 -0.1398495622114702 -0.1123227310180664
v -0.0417453176325018 -0.1398016496138139 -0.0925222015380859
v -0.0396297212080522 -0.1392584644664418 -0.0951624644886364
v -0.0409151458740234 0.1800076293945312 -0.0951624644886364
v -0.0408344095403498 0.1825767100941051 -0.0951624644886364
v -0.0166913292624734 -0.1428915405273438 -0.1091502519087358
v -0.0175254197554155 -0.1418162397904830 -0.1091502519087358
v -0.0149478912353516 -0.1399435563520952 -0.1104116751930930
v -0.0216626115278764 -0.1290832796963778 -0.1091502519087358
v -0.0247631177035245 -0.1290832796963778 -0.1076912619850852
v -0.0232243243130771 -0.1109014615145597 -0.1084451085870916
v 0.0076829840920188 0.3099308915571733 -0.0696721787886186
v 0.0057889279452237 0.3103542535955255 -0.0677304215864702
v 0.0076829840920188 0.3099308915571733 -0.0677304215864702
v 0.0057889279452237 0.3103542535955255 -0.0696721787886186
v -0.0152176943692294 0.1800076293945312 -0.1114705623279918
v -0.0184401529485529 0.1811677828702060 -0.1104116751930930
v -0.0151876657659357 0.1809631625088778 -0.1114705623279918
v 0.0161911773681641 -0.1379844526811080 -0.0077701429887251
v 0.0156003189086914 -0.1389835427024148 -0.0077701429887251
v 0.0182903463190252 -0.1406906821511009 -0.0090315662730824
v 0.0354326282848011 -0.1358424100008878 -0.0181757632168857
v 0.0349382990056818 -0.1380539079145952 -0.0181757632168857
v 0.0373577291315252 -0.1386751209605824 -0.0205214483087713
v 0.0301160361550071 -0.1348282137784091 -0.0139774253151634
v 0.0296958784623580 -0.1367078885165128 -0.0139774253151634
v 0.0328391335227273 -0.1353476784446023 -0.0159915438565341
v 0.0378862866488370 -0.1363104802911932 -0.0205214483087713
v 0.0243244934082031 0.1846477716619318 -0.0104905561967330
v 0.0212789050015536 0.1840668002041903 -0.0090315662730824
v 0.0214917928522283 0.1827226673473011 -0.0090315662730824
v -0.0485044514049183 -0.1321349265358665 -0.0343277913873846
v -0.0500593428178267 -0.1290832796963778 -0.0374282975630327
v -0.0499605594981800 -0.1322265347567472 -0.0374282975630327
v 0.0460542470758612 -0.1109014615145597 -0.0298639956387607
v 0.0469495634599165 -0.1290832796963778 -0.0313250142877752
v 0.0513207661021839 -0.1290832796963778 -0.0406142980402166
v 0.0500593428178267 -0.1290832796963778 -0.0374282975630327
v 0.0512194962935014 -0.1323057417436080 -0.0406142980402166
v 0.0083368405428800 -0.3041943081942471 -0.0493168085271662
v 0.0075998861139471 -0.3046951571377841 -0.0493168085271662
v 0.0077913943204013 -0.3049969204989347 -0.0502195080843839
v 0.0118278399380771 -0.2957565030184659 -0.0459823469682173
v 0.0116138111461293 -0.2964931973544034 -0.0459823469682173
v 0.0121565489335494 -0.2966695334694602 -0.0467678035389293
v 0.0484866367686879 -0.1415325372869318 -0.0374282975630327
v 0.0544109587235884 -0.1325065196644176 -0.0573775967684659
v 0.0545185366543857 -0.1290832796963778 -0.0608042248812589
v 0.0545185366543857 -0.1290832796963778 -0.0573775967684659
v 0.0544109587235884 -0.1325065196644176 -0.0608042248812589
v 0.0540886445478959 -0.1359162625399503 -0.0573775967684659
v 0.0540886445478959 -0.1359162625399503 -0.0608042248812589
v 0.0497084322842685 -0.1418462302468040 -0.0406142980402166
v 0.0229493505304510 0.2966813243519176 -0.0564258193969727
v 0.0239510172063654 0.2952074085582386 -0.0564258193969727
v 0.0276584035700018 0.2889943903142756 -0.0582312185114080
v 0.0513207661021839 0.1800076293945312 -0.0406142980402166
v 0.0518758080222390 -0.1109014615145597 -0.0422354368730025
v 0.0518758080222390 0.1618258112127131 -0.0422354368730025
v 0.0543033773248846 -0.1290832796963778 -0.0539577310735529
v 0.0509160891446200 0.1864398193359375 -0.0775675236095082
v 0.0491726545854048 0.1893878173828125 -0.0807535240866921
v 0.0504117341475053 0.1896241760253906 -0.0775675236095082
v 0.0408344095403498 0.1825767100941051 -0.0951624644886364
v 0.0405925195867365 0.1851356506347656 -0.0951624644886364
v 0.0264069331776012 0.1885877574573864 -0.1060404725508256
v 0.0133456351540305 0.2843438998135653 -0.0962415001609109
v 0.0149639268354936 0.2848696899414063 -0.0953060496937145
v 0.0334312924471768 0.1800076293945312 -0.1021902708573775
v 0.0360003766146573 0.1822725746848367 -0.1000060549649325
v 0.0206023684414950 -0.1357773936878551 -0.1091502519087358
v 0.0175723023848100 -0.1347928688742898 -0.1104116751930930
v 0.0178961355035955 -0.1336782282049006 -0.1104116751930930
v -0.0146291073885831 0.2857996992631392 -0.0953060496937145
v -0.0161534569480202 0.2864032259854403 -0.0942656048861417
v -0.0157199998335405 0.2874048961292613 -0.0942656048861417
v 0.0162953012639826 0.2997052556818182 -0.0860747874866832
v 0.0156378798051314 0.3015313165838068 -0.0844353068958629
v 0.0169585071910511 0.3005069524591619 -0.0844353068958629
v 0.0235276447642933 0.2971014681729404 -0.0582312185114080
v 0.0083697405728427 0.2952321277965199 -0.0431369920210405
v 0.0066992118141868 0.2942441905628551 -0.0420965472134677
v 0.0075799144398082 0.2937954434481534 -0.0420965472134677
v 0.0529196513782848 0.1901025945490057 -0.0676237002286044
v 0.0521813583374023 0.1934055259011009 -0.0676237002286044
v 0.0522889397361062 0.1899822720614347 -0.0709896330399947
v 0.0515594447742809 0.1932458496093750 -0.0709896330399947
v 0.0093786308982156 -0.2995336081764915 -0.0656748199462891
v 0.0092268267544833 -0.2985751620205966 -0.0663825607299805
v 0.0097879756580700 -0.2989312744140625 -0.0656748199462891
v -0.0027809073708274 -0.3072976684570313 -0.0511428659612482
v -0.0037508253617720 -0.3073281582919034 -0.0520832408558239
v -0.0028261496803977 -0.3075348455255682 -0.0520832408558239
v -0.0161911773681641 0.1889088023792614 -0.0077701429887251
v -0.0167181396484375 0.1878745893998580 -0.0077701429887251
v -0.0137693821300160 0.1864870106090199 -0.0067112593217330
v -0.0135649004849521 -0.1109014615145597 -0.0062590997869318
v -0.0152176943692294 -0.1290832796963778 -0.0067112593217330
v -0.0118987204811790 -0.1290832796963778 -0.0058590836958452
v -0.0465793505581942 0.1858919733220881 -0.0313250142877752
v -0.0468569183349609 0.1829556135697798 -0.0313250142877752
v -0.0450244626131925 0.1828403264825994 -0.0284318161010742
v -0.0089560942216353 -0.2976432939009233 -0.0438619232177734
v -0.0098879623413086 -0.2973725752397017 -0.0445265336470170
v -0.0095762911709872 -0.2979842584783381 -0.0445265336470170
v 0.0000000000000000 -0.3075605357776989 -0.0511428659612482
v 0.0000000000000000 -0.3078019853071733 -0.0520832408558239
v 0.0009318646517667 -0.3075312666459517 -0.0511428659612482
v 0.0098879623413086 -0.2973725752397017 -0.0445265336470170
v 0.0310836306485263 -0.1413901589133523 -0.0159915438565341
v 0.0088070262562145 -0.2962065818093040 -0.0432430614124645
v 0.0078599999167702 -0.2964182628284801 -0.0426723931052468
v 0.0305985918912021 0.1819327337091619 -0.0139774253151634
v 0.0277111053466797 0.1817510708895597 -0.0121413490988991
v 0.0039551821621982 -0.1323552911931818 -0.0047875282981179
v 0.0037419267134233 -0.1325971846147017 -0.0047875282981179
v 0.0062201343883168 -0.1349243718927557 -0.0052170007879084
v -0.0069031698053533 -0.1340987326882102 -0.0052170007879084
v -0.0091681220314719 -0.1366678133877841 -0.0058590836958452
v -0.0065746238014915 -0.1345222889293324 -0.0052170007879084
v 0.0000000000000000 -0.1376160638982599 -0.0052170007879084
v -0.0007471257990057 -0.1409585293856534 -0.0058590836958452
v 0.0000000000000000 -0.1409820001775568 -0.0058590836958452
v -0.0026577169244940 -0.3066518887606534 -0.0493168085271662
v -0.0047545207630504 -0.3073525446111506 -0.0569089473377575
v -0.0056191531094638 -0.3069120094992898 -0.0578721722689542
v -0.0047169182517312 -0.3072368275035511 -0.0578721722689542
v -0.0525973372025923 -0.1425879738547585 -0.0642240905761719
v -0.0515594447742809 -0.1423214999112216 -0.0471921886097301
v -0.0507340517911044 -0.1421095692027699 -0.0438732147216797
v -0.0497084322842685 -0.1418462302468040 -0.0775675236095082
v -0.0486003528941761 -0.1290832796963778 -0.0838540302623402
v -0.0500593428178267 -0.1290832796963778 -0.0807535240866921
v -0.0493541994961825 -0.1109014615145597 -0.0823152368718928
v 0.0216626115278764 -0.1290832796963778 -0.1091502519087358
v 0.0184401529485529 -0.1302434331720526 -0.1104116751930930
v 0.0184766110506925 -0.1290832796963778 -0.1104116751930930
v 0.0152176943692294 -0.1290832796963778 -0.1114705623279918
v 0.0135649004849521 -0.1109014615145597 -0.1119227149269798
v 0.0360715553977273 0.1800076293945312 -0.1000060549649325
v 0.0385694607821378 0.1800076293945312 -0.0976603698730469
v 0.0347685796564276 -0.1109014615145597 -0.1011189027266069
v 0.0360715553977273 -0.1290832796963778 -0.1000060549649325
v 0.0347685796564276 0.1618258112127131 -0.1011189027266069
v 0.0245678502863104 -0.1321869173916903 -0.1076912619850852
v 0.0247142514315518 -0.1306381641734730 -0.1076912619850852
v 0.0538751810247248 -0.1358892960981889 -0.0642240905761719
v 0.0470734856345437 -0.1411696971546520 -0.0838540302623402
v -0.0149639268354936 0.2848696899414063 -0.0953060496937145
v -0.0165231670032848 0.2853763372247869 -0.0942656048861417
v 0.0291560571843928 0.2855694302645597 -0.0773246626420455
v 0.0285666483098810 0.2854570146040483 -0.0791713818636808
v 0.0287492960149592 0.2873891934481534 -0.0773246626420455
v 0.0477395075017756 -0.1381900717995383 -0.0838540302623402
v 0.0465793505581942 -0.1349676236239347 -0.0868568038940430
v 0.0482171249389648 -0.1351745189319958 -0.0838540302623402
v 0.0430993617664684 0.1800076293945312 -0.0925222015380859
v 0.0420279936356978 -0.1109014615145597 -0.0938594887473366
v 0.0420279936356978 0.1618258112127131 -0.0938594887473366
v 0.0430993617664684 -0.1290832796963778 -0.0925222015380859
v 0.0409151458740234 -0.1290832796963778 -0.0951624644886364
v 0.0460542470758612 0.1618258112127131 -0.0883178225430575
v 0.0451134837757457 0.1800076293945312 -0.0897500020807440
v 0.0469495634599165 0.1800076293945312 -0.0868568038940430
v 0.0545185366543857 0.1800076293945312 -0.0573775967684659
v 0.0544109587235884 0.1834308693625710 -0.0608042248812589
v 0.0544109587235884 0.1834308693625710 -0.0573775967684659
v 0.0545185366543857 0.1800076293945312 -0.0608042248812589
v 0.0075845302234996 -0.1382513982599432 -0.1123227310180664
v 0.0058410956642844 -0.1353034140846946 -0.1129648173939098
v 0.0081452352350408 -0.1377570689808239 -0.1123227310180664
v 0.0180817794799805 0.3018647349964488 -0.0564258193969727
v 0.0175547825206410 0.3012277221679687 -0.0546688669378107
v 0.0194185187599876 0.3006862571022727 -0.0564258193969727
v 0.0370211306485263 0.1974284501509233 -0.0230193536931818
v 0.0409151458740234 0.1800076293945312 -0.0230193536931818
v 0.0420279936356978 0.1618258112127131 -0.0243223294344815
v -0.0545185366543857 -0.1290832796963778 -0.0573775967684659
v -0.0545454545454545 -0.1109014615145597 -0.0590909090909091
v -0.0146689189564098 0.2893168223987926 -0.0431369920210405
v -0.0248037268898704 0.1980285921963778 -0.0139774253151634
v -0.0140554428100586 0.2902195046164773 -0.0431369920210405
v -0.0533415152809837 0.1901830638538707 -0.0642240905761719
v -0.0540886445478959 0.1868406122381037 -0.0608042248812589
v -0.0535528633811257 0.1902233886718750 -0.0608042248812589
v -0.0518758080222390 -0.1109014615145597 -0.0422354368730025
v 0.0217000857266513 0.1919373529607599 -0.0104905561967330
v 0.0196009167757901 0.1892311234907670 -0.0090315662730824
v 0.0224063387784091 0.1905512584339489 -0.0104905561967330
v -0.0037806389548562 0.3099344704367898 -0.0619586909901012
v -0.0056522993607955 0.3096380337801847 -0.0619586909901012
v -0.0055618147416548 0.3091636796431108 -0.0600779377330433
v 0.0000000000000000 0.2922831032492898 -0.0403343408757990
v -0.0007707803899592 0.2922588833895596 -0.0403343408757990
v -0.0006574214588512 0.2904570423473011 -0.0396195324984464
v 0.0019618953358043 0.2902922474254261 -0.0396195324984464
v 0.0013122489235618 0.2903951471502131 -0.0396195324984464
v 0.0034621706875888 0.1981569740988992 -0.0077701429887251
v -0.0050439973310991 0.2891826282848011 -0.0396195324984464
v -0.0104360407049006 0.1989907143332741 -0.0090315662730824
v -0.0089011764526367 0.1961988136985085 -0.0077701429887251
v -0.0248950021917170 0.2980948985706676 -0.0657924964211204
v -0.0259815840287642 0.2964960549094460 -0.0657924964211204
v -0.0257761036265980 0.2963656338778409 -0.0638660534945401
v -0.0292170195146040 0.2875092939897017 -0.0619586909901012
v -0.0521813583374023 0.1934055259011009 -0.0505581214211204
v -0.0515594447742809 0.1932458496093750 -0.0471921886097301
v -0.0274757593328303 0.2870622114701705 -0.0809767809781161
v -0.0281681095470082 0.2872399624911222 -0.0791713818636808
v -0.0269785829023881 0.2887734985351563 -0.0809767809781161
v 0.0254845463145863 0.2940178888494318 -0.0791713818636808
v 0.0250611738725142 0.2959119484641335 -0.0773246626420455
v 0.0484866367686879 0.1924568869850852 -0.0374282975630327
v 0.0470734856345437 0.1920940468528054 -0.0343277913873846
v 0.0491726545854048 0.1893878173828125 -0.0374282975630327
v 0.0409899278120561 0.1933260553533381 -0.0256596166437322
v 0.0389126170765270 0.1926511036265980 -0.0230193536931818
v 0.0068363571166992 0.1618258112127131 -0.1132062530517578
v 0.0051331780173562 0.1800076293945312 -0.1133942864157937
v 0.0085327876697887 0.1800076293945312 -0.1129648173939098
v 0.0235511224920099 0.1876598566228693 -0.1076912619850852
v 0.0046446401422674 -0.1312688792835582 -0.1133942864157937
v 0.0015013885498047 -0.1299086692116477 -0.1136094457452947
v 0.0015502513538707 -0.1298127746582031 -0.1136094457452947
v 0.0149481478604403 -0.1319347867098722 -0.1114705623279918
v 0.0181493412364613 -0.1325454434481534 -0.1104116751930930
v 0.0182903463190252 -0.1406906821511009 -0.1091502519087358
v 0.0161911773681641 -0.1379844526811080 -0.1104116751930930
v 0.0189830884066495 -0.1395193204012784 -0.1091502519087358
v 0.0043340856378729 -0.1318337735262784 -0.1133942864157937
v 0.0044982389970259 -0.1315562022816051 -0.1133942864157937
v 0.0017133123224432 0.1800076293945312 -0.1136094457452947
v 0.0051230482621626 0.1803299505060369 -0.1133942864157937
v 0.0235511224920099 -0.1367355069247159 -0.1076912619850852
v 0.0239851379394531 -0.1352416159889915 -0.1076912619850852
v 0.0333653224598278 -0.1311824451793324 -0.1021902708573775
v -0.0055371371182528 -0.2994128972833807 -0.0682367012717507
v -0.0064841669256037 -0.2996245783025568 -0.0676660329645330
v -0.0059464818781072 -0.2990520130504261 -0.0682367012717507
v 0.0056762383200906 -0.2968436778675426 -0.0692246489091353
v 0.0023103124445135 -0.2963601129705256 -0.0702954483032227
v 0.0020771650834517 -0.2964979969371449 -0.0702954483032227
v 0.0081540471857244 -0.1419320123845881 -0.1114705623279918
v -0.0085103884610263 0.3061999234286222 -0.0827337334372781
v -0.0087658726085316 0.3069862227006392 -0.0809767809781161
v -0.0068489664251154 0.3066826005415483 -0.0827337334372781
v 0.0211693781072443 0.2854430042613637 -0.0905573238026012
v 0.0207863166115501 0.2867615023526278 -0.0905573238026012
v 0.0224568419022994 0.2857735651189631 -0.0891418457031250
v -0.0051230482621626 -0.1294056008078835 -0.1133942864157937
v -0.0051331780173562 -0.1290832796963778 -0.1133942864157937
v -0.0017133123224432 -0.1290832796963778 -0.1136094457452947
v -0.0168554722179066 0.1618258112127131 -0.1109667171131481
v -0.0184766110506925 0.1800076293945312 -0.1104116751930930
v -0.0397619247436523 -0.1109014615145597 -0.0964298387007280
v -0.0397619247436523 0.1618258112127131 -0.0964298387007280
v -0.0409151458740234 -0.1290832796963778 -0.0951624644886364
v -0.0450244626131925 -0.1319159767844460 -0.0897500020807440
v -0.0427595103870739 -0.1344850574840199 -0.0925222015380859
v -0.0430143148248846 -0.1317895091663707 -0.0925222015380859
v -0.0385694607821378 -0.1290832796963778 -0.0976603698730469
v -0.0360715553977273 -0.1290832796963778 -0.1000060549649325
v -0.0347685796564276 0.1618258112127131 -0.1011189027266069
v -0.0347685796564276 -0.1109014615145597 -0.1011189027266069
v -0.0305985918912021 0.1819327337091619 -0.1042043928666548
v -0.0301160361550071 -0.1348282137784091 -0.1042043928666548
v -0.0331676760586825 -0.1332733293013139 -0.1021902708573775
v -0.0304173348166726 -0.1329258866743608 -0.1042043928666548
v -0.0247142514315518 -0.1306381641734730 -0.1076912619850852
v 0.0015335291082209 0.3043824074485085 -0.0876456971602006
v 0.0000000000000000 0.3044305974786932 -0.0876456971602006
v 0.0000000000000000 0.3055719271573153 -0.0860747874866832
v -0.0248581556840376 0.2936735118519176 -0.0809767809781161
v -0.0430993617664684 0.1800076293945312 -0.0925222015380859
v -0.0430143148248846 0.1827138588645242 -0.0925222015380859
v -0.0188182241266424 0.2955754228071733 -0.0876456971602006
v -0.0197585990212180 0.2943630981445313 -0.0876456971602006
v -0.0196976366910067 0.2963029341264204 -0.0860747874866832
v 0.0102207981456410 0.1618258112127131 -0.0055116063898260
v 0.0118987204811790 -0.1290832796963778 -0.0058590836958452
v 0.0118987204811790 0.1800076293945312 -0.0058590836958452
v 0.0102207981456410 -0.1109014615145597 -0.0055116063898260
v 0.0323809849132191 0.1883216441761364 -0.0159915438565341
v -0.0224078854647550 0.2985450605912642 -0.0582312185114080
v -0.0235276447642933 0.2971014681729404 -0.0582312185114080
v -0.0229493505304510 0.2966813243519176 -0.0564258193969727
v -0.0023001930930398 0.2920656793767756 -0.0403343408757990
v -0.0030527877807617 0.2918974442915483 -0.0403343408757990
v -0.0026038013805043 0.2901487870649858 -0.0396195324984464
v 0.0230241636796431 -0.1381991854580966 -0.0104905561967330
v 0.0201413865522905 -0.1370578141645952 -0.0090315662730824
v 0.0224063387784091 -0.1396269087357954 -0.0104905561967330
v 0.0247142514315518 0.1815625138716264 -0.0104905561967330
v 0.0247631177035245 0.1800076293945312 -0.0104905561967330
v 0.0427595103870739 -0.1344850574840199 -0.0256596166437322
v 0.0405925195867365 -0.1342113009366122 -0.0230193536931818
v 0.0423359541459517 -0.1371592851118608 -0.0256596166437322
v 0.0441281994906339 0.1618258112127131 -0.0270298975164240
v 0.0408344095403498 -0.1316523603959517 -0.0230193536931818
v 0.0538739083030007 -0.1290832796963778 -0.0505581214211204
v 0.0531267825039950 -0.1324257313121449 -0.0471921886097301
v 0.0537675996260209 -0.1324660422585227 -0.0505581214211204
v 0.0450244626131925 -0.1319159767844460 -0.0284318161010742
v 0.0447577493840998 -0.1347374933416193 -0.0284318161010742
v 0.0417453176325018 -0.1398016496138139 -0.0256596166437322
v 0.0123805791681463 -0.2958984375000000 -0.0467678035389293
v 0.0248581556840376 0.2936735118519176 -0.0564258193969727
v 0.0528120734474876 0.1866793407093395 -0.0471921886097301
v 0.0519666255604137 0.1865725430575284 -0.0438732147216797
v 0.0531267825039950 0.1833500810102983 -0.0471921886097301
v 0.0537675996260209 0.1833903919566761 -0.0505581214211204
v 0.0541962224786932 -0.1324930087002841 -0.0539577310735529
v 0.0521813583374023 0.1934055259011009 -0.0505581214211204
v 0.0292170195146040 0.2875092939897017 -0.0619586909901012
v 0.0515594447742809 0.1932458496093750 -0.0471921886097301
v 0.0348986885764382 0.1964297069202770 -0.0205214483087713
v 0.0326385185935281 0.1953661554509943 -0.0181757632168857
v 0.0358609771728516 0.1942059881036932 -0.0205214483087713
v 0.0461179559881037 0.1888050981001420 -0.0313250142877752
v 0.0443144017999822 0.1884610540216619 -0.0284318161010742
v 0.0465793505581942 0.1858919733220881 -0.0313250142877752
v 0.0497084322842685 0.1927705799449574 -0.0406142980402166
v 0.0519666255604137 -0.1356481933593750 -0.0438732147216797
v 0.0507340517911044 0.1930339189009233 -0.0438732147216797
v 0.0287492960149592 0.2873891934481534 -0.0600779377330433
v 0.0498160102150657 0.1961938337846236 -0.0438732147216797
v 0.0528057375821200 0.1935658402876420 -0.0608042248812589
v 0.0535528633811257 0.1902233886718750 -0.0608042248812589
v 0.0541962224786932 0.1834173583984375 -0.0539577310735529
v 0.0206023684414950 0.1867017433860085 -0.1091502519087358
v 0.0175723023848100 0.1857172185724432 -0.1104116751930930
v 0.0201413865522905 0.1879821638627486 -0.1091502519087358
v 0.0176140559803356 0.2869815340909091 -0.0931242717396129
v 0.0171414045854048 0.2880737582120028 -0.0931242717396129
v 0.0084704728560014 0.2861617764559659 -0.0977830678766424
v 0.0080673356489702 0.2866815185546875 -0.0977830678766424
v 0.0099310718883168 0.2872229836203835 -0.0970682594992898
v 0.0135649004849521 0.1618258112127131 -0.1119227149269798
v 0.0115249009565874 -0.1320423750443892 -0.1123227310180664
v 0.0083816493641246 -0.1306821649724787 -0.1129648173939098
v 0.0116879619251598 -0.1313128800825639 -0.1123227310180664
v 0.0216198626431552 0.1813678394664417 -0.1091502519087358
v 0.0184401529485529 0.1811677828702060 -0.1104116751930930
v 0.0214917928522283 0.1827226673473011 -0.1091502519087358
v 0.0174465248801491 0.3040207186612216 -0.0600779377330433
v 0.0170938318425959 0.3035352672230114 -0.0582312185114080
v 0.0189198927445845 0.3028778631036932 -0.0600779377330433
v 0.0166736810857599 0.3029569868607955 -0.0564258193969727
v 0.0151997756958008 0.3039586570046165 -0.0564258193969727
v 0.0161877233331854 0.3022881247780540 -0.0546688669378107
v 0.0147072393243963 0.3067600042169744 -0.0638660534945401
v 0.0145319539850408 0.3064411510120739 -0.0619586909901012
v 0.0163580114191229 0.3057837191495029 -0.0638660534945401
v 0.0199078403819691 0.3012073308771307 -0.0582312185114080
v 0.0185374173251065 0.3024155217950995 -0.0582312185114080
v 0.0263139690052379 0.2923900534889915 -0.0582312185114080
v 0.0270395417646928 0.2907133345170455 -0.0582312185114080
v 0.0260845288363370 0.2965613625266335 -0.0696721787886186
v 0.0248950021917170 0.2980948985706676 -0.0716101039539684
v 0.0249936398592862 0.2981665593927557 -0.0696721787886186
v 0.0450244626131925 0.1828403264825994 -0.0897500020807440
v -0.0121565489335494 -0.2966695334694602 -0.0641412908380682
v -0.0243314361572266 -0.1424596058238636 -0.1060404725508256
v -0.0251233326305043 -0.1409054287997159 -0.1060404725508256
v -0.0217000857266513 -0.1410130032626065 -0.1076912619850852
v -0.0028602392023260 -0.3077135398171165 -0.0578721722689542
v -0.0037508253617720 -0.3073281582919034 -0.0588258535211737
v -0.0028261496803977 -0.3075348455255682 -0.0588258535211737
v -0.0009584496238015 -0.3079537963867188 -0.0530369221080433
v -0.0009660894220526 -0.3080752286044034 -0.0540001470392401
v 0.0000000000000000 -0.3081056074662642 -0.0540001470392401
v 0.0095762911709872 -0.2979842584783381 -0.0445265336470170
v 0.0089560942216353 -0.2976432939009233 -0.0438619232177734
v 0.0092268267544833 -0.2985751620205966 -0.0445265336470170
v -0.0420279936356978 -0.1109014615145597 -0.0243223294344815
v -0.0409151458740234 0.1800076293945312 -0.0230193536931818
v -0.0420279936356978 0.1618258112127131 -0.0243223294344815
v -0.0409151458740234 -0.1290832796963778 -0.0230193536931818
v 0.0000000000000000 -0.1109014615145597 -0.0045454545454545
v -0.0016829646717418 -0.1294043246182529 -0.0045723724365234
v -0.0016594869440252 -0.1295093605735085 -0.0045723724365234
v -0.0469495634599165 0.1800076293945312 -0.0313250142877752
v -0.0486003528941761 0.1800076293945312 -0.0343277913873846
v -0.0477985451438210 0.1618258112127131 -0.0328134363347834
v -0.0258160747181286 -0.1393045876242898 -0.0121413490988991
v -0.0251233326305043 -0.1409054287997159 -0.0121413490988991
v -0.0032720114968040 -0.1330384687943892 -0.0047875282981179
v -0.0058410956642844 -0.1353034140846946 -0.0052170007879084
v -0.0054390022971413 -0.1356579034978693 -0.0052170007879084
v -0.0243314361572266 -0.1424596058238636 -0.0121413490988991
v -0.0076122492009943 -0.2969045188210227 -0.0426723931052468
v -0.0078599999167702 -0.2964182628284801 -0.0426723931052468
v 0.0037508253617720 -0.3073281582919034 -0.0520832408558239
v 0.0028261496803977 -0.3075348455255682 -0.0520832408558239
v 0.0028602392023260 -0.3077135398171165 -0.0530369221080433
v 0.0086292613636364 -0.2981959394975142 -0.0438619232177734
v -0.0009470263394442 -0.3077722445401279 -0.0588258535211737
v -0.0018903177434748 -0.3076830777254971 -0.0588258535211737
v -0.0009318646517667 -0.3075312666459517 -0.0597662284157493
v 0.0080767267400568 -0.2959174416281960 -0.0426723931052468
v 0.0189830884066495 -0.1395193204012784 -0.0090315662730824
v 0.0031787906993519 -0.3051002363725142 -0.0467678035389293
v 0.0175254197554155 -0.1418162397904830 -0.0090315662730824
v 0.0323809849132191 -0.1373972944779830 -0.0159915438565341
v 0.0081151615489613 -0.1317200539328835 -0.0052170007879084
v 0.0079335854270241 -0.1322243985262784 -0.0052170007879084
v 0.0113163549249822 -0.1327601900967685 -0.0058590836958452
v 0.0022295969182795 -0.1407712346857244 -0.0058590836958452
v 0.0029590918801048 -0.1406081875887784 -0.0058590836958452
v 0.0015988818081942 -0.1374649325284091 -0.0052170007879084
v 0.0036769069324840 -0.1403996415571733 -0.0058590836958452
v 0.0113163549249822 0.1836845397949219 -0.0058590836958452
v 0.0082647150213068 0.1821296414462003 -0.0052170007879084
v 0.0115249009565874 0.1829667247425426 -0.0058590836958452
v 0.0017133123224432 0.1800076293945312 -0.0045723724365234
v 0.0034249357743697 0.1618258112127131 -0.0046530844948509
v 0.0085327876697887 -0.1290832796963778 -0.0052170007879084
v 0.0097001231800426 -0.1408087158203125 -0.0067112593217330
v 0.0075845302234996 -0.1382513982599432 -0.0058590836958452
v 0.0089447368275036 -0.1413946533203125 -0.0067112593217330
v -0.0531267825039950 -0.1324257313121449 -0.0709896330399947
v -0.0532318219271573 -0.1290832796963778 -0.0709896330399947
v -0.0522762957486239 -0.1323722284490412 -0.0743086069280451
v -0.0470734856345437 -0.1411696971546520 -0.0343277913873846
v -0.0514518668434837 -0.1388982460715554 -0.0743086069280451
v -0.0528120734474876 -0.1357549910111861 -0.0709896330399947
v -0.0519666255604137 -0.1356481933593750 -0.0743086069280451
v -0.0429054745760831 -0.1430241116610440 -0.0897500020807440
v -0.0427595103870739 0.1854094071821733 -0.0925222015380859
v -0.0450244626131925 0.1828403264825994 -0.0897500020807440
v -0.0447577493840998 0.1856618430397727 -0.0897500020807440
v -0.0521813583374023 -0.1424811762029475 -0.0676237002286044
v -0.0522889397361062 -0.1390579223632812 -0.0709896330399947
v -0.0515594447742809 -0.1423214999112216 -0.0709896330399947
v 0.0089322697032582 -0.3001090587269176 -0.0656748199462891
v 0.0084201778065075 -0.2996854192560369 -0.0663825607299805
v 0.0389126170765270 -0.1417267539284446 -0.0951624644886364
v 0.0373577291315252 -0.1386751209605824 -0.0976603698730469
v 0.0396297212080522 -0.1392584644664418 -0.0951624644886364
v 0.0305985918912021 0.1819327337091619 -0.1042043928666548
v 0.0304173348166726 0.1838502363725142 -0.1042043928666548
v 0.0247631177035245 0.1800076293945312 -0.1076912619850852
v 0.0247631177035245 -0.1290832796963778 -0.1076912619850852
v 0.0522762957486239 -0.1323722284490412 -0.0743086069280451
v 0.0512194962935014 -0.1323057417436080 -0.0775675236095082
v 0.0523796532370827 -0.1290832796963778 -0.0743086069280451
v 0.0513207661021839 -0.1290832796963778 -0.0775675236095082
v 0.0518758080222390 -0.1109014615145597 -0.0759463847767223
v 0.0078189399025657 -0.3034815007990057 -0.0633215505426580
v 0.0071277687766335 -0.3039512218128551 -0.0633215505426580
v 0.0075131607055664 -0.3030606079101563 -0.0641412908380682
v 0.0522889397361062 -0.1390579223632812 -0.0709896330399947
v 0.0515594447742809 -0.1423214999112216 -0.0709896330399947
v 0.0484866367686879 -0.1415325372869318 -0.0807535240866921
v 0.0454745552756570 -0.1407591663707386 -0.0868568038940430
v 0.0461179559881037 -0.1378807484019886 -0.0868568038940430
v 0.0528120734474876 0.1866793407093395 -0.0709896330399947
v 0.0514518668434837 0.1898225957697088 -0.0743086069280451
v 0.0263749313354492 0.2904501897638495 -0.0809767809781161
v 0.0256062316894531 0.2901458462801846 -0.0827337334372781
v 0.0256671905517578 0.2920856822620739 -0.0809767809781161
v 0.0450244626131925 -0.1319159767844460 -0.0897500020807440
v 0.0468569183349609 -0.1320312638716264 -0.0868568038940430
v 0.0397619247436523 -0.1109014615145597 -0.0964298387007280
v 0.0397619247436523 0.1618258112127131 -0.0964298387007280
v 0.0385694607821378 -0.1290832796963778 -0.0976603698730469
v 0.0334312924471768 -0.1290832796963778 -0.1021902708573775
v 0.0384933506358754 0.1824294211647727 -0.0976603698730469
v 0.0430143148248846 0.1827138588645242 -0.0925222015380859
v 0.0430143148248846 -0.1317895091663707 -0.0925222015380859
v 0.0405925195867365 -0.1342113009366122 -0.0951624644886364
v 0.0408344095403498 -0.1316523603959517 -0.0951624644886364
v 0.0373389296098189 0.1618258112127131 -0.0988528338345614
v 0.0373389296098189 -0.1109014615145597 -0.0988528338345614
v -0.0073783874511719 -0.3043461192737926 -0.0624707655473189
v -0.0083368405428800 -0.3041943081942471 -0.0615922858498313
v -0.0080938616665927 -0.3038598910245028 -0.0624707655473189
v -0.0014913038773970 -0.1408881724964489 -0.1123227310180664
v -0.0028515104814009 -0.1440314275568182 -0.1114705623279918
v -0.0022295969182795 -0.1407712346857244 -0.1123227310180664
v -0.0092475787076083 -0.2970712280273438 -0.0670471711592241
v -0.0098879623413086 -0.2973725752397017 -0.0663825607299805
v -0.0095025704123757 -0.2964819613370028 -0.0670471711592241
v 0.0174999722567472 0.2986432162198153 -0.0513278128884055
v 0.0193940284035423 0.2982198264382102 -0.0529672934792259
v 0.0182122039794922 0.2994016612659801 -0.0529672934792259
v 0.0186355764215643 0.2975076016512784 -0.0513278128884055
v 0.0000000000000000 0.2957416326349432 -0.0420965472134677
v -0.0009879441694780 0.2957105879350142 -0.0420965472134677
v 0.0000000000000000 0.2940400557084517 -0.0411611002141779
v 0.0075189521095969 0.2918556074662642 -0.0411611002141779
v 0.0084306994351474 0.2932922918146307 -0.0420965472134677
v 0.0232529588179155 0.2947644042968750 -0.0546688669378107
v 0.0032554661143910 0.2970733920010654 -0.0431369920210405
v 0.0029482581398704 0.2954629516601562 -0.0420965472134677
v 0.0039128875732422 0.2952473310990767 -0.0420965472134677
v -0.0248950021917170 0.2980948985706676 -0.0716101039539684
v -0.0260845288363370 0.2965613625266335 -0.0696721787886186
v -0.0249936398592862 0.2981665593927557 -0.0696721787886186
v -0.0287492960149592 0.2873891934481534 -0.0600779377330433
v -0.0498160102150657 0.1961938337846236 -0.0438732147216797
v -0.0282290718772195 0.2891797984730113 -0.0600779377330433
v -0.0451134837757457 0.1800076293945312 -0.0897500020807440
v -0.0441281994906339 0.1618258112127131 -0.0911519206653942
v -0.0514518668434837 -0.1388982460715554 -0.0438732147216797
v -0.0528120734474876 -0.1357549910111861 -0.0471921886097301
v -0.0522889397361062 -0.1390579223632812 -0.0471921886097301
v -0.0533415152809837 -0.1392587141557173 -0.0539577310735529
v -0.0535528633811257 -0.1392990389737216 -0.0573775967684659
v -0.0528057375821200 -0.1426414905894886 -0.0573775967684659
v -0.0268935775756836 0.1869127308238636 -0.0121413490988991
v -0.0044579419222745 0.2894812289151278 -0.0396195324984464
v -0.0078669565374201 0.1967257690429688 -0.0077701429887251
v -0.0531267825039950 0.1833500810102983 -0.0471921886097301
v -0.0538739083030007 0.1800076293945312 -0.0505581214211204
v -0.0532318219271573 0.1800076293945312 -0.0471921886097301
v -0.0247364737770774 0.2898014970259233 -0.0529672934792259
v -0.0436526003750888 0.1972909129749645 -0.0313250142877752
v -0.0419454574584961 0.1966150179776278 -0.0284318161010742
v -0.0108847531405362 0.3031388993696733 -0.0513278128884055
v -0.0123156981034712 0.3024098066850142 -0.0513278128884055
v -0.0103987953879616 0.3021061845259233 -0.0497568997469815
v 0.0000000000000000 0.3090893832120029 -0.0582312185114080
v -0.0018260574340820 0.3090320101651278 -0.0582312185114080
v -0.0017811757867987 0.3083186201615767 -0.0564258193969727
v 0.0142993164062500 0.3060179831764915 -0.0600779377330433
v 0.0140102490511808 0.3054921653053977 -0.0582312185114080
v 0.0159043051979759 0.3050688032670454 -0.0600779377330433
v -0.0101382238214666 0.3056138749556108 -0.0546688669378107
v -0.0113277504660866 0.3040803389115767 -0.0529672934792259
v -0.0097938606955788 0.3047440962357955 -0.0529672934792259
v -0.0189830884066495 0.1904436700994318 -0.0090315662730824
v -0.0217000857266513 0.1919373529607599 -0.0104905561967330
v -0.0196009167757901 0.1892311234907670 -0.0090315662730824
v -0.0054493782737038 0.3085742742365057 -0.0582312185114080
v -0.0072323400324041 0.3081757424094460 -0.0582312185114080
v -0.0070545751398260 0.3074833817915483 -0.0564258193969727
v -0.0519666255604137 0.1865725430575284 -0.0438732147216797
v -0.0279535813765092 0.2931615933504972 -0.0677304215864702
v -0.0286110028353604 0.2913355324485085 -0.0657924964211204
v -0.0278432603315874 0.2931096579811790 -0.0657924964211204
v -0.0310836306485263 0.1923145086115057 -0.0159915438565341
v -0.0317950474132191 0.1903384676846591 -0.0159915438565341
v -0.0291585298018022 0.1894818115234375 -0.0139774253151634
v -0.0153263404152610 0.2911428555575284 -0.0442783286354759
v -0.0165367507934570 0.2920222889293324 -0.0455160487781871
v -0.0159952857277610 0.2901585526899858 -0.0442783286354759
v -0.0211996945467862 0.2999154663085937 -0.0582312185114080
v -0.0206786242398349 0.2994261585582386 -0.0564258193969727
v -0.0218571160056374 0.2980894054066051 -0.0564258193969727
v -0.0212200893055309 0.2975624223188921 -0.0546688669378107
v 0.0107570821588690 0.2859213811700994 -0.0970682594992898
v 0.0103645290027965 0.2865851662375710 -0.0970682594992898
v 0.0122967147827148 0.2867678000710227 -0.0962415001609109
v -0.0292658303000710 0.2895166847922585 -0.0657924964211204
v -0.0032040543989702 0.3053703446821733 -0.0860747874866832
v -0.0033344580910423 0.3064025878906250 -0.0844353068958629
v -0.0016705252907493 0.3065598921342330 -0.0844353068958629
v 0.0291585298018022 0.1894818115234375 -0.0139774253151634
v 0.0258160747181286 0.1902289373224432 -0.0121413490988991
v 0.0264069331776012 0.1885877574573864 -0.0121413490988991
v 0.0423359541459517 0.1880836348100142 -0.0256596166437322
v 0.0405925195867365 0.1851356506347656 -0.0230193536931818
v 0.0427595103870739 0.1854094071821733 -0.0256596166437322
v 0.0454745552756570 0.1916835160688921 -0.0313250142877752
v 0.0430143148248846 0.1827138588645242 -0.0256596166437322
v 0.0282290718772195 0.2891797984730113 -0.0600779377330433
v 0.0068363571166992 -0.1109014615145597 -0.1132062530517578
v 0.0085159509832209 0.1805434070933949 -0.1129648173939098
v 0.0100464213978161 0.1863832785866477 -0.1123227310180664
v 0.0096262671730735 0.1870015231045810 -0.1123227310180664
v 0.0123113736239347 0.1889523592862216 -0.1114705623279918
v -0.0096262671730735 -0.1360771734064276 -0.1123227310180664
v -0.0123113736239347 -0.1380280095880682 -0.1114705623279918
v -0.0100464213978161 -0.1354589288884943 -0.1123227310180664
v -0.0147396018288352 -0.1328677645596591 -0.1114705623279918
v -0.0178961355035955 -0.1336782282049006 -0.1104116751930930
v -0.0149481478604403 -0.1319347867098722 -0.1114705623279918
v 0.0151876657659357 -0.1300388128107244 -0.1114705623279918
v 0.0200795190984553 0.1618258112127131 -0.1098059879649769
v 0.0200795190984553 -0.1109014615145597 -0.1098059879649769
v 0.0184766110506925 0.1800076293945312 -0.1104116751930930
v -0.0077206975763494 -0.1327163696289063 -0.1129648173939098
v -0.0110631491921165 -0.1334634954279119 -0.1123227310180664
v -0.0079335854270241 -0.1322243985262784 -0.1129648173939098
v 0.0034249357743697 0.1618258112127131 -0.1135287302190607
v 0.0034249357743697 -0.1109014615145597 -0.1135287302190607
v 0.0126513117009943 -0.2968303056196733 -0.0633215505426580
v 0.0462216845425692 -0.1441016179865057 -0.0838540302623402
v 0.0331676760586825 -0.1332733293013139 -0.1021902708573775
v 0.0301160361550071 -0.1348282137784091 -0.1042043928666548
v 0.0304173348166726 -0.1329258866743608 -0.1042043928666548
v 0.0079521525989879 -0.3052502163973722 -0.0511428659612482
v 0.0071496582031250 -0.3057248202237216 -0.0511428659612482
v 0.0080815263227983 -0.3054541015625000 -0.0520832408558239
v 0.0141490554809570 -0.1346852805397727 -0.1114705623279918
v 0.0144728885997425 -0.1337858026677912 -0.1114705623279918
v 0.0209081892533736 -0.1423520174893466 -0.1076912619850852
v 0.0200337808782404 -0.1436386663263494 -0.1076912619850852
v -0.0060616302490234 -0.2977342640269887 -0.0687569254094904
v -0.0063645380193537 -0.2973437500000000 -0.0687569254094904
v -0.0056762383200906 -0.2968436778675426 -0.0692246489091353
v -0.0373389296098189 -0.1109014615145597 -0.0988528338345614
v -0.0016594869440252 -0.1295093605735085 -0.1136094457452947
v -0.0016829646717418 -0.1294043246182529 -0.1136094457452947
v -0.0046241066672585 -0.2990841674804687 -0.0687569254094904
v -0.0050146137584339 -0.2987812666459517 -0.0687569254094904
v -0.0041240275989879 -0.2983958851207386 -0.0692246489091353
v -0.0135649004849521 -0.1109014615145597 -0.1119227149269798
v -0.0118987204811790 0.1800076293945312 -0.1123227310180664
v -0.0118987204811790 -0.1290832796963778 -0.1123227310180664
v -0.0135649004849521 0.1618258112127131 -0.1119227149269798
v 0.0167181396484375 0.1878745893998580 -0.1104116751930930
v 0.0196009167757901 0.1892311234907670 -0.1091502519087358
v 0.0069764432040128 0.2850763216885653 -0.0983831024169922
v 0.0066444119540128 0.2855043723366477 -0.0983831024169922
v 0.0040954104336825 0.3014765236594460 -0.0905573238026012
v 0.0027392855557528 0.3016913119229404 -0.0905573238026012
v 0.0043444824218750 0.3027822043678977 -0.0891418457031250
v -0.0200795190984553 -0.1109014615145597 -0.1098059879649769
v -0.0184766110506925 -0.1290832796963778 -0.1104116751930930
v -0.0200795190984553 0.1618258112127131 -0.1098059879649769
v 0.0084031434492631 0.2889560768821023 -0.0970682594992898
v 0.0078246827559038 0.2894660533558239 -0.0970682594992898
v 0.0089446085149592 0.2908198131214489 -0.0962415001609109
v -0.0115249009565874 0.1829667247425426 -0.1123227310180664
v -0.0144728885997425 0.1847101523659446 -0.1114705623279918
v -0.0113163549249822 0.1836845397949219 -0.1123227310180664
v -0.0118752427534624 0.1807547551935369 -0.1123227310180664
v -0.0150976978648793 0.1819149086692116 -0.1114705623279918
v -0.0118048962679776 0.1814989402077415 -0.1123227310180664
v -0.0017133123224432 0.1800076293945312 -0.1136094457452947
v -0.0017099311135032 0.1801152038574219 -0.1136094457452947
v -0.0102207981456410 0.1618258112127131 -0.1126702117919922
v -0.0102207981456410 -0.1109014615145597 -0.1126702117919922
v -0.0405925195867365 0.1851356506347656 -0.0951624644886364
v -0.0420279936356978 -0.1109014615145597 -0.0938594887473366
v -0.0296958784623580 -0.1367078885165128 -0.1042043928666548
v -0.0268935775756836 -0.1359883811257102 -0.1060404725508256
v -0.0358609771728516 -0.1432816384055398 -0.0976603698730469
v -0.0366817335648970 -0.1410018920898438 -0.0976603698730469
v -0.0408344095403498 -0.1316523603959517 -0.0951624644886364
v -0.0305985918912021 -0.1310083840110085 -0.1042043928666548
v -0.0277111053466797 -0.1308267211914063 -0.1060404725508256
v -0.0405925195867365 -0.1342113009366122 -0.0951624644886364
v -0.0469495634599165 0.1800076293945312 -0.0868568038940430
v -0.0183309173583984 0.1823233587091619 -0.1104116751930930
v -0.0277111053466797 0.1817510708895597 -0.1060404725508256
v -0.0304173348166726 0.1838502363725142 -0.1042043928666548
v -0.0360003766146573 -0.1313482249866832 -0.1000060549649325
v -0.0320610115744851 0.1618258112127131 -0.1032191085815430
v -0.0216626115278764 0.1800076293945312 -0.1091502519087358
v -0.0247364737770774 0.2898014970259233 -0.0844353068958629
v -0.0256062316894531 0.2901458462801846 -0.0827337334372781
v -0.0240726991133256 0.2913353659889915 -0.0844353068958629
v -0.0509160891446200 0.1864398193359375 -0.0775675236095082
v -0.0522762957486239 0.1832965781471946 -0.0743086069280451
v -0.0519666255604137 0.1865725430575284 -0.0743086069280451
v -0.0236556798761541 0.2860813765092329 -0.0876456971602006
v -0.0243131013350053 0.2879074374112216 -0.0860747874866832
v -0.0232276257601651 0.2875547374378551 -0.0876456971602006
v -0.0267523678866300 0.2947148825905540 -0.0638660534945401
v -0.0264335250854492 0.2945395729758523 -0.0619586909901012
v 0.0382653288407759 -0.1339173195578835 -0.0205214483087713
v 0.0360715553977273 -0.1290832796963778 -0.0181757632168857
v 0.0152176943692294 0.1800076293945312 -0.0067112593217330
v 0.0118752427534624 0.1807547551935369 -0.0058590836958452
v 0.0034249357743697 -0.1109014615145597 -0.0046530844948509
v 0.0059747175736861 0.2927045510031960 -0.0411611002141779
v 0.0045189042524858 0.2914210926402699 -0.0403343408757990
v -0.0019072827425870 0.1951053272594105 -0.0067112593217330
v -0.0028515104814009 0.1949557772549716 -0.0067112593217330
v -0.0014913038773970 0.1918125221946023 -0.0058590836958452
v 0.0200795190984553 0.1618258112127131 -0.0083758267489347
v 0.0216626115278764 -0.1290832796963778 -0.0090315662730824
v 0.0216626115278764 0.1800076293945312 -0.0090315662730824
v 0.0200795190984553 -0.1109014615145597 -0.0083758267489347
v 0.0135649004849521 -0.1109014615145597 -0.0062590997869318
v 0.0135649004849521 0.1618258112127131 -0.0062590997869318
v 0.0396297212080522 -0.1392584644664418 -0.0230193536931818
v 0.0389126170765270 -0.1417267539284446 -0.0230193536931818
v 0.0317950474132191 -0.1394141179865057 -0.0159915438565341
v 0.0420279936356978 -0.1109014615145597 -0.0243223294344815
v 0.0401904262195934 -0.1367500166459517 -0.0230193536931818
v 0.0485044514049183 -0.1321349265358665 -0.0343277913873846
v 0.0482171249389648 -0.1351745189319958 -0.0343277913873846
v 0.0496646083484996 -0.1353573747114702 -0.0374282975630327
v 0.0436961607499556 -0.1403025401722301 -0.0284318161010742
v 0.0110252415050160 -0.2963019631125710 -0.0452342744307085
v 0.0101606091586026 -0.2967425259676846 -0.0445265336470170
v 0.0107785485007546 -0.2969871659712358 -0.0452342744307085
v 0.0409899278120561 -0.1424017056551846 -0.0256596166437322
v 0.0544378211281516 -0.1109014615145597 -0.0625158483331854
v 0.0543033773248846 0.1800076293945312 -0.0642240905761719
v 0.0544378211281516 0.1618258112127131 -0.0625158483331854
v 0.0543033773248846 -0.1290832796963778 -0.0642240905761719
v 0.0545454545454545 0.1618258112127131 -0.0590909090909091
v 0.0543033773248846 0.1800076293945312 -0.0539577310735529
v 0.0544378211281516 -0.1109014615145597 -0.0556659733165394
v 0.0544378211281516 0.1618258112127131 -0.0556659733165394
v 0.0541153439608487 0.1618258112127131 -0.0522545519742099
v 0.0486003528941761 0.1800076293945312 -0.0343277913873846
v 0.0493541994961825 -0.1109014615145597 -0.0358665847778320
v 0.0493541994961825 0.1618258112127131 -0.0358665847778320
v 0.0486003528941761 -0.1290832796963778 -0.0343277913873846
v 0.0499605594981800 -0.1322265347567472 -0.0374282975630327
v 0.0507340517911044 -0.1421095692027699 -0.0438732147216797
v 0.0515594447742809 -0.1423214999112216 -0.0471921886097301
v 0.0521813583374023 -0.1424811762029475 -0.0505581214211204
v 0.0400727740201083 0.1958735656738281 -0.0256596166437322
v 0.0408344095403498 0.1825767100941051 -0.0230193536931818
v 0.0382653288407759 0.1848416692560369 -0.0205214483087713
v 0.0384933506358754 0.1824294211647727 -0.0205214483087713
v 0.0417453176325018 0.1907259993119673 -0.0256596166437322
v 0.0436961607499556 0.1912268898703835 -0.0284318161010742
v 0.0532318219271573 -0.1290832796963778 -0.0471921886097301
v 0.0535793027010831 -0.1109014615145597 -0.0488701109452681
v 0.0538751810247248 0.1868136457963423 -0.0539577310735529
v 0.0534490966796875 0.1867598238858310 -0.0505581214211204
v 0.0507150788740678 -0.1109014615145597 -0.0390113899924538
v 0.0507150788740678 0.1618258112127131 -0.0390113899924538
v 0.0469495634599165 0.1800076293945312 -0.0313250142877752
v 0.0477985451438210 0.1618258112127131 -0.0328134363347834
v 0.0540886445478959 0.1868406122381037 -0.0608042248812589
v 0.0540886445478959 0.1868406122381037 -0.0573775967684659
v 0.0272938364202326 0.2928511463512074 -0.0754439093849876
v 0.0276230551979759 0.2930060646750710 -0.0735365468805487
v 0.0192277006669478 0.3032499278675426 -0.0619586909901012
v 0.0206491574374112 0.3019967373934659 -0.0619586909901012
v 0.0525973372025923 0.1935123235529119 -0.0539577310735529
v 0.0295694351196289 0.2875997647372159 -0.0638660534945401
v 0.0114134528420188 0.2845265336470170 -0.0970682594992898
v 0.0088401794433594 0.2856177867542614 -0.0977830678766424
v 0.0268935775756836 0.1869127308238636 -0.1060404725508256
v 0.0291585298018022 0.1894818115234375 -0.1042043928666548
v 0.0301160361550071 0.1857525634765625 -0.1042043928666548
v 0.0166011012684215 0.2891341608220881 -0.0931242717396129
v 0.0159952857277610 0.2901585526899858 -0.0931242717396129
v 0.0179121884432706 0.2898549305308949 -0.0918865481289950
v -0.0133353666825728 0.1873388117009943 -0.1114705623279918
v -0.0161911773681641 0.1889088023792614 -0.1104116751930930
v -0.0091749988902699 0.2850516301935369 -0.0977830678766424
v 0.0036330829967152 0.1877283269708807 -0.1129648173939098
v 0.0020587470314719 0.2843826848810369 -0.0992298473011364
v 0.0023293963345614 0.2842448009144176 -0.0992298473011364
v 0.0050422564419833 0.1809694879705256 -0.1133942864157937
v 0.0016594869440252 0.1804337102716619 -0.1136094457452947
v 0.0049719099564986 0.1812841935591264 -0.1133942864157937
v 0.0102292008833452 0.2896134810014205 -0.0962415001609109
v 0.0107706659490412 0.2914772172407670 -0.0953060496937145
v 0.0114695947820490 0.2907782814719460 -0.0953060496937145
v 0.0096058585427024 0.2902368441495028 -0.0962415001609109
v 0.0216626115278764 0.1800076293945312 -0.1091502519087358
v 0.0046156311035156 0.2849227905273438 -0.0988659980080344
v 0.0042978980324485 0.2852028864080255 -0.0988659980080344
v 0.0059030948985707 0.2862937788529830 -0.0983831024169922
v 0.0054548853093928 0.2839708362926137 -0.0988659980080344
v 0.0237101676247337 0.2996223865855824 -0.0716101039539684
v 0.0238041097467596 0.2997000954367898 -0.0696721787886186
v 0.0257761036265980 0.2963656338778409 -0.0735365468805487
v 0.0246981117942116 0.2979518543590199 -0.0735365468805487
v 0.0019169027155096 0.3104759355024858 -0.0638660534945401
v 0.0000000000000000 0.3101723133433949 -0.0619586909901012
v 0.0018940561467951 0.3101128040660511 -0.0619586909901012
v 0.0204993126609109 0.2969661365855824 -0.0529672934792259
v 0.0196976366910067 0.2963029341264204 -0.0513278128884055
v 0.0161630526455966 0.3054765181107955 -0.0619586909901012
v 0.0256671905517578 0.2920856822620739 -0.0564258193969727
v 0.0263749313354492 0.2904501897638495 -0.0564258193969727
v 0.0113727777654474 0.3087319946289063 -0.0677304215864702
v 0.0113278961181641 0.3086186356977983 -0.0657924964211204
v 0.0131539535522461 0.3079612038352273 -0.0677304215864702
v 0.0112383062189276 0.3083923617276279 -0.0638660534945401
v 0.0129984214089134 0.3076306984641335 -0.0638660534945401
v 0.0196924729780717 0.3038117287375710 -0.0677304215864702
v 0.0180872761119496 0.3049026211825284 -0.0657924964211204
v 0.0196147537231445 0.3037177900834517 -0.0657924964211204
v 0.0200759402188388 0.2988601962002841 -0.0546688669378107
v 0.0206786242398349 0.2994261585582386 -0.0564258193969727
v 0.0188525633378462 0.3000835626775568 -0.0546688669378107
v 0.0268568975275213 0.2926455133611506 -0.0600779377330433
v 0.0254845463145863 0.2940178888494318 -0.0582312185114080
v 0.0507340517911044 0.1930339189009233 -0.0743086069280451
v 0.0292170195146040 0.2875092939897017 -0.0754439093849876
v -0.0060378057306463 -0.3000180886008523 -0.0676660329645330
v 0.0006861738725142 -0.3036260986328125 -0.0663825607299805
v 0.0006417361172763 -0.3029197554154829 -0.0670471711592241
v 0.0012809371948242 -0.3028593306107955 -0.0670471711592241
v -0.0120363478227095 -0.2983835116299716 -0.0633215505426580
v -0.0521813583374023 -0.1424811762029475 -0.0505581214211204
v -0.0042551942305131 -0.3058157903497870 -0.0484383288296786
v -0.0050691119107333 -0.3055227661132813 -0.0484383288296786
v -0.0043829345703125 -0.3062089399857955 -0.0493168085271662
v -0.0093177864768288 -0.3014696433327415 -0.0641412908380682
v -0.0091061019897461 -0.3024166592684659 -0.0633215505426580
v -0.0096970124678178 -0.3018257557262074 -0.0633215505426580
v -0.0087499861283736 -0.3020374367453835 -0.0641412908380682
v -0.0056639480590820 -0.3070251464843750 -0.0569089473377575
v -0.0028944639726119 -0.3078929554332386 -0.0559399864890359
v -0.0009130269830877 -0.3072318337180397 -0.0606895862926136
v -0.0018224542791193 -0.3071458573774858 -0.0606895862926136
v -0.0008905861594460 -0.3068751387162642 -0.0615922858498313
v 0.0018224542791193 -0.3071458573774858 -0.0502195080843839
v 0.0009130269830877 -0.3072318337180397 -0.0502195080843839
v -0.0061912051114169 -0.3058766313032670 -0.0502195080843839
v -0.0071496582031250 -0.3057248202237216 -0.0511428659612482
v -0.0063189454512163 -0.3061480990323153 -0.0511428659612482
v -0.0085327876697887 0.1800076293945312 -0.0052170007879084
v -0.0068363571166992 -0.1109014615145597 -0.0049755651300604
v -0.0068363571166992 0.1618258112127131 -0.0049755651300604
v -0.0085327876697887 -0.1290832796963778 -0.0052170007879084
v -0.0262774727561257 0.1618258112127131 -0.0112923639470881
v -0.0247631177035245 -0.1290832796963778 -0.0104905561967330
v -0.0247631177035245 0.1800076293945312 -0.0104905561967330
v -0.0262774727561257 -0.1109014615145597 -0.0112923639470881
v -0.0100464213978161 -0.1354589288884943 -0.0058590836958452
v -0.0128487257523970 -0.1372373268821023 -0.0067112593217330
v -0.0123113736239347 -0.1380280095880682 -0.0067112593217330
v -0.0335384819724343 -0.1423621021617543 -0.0181757632168857
v -0.0343060857599432 -0.1402300054376776 -0.0181757632168857
v -0.0095025704123757 -0.2964819613370028 -0.0438619232177734
v -0.0333653224598278 -0.1311824451793324 -0.0159915438565341
v -0.0360003766146573 -0.1313482249866832 -0.0181757632168857
v -0.0357871211658825 -0.1336042369495739 -0.0181757632168857
v -0.0168554722179066 -0.1109014615145597 -0.0072151045365767
v -0.0184766110506925 -0.1290832796963778 -0.0077701429887251
v 0.0000000000000000 -0.1307965920188210 -0.0045723724365234
v -0.0003223141756925 -0.1342063210227273 -0.0047875282981179
v 0.0000000000000000 -0.1342164611816406 -0.0047875282981179
v -0.0001075779307972 -0.1307932073419744 -0.0045723724365234
v -0.0097001231800426 -0.1408087158203125 -0.0067112593217330
v -0.0104172273115678 -0.1401765025745739 -0.0067112593217330
v -0.0009130269830877 -0.3072318337180397 -0.0502195080843839
v -0.0009318646517667 -0.3075312666459517 -0.0511428659612482
v 0.0000000000000000 -0.3072605202414773 -0.0502195080843839
v -0.0008646288785067 -0.3064625688032671 -0.0484383288296786
v -0.0008905861594460 -0.3068751387162642 -0.0493168085271662
v 0.0000000000000000 -0.3081665593927557 -0.0559399864890359
v 0.0009699179909446 -0.3081360695578835 -0.0549691078879616
v 0.0000000000000000 -0.3081665593927557 -0.0549691078879616
v 0.0009699179909446 -0.3081360695578835 -0.0559399864890359
v 0.0291585298018022 -0.1385574618252841 -0.0139774253151634
v 0.0113539505004883 -0.2972149935635653 -0.0459823469682173
v 0.0118845436789773 -0.2974250654740767 -0.0467678035389293
v -0.0014913038773970 -0.1408881724964489 -0.0058590836958452
v -0.0022295969182795 -0.1407712346857244 -0.0058590836958452
v 0.0126513117009943 -0.2968303056196733 -0.0475875438343395
v 0.0081540471857244 -0.1419320123845881 -0.0067112593217330
v 0.0123113736239347 -0.1380280095880682 -0.0067112593217330
v 0.0091681220314719 -0.1366678133877841 -0.0058590836958452
v 0.0063756526600231 -0.1391296941583807 -0.0058590836958452
v 0.0041107004339045 -0.1365606134588068 -0.0052170007879084
v 0.0036330829967152 -0.1368039772727273 -0.0052170007879084
v 0.0057322519475763 -0.1395102067427202 -0.0058590836958452
v -0.0075845302234996 -0.1382513982599432 -0.0058590836958452
v -0.0089447368275036 -0.1413946533203125 -0.0067112593217330
v -0.0069938902421431 -0.1387095503373580 -0.0058590836958452
v -0.0118752427534624 -0.1298304054953835 -0.0058590836958452
v -0.0150976978648793 -0.1309905589710582 -0.0067112593217330
v -0.0118048962679776 -0.1305745905095881 -0.0058590836958452
v 0.0005357776988636 -0.1375992376154119 -0.0052170007879084
v -0.0010070592706854 -0.1304693742231889 -0.0045723724365234
v -0.0027504938299006 -0.1334173583984375 -0.0047875282981179
v -0.0009180381081321 -0.1305298683860085 -0.0045723724365234
v 0.0012765676325018 -0.1340551896528764 -0.0047875282981179
v 0.0004260808771307 -0.1307427701083096 -0.0045723724365234
v 0.0009618620439009 -0.1341255326704545 -0.0047875282981179
v 0.0069031698053533 0.1850230823863636 -0.0052170007879084
v 0.0039551821621982 0.1832796408913352 -0.0047875282981179
v 0.0041528285633434 0.1830248329856179 -0.0047875282981179
v -0.0108602801236239 0.1949555275656960 -0.0077701429887251
v -0.0138082677667791 0.1966989551890980 -0.0090315662730824
v -0.0117774339155717 0.1942441073330966 -0.0077701429887251
v -0.0007294914939187 0.1815578807484020 -0.0045723724365234
v -0.0021855995871804 0.1846522660688920 -0.0047875282981179
v -0.0008253929831765 0.1815090110085227 -0.0045723724365234
v 0.0059137552434748 0.2907647150213068 -0.0403343408757990
v 0.0050439973310991 0.2891826282848011 -0.0396195324984464
v 0.0104360407049006 0.1989907143332741 -0.0090315662730824
v 0.0078669565374201 0.1967257690429688 -0.0077701429887251
v -0.0019271469116211 -0.2975870583274148 -0.0699954327670011
v -0.0022289692271839 -0.2974564430930398 -0.0699954327670011
v -0.0018358230590820 -0.2966209550337358 -0.0702954483032227
v -0.0118845436789773 -0.2974250654740767 -0.0641412908380682
v -0.0543033773248846 -0.1290832796963778 -0.0539577310735529
v -0.0544109587235884 -0.1325065196644176 -0.0573775967684659
v -0.0532318219271573 -0.1290832796963778 -0.0471921886097301
v -0.0509160891446200 -0.1355154696377841 -0.0406142980402166
v -0.0504117341475053 -0.1386998263272372 -0.0406142980402166
v -0.0470734856345437 -0.1411696971546520 -0.0838540302623402
v -0.0541962224786932 -0.1324930087002841 -0.0642240905761719
v -0.0436961607499556 -0.1403025401722301 -0.0897500020807440
v -0.0443144017999822 -0.1375367043235085 -0.0897500020807440
v -0.0469495634599165 -0.1290832796963778 -0.0868568038940430
v -0.0477985451438210 -0.1109014615145597 -0.0853683853149414
v -0.0545185366543857 0.1800076293945312 -0.0608042248812589
v -0.0545454545454545 0.1618258112127131 -0.0590909090909091
v -0.0282290718772195 0.2891797984730113 -0.0773246626420455
v -0.0286883336847479 0.2893290294300426 -0.0754439093849876
v -0.0275974412397905 0.2909342262961648 -0.0773246626420455
v 0.0150976978648793 -0.1309905589710582 -0.1114705623279918
v 0.0118752427534624 -0.1298304054953835 -0.1123227310180664
v 0.0532318219271573 0.1800076293945312 -0.0709896330399947
v 0.0522762957486239 0.1832965781471946 -0.0743086069280451
v 0.0531267825039950 0.1833500810102983 -0.0709896330399947
v 0.0533415152809837 -0.1392587141557173 -0.0642240905761719
v 0.0500593428178267 -0.1290832796963778 -0.0807535240866921
v 0.0486003528941761 -0.1290832796963778 -0.0838540302623402
v 0.0493541994961825 -0.1109014615145597 -0.0823152368718928
v 0.0496646083484996 -0.1353573747114702 -0.0807535240866921
v 0.0485044514049183 -0.1321349265358665 -0.0838540302623402
v 0.0460542470758612 -0.1109014615145597 -0.0883178225430575
v 0.0469495634599165 -0.1290832796963778 -0.0868568038940430
v 0.0486003528941761 0.1800076293945312 -0.0838540302623402
v 0.0500593428178267 0.1800076293945312 -0.0807535240866921
v 0.0534490966796875 -0.1358354741876776 -0.0676237002286044
v 0.0528120734474876 -0.1357549910111861 -0.0709896330399947
v 0.0491726545854048 -0.1384634676846591 -0.0807535240866921
v 0.0326385185935281 -0.1444418057528409 -0.1000060549649325
v 0.0302495366876776 -0.1433176352761009 -0.1021902708573775
v 0.0310836306485263 -0.1413901589133523 -0.1021902708573775
v 0.0519666255604137 0.1865725430575284 -0.0743086069280451
v 0.0209786397760565 0.2898794278231534 -0.0891418457031250
v 0.0203173897483132 0.2911772017045455 -0.0891418457031250
v 0.0220985655351119 0.2904064109108665 -0.0876456971602006
v 0.0247611583362926 0.2863652177290483 -0.0860747874866832
v 0.0236556798761541 0.2860813765092329 -0.0876456971602006
v 0.0243131013350053 0.2879074374112216 -0.0860747874866832
v 0.0477985451438210 0.1618258112127131 -0.0853683853149414
v 0.0441281994906339 -0.1109014615145597 -0.0911519206653942
v 0.0441281994906339 0.1618258112127131 -0.0911519206653942
v 0.0409151458740234 0.1800076293945312 -0.0951624644886364
v 0.0401904262195934 -0.1367500166459517 -0.0951624644886364
v 0.0382653288407759 -0.1339173195578835 -0.0976603698730469
v 0.0320610115744851 -0.1109014615145597 -0.1032191085815430
v 0.0320610115744851 0.1618258112127131 -0.1032191085815430
v -0.0059239855679599 -0.2964791315252130 -0.0692246489091353
v -0.0234435202858665 -0.1439609874378551 -0.1060404725508256
v -0.0209081892533736 -0.1423520174893466 -0.1076912619850852
v -0.0089322697032582 -0.3001090587269176 -0.0656748199462891
v -0.0084201778065075 -0.2996854192560369 -0.0663825607299805
v -0.0081476488980380 -0.3025684703480114 -0.0641412908380682
v -0.0083593368530273 -0.3016214266690341 -0.0649267474087802
v -0.0101586948741566 -0.2983044433593750 -0.0656748199462891
v -0.0104893181540749 -0.2976555564186790 -0.0656748199462891
v -0.0343060857599432 -0.1402300054376776 -0.1000060549649325
v 0.0197759246826172 0.2893134654651989 -0.0468452731045810
v 0.0184951608831232 0.2887107987837358 -0.0455160487781871
v 0.0206819568980824 0.2950339577414773 -0.0513278128884055
v 0.0215846564553001 0.2937056662819602 -0.0513278128884055
v 0.0419454574584961 0.1966150179776278 -0.0284318161010742
v 0.0227079044688832 0.2889983298561790 -0.0497568997469815
v 0.0237690908258611 0.2894184736772017 -0.0513278128884055
v 0.0366817335648970 0.1919262417879972 -0.0205214483087713
v 0.0175723023848100 0.1857172185724432 -0.0077701429887251
v 0.0144728885997425 0.1847101523659446 -0.0067112593217330
v 0.0178961355035955 0.1846025779030540 -0.0077701429887251
v -0.0528057375821200 0.1935658402876420 -0.0608042248812589
v -0.0299232517589222 0.2876906238902699 -0.0696721787886186
v -0.0528057375821200 0.1935658402876420 -0.0573775967684659
v -0.0215236975929954 0.2956455022638494 -0.0844353068958629
v -0.0224631361527876 0.2942631669477983 -0.0844353068958629
v -0.0222804884477095 0.2961953457919034 -0.0827337334372781
v -0.0499605594981800 -0.1322265347567472 -0.0807535240866921
v -0.0485044514049183 -0.1321349265358665 -0.0838540302623402
v -0.0420279936356978 0.1618258112127131 -0.0938594887473366
v -0.0534490966796875 -0.1358354741876776 -0.0505581214211204
v -0.0538751810247248 -0.1358892960981889 -0.0539577310735529
v -0.0537675996260209 -0.1324660422585227 -0.0505581214211204
v -0.0541962224786932 -0.1324930087002841 -0.0539577310735529
v -0.0523796532370827 0.1800076293945312 -0.0438732147216797
v -0.0518758080222390 0.1618258112127131 -0.0422354368730025
v -0.0541962224786932 0.1834173583984375 -0.0539577310735529
v -0.0543033773248846 0.1800076293945312 -0.0539577310735529
v -0.0460542470758612 -0.1109014615145597 -0.0298639956387607
v -0.0460542470758612 0.1618258112127131 -0.0298639956387607
v -0.0469495634599165 -0.1290832796963778 -0.0313250142877752
v -0.0024729260531339 0.1845058649236506 -0.0047875282981179
v -0.0045720950039950 0.1872121082652699 -0.0052170007879084
v -0.0027504938299006 0.1843417080965909 -0.0047875282981179
v 0.0016051933982156 0.3055214899236506 -0.0513278128884055
v 0.0000000000000000 0.3055719271573153 -0.0513278128884055
v 0.0015335291082209 0.3043824074485085 -0.0497568997469815
v -0.0126481108231978 0.1934765070134943 -0.0077701429887251
v -0.0110932228781960 0.1904248601740057 -0.0067112593217330
v -0.0104172273115678 0.1911008522727273 -0.0067112593217330
v -0.0134688706831499 0.1926557367498224 -0.0077701429887251
v -0.0234435202858665 0.1948853371360085 -0.0121413490988991
v -0.0243314361572266 0.1933839555220170 -0.0121413490988991
v -0.0178645428744229 0.2947864601828835 -0.0482607512040572
v -0.0187572617964311 0.2936355868252841 -0.0482607512040572
v -0.0176818951693448 0.2928542813387784 -0.0468452731045810
v -0.0430993617664684 0.1800076293945312 -0.0256596166437322
v -0.0430993617664684 -0.1290832796963778 -0.0256596166437322
v -0.0320610115744851 -0.1109014615145597 -0.0149627130681818
v -0.0334312924471768 -0.1290832796963778 -0.0159915438565341
v -0.0306590929898349 -0.1290832796963778 -0.0139774253151634
v -0.0095090415261009 0.3092734596946023 -0.0657924964211204
v -0.0113278961181641 0.3086186356977983 -0.0657924964211204
v -0.0112383062189276 0.3083923617276279 -0.0638660534945401
v -0.0043444824218750 0.3027822043678977 -0.0482607512040572
v -0.0057659357244318 0.3024644608931108 -0.0482607512040572
v -0.0054353713989258 0.3011770075017756 -0.0468452731045810
v -0.0059747175736861 0.2927045510031960 -0.0411611002141779
v -0.0067601741443981 0.2923043545809659 -0.0411611002141779
v -0.0052266450361772 0.2911148071289062 -0.0403343408757990
v -0.0016051933982156 0.3055214899236506 -0.0513278128884055
v -0.0032040543989702 0.3053703446821733 -0.0513278128884055
v -0.0015335291082209 0.3043824074485085 -0.0497568997469815
v 0.0094338399713690 0.3090419977361505 -0.0638660534945401
v 0.0093214035034180 0.3086959561434659 -0.0619586909901012
v 0.0089867574518377 0.3076660433682528 -0.0582312185114080
v 0.0072323400324041 0.3081757424094460 -0.0582312185114080
v 0.0117658545754173 0.3014096346768466 -0.0497568997469815
v 0.0111695792458274 0.3003250122070312 -0.0482607512040572
v 0.0130864819613370 0.3006286343661221 -0.0497568997469815
v 0.0043444824218750 0.3027822043678977 -0.0482607512040572
v 0.0040954104336825 0.3014765236594460 -0.0468452731045810
v 0.0054353713989258 0.3011770075017756 -0.0468452731045810
v -0.0537675996260209 0.1833903919566761 -0.0505581214211204
v -0.0295694351196289 0.2875997647372159 -0.0638660534945401
v -0.0290343718095259 0.2894414728338068 -0.0638660534945401
v -0.0194185187599876 0.3006862571022727 -0.0564258193969727
v -0.0199078403819691 0.3012073308771307 -0.0582312185114080
v -0.0264069331776012 0.1885877574573864 -0.0121413490988991
v -0.0235511224920099 0.1876598566228693 -0.0104905561967330
v -0.0239851379394531 0.1861659656871449 -0.0104905561967330
v -0.0117260464754972 0.3049267578125000 -0.0546688669378107
v -0.0231312769109553 0.2908923894708807 -0.0513278128884055
v -0.0237690908258611 0.2894184736772017 -0.0513278128884055
v -0.0270395417646928 0.2907133345170455 -0.0582312185114080
v -0.0276584035700018 0.2889943903142756 -0.0582312185114080
v -0.0507340517911044 0.1930339189009233 -0.0438732147216797
v -0.0522889397361062 0.1899822720614347 -0.0471921886097301
v -0.0514518668434837 0.1898225957697088 -0.0438732147216797
v -0.0504117341475053 0.1896241760253906 -0.0406142980402166
v -0.0509160891446200 0.1864398193359375 -0.0406142980402166
v -0.0491726545854048 0.1893878173828125 -0.0374282975630327
v -0.0468569183349609 -0.1320312638716264 -0.0313250142877752
v -0.0075799144398082 0.2937954434481534 -0.0420965472134677
v -0.0084306994351474 0.2932922918146307 -0.0420965472134677
v -0.0075189521095969 0.2918556074662642 -0.0411611002141779
v -0.0206819568980824 0.2950339577414773 -0.0513278128884055
v -0.0215846564553001 0.2937056662819602 -0.0513278128884055
v -0.0206209980357777 0.2930941217595880 -0.0497568997469815
v -0.0177303626320579 0.3044113714044744 -0.0619586909901012
v -0.0189198927445845 0.3028778631036932 -0.0600779377330433
v -0.0174465248801491 0.3040207186612216 -0.0600779377330433
v -0.0148244823109020 0.3069732666015625 -0.0657924964211204
v -0.0163580114191229 0.3057837191495029 -0.0638660534945401
v -0.0147072393243963 0.3067600042169744 -0.0638660534945401
v -0.0057660813765092 0.3102344859730113 -0.0657924964211204
v -0.0076829840920188 0.3099308915571733 -0.0677304215864702
v -0.0076526607166637 0.3098127885298295 -0.0657924964211204
v -0.0238041097467596 0.2997000954367898 -0.0696721787886186
v -0.0220985655351119 0.2904064109108665 -0.0876456971602006
v -0.0224021738225763 0.2923233309659091 -0.0860747874866832
v -0.0214020122181286 0.2917734874378551 -0.0876456971602006
v -0.0036449120261452 0.3088600852272727 -0.0582312185114080
v 0.0019398394497958 0.3108405095880682 -0.0696721787886186
v 0.0000000000000000 0.3107795576615767 -0.0716101039539684
v 0.0000000000000000 0.3109014615145597 -0.0696721787886186
v -0.0179442284323952 0.3047057273171165 -0.0735365468805487
v -0.0194596273248846 0.3035302734375000 -0.0735365468805487
v -0.0180872761119496 0.3049026211825284 -0.0716101039539684
v -0.0224317585338246 0.3010724431818182 -0.0716101039539684
v -0.0211482862992720 0.3025282703746449 -0.0696721787886186
v -0.0210648241910067 0.3024393809925426 -0.0716101039539684
v -0.0225206375122070 0.3011559226296165 -0.0696721787886186
v 0.0360003766146573 0.1822725746848367 -0.0181757632168857
v 0.0447577493840998 0.1856618430397727 -0.0284318161010742
v 0.0373577291315252 0.1895994706587358 -0.0205214483087713
v 0.0296958784623580 0.1876322382146662 -0.0139774253151634
v 0.0301160361550071 0.1857525634765625 -0.0139774253151634
v 0.0385694607821378 0.1800076293945312 -0.0205214483087713
v 0.0360715553977273 0.1800076293945312 -0.0181757632168857
v 0.0084655033458363 0.1810770763050426 -0.1129648173939098
v 0.0069938902421431 -0.1387095503373580 -0.1123227310180664
v 0.0050154460560192 -0.1359864529696378 -0.1129648173939098
v 0.0005294418334961 -0.1307127380371094 -0.1136094457452947
v 0.0006307116421786 -0.1306762695312500 -0.1136094457452947
v 0.0015929967706854 -0.1297139948064631 -0.1136094457452947
v 0.0016998013583097 -0.1292980124733665 -0.1136094457452947
v -0.0068363571166992 0.1618258112127131 -0.1132062530517578
v 0.0041528285633434 0.1830248329856179 -0.1133942864157937
v 0.0039551821621982 0.1832796408913352 -0.1133942864157937
v 0.0069031698053533 0.1850230823863636 -0.1129648173939098
v 0.0051993976939808 -0.3037689208984375 -0.0649267474087802
v 0.0049358992143111 -0.3032089510830966 -0.0656748199462891
v 0.0055847896229137 -0.3028783347389915 -0.0656748199462891
v 0.0060378057306463 -0.3000180886008523 -0.0676660329645330
v 0.0055371371182528 -0.2994128972833807 -0.0682367012717507
v 0.0064841669256037 -0.2996245783025568 -0.0676660329645330
v 0.0378862866488370 -0.1363104802911932 -0.0976603698730469
v 0.0354326282848011 -0.1358424100008878 -0.1000060549649325
v 0.0095762911709872 -0.2979842584783381 -0.0663825607299805
v 0.0089560942216353 -0.2976432939009233 -0.0670471711592241
v 0.0098879623413086 -0.2973725752397017 -0.0663825607299805
v 0.0357871211658825 -0.1336042369495739 -0.1000060549649325
v 0.0360003766146573 -0.1313482249866832 -0.1000060549649325
v 0.0053853329745206 -0.2984544511274858 -0.0687569254094904
v 0.0051146004416726 -0.2975225830078125 -0.0692246489091353
v 0.0057347973910245 -0.2981049693714489 -0.0687569254094904
v 0.0048029292713512 -0.2978342507102273 -0.0692246489091353
v -0.0076631684736772 -0.2982872702858665 -0.0676660329645330
v -0.0079976411299272 -0.2977951049804687 -0.0676660329645330
v -0.0073344594782049 -0.2973742398348722 -0.0682367012717507
v 0.0063645380193537 -0.2973437500000000 -0.0687569254094904
v 0.0066423277421431 -0.2969349809126420 -0.0687569254094904
v 0.0009180381081321 -0.1305298683860085 -0.1136094457452947
v 0.0010070592706854 -0.1304693742231889 -0.1136094457452947
v 0.0006561244617809 -0.2979134022105824 -0.0699954327670011
v 0.0005403934825550 -0.2969973200017756 -0.0702954483032227
v 0.0009809459339489 -0.2978619662198154 -0.0699954327670011
v 0.0027504938299006 -0.1334173583984375 -0.1133942864157937
v 0.0030172070589933 -0.1332361117276278 -0.1133942864157937
v 0.0070051227916371 -0.3054619251598011 -0.0606895862926136
v 0.0068329412286932 -0.3051487315784801 -0.0615922858498313
v -0.0051059376109730 -0.2997473699396307 -0.0682367012717507
v -0.0209820383245295 -0.1344705477627841 -0.1091502519087358
v -0.0212789050015536 -0.1331424505060369 -0.1091502519087358
v -0.0181493412364613 -0.1325454434481534 -0.1104116751930930
v -0.0323809849132191 -0.1373972944779830 -0.1021902708573775
v -0.0328391335227273 -0.1353476784446023 -0.1021902708573775
v -0.0034869488802823 -0.3015266834605824 -0.0676660329645330
v -0.0036986333673651 -0.3005796397816051 -0.0682367012717507
v -0.0031978017633612 -0.3007963700727983 -0.0682367012717507
v -0.0069031698053533 -0.1340987326882102 -0.1129648173939098
v -0.0072044719349254 -0.1336553677645597 -0.1129648173939098
v -0.0085327876697887 -0.1290832796963778 -0.1129648173939098
v -0.0068363571166992 -0.1109014615145597 -0.1132062530517578
v -0.0084655033458363 -0.1301527266068892 -0.1129648173939098
v -0.0085159509832209 -0.1296190573952415 -0.1129648173939098
v -0.0050927006114613 -0.1297266318581321 -0.1133942864157937
v 0.0018637327714400 0.3096308760209517 -0.0773246626420455
v 0.0000000000000000 0.3090893832120029 -0.0791713818636808
v 0.0000000000000000 0.3096894420276989 -0.0773246626420455
v 0.0058410956642844 0.1862277637828480 -0.1129648173939098
v 0.0032720114968040 0.1839628184925426 -0.1133942864157937
v 0.0054390022971413 0.1865822531960227 -0.1129648173939098
v 0.0091681220314719 0.1875921630859375 -0.1123227310180664
v -0.0175723023848100 0.1857172185724432 -0.1104116751930930
v -0.0201413865522905 0.1879821638627486 -0.1091502519087358
v -0.0171791180697354 0.1868093178488991 -0.1104116751930930
v -0.0013860979947177 0.1810146817294034 -0.1136094457452947
v -0.0039551821621982 0.1832796408913352 -0.1133942864157937
v -0.0013201280073686 0.1810997425426136 -0.1136094457452947
v -0.0145969078757546 0.2920832408558239 -0.0931242717396129
v -0.0149005161632191 0.2940001609108665 -0.0918865481289950
v -0.0138098699396307 0.2929759632457387 -0.0931242717396129
v -0.0257689146562056 0.2866239513050426 -0.0844353068958629
v -0.0261922870982777 0.2885180109197443 -0.0827337334372781
v -0.0253026234019886 0.2882289539683949 -0.0844353068958629
v 0.0047727099331942 0.1818972778320312 -0.1133942864157937
v 0.0015502513538707 0.1807371243563565 -0.1136094457452947
v 0.0046446401422674 0.1821932289817116 -0.1133942864157937
v -0.0080457375266335 0.3003288407759233 -0.0905573238026012
v -0.0093058430064808 0.2997835471413352 -0.0905573238026012
v -0.0085350591486151 0.3015647194602273 -0.0891418457031250
v -0.0034249357743697 0.1618258112127131 -0.1135287302190607
v -0.0034249357743697 -0.1109014615145597 -0.1135287302190607
v -0.0118752427534624 -0.1298304054953835 -0.1123227310180664
v -0.0152176943692294 -0.1290832796963778 -0.1114705623279918
v -0.0182903463190252 -0.1406906821511009 -0.1091502519087358
v -0.0156003189086914 -0.1389835427024148 -0.1104116751930930
v -0.0384933506358754 -0.1315050714666193 -0.0976603698730469
v -0.0447577493840998 -0.1347374933416193 -0.0897500020807440
v -0.0357871211658825 -0.1336042369495739 -0.1000060549649325
v -0.0382653288407759 -0.1339173195578835 -0.0976603698730469
v -0.0277658948031339 -0.1290832796963778 -0.1060404725508256
v -0.0196009167757901 -0.1383067737926136 -0.1091502519087358
v -0.0201413865522905 -0.1370578141645952 -0.1091502519087358
v -0.0167181396484375 -0.1369502397017046 -0.1104116751930930
v -0.0232243243130771 0.1618258112127131 -0.1084451085870916
v -0.0247631177035245 0.1800076293945312 -0.1076912619850852
v -0.0211693781072443 0.2854430042613637 -0.0905573238026012
v -0.0373577291315252 0.1895994706587358 -0.0976603698730469
v -0.0224568419022994 0.2857735651189631 -0.0891418457031250
v -0.0328391335227273 0.1862720281427557 -0.1021902708573775
v -0.0357871211658825 0.1845285866477273 -0.1000060549649325
v -0.0354326282848011 0.1867667596990412 -0.1000060549649325
v -0.0146689189564098 0.2893168223987926 -0.0942656048861417
v -0.0159952857277610 0.2901585526899858 -0.0931242717396129
v -0.0153263404152610 0.2911428555575284 -0.0931242717396129
v -0.0077206975763494 0.1836407193270597 -0.1129648173939098
v -0.0107662825150923 0.1850738525390625 -0.1123227310180664
v -0.0104269270463423 0.1857398848100142 -0.1123227310180664
v -0.0268935775756836 0.1869127308238636 -0.1060404725508256
v -0.0301160361550071 0.1857525634765625 -0.1042043928666548
v -0.0296958784623580 0.1876322382146662 -0.1042043928666548
v -0.0224063387784091 -0.1396269087357954 -0.1076912619850852
v -0.0262774727561257 -0.1109014615145597 -0.1068894542347301
v -0.0262774727561257 0.1618258112127131 -0.1068894542347301
v -0.0277658948031339 0.1800076293945312 -0.1060404725508256
v -0.0292269134521484 0.1618258112127131 -0.1051451561667702
v -0.0292269134521484 -0.1109014615145597 -0.1051451561667702
v -0.0360003766146573 0.1822725746848367 -0.1000060549649325
v -0.0184401529485529 -0.1302434331720526 -0.1104116751930930
v -0.0493541994961825 0.1618258112127131 -0.0823152368718928
v -0.0500593428178267 0.1800076293945312 -0.0807535240866921
v -0.0486003528941761 0.1800076293945312 -0.0838540302623402
v -0.0261335095492276 0.2849928699840199 -0.0844353068958629
v -0.0477395075017756 0.1891144214976918 -0.0838540302623402
v -0.0237690908258611 0.2894184736772017 -0.0860747874866832
v -0.0168276630748402 0.2843282526189631 -0.0942656048861417
v -0.0183492244373668 0.2847189053622159 -0.0931242717396129
v -0.0247611583362926 0.2863652177290483 -0.0860747874866832
v -0.0454745552756570 0.1916835160688921 -0.0868568038940430
v 0.0277658948031339 0.1800076293945312 -0.0121413490988991
v 0.0331676760586825 0.1841976789994673 -0.0159915438565341
v 0.0333653224598278 0.1821067948774858 -0.0159915438565341
v 0.0272740832242099 0.1852104325727983 -0.0121413490988991
v 0.0239851379394531 0.1861659656871449 -0.0104905561967330
v 0.0184401529485529 -0.1302434331720526 -0.0077701429887251
v 0.0216198626431552 -0.1304434897682883 -0.0090315662730824
v -0.0116074059226296 0.1982979791814631 -0.0090315662730824
v -0.0099002630060369 0.1956079517711293 -0.0077701429887251
v 0.0008811014348810 0.2940123679421165 -0.0411611002141779
v 0.0007707803899592 0.2922588833895596 -0.0403343408757990
v 0.0017587280273438 0.2939294156161222 -0.0411611002141779
v 0.0081540471857244 0.1928563620827415 -0.0067112593217330
v 0.0057322519475763 0.1904345564408736 -0.0058590836958452
v 0.0063756526600231 0.1900540438565341 -0.0058590836958452
v 0.0169585071910511 0.3005069524591619 -0.0529672934792259
v 0.0196009167757901 -0.1383067737926136 -0.0090315662730824
v 0.0209081892533736 -0.1423520174893466 -0.0104905561967330
v 0.0184766110506925 0.1800076293945312 -0.0077701429887251
v 0.0184766110506925 -0.1290832796963778 -0.0077701429887251
v 0.0275469519875266 0.1834876181862571 -0.0121413490988991
v 0.0277658948031339 -0.1290832796963778 -0.0121413490988991
v 0.0247631177035245 -0.1290832796963778 -0.0104905561967330
v 0.0277111053466797 -0.1308267211914063 -0.0121413490988991
v 0.0302495366876776 0.1942419849742543 -0.0159915438565341
v 0.0277411755648526 0.1930616344105114 -0.0139774253151634
v 0.0310836306485263 0.1923145086115057 -0.0159915438565341
v 0.0183309173583984 -0.1313990090110085 -0.0077701429887251
v 0.0150976978648793 -0.1309905589710582 -0.0067112593217330
v 0.0181493412364613 -0.1325454434481534 -0.0077701429887251
v 0.0373389296098189 -0.1109014615145597 -0.0193289878151634
v 0.0373389296098189 0.1618258112127131 -0.0193289878151634
v 0.0268935775756836 -0.1359883811257102 -0.0121413490988991
v 0.0264069331776012 -0.1376634077592329 -0.0121413490988991
v 0.0366817335648970 -0.1410018920898438 -0.0205214483087713
v 0.0357871211658825 -0.1336042369495739 -0.0181757632168857
v 0.0430143148248846 -0.1317895091663707 -0.0256596166437322
v 0.0522762957486239 -0.1323722284490412 -0.0438732147216797
v 0.0522762957486239 0.1832965781471946 -0.0438732147216797
v 0.0477985451438210 -0.1109014615145597 -0.0328134363347834
v 0.0465793505581942 -0.1349676236239347 -0.0313250142877752
v 0.0545454545454545 -0.1109014615145597 -0.0590909090909091
v 0.0541153439608487 -0.1109014615145597 -0.0522545519742099
v 0.0500593428178267 0.1800076293945312 -0.0374282975630327
v 0.0533415152809837 -0.1392587141557173 -0.0539577310735529
v 0.0525973372025923 -0.1425879738547585 -0.0539577310735529
v 0.0397619247436523 0.1618258112127131 -0.0217519794810902
v 0.0468569183349609 -0.1320312638716264 -0.0313250142877752
v 0.0317950474132191 0.1903384676846591 -0.0159915438565341
v 0.0512194962935014 0.1832300914417614 -0.0406142980402166
v 0.0499605594981800 0.1831508844549006 -0.0374282975630327
v 0.0299232517589222 0.2876906238902699 -0.0677304215864702
v 0.0298051556673917 0.2876603005149148 -0.0657924964211204
v 0.0295694351196289 0.2875997647372159 -0.0735365468805487
v 0.0268568975275213 0.2926455133611506 -0.0773246626420455
v 0.0260103607177734 0.2943069458007813 -0.0773246626420455
v 0.0514518668434837 0.1898225957697088 -0.0438732147216797
v 0.0509160891446200 0.1864398193359375 -0.0406142980402166
v 0.0528057375821200 0.1935658402876420 -0.0573775967684659
v 0.0522889397361062 0.1899822720614347 -0.0471921886097301
v 0.0165231670032848 0.2853763372247869 -0.0942656048861417
v 0.0168276630748402 0.2843282526189631 -0.0942656048861417
v 0.0230241636796431 0.1891235351562500 -0.1076912619850852
v 0.0245678502863104 0.1831112670898437 -0.1076912619850852
v 0.0243244934082031 0.1846477716619318 -0.1076912619850852
v 0.0212789050015536 0.1840668002041903 -0.1091502519087358
v 0.0181493412364613 0.1834697931463068 -0.1104116751930930
v 0.0209820383245295 0.1853948974609375 -0.1091502519087358
v 0.0197759246826172 0.2893134654651989 -0.0905573238026012
v 0.0215571004694158 0.2885426746715199 -0.0891418457031250
v 0.0153263404152610 0.2911428555575284 -0.0931242717396129
v 0.0165367507934570 0.2920222889293324 -0.0918865481289950
v 0.0180171931873668 0.2858617609197443 -0.0931242717396129
v 0.0194401168823242 0.2863241022283381 -0.0918865481289950
v 0.0118048962679776 -0.1305745905095881 -0.1123227310180664
v -0.0017099311135032 -0.1291908541592685 -0.1136094457452947
v 0.0021220155195756 0.1882723444158381 -0.1129648173939098
v 0.0009618620439009 0.1850498823686079 -0.1133942864157937
v 0.0015988818081942 0.1883892822265625 -0.1129648173939098
v 0.0171791180697354 0.1868093178488991 -0.1104116751930930
v 0.0141490554809570 0.1856096302379261 -0.1114705623279918
v 0.0147396018288352 0.1837921142578125 -0.1114705623279918
v 0.0178961355035955 0.1846025779030540 -0.1104116751930930
v 0.0133353666825728 0.1873388117009943 -0.1114705623279918
v 0.0104269270463423 0.1857398848100142 -0.1123227310180664
v 0.0128487257523970 0.1881616765802557 -0.1114705623279918
v 0.0118752427534624 0.1807547551935369 -0.1123227310180664
v 0.0152176943692294 0.1800076293945312 -0.1114705623279918
v 0.0216198626431552 -0.1304434897682883 -0.1091502519087358
v 0.0209820383245295 -0.1344705477627841 -0.1091502519087358
v 0.0168554722179066 0.1618258112127131 -0.1109667171131481
v 0.0168554722179066 -0.1109014615145597 -0.1109667171131481
v 0.0136658859252930 0.3048657781427557 -0.0564258193969727
v 0.0063575848666104 0.3047687877308239 -0.0513278128884055
v 0.0060737436467951 0.3036633023348722 -0.0497568997469815
v 0.0078998045487837 0.3043207341974432 -0.0513278128884055
v 0.0128435030850497 0.3073014692826704 -0.0619586909901012
v 0.0195759547840465 0.2924308915571733 -0.0482607512040572
v 0.0184536535089666 0.2917186667702415 -0.0468452731045810
v 0.0203173897483132 0.2911772017045455 -0.0482607512040572
v 0.0211996945467862 0.2999154663085937 -0.0582312185114080
v 0.0194596273248846 0.3035302734375000 -0.0638660534945401
v 0.0177303626320579 0.3044113714044744 -0.0619586909901012
v 0.0276230551979759 0.2930060646750710 -0.0638660534945401
v 0.0272938364202326 0.2928511463512074 -0.0619586909901012
v 0.0232422984730114 0.2992353404651988 -0.0619586909901012
v 0.0219891184026545 0.3006567937677557 -0.0619586909901012
v 0.0228702233054421 0.2989275290749290 -0.0600779377330433
v 0.0203185931119052 0.3016447310014205 -0.0600779377330433
v 0.0216371016068892 0.3003262329101563 -0.0600779377330433
v 0.0224078854647550 0.2985450605912642 -0.0582312185114080
v 0.0244037524136630 0.2977379816228693 -0.0619586909901012
v 0.0224317585338246 0.3010724431818182 -0.0657924964211204
v 0.0222543508356268 0.3009058449485085 -0.0638660534945401
v 0.0235226509787820 0.2994672463156960 -0.0638660534945401
v 0.0254688956520774 0.2961706820401279 -0.0754439093849876
v 0.0263139690052379 0.2923900534889915 -0.0791713818636808
v -0.0053853329745206 -0.2984544511274858 -0.0687569254094904
v -0.0070277196710760 -0.2978255670720881 -0.0682367012717507
v -0.0074807392467152 -0.3006858132102272 -0.0663825607299805
v -0.0074502563476562 -0.2997159090909091 -0.0670471711592241
v -0.0069962588223544 -0.3001698996803977 -0.0670471711592241
v -0.0079661768132990 -0.3002003895152699 -0.0663825607299805
v -0.0026577169244940 -0.3066518887606534 -0.0615922858498313
v -0.0035272875699130 -0.3064575195312500 -0.0615922858498313
v -0.0025802577625621 -0.3062458385120739 -0.0624707655473189
v -0.0068329412286932 -0.3051487315784801 -0.0615922858498313
v -0.0066337932239879 -0.3047864601828835 -0.0624707655473189
v -0.0079521525989879 -0.3052502163973722 -0.0597662284157493
v -0.0085469159212979 -0.3044834761186079 -0.0606895862926136
v -0.0077913943204013 -0.3049969204989347 -0.0606895862926136
v -0.0097200567072088 -0.2958778797496449 -0.0438619232177734
v -0.0016672273115678 -0.3059171364524148 -0.0475875438343395
v -0.0094599463722923 -0.3041547463156960 -0.0511428659612482
v -0.0092687086625533 -0.3039235895330256 -0.0502195080843839
v -0.0105324103615501 -0.3039355191317472 -0.0540001470392401
v -0.0104491147128018 -0.3038468239524147 -0.0530369221080433
v -0.0075998861139471 -0.3046951571377841 -0.0615922858498313
v -0.0065146463567560 -0.3005945101651278 -0.0670471711592241
v -0.0019283710826527 -0.3079842862215909 -0.0540001470392401
v 0.0008905861594460 -0.3068751387162642 -0.0615922858498313
v 0.0008646288785067 -0.3064625688032671 -0.0624707655473189
v 0.0017258488048207 -0.3063811700994318 -0.0624707655473189
v -0.0045860880071467 -0.3068341896750710 -0.0597662284157493
v -0.0054632984508168 -0.3065183604847301 -0.0597662284157493
v -0.0053528560291637 -0.3062394020774148 -0.0606895862926136
v -0.0009699179909446 -0.3081360695578835 -0.0559399864890359
v -0.0009699179909446 -0.3081360695578835 -0.0549691078879616
v -0.0018224542791193 -0.3071458573774858 -0.0502195080843839
v 0.0104893181540749 -0.2976555564186790 -0.0452342744307085
v -0.0150976978648793 0.1819149086692116 -0.0067112593217330
v -0.0184401529485529 0.1811677828702060 -0.0077701429887251
v -0.0151876657659357 0.1809631625088778 -0.0067112593217330
v -0.0110932228781960 -0.1395005104758523 -0.0067112593217330
v 0.0000000000000000 0.1618258112127131 -0.0045454545454545
v -0.0044982389970259 0.1824805519797585 -0.0047875282981179
v -0.0077206975763494 0.1836407193270597 -0.0052170007879084
v -0.0046446401422674 0.1821932289817116 -0.0047875282981179
v -0.0072044719349254 -0.1336553677645597 -0.0052170007879084
v -0.0104269270463423 -0.1348155351118608 -0.0058590836958452
v -0.0079335854270241 -0.1322243985262784 -0.0052170007879084
v -0.0110631491921165 -0.1334634954279119 -0.0058590836958452
v -0.0077206975763494 -0.1327163696289063 -0.0052170007879084
v -0.0085159509832209 -0.1296190573952415 -0.0052170007879084
v -0.0102207981456410 -0.1109014615145597 -0.0055116063898260
v -0.0010921062122692 -0.1304034146395597 -0.0045723724365234
v -0.0110252415050160 -0.2963019631125710 -0.0452342744307085
v -0.0409899278120561 -0.1424017056551846 -0.0256596166437322
v -0.0116138111461293 -0.2964931973544034 -0.0459823469682173
v -0.0417453176325018 -0.1398016496138139 -0.0256596166437322
v -0.0118278399380771 -0.2957565030184659 -0.0459823469682173
v -0.0081452352350408 -0.1377570689808239 -0.0058590836958452
v -0.0050662266124379 -0.1398495622114702 -0.0058590836958452
v -0.0057322519475763 -0.1395102067427202 -0.0058590836958452
v -0.0030172070589933 -0.1332361117276278 -0.0047875282981179
v -0.0045720950039950 -0.1362877585671165 -0.0052170007879084
v 0.0083816493641246 0.1816065146706321 -0.0052170007879084
v 0.0116879619251598 0.1822372297807173 -0.0058590836958452
v -0.0016294583407315 -0.1296127180619673 -0.0045723724365234
v -0.0047727099331942 -0.1309729281338778 -0.0047875282981179
v -0.0015929967706854 -0.1297139948064631 -0.0045723724365234
v -0.0217000857266513 -0.1410130032626065 -0.0104905561967330
v -0.0117254361239347 -0.1387834028764205 -0.0067112593217330
v -0.0134688706831499 -0.1417313870516690 -0.0077701429887251
v -0.0018903177434748 -0.3076830777254971 -0.0520832408558239
v 0.0072659752585671 -0.3059364180131392 -0.0588258535211737
v 0.0064217515425249 -0.3063665494051847 -0.0588258535211737
v 0.0071496582031250 -0.3057248202237216 -0.0597662284157493
v 0.0000000000000000 -0.3079839255593040 -0.0578721722689542
v -0.0009584496238015 -0.3079537963867188 -0.0578721722689542
v 0.0000000000000000 -0.3078019853071733 -0.0588258535211737
v 0.0076122492009943 -0.2969045188210227 -0.0426723931052468
v 0.0285061021284624 -0.1403696511008523 -0.0139774253151634
v 0.0000000000000000 -0.3055017922141335 -0.0467678035389293
v -0.0008025949651545 -0.3054765735973011 -0.0467678035389293
v 0.0000000000000000 -0.3060220336914062 -0.0475875438343395
v -0.0016020271994851 -0.3054010009765625 -0.0467678035389293
v 0.0019360108809038 -0.3080447665127841 -0.0559399864890359
v 0.0028944639726119 -0.3078929554332386 -0.0549691078879616
v 0.0019360108809038 -0.3080447665127841 -0.0549691078879616
v 0.0028944639726119 -0.3078929554332386 -0.0559399864890359
v 0.0084201778065075 -0.2996854192560369 -0.0445265336470170
v 0.0079661768132990 -0.3002003895152699 -0.0445265336470170
v 0.0089322697032582 -0.3001090587269176 -0.0452342744307085
v 0.0088409458507191 -0.2991429554332387 -0.0445265336470170
v 0.0093786308982156 -0.2995336081764915 -0.0452342744307085
v 0.0103409784490412 -0.3002327936345880 -0.0467678035389293
v 0.0094091103293679 -0.3005035400390625 -0.0459823469682173
v 0.0098488166115501 -0.3008672818270597 -0.0467678035389293
v 0.0082442058216442 -0.3057104214754972 -0.0540001470392401
v 0.0074416073885831 -0.3062558815696023 -0.0549691078879616
v 0.0082768700339577 -0.3057619129527699 -0.0549691078879616
v 0.0247142514315518 -0.1306381641734730 -0.0104905561967330
v 0.0045720950039950 -0.1362877585671165 -0.0052170007879084
v 0.0115249009565874 -0.1320423750443892 -0.0058590836958452
v 0.0082647150213068 -0.1312052917480469 -0.0052170007879084
v 0.0043802087957209 -0.1401464288884943 -0.0058590836958452
v 0.0014913038773970 -0.1408881724964489 -0.0058590836958452
v -0.0096262671730735 -0.1360771734064276 -0.0058590836958452
v -0.0036769069324840 -0.1403996415571733 -0.0058590836958452
v -0.0043802087957209 -0.1401464288884943 -0.0058590836958452
v -0.0050927006114613 -0.1297266318581321 -0.0047875282981179
v -0.0084655033458363 -0.1301527266068892 -0.0052170007879084
v -0.0010694399746982 -0.1375487865101207 -0.0052170007879084
v -0.0005357776988636 -0.1375992376154119 -0.0052170007879084
v 0.0054390022971413 -0.1356579034978693 -0.0052170007879084
v 0.0050154460560192 -0.1359864529696378 -0.0052170007879084
v 0.0069938902421431 -0.1387095503373580 -0.0058590836958452
v 0.0010694399746982 -0.1375487865101207 -0.0052170007879084
v 0.0024729260531339 -0.1335815152254972 -0.0047875282981179
v 0.0003210414539684 -0.1307662409002131 -0.0045723724365234
v 0.0006433556296609 -0.1341759837757457 -0.0047875282981179
v 0.0001075779307972 -0.1307932073419744 -0.0045723724365234
v 0.0003223141756925 -0.1342063210227273 -0.0047875282981179
v 0.0152176943692294 -0.1290832796963778 -0.0067112593217330
v 0.0072044719349254 0.1845797174627131 -0.0052170007879084
v 0.0044982389970259 0.1824805519797585 -0.0047875282981179
v 0.0074773372303356 0.1841183332963423 -0.0052170007879084
v -0.0098792995106090 -0.2998973777077415 -0.0649267474087802
v -0.0103409784490412 -0.3002327936345880 -0.0641412908380682
v -0.0103104990178888 -0.2992628895152699 -0.0649267474087802
v -0.0535528633811257 0.1902233886718750 -0.0573775967684659
v -0.0525973372025923 -0.1425879738547585 -0.0539577310735529
v -0.0540886445478959 -0.1359162625399503 -0.0573775967684659
v -0.0528318058360707 -0.1109014615145597 -0.0455260086059570
v -0.0528318058360707 0.1618258112127131 -0.0455260086059570
v -0.0529196513782848 -0.1391782448508523 -0.0505581214211204
v -0.0462216845425692 -0.1441016179865057 -0.0838540302623402
v -0.0496646083484996 -0.1353573747114702 -0.0807535240866921
v -0.0534490966796875 -0.1358354741876776 -0.0676237002286044
v -0.0537675996260209 -0.1324660422585227 -0.0676237002286044
v -0.0446516869284890 -0.1435914889248935 -0.0868568038940430
v -0.0454745552756570 -0.1407591663707386 -0.0868568038940430
v -0.0544378211281516 0.1618258112127131 -0.0625158483331854
v -0.0543033773248846 0.1800076293945312 -0.0642240905761719
v -0.0239510172063654 0.2952074085582386 -0.0564258193969727
v -0.0254845463145863 0.2940178888494318 -0.0582312185114080
v -0.0248581556840376 0.2936735118519176 -0.0564258193969727
v -0.0544378211281516 -0.1109014615145597 -0.0625158483331854
v 0.0264069331776012 -0.1376634077592329 -0.1060404725508256
v 0.0268935775756836 -0.1359883811257102 -0.1060404725508256
v 0.0230241636796431 -0.1381991854580966 -0.1076912619850852
v 0.0201413865522905 -0.1370578141645952 -0.1091502519087358
v 0.0232243243130771 0.1618258112127131 -0.1084451085870916
v 0.0232243243130771 -0.1109014615145597 -0.1084451085870916
v 0.0534490966796875 -0.1358354741876776 -0.0505581214211204
v 0.0538751810247248 -0.1358892960981889 -0.0539577310735529
v 0.0535528633811257 -0.1392990389737216 -0.0608042248812589
v 0.0541153439608487 0.1618258112127131 -0.0659272696755149
v 0.0538739083030007 0.1800076293945312 -0.0676237002286044
v 0.0504117341475053 -0.1386998263272372 -0.0775675236095082
v 0.0443144017999822 -0.1375367043235085 -0.0897500020807440
v 0.0423359541459517 -0.1371592851118608 -0.0925222015380859
v 0.0427595103870739 -0.1344850574840199 -0.0925222015380859
v 0.0446516869284890 -0.1435914889248935 -0.0868568038940430
v 0.0429054745760831 -0.1430241116610440 -0.0897500020807440
v 0.0493541994961825 0.1618258112127131 -0.0823152368718928
v 0.0507150788740678 0.1618258112127131 -0.0791704316572709
v 0.0513207661021839 0.1800076293945312 -0.0775675236095082
v 0.0507150788740678 -0.1109014615145597 -0.0791704316572709
v 0.0528318058360707 -0.1109014615145597 -0.0726558130437678
v 0.0528318058360707 0.1618258112127131 -0.0726558130437678
v 0.0523796532370827 0.1800076293945312 -0.0743086069280451
v 0.0512194962935014 0.1832300914417614 -0.0775675236095082
v 0.0477395075017756 0.1891144214976918 -0.0838540302623402
v 0.0261335095492276 0.2849928699840199 -0.0844353068958629
v 0.0270523868907582 0.2851681518554687 -0.0827337334372781
v 0.0197983689741655 0.2850909701260653 -0.0918865481289950
v 0.0237690908258611 0.2894184736772017 -0.0860747874866832
v 0.0227079044688832 0.2889983298561790 -0.0876456971602006
v 0.0231312769109553 0.2908923894708807 -0.0860747874866832
v 0.0465793505581942 0.1858919733220881 -0.0868568038940430
v 0.0451134837757457 -0.1290832796963778 -0.0897500020807440
v 0.0436961607499556 0.1912268898703835 -0.0897500020807440
v 0.0190051408247514 0.2875322931463068 -0.0918865481289950
v 0.0349382990056818 0.1889782576127486 -0.1000060549649325
v 0.0328391335227273 0.1862720281427557 -0.1021902708573775
v -0.0082683736627752 -0.2987269731001421 -0.0670471711592241
v -0.0072984522039240 -0.2987574629350142 -0.0676660329645330
v -0.0078748564286665 -0.2992342862215909 -0.0670471711592241
v -0.0302495366876776 -0.1433176352761009 -0.1021902708573775
v -0.0310836306485263 -0.1413901589133523 -0.1021902708573775
v -0.0277411755648526 -0.1421372847123580 -0.1042043928666548
v -0.0084792535955256 -0.3029693048650568 -0.0633215505426580
v -0.0083005489002575 -0.2972829090465199 -0.0676660329645330
v -0.0076122492009943 -0.2969045188210227 -0.0682367012717507
v -0.0089017902721058 -0.3010789905894886 -0.0649267474087802
v -0.0423359541459517 -0.1371592851118608 -0.0925222015380859
v 0.0212200893055309 0.2975624223188921 -0.0546688669378107
v 0.0218571160056374 0.2980894054066051 -0.0564258193969727
v 0.0214020122181286 0.2917734874378551 -0.0497568997469815
v 0.0206209980357777 0.2930941217595880 -0.0497568997469815
v 0.0057095857100053 0.1975799283114347 -0.0077701429887251
v 0.0026038013805043 0.2901487870649858 -0.0396195324984464
v 0.0045949450406161 0.1979037614302202 -0.0077701429887251
v 0.0015013885498047 0.1808330189098011 -0.0045723724365234
v 0.0015502513538707 0.1807371243563565 -0.0045723724365234
v -0.0276584035700018 0.2889943903142756 -0.0791713818636808
v -0.0270395417646928 0.2907133345170455 -0.0791713818636808
v -0.0295694351196289 0.2875997647372159 -0.0735365468805487
v -0.0298051556673917 0.2876603005149148 -0.0716101039539684
v -0.0292658303000710 0.2895166847922585 -0.0716101039539684
v 0.0100292309847745 0.2921308760209517 -0.0953060496937145
v 0.0118929672241211 0.2926723688299006 -0.0942656048861417
v -0.0254845463145863 0.2940178888494318 -0.0791713818636808
v -0.0532318219271573 0.1800076293945312 -0.0709896330399947
v -0.0465793505581942 0.1858919733220881 -0.0868568038940430
v -0.0461179559881037 0.1888050981001420 -0.0868568038940430
v -0.0384933506358754 0.1824294211647727 -0.0976603698730469
v -0.0382653288407759 0.1848416692560369 -0.0976603698730469
v -0.0496646083484996 -0.1353573747114702 -0.0374282975630327
v -0.0534490966796875 0.1867598238858310 -0.0505581214211204
v -0.0538739083030007 -0.1290832796963778 -0.0505581214211204
v -0.0531267825039950 -0.1324257313121449 -0.0471921886097301
v -0.0529196513782848 0.1901025945490057 -0.0505581214211204
v -0.0184951608831232 0.2887107987837358 -0.0455160487781871
v -0.0348986885764382 0.1964297069202770 -0.0205214483087713
v -0.0326385185935281 0.1953661554509943 -0.0181757632168857
v -0.0232243243130771 -0.1109014615145597 -0.0097367095947266
v -0.0232243243130771 0.1618258112127131 -0.0097367095947266
v -0.0118987204811790 0.1800076293945312 -0.0058590836958452
v -0.0102207981456410 0.1618258112127131 -0.0055116063898260
v -0.0152176943692294 0.1800076293945312 -0.0067112593217330
v -0.0135649004849521 0.1618258112127131 -0.0062590997869318
v -0.0038542938232422 0.2897424593838778 -0.0396195324984464
v -0.0068016919222745 0.1971867509321733 -0.0077701429887251
v -0.0107706659490412 0.2914772172407670 -0.0420965472134677
v -0.0102292008833452 0.2896134810014205 -0.0411611002141779
v -0.0096058585427024 0.2902368441495028 -0.0411611002141779
v -0.0114695947820490 0.2907782814719460 -0.0420965472134677
v -0.0072153438221325 0.2899387151544744 -0.0403343408757990
v -0.0078246827559038 0.2894660533558239 -0.0403343408757990
v -0.0127329635620117 0.1975330422141335 -0.0090315662730824
v -0.0065775299072266 0.2903721479936079 -0.0403343408757990
v -0.0129683338512074 0.2938174993341620 -0.0442783286354759
v -0.0126647255637429 0.2919006070223721 -0.0431369920210405
v -0.0118929672241211 0.2926723688299006 -0.0431369920210405
v -0.0138098699396307 0.2929759632457387 -0.0442783286354759
v -0.0220985655351119 0.2904064109108665 -0.0497568997469815
v -0.0227079044688832 0.2889983298561790 -0.0497568997469815
v -0.0408344095403498 -0.1316523603959517 -0.0230193536931818
v -0.0430143148248846 -0.1317895091663707 -0.0256596166437322
v -0.0103931565718217 -0.2960965798117898 -0.0445265336470170
v -0.0101606091586026 -0.2967425259676846 -0.0445265336470170
v -0.0098792995106090 -0.2998973777077415 -0.0459823469682173
v -0.0094091103293679 -0.3005035400390625 -0.0459823469682173
v -0.0347685796564276 0.1618258112127131 -0.0170629189231179
v -0.0334312924471768 0.1800076293945312 -0.0159915438565341
v -0.0347685796564276 -0.1109014615145597 -0.0170629189231179
v -0.0443144017999822 -0.1375367043235085 -0.0284318161010742
v -0.0436961607499556 -0.1403025401722301 -0.0284318161010742
v -0.0196924729780717 0.3038117287375710 -0.0696721787886186
v -0.0181589404019442 0.3050012761896307 -0.0696721787886186
v -0.0151997756958008 0.3039586570046165 -0.0564258193969727
v -0.0166736810857599 0.3029569868607955 -0.0564258193969727
v -0.0161877233331854 0.3022881247780540 -0.0546688669378107
v -0.0128466484763406 0.2976895141601563 -0.0468452731045810
v -0.0147788342562589 0.2978721757368608 -0.0482607512040572
v -0.0139315553144975 0.2968479780717330 -0.0468452731045810
v -0.0149005161632191 0.2940001609108665 -0.0455160487781871
v -0.0157497128573331 0.2930369151722301 -0.0455160487781871
v -0.0145969078757546 0.2920832408558239 -0.0442783286354759
v 0.0014558133212003 0.3031471391157671 -0.0482607512040572
v 0.0000000000000000 0.3018636530095881 -0.0468452731045810
v 0.0013723512129350 0.3018205399946733 -0.0468452731045810
v 0.0063956035267223 0.2961610828746449 -0.0431369920210405
v 0.0057920733365146 0.2946367298473012 -0.0420965472134677
v 0.0073972702026367 0.2957276222922585 -0.0431369920210405
v -0.0030610101873224 0.3042380315607244 -0.0497568997469815
v -0.0047902714122425 0.3051191295276989 -0.0513278128884055
v -0.0063575848666104 0.3047687877308239 -0.0513278128884055
v -0.0045764056119052 0.3039979969371449 -0.0497568997469815
v -0.0104425742409446 0.3063825572620739 -0.0564258193969727
v -0.0123824136907404 0.3063216053355824 -0.0582312185114080
v -0.0120780632712624 0.3056748268821023 -0.0564258193969727
v 0.0000000000000000 0.3075478293678977 -0.0546688669378107
v -0.0017292612249201 0.3074934803355824 -0.0546688669378107
v 0.0000000000000000 0.3066123823686079 -0.0529672934792259
v 0.0029058803211559 0.3030100597034801 -0.0482607512040572
v 0.0126378943703391 0.3068645407936790 -0.0600779377330433
v 0.0000000000000000 0.2989520263671875 -0.0442783286354759
v -0.0012834722345526 0.3004078535600142 -0.0455160487781871
v -0.0011895266446200 0.2989146562056108 -0.0442783286354759
v -0.0013122489235618 0.2903951471502131 -0.0396195324984464
v -0.0011601534756747 0.1984477788751776 -0.0077701429887251
v -0.0260845288363370 0.2965613625266335 -0.0677304215864702
v -0.0270724764737216 0.2948908580433239 -0.0677304215864702
v -0.0269656337391246 0.2948321255770597 -0.0657924964211204
v -0.0443144017999822 0.1884610540216619 -0.0284318161010742
v -0.0447577493840998 0.1856618430397727 -0.0284318161010742
v -0.0400727740201083 0.1958735656738281 -0.0256596166437322
v -0.0409899278120561 0.1933260553533381 -0.0256596166437322
v -0.0380419436368075 0.1950694968483665 -0.0230193536931818
v -0.0224021738225763 0.2923233309659091 -0.0513278128884055
v -0.0240726991133256 0.2913353659889915 -0.0529672934792259
v -0.0358609771728516 0.1942059881036932 -0.0205214483087713
v -0.0159043051979759 0.3050688032670454 -0.0600779377330433
v -0.0170938318425959 0.3035352672230114 -0.0582312185114080
v -0.0155827886408026 0.3045621837269176 -0.0582312185114080
v -0.0053687008944425 0.2965307894620028 -0.0431369920210405
v -0.0063956035267223 0.2961610828746449 -0.0431369920210405
v -0.0057920733365146 0.2946367298473012 -0.0420965472134677
v -0.0275974412397905 0.2909342262961648 -0.0600779377330433
v -0.0286883336847479 0.2893290294300426 -0.0619586909901012
v -0.0214020122181286 0.2917734874378551 -0.0497568997469815
v -0.0203173897483132 0.2911772017045455 -0.0482607512040572
v -0.0528120734474876 0.1866793407093395 -0.0471921886097301
v -0.0253026234019886 0.2882289539683949 -0.0529672934792259
v -0.0462216845425692 0.1950259676846591 -0.0343277913873846
v -0.0446516869284890 0.1945158386230469 -0.0313250142877752
v -0.0429054745760831 0.1939484613591974 -0.0284318161010742
v -0.0436961607499556 0.1912268898703835 -0.0284318161010742
v -0.0417453176325018 0.1907259993119673 -0.0256596166437322
v -0.0507150788740678 -0.1109014615145597 -0.0390113899924538
v -0.0200759402188388 0.2988601962002841 -0.0546688669378107
v -0.0237101676247337 0.2996223865855824 -0.0657924964211204
v -0.0235226509787820 0.2994672463156960 -0.0638660534945401
v -0.0067538833618164 0.3007939564098011 -0.0468452731045810
v -0.0080457375266335 0.3003288407759233 -0.0468452731045810
v -0.0075246672196822 0.2990127563476562 -0.0455160487781871
v -0.0109525923295455 0.2972661521218040 -0.0455160487781871
v -0.0120146525989879 0.2965443836558949 -0.0455160487781871
v -0.0101509163596413 0.2960029185901988 -0.0442783286354759
v -0.0165537435358221 0.3060921686345880 -0.0677304215864702
v -0.0164884151111950 0.3059892134232954 -0.0657924964211204
v -0.0268568975275213 0.2926455133611506 -0.0773246626420455
v -0.0222543508356268 0.3009058449485085 -0.0638660534945401
v -0.0219891184026545 0.3006567937677557 -0.0619586909901012
v -0.0246981117942116 0.2979518543590199 -0.0638660534945401
v -0.0180872761119496 0.3049026211825284 -0.0657924964211204
v -0.0196924729780717 0.3038117287375710 -0.0677304215864702
v -0.0196147537231445 0.3037177900834517 -0.0657924964211204
v -0.0178645428744229 0.2947864601828835 -0.0891418457031250
v -0.0178035805442116 0.2967262961647728 -0.0876456971602006
v 0.0057660813765092 0.3102344859730113 -0.0657924964211204
v 0.0057204784046520 0.3099954223632813 -0.0638660534945401
v 0.0075921388105913 0.3095770541104403 -0.0638660534945401
v 0.0080661322853782 0.2971490201083097 -0.0931242717396129
v 0.0069738977605646 0.2976216819069602 -0.0931242717396129
v 0.0075246672196822 0.2990127563476562 -0.0918865481289950
v 0.0109266003695401 0.3076050636985085 -0.0600779377330433
v 0.0164884151111950 0.3059892134232954 -0.0657924964211204
v -0.0123156981034712 0.3024098066850142 -0.0860747874866832
v -0.0128169354525479 0.3033215609463779 -0.0844353068958629
v -0.0113277504660866 0.3040803389115767 -0.0844353068958629
v -0.0038567421653054 0.3105368874289773 -0.0716101039539684
v -0.0057889279452237 0.3103542535955255 -0.0696721787886186
v -0.0038720217618075 0.3106578480113636 -0.0696721787886186
v -0.0075246672196822 0.2990127563476562 -0.0918865481289950
v 0.0396297212080522 0.1901828141645952 -0.0230193536931818
v 0.0335384819724343 0.1932864518599077 -0.0181757632168857
v 0.0401904262195934 0.1876743663441051 -0.0230193536931818
v 0.0378862866488370 0.1872348299893466 -0.0205214483087713
v 0.0285061021284624 0.1912940007990057 -0.0139774253151634
v 0.0251233326305043 0.1918297784978693 -0.0121413490988991
v 0.0016594869440252 -0.1295093605735085 -0.1136094457452947
v 0.0016829646717418 -0.1294043246182529 -0.1136094457452947
v 0.0045720950039950 -0.1362877585671165 -0.1129648173939098
v 0.0113163549249822 -0.1327601900967685 -0.1123227310180664
v 0.0081151615489613 -0.1317200539328835 -0.1129648173939098
v 0.0082647150213068 -0.1312052917480469 -0.1129648173939098
v 0.0013860979947177 -0.1300903320312500 -0.1136094457452947
v 0.0014465956254439 -0.1300013178045099 -0.1136094457452947
v 0.0050422564419833 -0.1300451382723722 -0.1133942864157937
v 0.0015013885498047 0.1808330189098011 -0.1136094457452947
v 0.0044982389970259 0.1824805519797585 -0.1133942864157937
v -0.0016294583407315 0.1805370677601207 -0.1136094457452947
v -0.0047727099331942 0.1818972778320312 -0.1133942864157937
v -0.0015929967706854 0.1806383445046165 -0.1136094457452947
v 0.0285061021284624 -0.1403696511008523 -0.1042043928666548
v 0.0258160747181286 -0.1393045876242898 -0.1060404725508256
v 0.0042153479836204 -0.2993619606711648 -0.0687569254094904
v 0.0037594743208452 -0.2986436323686080 -0.0692246489091353
v 0.0041240275989879 -0.2983958851207386 -0.0692246489091353
v -0.0008793640136719 -0.2996805364435369 -0.0692246489091353
v -0.0013147076693448 -0.2996115667169744 -0.0692246489091353
v -0.0011500965465199 -0.2987486683238637 -0.0696380268443715
v 0.0343060857599432 -0.1402300054376776 -0.1000060549649325
v 0.0349382990056818 -0.1380539079145952 -0.1000060549649325
v 0.0121565489335494 -0.2966695334694602 -0.0641412908380682
v 0.0113539505004883 -0.2972149935635653 -0.0649267474087802
v 0.0116138111461293 -0.2964931973544034 -0.0649267474087802
v 0.0251233326305043 -0.1409054287997159 -0.1060404725508256
v 0.0217000857266513 -0.1410130032626065 -0.1076912619850852
v 0.0224063387784091 -0.1396269087357954 -0.1076912619850852
v 0.0059239855679599 -0.2964791315252130 -0.0692246489091353
v 0.0234435202858665 -0.1439609874378551 -0.1060404725508256
v 0.0137693821300160 -0.1355626609108665 -0.1114705623279918
v 0.0104269270463423 -0.1348155351118608 -0.1123227310180664
v 0.0107662825150923 -0.1341495028409091 -0.1123227310180664
v 0.0099002630060369 -0.1446836020729758 -0.1104116751930930
v 0.0028050717440518 -0.2971397261186079 -0.0699954327670011
v 0.0045632657137784 -0.3010202026367187 -0.0676660329645330
v 0.0040330644087358 -0.3012903386896307 -0.0676660329645330
v 0.0041848685524680 -0.3003318925337358 -0.0682367012717507
v -0.0066932504827326 -0.2982567804509943 -0.0682367012717507
v 0.0078748564286665 -0.2992342862215909 -0.0670471711592241
v 0.0069049349698153 -0.2992037963867187 -0.0676660329645330
v 0.0072984522039240 -0.2987574629350142 -0.0676660329645330
v -0.0030770769986239 -0.2969548728249290 -0.0699954327670011
v -0.0108602801236239 -0.1440311778675426 -0.1104116751930930
v -0.0099002630060369 -0.1446836020729758 -0.1104116751930930
v -0.0142364744706587 -0.1408607066761364 -0.1104116751930930
v -0.0063323627818714 -0.2986661321466619 -0.0682367012717507
v -0.0069049349698153 -0.2992037963867187 -0.0676660329645330
v -0.0051146004416726 -0.2975225830078125 -0.0692246489091353
v -0.0054060849276456 -0.2971919389204545 -0.0692246489091353
v -0.0052646082097834 -0.3022959483753551 -0.0663825607299805
v -0.0058555221557617 -0.3019464666193182 -0.0663825607299805
v -0.0049236540360884 -0.3016757479580966 -0.0670471711592241
v -0.0189830884066495 -0.1395193204012784 -0.1091502519087358
v -0.0161911773681641 -0.1379844526811080 -0.1104116751930930
v -0.0264069331776012 -0.1376634077592329 -0.1060404725508256
v -0.0291585298018022 -0.1385574618252841 -0.1042043928666548
v -0.0086292613636364 -0.2981959394975142 -0.0670471711592241
v -0.0089560942216353 -0.2976432939009233 -0.0670471711592241
v -0.0052212871204723 -0.3059071211381392 -0.0615922858498313
v -0.0060390299016779 -0.3055532282049006 -0.0615922858498313
v -0.0050691119107333 -0.3055227661132813 -0.0624707655473189
v -0.0010921062122692 -0.1304034146395597 -0.1136094457452947
v -0.0032720114968040 -0.1330384687943892 -0.1133942864157937
v -0.0011728425459428 -0.1303322254527699 -0.1136094457452947
v -0.0002147327769886 -0.1307830810546875 -0.1136094457452947
v -0.0006433556296609 -0.1341759837757457 -0.1133942864157937
v -0.0003210414539684 -0.1307662409002131 -0.1136094457452947
v -0.0004405489834872 -0.2997220126065341 -0.0692246489091353
v 0.0007471257990057 -0.1409585293856534 -0.1123227310180664
v 0.0005357776988636 -0.1375992376154119 -0.1129648173939098
v 0.0014913038773970 -0.1408881724964489 -0.1123227310180664
v 0.0211996945467862 0.2999154663085937 -0.0791713818636808
v 0.0203185931119052 0.3016447310014205 -0.0773246626420455
v 0.0216371016068892 0.3003262329101563 -0.0773246626420455
v 0.0199078403819691 0.3012073308771307 -0.0791713818636808
v -0.0082213176380504 0.3053102527965199 -0.0844353068958629
v -0.0101382238214666 0.3056138749556108 -0.0827337334372781
v 0.0055618147416548 0.3091636796431108 -0.0773246626420455
v 0.0037201135808771 0.3094553722034801 -0.0773246626420455
v 0.0037806389548562 0.3099344704367898 -0.0754439093849876
v -0.0168554722179066 -0.1109014615145597 -0.1109667171131481
v -0.0050154460560192 -0.1359864529696378 -0.1129648173939098
v -0.0054390022971413 -0.1356579034978693 -0.1129648173939098
v -0.0133456351540305 0.2843438998135653 -0.0962415001609109
v -0.0130470241199840 0.2851733121004972 -0.0962415001609109
v -0.0046446401422674 0.1821932289817116 -0.1133942864157937
v -0.0228702233054421 0.2989275290749290 -0.0773246626420455
v -0.0185374173251065 0.3024155217950995 -0.0791713818636808
v -0.0199078403819691 0.3012073308771307 -0.0791713818636808
v -0.0189198927445845 0.3028778631036932 -0.0773246626420455
v -0.0050833546031605 0.2998059914328835 -0.0918865481289950
v -0.0054353713989258 0.3011770075017756 -0.0905573238026012
v -0.0038301745328036 0.3000861150568182 -0.0918865481289950
v -0.0030610101873224 0.3042380315607244 -0.0876456971602006
v -0.0045764056119052 0.3039979969371449 -0.0876456971602006
v -0.0009618620439009 0.1850498823686079 -0.1133942864157937
v -0.0006433556296609 0.1851003334738991 -0.1133942864157937
v -0.0165367507934570 0.2920222889293324 -0.0918865481289950
v -0.0168403556130149 0.2939391812411222 -0.0905573238026012
v -0.0157497128573331 0.2930369151722301 -0.0918865481289950
v 0.0142365542325107 0.2867068481445312 -0.0953060496937145
v 0.0137878140536222 0.2875875299627131 -0.0953060496937145
v 0.0152245018698952 0.2883773803710937 -0.0942656048861417
v 0.0130470241199840 0.2851733121004972 -0.0962415001609109
v 0.0081151615489613 0.1826444036310369 -0.1129648173939098
v 0.0079335854270241 0.1831487482244318 -0.1129648173939098
v 0.0113163549249822 0.1836845397949219 -0.1123227310180664
v 0.0085327876697887 -0.1290832796963778 -0.1129648173939098
v -0.0083816493641246 -0.1306821649724787 -0.1129648173939098
v -0.0050422564419833 -0.1300451382723722 -0.1133942864157937
v -0.0030172070589933 -0.1332361117276278 -0.1133942864157937
v -0.0010070592706854 -0.1304693742231889 -0.1136094457452947
v -0.0065746238014915 -0.1345222889293324 -0.1129648173939098
v -0.0091681220314719 -0.1366678133877841 -0.1123227310180664
v -0.0230241636796431 -0.1381991854580966 -0.1076912619850852
v -0.0235511224920099 -0.1367355069247159 -0.1076912619850852
v -0.0206023684414950 -0.1357773936878551 -0.1091502519087358
v -0.0085707022927024 -0.2967527077414773 -0.0676660329645330
v -0.0078599999167702 -0.2964182628284801 -0.0682367012717507
v -0.0354326282848011 -0.1358424100008878 -0.1000060549649325
v -0.0333653224598278 -0.1311824451793324 -0.1021902708573775
v -0.0258160747181286 -0.1393045876242898 -0.1060404725508256
v -0.0239851379394531 -0.1352416159889915 -0.1076912619850852
v -0.0326385185935281 -0.1444418057528409 -0.1000060549649325
v -0.0220504830100320 0.2871722689541903 -0.0891418457031250
v -0.0323809849132191 0.1883216441761364 -0.1021902708573775
v -0.0349382990056818 0.1889782576127486 -0.1000060549649325
v -0.0378862866488370 0.1872348299893466 -0.0976603698730469
v -0.0216198626431552 0.1813678394664417 -0.1091502519087358
v 0.0012024758078835 0.2846909679066051 -0.0992298473011364
v -0.0111071846701882 0.2852342640269886 -0.0970682594992898
v -0.0107570821588690 0.2859213811700994 -0.0970682594992898
v -0.0291585298018022 0.1894818115234375 -0.1042043928666548
v -0.0507150788740678 0.1618258112127131 -0.0791704316572709
v -0.0513207661021839 0.1800076293945312 -0.0775675236095082
v -0.0266749746149237 0.2868566062233665 -0.0827337334372781
v -0.0231312769109553 0.2908923894708807 -0.0860747874866832
v -0.0184951608831232 0.2887107987837358 -0.0918865481289950
v -0.0197759246826172 0.2893134654651989 -0.0905573238026012
v -0.0179121884432706 0.2898549305308949 -0.0918865481289950
v -0.0227079044688832 0.2889983298561790 -0.0876456971602006
v 0.0262774727561257 0.1618258112127131 -0.0112923639470881
v 0.0262774727561257 -0.1109014615145597 -0.0112923639470881
v 0.0305985918912021 -0.1310083840110085 -0.0139774253151634
v 0.0304173348166726 -0.1329258866743608 -0.0139774253151634
v 0.0334312924471768 0.1800076293945312 -0.0159915438565341
v 0.0320610115744851 0.1618258112127131 -0.0149627130681818
v 0.0334312924471768 -0.1290832796963778 -0.0159915438565341
v 0.0320610115744851 -0.1109014615145597 -0.0149627130681818
v 0.0089447368275036 0.1923190030184659 -0.0067112593217330
v 0.0234435202858665 0.1948853371360085 -0.0121413490988991
v 0.0209081892533736 0.1932763671875000 -0.0104905561967330
v 0.0022295969182795 0.1916955843838778 -0.0058590836958452
v 0.0015988818081942 0.1883892822265625 -0.0052170007879084
v 0.0029590918801048 0.1915325372869318 -0.0058590836958452
v -0.0073972702026367 0.2957276222922585 -0.0431369920210405
v -0.0066992118141868 0.2942441905628551 -0.0420965472134677
v 0.0000000000000000 0.2904777110706676 -0.0396195324984464
v 0.0023743612116033 0.2988026566938921 -0.0442783286354759
v 0.0010908889770508 0.2973468295010653 -0.0431369920210405
v 0.0021774742820046 0.2972441239790483 -0.0431369920210405
v 0.0258160747181286 -0.1393045876242898 -0.0121413490988991
v 0.0235511224920099 -0.1367355069247159 -0.0104905561967330
v 0.0206023684414950 -0.1357773936878551 -0.0090315662730824
v 0.0178961355035955 -0.1336782282049006 -0.0077701429887251
v 0.0209820383245295 -0.1344705477627841 -0.0090315662730824
v 0.0214917928522283 -0.1317983176491477 -0.0090315662730824
v 0.0304173348166726 0.1838502363725142 -0.0139774253151634
v 0.0168554722179066 -0.1109014615145597 -0.0072151045365767
v 0.0184401529485529 0.1811677828702060 -0.0077701429887251
v 0.0116879619251598 -0.1313128800825639 -0.0058590836958452
v 0.0083816493641246 -0.1306821649724787 -0.0052170007879084
v 0.0333653224598278 -0.1311824451793324 -0.0159915438565341
v 0.0357871211658825 0.1845285866477273 -0.0181757632168857
v 0.0112315680763938 -0.2998474121093750 -0.0475875438343395
v 0.0538739083030007 -0.1290832796963778 -0.0676237002286044
v 0.0541153439608487 -0.1109014615145597 -0.0659272696755149
v 0.0541962224786932 0.1834173583984375 -0.0642240905761719
v 0.0485044514049183 0.1830592762340199 -0.0343277913873846
v 0.0460542470758612 0.1618258112127131 -0.0298639956387607
v 0.0482171249389648 0.1860988686301492 -0.0343277913873846
v 0.0468569183349609 0.1829556135697798 -0.0313250142877752
v 0.0529196513782848 0.1901025945490057 -0.0505581214211204
v 0.0290343718095259 0.2894414728338068 -0.0638660534945401
v 0.0293817866932262 0.2895543601296165 -0.0696721787886186
v 0.0286110028353604 0.2913355324485085 -0.0716101039539684
v 0.0287243617664684 0.2913804210316051 -0.0696721787886186
v 0.0275974412397905 0.2909342262961648 -0.0773246626420455
v 0.0276584035700018 0.2889943903142756 -0.0791713818636808
v 0.0282290718772195 0.2891797984730113 -0.0773246626420455
v 0.0504117341475053 0.1896241760253906 -0.0406142980402166
v 0.0239851379394531 0.1861659656871449 -0.1076912619850852
v 0.0184951608831232 0.2887107987837358 -0.0918865481289950
v 0.0126647255637429 0.2919006070223721 -0.0942656048861417
v 0.0121232604980469 0.2900368707830256 -0.0953060496937145
v 0.0191525823419744 0.2905368596857245 -0.0905573238026012
v 0.0039632034301758 0.2854625077681108 -0.0988659980080344
v 0.0036128685691140 0.2857006003639915 -0.0988659980080344
v 0.0046206248890270 0.2872885686700994 -0.0983831024169922
v -0.0015988818081942 0.1883892822265625 -0.1129648173939098
v -0.0021220155195756 0.1882723444158381 -0.1129648173939098
v -0.0012024758078835 0.2846909679066051 -0.0992298473011364
v 0.0016294583407315 0.1805370677601207 -0.1136094457452947
v 0.0016829646717418 0.1803286743164063 -0.1136094457452947
v -0.0004260808771307 0.1816671198064631 -0.1136094457452947
v -0.0003223141756925 0.1851306707208807 -0.1133942864157937
v -0.0005357776988636 0.1885235873135653 -0.1129648173939098
v 0.0000000000000000 0.1851408108797940 -0.1133942864157937
v 0.0077206975763494 0.1836407193270597 -0.1129648173939098
v 0.0074773372303356 0.1841183332963423 -0.1129648173939098
v 0.0151876657659357 0.1809631625088778 -0.1114705623279918
v 0.0144728885997425 0.1847101523659446 -0.1114705623279918
v 0.0147396018288352 -0.1328677645596591 -0.1114705623279918
v 0.0065746238014915 -0.1345222889293324 -0.1129648173939098
v 0.0039551821621982 -0.1323552911931818 -0.1133942864157937
v 0.0069031698053533 -0.1340987326882102 -0.1129648173939098
v 0.0084655033458363 -0.1301527266068892 -0.1129648173939098
v 0.0085159509832209 -0.1296190573952415 -0.1129648173939098
v 0.0148244823109020 0.3069732666015625 -0.0657924964211204
v 0.0131020424582741 0.3078508966619318 -0.0657924964211204
v 0.0132675899158825 0.3041412908380682 -0.0546688669378107
v 0.0179442284323952 0.3047057273171165 -0.0638660534945401
v 0.0165537435358221 0.3060921686345880 -0.0677304215864702
v 0.0095467203313654 0.3093894264914773 -0.0677304215864702
v 0.0095090415261009 0.3092734596946023 -0.0657924964211204
v 0.0147567749023438 0.3032605812766335 -0.0546688669378107
v 0.0142555375532670 0.3024707586115057 -0.0529672934792259
v 0.0109525923295455 0.2972661521218040 -0.0455160487781871
v 0.0267523678866300 0.2947148825905540 -0.0735365468805487
v 0.0181589404019442 0.3050012761896307 -0.0677304215864702
v 0.0264335250854492 0.2945395729758523 -0.0619586909901012
v 0.0250611738725142 0.2959119484641335 -0.0600779377330433
v 0.0260103607177734 0.2943069458007813 -0.0600779377330433
v 0.0240130823308771 0.2974541404030540 -0.0600779377330433
v 0.0257761036265980 0.2963656338778409 -0.0638660534945401
v 0.0293817866932262 0.2895543601296165 -0.0677304215864702
v 0.0292658303000710 0.2895166847922585 -0.0657924964211204
v 0.0254688956520774 0.2961706820401279 -0.0619586909901012
v 0.0270395417646928 0.2907133345170455 -0.0791713818636808
v 0.0248581556840376 0.2936735118519176 -0.0809767809781161
v -0.0060073262994940 -0.3009880204634233 -0.0670471711592241
v -0.0055676165494052 -0.3003828014026989 -0.0676660329645330
v -0.0047292085127397 -0.2966319968483665 -0.0696380268443715
v -0.0157913624156605 -0.1439123535156250 -0.1091502519087358
v -0.0200337808782404 -0.1436386663263494 -0.1076912619850852
v -0.0061912051114169 -0.3058766313032670 -0.0606895862926136
v -0.0064217515425249 -0.3063665494051847 -0.0588258535211737
v -0.0063189454512163 -0.3061480990323153 -0.0597662284157493
v -0.0056639480590820 -0.3070251464843750 -0.0540001470392401
v -0.0056863888827237 -0.3070818259499290 -0.0549691078879616
v -0.0028602392023260 -0.3077135398171165 -0.0530369221080433
v -0.0037960676713423 -0.3075043556906960 -0.0530369221080433
v -0.0028830406882546 -0.3078330577503551 -0.0540001470392401
v -0.0027246891368519 -0.3070029796253551 -0.0502195080843839
v -0.0074122411554510 -0.3062024480646307 -0.0540001470392401
v -0.0074416073885831 -0.3062558815696023 -0.0549691078879616
v -0.0065510212291371 -0.3066412630948153 -0.0540001470392401
v -0.0087232624400746 -0.3047261740944602 -0.0511428659612482
v -0.0088651795820756 -0.3049215143377131 -0.0520832408558239
v -0.0080815263227983 -0.3054541015625000 -0.0520832408558239
v -0.0096138485995206 -0.3043407925692472 -0.0520832408558239
v -0.0389126170765270 -0.1417267539284446 -0.0230193536931818
v -0.0461179559881037 -0.1378807484019886 -0.0313250142877752
v -0.0477395075017756 -0.1381900717995383 -0.0343277913873846
v -0.0092268267544833 -0.2985751620205966 -0.0445265336470170
v -0.0086292613636364 -0.2981959394975142 -0.0438619232177734
v -0.0056863888827237 -0.3070818259499290 -0.0559399864890359
v -0.0064992107044567 -0.3065311778675426 -0.0578721722689542
v -0.0073536196621982 -0.3060958307439631 -0.0578721722689542
v -0.0071496582031250 -0.3057248202237216 -0.0597662284157493
v -0.0019283710826527 -0.3079842862215909 -0.0569089473377575
v -0.0019131192294034 -0.3078635475852273 -0.0578721722689542
v -0.0071777309070934 -0.3025989324396307 -0.0649267474087802
v -0.0044933769919656 -0.3065488503196023 -0.0606895862926136
v -0.0043829345703125 -0.3062089399857955 -0.0615922858498313
v 0.0066932504827326 -0.2982567804509943 -0.0682367012717507
v 0.0076631684736772 -0.2982872702858665 -0.0676660329645330
v -0.0018600567904386 -0.3074435147372159 -0.0597662284157493
v 0.0009470263394442 -0.3077722445401279 -0.0520832408558239
v -0.0047733584317294 -0.3074105280095881 -0.0549691078879616
v -0.0038414903120561 -0.3076812744140625 -0.0549691078879616
v -0.0065510212291371 -0.3066412630948153 -0.0569089473377575
v -0.0009470263394442 -0.3077722445401279 -0.0520832408558239
v -0.0019131192294034 -0.3078635475852273 -0.0530369221080433
v 0.0089721124822443 -0.3050686922940341 -0.0530369221080433
v 0.0081790057095614 -0.3056076882102273 -0.0530369221080433
v 0.0090436380559748 -0.3051671530983665 -0.0540001470392401
v 0.0123682368885387 -0.2976165771484375 -0.0475875438343395
v -0.0017133123224432 -0.1290832796963778 -0.0045723724365234
v 0.0084655033458363 0.1810770763050426 -0.0052170007879084
v 0.0050422564419833 0.1809694879705256 -0.0047875282981179
v 0.0050927006114613 0.1806509815562855 -0.0047875282981179
v -0.0056020077792081 0.1941566883433949 -0.0067112593217330
v -0.0064793777465820 0.1937770080566406 -0.0067112593217330
v -0.0175254197554155 0.1927405894886364 -0.0090315662730824
v -0.0209081892533736 0.1932763671875000 -0.0104905561967330
v -0.0182903463190252 0.1916150318492543 -0.0090315662730824
v -0.0201413865522905 0.1879821638627486 -0.0090315662730824
v -0.0085159509832209 0.1805434070933949 -0.0052170007879084
v -0.0118752427534624 0.1807547551935369 -0.0058590836958452
v -0.0051230482621626 0.1803299505060369 -0.0047875282981179
v -0.0046446401422674 -0.1312688792835582 -0.0047875282981179
v -0.0016998013583097 0.1802223621715199 -0.0045723724365234
v -0.0050927006114613 0.1806509815562855 -0.0047875282981179
v -0.0017099311135032 0.1801152038574219 -0.0045723724365234
v -0.0184766110506925 0.1800076293945312 -0.0077701429887251
v -0.0216626115278764 0.1800076293945312 -0.0090315662730824
v -0.0200795190984553 0.1618258112127131 -0.0083758267489347
v -0.0107662825150923 -0.1341495028409091 -0.0058590836958452
v -0.0083816493641246 -0.1306821649724787 -0.0052170007879084
v -0.0116879619251598 -0.1313128800825639 -0.0058590836958452
v -0.0115249009565874 -0.1320423750443892 -0.0058590836958452
v -0.0133353666825728 -0.1364144620028409 -0.0067112593217330
v -0.0183309173583984 -0.1313990090110085 -0.0077701429887251
v -0.0214917928522283 -0.1317983176491477 -0.0090315662730824
v -0.0181493412364613 -0.1325454434481534 -0.0077701429887251
v -0.0074773372303356 -0.1331939835981889 -0.0052170007879084
v -0.0039551821621982 -0.1323552911931818 -0.0047875282981179
v -0.0062201343883168 -0.1349243718927557 -0.0052170007879084
v -0.0037419267134233 -0.1325971846147017 -0.0047875282981179
v -0.0005294418334961 -0.1307127380371094 -0.0045723724365234
v -0.0015862378207120 -0.1339652182839134 -0.0047875282981179
v -0.0012765676325018 -0.1340551896528764 -0.0047875282981179
v 0.0074773372303356 -0.1331939835981889 -0.0052170007879084
v 0.0044982389970259 -0.1315562022816051 -0.0047875282981179
v 0.0072044719349254 -0.1336553677645597 -0.0052170007879084
v 0.0048819420554421 -0.1306695140491832 -0.0047875282981179
v 0.0047727099331942 -0.1309729281338778 -0.0047875282981179
v -0.0076631684736772 -0.2982872702858665 -0.0432430614124645
v -0.0078748564286665 -0.2992342862215909 -0.0438619232177734
v -0.0072984522039240 -0.2987574629350142 -0.0432430614124645
v -0.0144728885997425 -0.1337858026677912 -0.0067112593217330
v -0.0178961355035955 -0.1336782282049006 -0.0077701429887251
v -0.0175723023848100 -0.1347928688742898 -0.0077701429887251
v -0.0083005489002575 -0.2972829090465199 -0.0432430614124645
v -0.0073344594782049 -0.2973742398348722 -0.0426723931052468
v -0.0007667645541104 -0.3049070323597301 -0.0459823469682173
v -0.0081540471857244 -0.1419320123845881 -0.0067112593217330
v -0.0063756526600231 -0.1391296941583807 -0.0058590836958452
v -0.0018600567904386 -0.3074435147372159 -0.0511428659612482
v 0.0025802577625621 -0.3062458385120739 -0.0484383288296786
v 0.0017258488048207 -0.3063811700994318 -0.0484383288296786
v 0.0017776593295011 -0.3067912708629261 -0.0493168085271662
v 0.0000000000000000 -0.3079839255593040 -0.0530369221080433
v 0.0009584496238015 -0.3079537963867188 -0.0530369221080433
v 0.0083005489002575 -0.2972829090465199 -0.0432430614124645
v 0.0277411755648526 -0.1421372847123580 -0.0139774253151634
v 0.0167181396484375 -0.1369502397017046 -0.0077701429887251
v 0.0007667645541104 -0.3049070323597301 -0.0459823469682173
v 0.0008025949651545 -0.3054765735973011 -0.0467678035389293
v 0.0016672273115678 -0.3059171364524148 -0.0475875438343395
v -0.0008352626453746 -0.3059957608309659 -0.0475875438343395
v 0.0098792995106090 -0.2998973777077415 -0.0459823469682173
v 0.0149478912353516 -0.1399435563520952 -0.0077701429887251
v 0.0142364744706587 -0.1408607066761364 -0.0077701429887251
v 0.0128487257523970 -0.1372373268821023 -0.0067112593217330
v 0.0085159509832209 0.1805434070933949 -0.0052170007879084
v 0.0085327876697887 0.1800076293945312 -0.0052170007879084
v 0.0050927006114613 -0.1297266318581321 -0.0047875282981179
v 0.0016829646717418 -0.1294043246182529 -0.0045723724365234
v 0.0050422564419833 -0.1300451382723722 -0.0047875282981179
v 0.0015013885498047 -0.1299086692116477 -0.0045723724365234
v 0.0014465956254439 -0.1300013178045099 -0.0045723724365234
v 0.0069031698053533 -0.1340987326882102 -0.0052170007879084
v 0.0096262671730735 -0.1360771734064276 -0.0058590836958452
v 0.0104172273115678 -0.1401765025745739 -0.0067112593217330
v 0.0073311788385565 -0.1424186429110440 -0.0067112593217330
v 0.0007471257990057 -0.1409585293856534 -0.0058590836958452
v 0.0050662266124379 -0.1398495622114702 -0.0058590836958452
v 0.0011728425459428 -0.1303322254527699 -0.0045723724365234
v 0.0010921062122692 -0.1304034146395597 -0.0045723724365234
v 0.0032720114968040 -0.1330384687943892 -0.0047875282981179
v -0.0050154460560192 -0.1359864529696378 -0.0052170007879084
v -0.0018896484375000 -0.1338559930974787 -0.0047875282981179
v -0.0036330829967152 -0.1368039772727273 -0.0052170007879084
v -0.0009618620439009 -0.1341255326704545 -0.0047875282981179
v -0.0006433556296609 -0.1341759837757457 -0.0047875282981179
v -0.0004260808771307 -0.1307427701083096 -0.0045723724365234
v -0.0003210414539684 -0.1307662409002131 -0.0045723724365234
v -0.0021220155195756 -0.1373479947176847 -0.0052170007879084
v -0.0029590918801048 -0.1406081875887784 -0.0058590836958452
v -0.0015988818081942 -0.1374649325284091 -0.0052170007879084
v 0.0021220155195756 -0.1373479947176847 -0.0052170007879084
v 0.0086737927523526 -0.1372285183993253 -0.0058590836958452
v 0.0081452352350408 -0.1377570689808239 -0.0058590836958452
v 0.0058410956642844 -0.1353034140846946 -0.0052170007879084
v -0.0006307116421786 -0.1306762695312500 -0.0045723724365234
v 0.0010070592706854 -0.1304693742231889 -0.0045723724365234
v 0.0030172070589933 -0.1332361117276278 -0.0047875282981179
v 0.0181493412364613 0.1834697931463068 -0.0077701429887251
v -0.0535793027010831 -0.1109014615145597 -0.0488701109452681
v -0.0535793027010831 0.1618258112127131 -0.0488701109452681
v -0.0544109587235884 0.1834308693625710 -0.0608042248812589
v -0.0545185366543857 0.1800076293945312 -0.0573775967684659
v -0.0544378211281516 -0.1109014615145597 -0.0556659733165394
v -0.0544378211281516 0.1618258112127131 -0.0556659733165394
v -0.0528057375821200 -0.1426414905894886 -0.0608042248812589
v -0.0084506572376598 -0.3006553511186080 -0.0452342744307085
v -0.0089322697032582 -0.3001090587269176 -0.0452342744307085
v -0.0089017902721058 -0.3010789905894886 -0.0459823469682173
v -0.0535528633811257 -0.1392990389737216 -0.0608042248812589
v -0.0533415152809837 -0.1392587141557173 -0.0642240905761719
v -0.0507340517911044 -0.1421095692027699 -0.0743086069280451
v -0.0540886445478959 -0.1359162625399503 -0.0608042248812589
v -0.0538751810247248 -0.1358892960981889 -0.0642240905761719
v -0.0525973372025923 0.1935123235529119 -0.0642240905761719
v -0.0528318058360707 -0.1109014615145597 -0.0726558130437678
v -0.0528318058360707 0.1618258112127131 -0.0726558130437678
v -0.0482171249389648 -0.1351745189319958 -0.0838540302623402
v -0.0468569183349609 -0.1320312638716264 -0.0868568038940430
v 0.0068939070268111 -0.2965095936168324 -0.0687569254094904
v 0.0196009167757901 -0.1383067737926136 -0.1091502519087358
v 0.0529196513782848 -0.1391782448508523 -0.0505581214211204
v 0.0535528633811257 -0.1392990389737216 -0.0573775967684659
v 0.0531267825039950 -0.1324257313121449 -0.0709896330399947
v 0.0409899278120561 -0.1424017056551846 -0.0925222015380859
v 0.0110252415050160 -0.2963019631125710 -0.0656748199462891
v 0.0436961607499556 -0.1403025401722301 -0.0897500020807440
v 0.0461179559881037 0.1888050981001420 -0.0868568038940430
v 0.0499605594981800 -0.1322265347567472 -0.0807535240866921
v 0.0518758080222390 0.1618258112127131 -0.0759463847767223
v 0.0541962224786932 -0.1324930087002841 -0.0642240905761719
v 0.0537675996260209 -0.1324660422585227 -0.0676237002286044
v 0.0443144017999822 0.1884610540216619 -0.0897500020807440
v 0.0274757593328303 0.2870622114701705 -0.0809767809781161
v 0.0269785829023881 0.2887734985351563 -0.0809767809781161
v 0.0281681095470082 0.2872399624911222 -0.0791713818636808
v 0.0197585990212180 0.2943630981445313 -0.0876456971602006
v 0.0188182241266424 0.2955754228071733 -0.0876456971602006
v 0.0196976366910067 0.2963029341264204 -0.0860747874866832
v 0.0454745552756570 0.1916835160688921 -0.0868568038940430
v 0.0257689146562056 0.2866239513050426 -0.0844353068958629
v 0.0266749746149237 0.2868566062233665 -0.0827337334372781
v 0.0396297212080522 0.1901828141645952 -0.0951624644886364
v 0.0272740832242099 0.1852104325727983 -0.1060404725508256
v -0.0477395075017756 -0.1381900717995383 -0.0838540302623402
v -0.0465793505581942 -0.1349676236239347 -0.0868568038940430
v -0.0484866367686879 -0.1415325372869318 -0.0807535240866921
v -0.0116569588401101 -0.2991281127929687 -0.0633215505426580
v -0.0107010061090643 -0.2986025723544034 -0.0649267474087802
v -0.0095762911709872 -0.2979842584783381 -0.0663825607299805
v -0.0380419436368075 -0.1441451471502131 -0.0951624644886364
v -0.0079356973821467 -0.3011702936345881 -0.0656748199462891
v -0.0084506572376598 -0.3006553511186080 -0.0656748199462891
v 0.0200337808782404 0.1945630160245028 -0.0104905561967330
v 0.0166913292624734 0.1938158902254972 -0.0090315662730824
v 0.0175254197554155 0.1927405894886364 -0.0090315662730824
v 0.0179121884432706 0.2898549305308949 -0.0455160487781871
v 0.0316097432916815 0.1973852261629972 -0.0181757632168857
v 0.0013860979947177 0.1810146817294034 -0.0045723724365234
v 0.0014465956254439 0.1809256675026633 -0.0045723724365234
v 0.0151876657659357 0.1809631625088778 -0.0067112593217330
v 0.0041107004339045 0.1874849631569602 -0.0052170007879084
v 0.0045720950039950 0.1872121082652699 -0.0052170007879084
v -0.0287492960149592 0.2873891934481534 -0.0773246626420455
v -0.0528120734474876 0.1866793407093395 -0.0709896330399947
v -0.0514518668434837 0.1898225957697088 -0.0743086069280451
v -0.0529196513782848 0.1901025945490057 -0.0676237002286044
v -0.0443144017999822 0.1884610540216619 -0.0897500020807440
v -0.0477985451438210 0.1618258112127131 -0.0853683853149414
v -0.0507150788740678 -0.1109014615145597 -0.0791704316572709
v -0.0519666255604137 -0.1356481933593750 -0.0438732147216797
v -0.0512194962935014 -0.1323057417436080 -0.0406142980402166
v -0.0533415152809837 0.1901830638538707 -0.0539577310735529
v -0.0206023684414950 0.1867017433860085 -0.0090315662730824
v -0.0209820383245295 0.1853948974609375 -0.0090315662730824
v -0.0178961355035955 0.1846025779030540 -0.0077701429887251
v -0.0216198626431552 0.1813678394664417 -0.0090315662730824
v -0.0180515358664773 0.1969591452858665 -0.0104905561967330
v -0.0268667671897195 0.1947777626731179 -0.0139774253151634
v -0.0251233326305043 0.1918297784978693 -0.0121413490988991
v -0.0277111053466797 -0.1308267211914063 -0.0121413490988991
v -0.0247142514315518 -0.1306381641734730 -0.0104905561967330
v -0.0401904262195934 0.1876743663441051 -0.0230193536931818
v -0.0423359541459517 0.1880836348100142 -0.0256596166437322
v -0.0405925195867365 0.1851356506347656 -0.0230193536931818
v -0.0384933506358754 -0.1315050714666193 -0.0205214483087713
v -0.0382653288407759 -0.1339173195578835 -0.0205214483087713
v -0.0335384819724343 0.1932864518599077 -0.0181757632168857
v -0.0343060857599432 0.1911543551358310 -0.0181757632168857
v -0.0224063387784091 0.1905512584339489 -0.0104905561967330
v -0.0230241636796431 0.1891235351562500 -0.0104905561967330
v -0.0213939874822443 0.1977062710848722 -0.0121413490988991
v -0.0190803077004173 0.1957922363281250 -0.0104905561967330
v -0.0083697405728427 0.2952321277965199 -0.0431369920210405
v -0.0224630806662820 0.1963280140269886 -0.0121413490988991
v -0.0038301745328036 0.3000861150568182 -0.0455160487781871
v -0.0050833546031605 0.2998059914328835 -0.0455160487781871
v -0.0035498254949396 0.2986164717240767 -0.0442783286354759
v -0.0148290772871538 0.1957989918101918 -0.0090315662730824
v -0.0258863275701349 0.1964355884898793 -0.0139774253151634
v -0.0093058430064808 0.2997835471413352 -0.0468452731045810
v -0.0111695792458274 0.3003250122070312 -0.0482607512040572
v -0.0105292198874734 0.2991602117365057 -0.0468452731045810
v -0.0370211306485263 0.1974284501509233 -0.0230193536931818
v -0.0366817335648970 0.1919262417879972 -0.0205214483087713
v -0.0389126170765270 0.1926511036265980 -0.0230193536931818
v -0.0373577291315252 0.1895994706587358 -0.0205214483087713
v -0.0451134837757457 0.1800076293945312 -0.0284318161010742
v -0.0451134837757457 -0.1290832796963778 -0.0284318161010742
v -0.0499605594981800 0.1831508844549006 -0.0374282975630327
v -0.0500593428178267 0.1800076293945312 -0.0374282975630327
v -0.0485044514049183 0.1830592762340199 -0.0343277913873846
v -0.0277658948031339 -0.1290832796963778 -0.0121413490988991
v -0.0465793505581942 -0.1349676236239347 -0.0313250142877752
v -0.0450244626131925 -0.1319159767844460 -0.0284318161010742
v -0.0401904262195934 -0.1367500166459517 -0.0230193536931818
v -0.0423359541459517 -0.1371592851118608 -0.0256596166437322
v -0.0126378943703391 0.3068645407936790 -0.0600779377330433
v -0.0142993164062500 0.3060179831764915 -0.0600779377330433
v -0.0140102490511808 0.3054921653053977 -0.0582312185114080
v -0.0089867574518377 0.3076660433682528 -0.0582312185114080
v -0.0087658726085316 0.3069862227006392 -0.0564258193969727
v -0.0232422984730114 0.2992353404651988 -0.0619586909901012
v -0.0179442284323952 0.3047057273171165 -0.0638660534945401
v -0.0161630526455966 0.3054765181107955 -0.0619586909901012
v -0.0211482862992720 0.3025282703746449 -0.0677304215864702
v -0.0224317585338246 0.3010724431818182 -0.0657924964211204
v -0.0210648241910067 0.3024393809925426 -0.0657924964211204
v -0.0225206375122070 0.3011559226296165 -0.0677304215864702
v -0.0029058803211559 0.3030100597034801 -0.0482607512040572
v -0.0027392855557528 0.3016913119229404 -0.0468452731045810
v -0.0085350591486151 0.3015647194602273 -0.0482607512040572
v -0.0080661322853782 0.2971490201083097 -0.0442783286354759
v -0.0098473080721768 0.2979198109019887 -0.0455160487781871
v -0.0091265314275568 0.2966087202592330 -0.0442783286354759
v -0.0098717984286222 0.3009862726384943 -0.0482607512040572
v 0.0018260574340820 0.3090320101651278 -0.0582312185114080
v 0.0017811757867987 0.3083186201615767 -0.0564258193969727
v 0.0036449120261452 0.3088600852272727 -0.0582312185114080
v -0.0035553221269087 0.3081509121981534 -0.0564258193969727
v -0.0049852336536754 0.3061411354758523 -0.0529672934792259
v -0.0068489664251154 0.3066826005415483 -0.0546688669378107
v -0.0066163323142312 0.3057765336470171 -0.0529672934792259
v -0.0107057120583274 0.3070471746271307 -0.0582312185114080
v 0.0070545751398260 0.3074833817915483 -0.0564258193969727
v -0.0018637327714400 0.3096308760209517 -0.0600779377330433
v 0.0000000000000000 0.3096894420276989 -0.0600779377330433
v 0.0156378798051314 0.3015313165838068 -0.0529672934792259
v 0.0000000000000000 0.3004481645063921 -0.0455160487781871
v -0.0014558133212003 0.3031471391157671 -0.0482607512040572
v -0.0013723512129350 0.3018205399946733 -0.0468452731045810
v 0.0000000000000000 0.3044305974786932 -0.0497568997469815
v 0.0000000000000000 0.3031928877397017 -0.0482607512040572
v -0.0060737436467951 0.3036633023348722 -0.0497568997469815
v -0.0040954104336825 0.3014765236594460 -0.0468452731045810
v 0.0015385228937322 0.2921863070401278 -0.0403343408757990
v 0.0037933314930309 0.2916822953657671 -0.0403343408757990
v 0.0032354320179332 0.2899652654474432 -0.0396195324984464
v 0.0157846034656871 0.1990879405628551 -0.0104905561967330
v 0.0138082677667791 0.1966989551890980 -0.0090315662730824
v 0.0169515193592418 0.1980591652610085 -0.0104905561967330
v 0.0093058430064808 0.2997835471413352 -0.0468452731045810
v 0.0105292198874734 0.2991602117365057 -0.0468452731045810
v -0.0541962224786932 0.1834173583984375 -0.0642240905761719
v -0.0538751810247248 0.1868136457963423 -0.0642240905761719
v -0.0276230551979759 0.2930060646750710 -0.0638660534945401
v -0.0235276447642933 0.2971014681729404 -0.0791713818636808
v -0.0250611738725142 0.2959119484641335 -0.0773246626420455
v -0.0240130823308771 0.2974541404030540 -0.0773246626420455
v -0.0507150788740678 0.1618258112127131 -0.0390113899924538
v -0.0382653288407759 0.1848416692560369 -0.0205214483087713
v -0.0384933506358754 0.1824294211647727 -0.0205214483087713
v -0.0360003766146573 0.1822725746848367 -0.0181757632168857
v -0.0222804884477095 0.2961953457919034 -0.0546688669378107
v -0.0232529588179155 0.2947644042968750 -0.0546688669378107
v -0.0461179559881037 0.1888050981001420 -0.0313250142877752
v -0.0477395075017756 0.1891144214976918 -0.0343277913873846
v -0.0488089509443803 0.1958666159889915 -0.0406142980402166
v -0.0496646083484996 0.1862817244096236 -0.0374282975630327
v -0.0470734856345437 0.1920940468528054 -0.0343277913873846
v -0.0477985451438210 -0.1109014615145597 -0.0328134363347834
v -0.0486003528941761 -0.1290832796963778 -0.0343277913873846
v -0.0194596273248846 0.3035302734375000 -0.0638660534945401
v -0.0192277006669478 0.3032499278675426 -0.0619586909901012
v -0.0244037524136630 0.2977379816228693 -0.0619586909901012
v -0.0117110443115234 0.2984612759676847 -0.0468452731045810
v -0.0128169354525479 0.3033215609463779 -0.0529672934792259
v -0.0263139690052379 0.2923900534889915 -0.0582312185114080
v -0.0256671905517578 0.2920856822620739 -0.0564258193969727
v -0.0269785829023881 0.2887734985351563 -0.0564258193969727
v -0.0272938364202326 0.2928511463512074 -0.0619586909901012
v -0.0136658859252930 0.3048657781427557 -0.0564258193969727
v -0.0254688956520774 0.2961706820401279 -0.0754439093849876
v -0.0264335250854492 0.2945395729758523 -0.0754439093849876
v -0.0257761036265980 0.2963656338778409 -0.0735365468805487
v -0.0159043051979759 0.3050688032670454 -0.0773246626420455
v -0.0174465248801491 0.3040207186612216 -0.0773246626420455
v -0.0161630526455966 0.3054765181107955 -0.0754439093849876
v -0.0206819568980824 0.2950339577414773 -0.0860747874866832
v -0.0164884151111950 0.3059892134232954 -0.0716101039539684
v -0.0165537435358221 0.3060921686345880 -0.0696721787886186
v 0.0111352365667170 0.2953339732776988 -0.0931242717396129
v 0.0101509163596413 0.2960029185901988 -0.0931242717396129
v 0.0120146525989879 0.2965443836558949 -0.0918865481289950
v 0.0113277504660866 0.3040803389115767 -0.0844353068958629
v 0.0101382238214666 0.3056138749556108 -0.0827337334372781
v 0.0117260464754972 0.3049267578125000 -0.0827337334372781
v -0.0093214035034180 0.3086959561434659 -0.0619586909901012
v -0.0111043652621183 0.3080540605024858 -0.0619586909901012
v 0.0018940561467951 0.3101128040660511 -0.0754439093849876
v 0.0000000000000000 0.3101723133433949 -0.0754439093849876
v 0.0019169027155096 0.3104759355024858 -0.0735365468805487
v -0.0057204784046520 0.3099954223632813 -0.0638660534945401
v -0.0075921388105913 0.3095770541104403 -0.0638660534945401
v -0.0075016541914506 0.3092246593128551 -0.0619586909901012
v -0.0051605189930309 0.3070600197531960 -0.0827337334372781
v -0.0070545751398260 0.3074833817915483 -0.0809767809781161
v -0.0053154373168945 0.3078721202503551 -0.0809767809781161
v 0.0268935775756836 0.1869127308238636 -0.0121413490988991
v 0.0191525823419744 0.2905368596857245 -0.0468452731045810
v 0.0180515358664773 0.1969591452858665 -0.0104905561967330
v 0.0157913624156605 0.1948367032137784 -0.0090315662730824
v 0.0235511224920099 0.1876598566228693 -0.0104905561967330
v 0.0206023684414950 0.1867017433860085 -0.0090315662730824
v -0.0001075779307972 -0.1307932073419744 -0.1136094457452947
v 0.0015988818081942 -0.1374649325284091 -0.1129648173939098
v 0.0021220155195756 -0.1373479947176847 -0.1129648173939098
v 0.0010921062122692 -0.1304034146395597 -0.1136094457452947
v 0.0035139014504173 -0.1328252064098011 -0.1133942864157937
v 0.0012489492242987 -0.1302561257102273 -0.1136094457452947
v 0.0037419267134233 -0.1325971846147017 -0.1133942864157937
v 0.0011728425459428 -0.1303322254527699 -0.1136094457452947
v 0.0054390022971413 -0.1356579034978693 -0.1129648173939098
v 0.0117254361239347 -0.1387834028764205 -0.1114705623279918
v 0.0091681220314719 -0.1366678133877841 -0.1123227310180664
v 0.0123113736239347 -0.1380280095880682 -0.1114705623279918
v 0.0110631491921165 -0.1334634954279119 -0.1123227310180664
v 0.0077206975763494 -0.1327163696289063 -0.1129648173939098
v 0.0079335854270241 -0.1322243985262784 -0.1129648173939098
v 0.0016294583407315 -0.1296127180619673 -0.1136094457452947
v 0.0009060322154652 0.2847572187943892 -0.0992298473011364
v 0.0012634381380948 0.2866308038884943 -0.0988659980080344
v -0.0123113736239347 0.1889523592862216 -0.1114705623279918
v -0.0128487257523970 0.1881616765802557 -0.1114705623279918
v -0.0072809427434748 0.2846282681551847 -0.0983831024169922
v 0.0085707022927024 -0.2967527077414773 -0.0676660329645330
v 0.0076122492009943 -0.2969045188210227 -0.0682367012717507
v 0.0078599999167702 -0.2964182628284801 -0.0682367012717507
v 0.0296958784623580 -0.1367078885165128 -0.1042043928666548
v 0.0103409784490412 -0.3002327936345880 -0.0641412908380682
v 0.0094091103293679 -0.3005035400390625 -0.0649267474087802
v 0.0098792995106090 -0.2998973777077415 -0.0649267474087802
v 0.0042675295743075 -0.3034982022372159 -0.0656748199462891
v 0.0046529215032404 -0.3026076160777699 -0.0663825607299805
v 0.0095025704123757 -0.2964819613370028 -0.0670471711592241
v 0.0092475787076083 -0.2970712280273438 -0.0670471711592241
v 0.0082683736627752 -0.2987269731001421 -0.0670471711592241
v 0.0074502563476562 -0.2997159090909091 -0.0670471711592241
v 0.0149478912353516 -0.1399435563520952 -0.1104116751930930
v 0.0047292085127397 -0.2966319968483665 -0.0696380268443715
v 0.0157913624156605 -0.1439123535156250 -0.1091502519087358
v 0.0156003189086914 -0.1389835427024148 -0.1104116751930930
v 0.0056020077792081 -0.1432323386452415 -0.1114705623279918
v 0.0050662266124379 -0.1398495622114702 -0.1123227310180664
v 0.0064793777465820 -0.1428526583584872 -0.1114705623279918
v 0.0041528285633434 -0.1321004832874645 -0.1133942864157937
v 0.0072044719349254 -0.1336553677645597 -0.1129648173939098
v 0.0035823163119229 -0.3037448952414773 -0.0656748199462891
v 0.0033769399469549 -0.3031127929687500 -0.0663825607299805
v 0.0040228687633168 -0.3028802490234375 -0.0663825607299805
v 0.0025828413529830 -0.2992431640625000 -0.0692246489091353
v 0.0022594521262429 -0.2984263749556108 -0.0696380268443715
v 0.0029873587868430 -0.2990681041370739 -0.0692246489091353
v 0.0022289692271839 -0.2974564430930398 -0.0699954327670011
v 0.0018358230590820 -0.2966209550337358 -0.0702954483032227
v 0.0018966640125621 -0.2985569901899858 -0.0696380268443715
v 0.0016177160089666 -0.2976984474875710 -0.0699954327670011
v -0.0046545895663175 -0.3000540993430398 -0.0682367012717507
v -0.0042153479836204 -0.2993619606711648 -0.0687569254094904
v -0.0036076701771129 -0.2976851862127131 -0.0696380268443715
v -0.0039123396439986 -0.2974488414417614 -0.0696380268443715
v -0.0033369376442649 -0.2967533180930398 -0.0699954327670011
v -0.0104172273115678 -0.1401765025745739 -0.1114705623279918
v -0.0086737927523526 -0.1372285183993253 -0.1123227310180664
v -0.0081452352350408 -0.1377570689808239 -0.1123227310180664
v -0.0110932228781960 -0.1395005104758523 -0.1114705623279918
v -0.0013323801214045 -0.2968202903053977 -0.0702954483032227
v -0.0015872331099077 -0.2967285433682528 -0.0702954483032227
v -0.0020771650834517 -0.2964979969371449 -0.0702954483032227
v -0.0044742168079723 -0.2969212202592330 -0.0696380268443715
v -0.0038161780617454 -0.2963032670454546 -0.0699954327670011
v -0.0049655359441584 -0.2963273204456676 -0.0696380268443715
v -0.0134688706831499 -0.1417313870516690 -0.1104116751930930
v -0.0066423277421431 -0.2969349809126420 -0.0687569254094904
v 0.0047025264393200 -0.1435561717640270 -0.1114705623279918
v 0.0010722697864879 -0.2968958629261363 -0.0702954483032227
v 0.0037844848632813 -0.1438228815252131 -0.1114705623279918
v 0.0001075779307972 -0.1307932073419744 -0.1136094457452947
v 0.0002147327769886 -0.1307830810546875 -0.1136094457452947
v -0.0018896484375000 -0.1338559930974787 -0.1133942864157937
v -0.0021855995871804 -0.1337279163707386 -0.1133942864157937
v -0.0007294914939187 -0.1306335310502486 -0.1136094457452947
v 0.0003223141756925 -0.1342063210227273 -0.1133942864157937
v 0.0000000000000000 -0.1342164611816406 -0.1133942864157937
v 0.0000000000000000 -0.1307965920188210 -0.1136094457452947
v 0.0057322519475763 -0.1395102067427202 -0.1123227310180664
v 0.0036330829967152 -0.1368039772727273 -0.1129648173939098
v 0.0041107004339045 -0.1365606134588068 -0.1129648173939098
v -0.0126481108231978 -0.1425521573153409 -0.1104116751930930
v -0.0028050717440518 -0.2971397261186079 -0.0699954327670011
v 0.0019072827425870 -0.1441809775612571 -0.1114705623279918
v 0.0043802087957209 -0.1401464288884943 -0.1123227310180664
v 0.0247364737770774 0.2898014970259233 -0.0844353068958629
v 0.0240726991133256 0.2913353659889915 -0.0844353068958629
v 0.0203212183172053 0.2880533669211648 -0.0905573238026012
v 0.0172585227272727 0.2909602217240767 -0.0918865481289950
v -0.0089867574518377 0.3076660433682528 -0.0791713818636808
v -0.0072323400324041 0.3081757424094460 -0.0791713818636808
v 0.0109266003695401 0.3076050636985085 -0.0773246626420455
v 0.0093214035034180 0.3086959561434659 -0.0754439093849876
v 0.0111043652621183 0.3080540605024858 -0.0754439093849876
v -0.0150976978648793 -0.1309905589710582 -0.1114705623279918
v -0.0141490554809570 0.1856096302379261 -0.1114705623279918
v -0.0167181396484375 0.1878745893998580 -0.1104116751930930
v -0.0137693821300160 0.1864870106090199 -0.1114705623279918
v -0.0072044719349254 0.1845797174627131 -0.1129648173939098
v -0.0100464213978161 0.1863832785866477 -0.1123227310180664
v -0.0110631491921165 0.1843878451260653 -0.1123227310180664
v -0.0091681220314719 0.1875921630859375 -0.1123227310180664
v -0.0096262671730735 0.1870015231045810 -0.1123227310180664
v -0.0054548853093928 0.2839708362926137 -0.0988659980080344
v -0.0069031698053533 0.1850230823863636 -0.1129648173939098
v -0.0065746238014915 0.1854466386274858 -0.1129648173939098
v -0.0147396018288352 0.1837921142578125 -0.1114705623279918
v -0.0142365542325107 0.2867068481445312 -0.0953060496937145
v -0.0249191180142489 0.2917336758700284 -0.0827337334372781
v -0.0233139211481268 0.2928245683149858 -0.0844353068958629
v -0.0175547825206410 0.3012277221679687 -0.0827337334372781
v -0.0180817794799805 0.3018647349964488 -0.0809767809781161
v -0.0166736810857599 0.3029569868607955 -0.0809767809781161
v -0.0075799144398082 0.2937954434481534 -0.0953060496937145
v -0.0083697405728427 0.2952321277965199 -0.0942656048861417
v -0.0066992118141868 0.2942441905628551 -0.0953060496937145
v 0.0091265314275568 0.2966087202592330 -0.0931242717396129
v 0.0098473080721768 0.2979198109019887 -0.0918865481289950
v -0.0218571160056374 0.2980894054066051 -0.0809767809781161
v -0.0224078854647550 0.2985450605912642 -0.0791713818636808
v -0.0206786242398349 0.2994261585582386 -0.0809767809781161
v -0.0040954104336825 0.3014765236594460 -0.0905573238026012
v 0.0062201343883168 0.1858487215909091 -0.1129648173939098
v 0.0081452352350408 0.1886814186789773 -0.1123227310180664
v 0.0030821019952947 0.2837332430752841 -0.0992298473011364
v 0.0065775299072266 0.2903721479936079 -0.0970682594992898
v 0.0059137552434748 0.2907647150213068 -0.0970682594992898
v 0.0067601741443981 0.2923043545809659 -0.0962415001609109
v 0.0075567072088068 0.2841619595614346 -0.0983831024169922
v 0.0108121733231978 0.2889522483132102 -0.0962415001609109
v 0.0050927006114613 0.1806509815562855 -0.1133942864157937
v 0.0072809427434748 0.2846282681551847 -0.0983831024169922
v -0.0008253929831765 -0.1305846613103693 -0.1136094457452947
v -0.0009180381081321 -0.1305298683860085 -0.1136094457452947
v -0.0141490554809570 -0.1346852805397727 -0.1114705623279918
v -0.0081151615489613 -0.1317200539328835 -0.1129648173939098
v -0.0171791180697354 -0.1358849681507457 -0.1104116751930930
v -0.0175723023848100 -0.1347928688742898 -0.1104116751930930
v -0.0401904262195934 -0.1367500166459517 -0.0951624644886364
v -0.0349382990056818 -0.1380539079145952 -0.1000060549649325
v -0.0373577291315252 -0.1386751209605824 -0.0976603698730469
v -0.0245678502863104 -0.1321869173916903 -0.1076912619850852
v -0.0214917928522283 -0.1317983176491477 -0.1091502519087358
v -0.0272740832242099 -0.1342860828746449 -0.1060404725508256
v -0.0197983689741655 0.2850909701260653 -0.0918865481289950
v -0.0053687008944425 0.2965307894620028 -0.0942656048861417
v -0.0058541384610263 0.2980248191139915 -0.0931242717396129
v -0.0047112794355913 0.2983568503639915 -0.0931242717396129
v -0.0051952674172141 0.2843055308948864 -0.0988659980080344
v -0.0062861598621715 0.2859107277610085 -0.0983831024169922
v -0.0049151472611861 0.2846232743696733 -0.0988659980080344
v -0.0331676760586825 0.1841976789994673 -0.1021902708573775
v -0.0207863166115501 0.2867615023526278 -0.0905573238026012
v -0.0196009167757901 0.1892311234907670 -0.1091502519087358
v -0.0235511224920099 0.1876598566228693 -0.1076912619850852
v -0.0264069331776012 0.1885877574573864 -0.1060404725508256
v -0.0239851379394531 0.1861659656871449 -0.1076912619850852
v -0.0272740832242099 0.1852104325727983 -0.1060404725508256
v -0.0094108477505771 0.3037767167524858 -0.0860747874866832
v -0.0108847531405362 0.3031388993696733 -0.0860747874866832
v -0.0097938606955788 0.3047440962357955 -0.0844353068958629
v -0.0103645290027965 0.2865851662375710 -0.0970682594992898
v -0.0468569183349609 0.1829556135697798 -0.0868568038940430
v -0.0485044514049183 0.1830592762340199 -0.0838540302623402
v -0.0482171249389648 0.1860988686301492 -0.0838540302623402
v -0.0396297212080522 0.1901828141645952 -0.0951624644886364
v -0.0417453176325018 0.1907259993119673 -0.0925222015380859
v -0.0241336614435369 0.2932752297141335 -0.0827337334372781
v -0.0232529588179155 0.2947644042968750 -0.0827337334372781
v -0.0215571004694158 0.2885426746715199 -0.0891418457031250
v -0.0209786397760565 0.2898794278231534 -0.0891418457031250
v 0.0347685796564276 0.1618258112127131 -0.0170629189231179
v 0.0275469519875266 -0.1325632684881037 -0.0121413490988991
v 0.0102118786898526 0.2940630826083097 -0.0431369920210405
v 0.0100292309847745 0.2921308760209517 -0.0420965472134677
v 0.0110742742365057 0.2933941372958097 -0.0431369920210405
v -0.0032354320179332 0.2899652654474432 -0.0396195324984464
v -0.0057095857100053 0.1975799283114347 -0.0077701429887251
v -0.0032554661143910 0.2970733920010654 -0.0431369920210405
v -0.0039128875732422 0.2952473310990767 -0.0420965472134677
v -0.0029482581398704 0.2954629516601562 -0.0420965472134677
v -0.0092482168024237 0.2927367054332387 -0.0420965472134677
v -0.0100292309847745 0.2921308760209517 -0.0420965472134677
v -0.0082480551979759 0.2913601129705256 -0.0411611002141779
v -0.0013201280073686 0.1810997425426136 -0.0045723724365234
v -0.0039551821621982 0.1832796408913352 -0.0047875282981179
v -0.0013860979947177 0.1810146817294034 -0.0045723724365234
v 0.0023157327825373 0.1983385398171165 -0.0077701429887251
v 0.0011601534756747 0.1984477788751776 -0.0077701429887251
v 0.0019072827425870 0.1951053272594105 -0.0067112593217330
v -0.0045949450406161 0.1979037614302202 -0.0077701429887251
v -0.0037844848632813 0.1947472312233665 -0.0067112593217330
v -0.0017587280273438 0.2939294156161222 -0.0411611002141779
v -0.0015385228937322 0.2921863070401278 -0.0403343408757990
v 0.0149481478604403 -0.1319347867098722 -0.0067112593217330
v 0.0331676760586825 -0.1332733293013139 -0.0159915438565341
v 0.0245678502863104 -0.1321869173916903 -0.0104905561967330
v 0.0243244934082031 -0.1337234219637784 -0.0104905561967330
v 0.0151876657659357 -0.1300388128107244 -0.0067112593217330
v 0.0230241636796431 0.1891235351562500 -0.0104905561967330
v 0.0243314361572266 0.1933839555220170 -0.0121413490988991
v 0.0212789050015536 -0.1331424505060369 -0.0090315662730824
v 0.0347685796564276 -0.1109014615145597 -0.0170629189231179
v 0.0535793027010831 -0.1109014615145597 -0.0693117107044567
v 0.0535793027010831 0.1618258112127131 -0.0693117107044567
v 0.0532318219271573 -0.1290832796963778 -0.0709896330399947
v 0.0477395075017756 0.1891144214976918 -0.0343277913873846
v 0.0537675996260209 0.1833903919566761 -0.0676237002286044
v 0.0533415152809837 0.1901830638538707 -0.0539577310735529
v 0.0278432603315874 0.2931096579811790 -0.0716101039539684
v 0.0279535813765092 0.2931615933504972 -0.0696721787886186
v 0.0286110028353604 0.2913355324485085 -0.0657924964211204
v 0.0244037524136630 0.2977379816228693 -0.0754439093849876
v 0.0228702233054421 0.2989275290749290 -0.0773246626420455
v 0.0232422984730114 0.2992353404651988 -0.0754439093849876
v 0.0290343718095259 0.2894414728338068 -0.0735365468805487
v 0.0292658303000710 0.2895166847922585 -0.0716101039539684
v 0.0111071846701882 0.2852342640269886 -0.0970682594992898
v 0.0126969250765714 0.2859823608398437 -0.0962415001609109
v 0.0118479746038263 0.2875265780362216 -0.0962415001609109
v 0.0113524766401811 0.2882556984641335 -0.0962415001609109
v 0.0127290760387074 0.2892558427290483 -0.0953060496937145
v 0.0049852336536754 0.3061411354758523 -0.0844353068958629
v 0.0034517010775479 0.3073306551846591 -0.0827337334372781
v 0.0051605189930309 0.3070600197531960 -0.0827337334372781
v 0.0233139211481268 0.2928245683149858 -0.0844353068958629
v 0.0224021738225763 0.2923233309659091 -0.0860747874866832
v 0.0030172070589933 0.1841604614257812 -0.1133942864157937
v 0.0050154460560192 0.1869108026677912 -0.1129648173939098
v 0.0017099311135032 0.1801152038574219 -0.1136094457452947
v 0.0016998013583097 0.1802223621715199 -0.1136094457452947
v -0.0027504938299006 0.1843417080965909 -0.1133942864157937
v -0.0045720950039950 0.1872121082652699 -0.1129648173939098
v -0.0024729260531339 0.1845058649236506 -0.1133942864157937
v -0.0005294418334961 0.1816370877352628 -0.1136094457452947
v -0.0015862378207120 0.1848895679820668 -0.1133942864157937
v -0.0012765676325018 0.1849795393510298 -0.1133942864157937
v 0.0021855995871804 0.1846522660688920 -0.1133942864157937
v 0.0007294914939187 0.1815578807484020 -0.1136094457452947
v 0.0018896484375000 0.1847803427956321 -0.1133942864157937
v 0.0006307116421786 0.1816006192294034 -0.1136094457452947
v 0.0005294418334961 0.1816370877352628 -0.1136094457452947
v 0.0183309173583984 0.1823233587091619 -0.1104116751930930
v 0.0137693821300160 0.1864870106090199 -0.1114705623279918
v 0.0183309173583984 -0.1313990090110085 -0.1104116751930930
v 0.0091721794821999 0.3082366943359375 -0.0600779377330433
v 0.0107057120583274 0.3070471746271307 -0.0582312185114080
v 0.0155827886408026 0.3045621837269176 -0.0582312185114080
v 0.0235226509787820 0.2994672463156960 -0.0735365468805487
v 0.0222543508356268 0.3009058449485085 -0.0735365468805487
v 0.0224317585338246 0.3010724431818182 -0.0716101039539684
v 0.0111043652621183 0.3080540605024858 -0.0619586909901012
v 0.0104425742409446 0.3063825572620739 -0.0564258193969727
v 0.0017292612249201 0.3074934803355824 -0.0546688669378107
v 0.0034517010775479 0.3073306551846591 -0.0546688669378107
v 0.0058541384610263 0.2980248191139915 -0.0442783286354759
v 0.0047112794355913 0.2983568503639915 -0.0442783286354759
v 0.0053687008944425 0.2965307894620028 -0.0431369920210405
v 0.0069738977605646 0.2976216819069602 -0.0442783286354759
v 0.0206491574374112 0.3019967373934659 -0.0754439093849876
v 0.0192277006669478 0.3032499278675426 -0.0754439093849876
v 0.0194596273248846 0.3035302734375000 -0.0735365468805487
v 0.0270724764737216 0.2948908580433239 -0.0677304215864702
v 0.0270724764737216 0.2948908580433239 -0.0696721787886186
v 0.0269656337391246 0.2948321255770597 -0.0716101039539684
v 0.0180872761119496 0.3049026211825284 -0.0716101039539684
v 0.0164884151111950 0.3059892134232954 -0.0716101039539684
v 0.0165537435358221 0.3060921686345880 -0.0696721787886186
v 0.0131020424582741 0.3078508966619318 -0.0716101039539684
v 0.0113278961181641 0.3086186356977983 -0.0716101039539684
v 0.0131539535522461 0.3079612038352273 -0.0696721787886186
v 0.0278432603315874 0.2931096579811790 -0.0657924964211204
v 0.0267523678866300 0.2947148825905540 -0.0638660534945401
v 0.0249936398592862 0.2981665593927557 -0.0677304215864702
v 0.0238041097467596 0.2997000954367898 -0.0677304215864702
v 0.0210648241910067 0.3024393809925426 -0.0716101039539684
v 0.0196147537231445 0.3037177900834517 -0.0716101039539684
v 0.0240130823308771 0.2974541404030540 -0.0773246626420455
v -0.0054762961647727 -0.3013489046963778 -0.0670471711592241
v -0.0050754581798207 -0.3007172740589489 -0.0676660329645330
v 0.0043515777587891 -0.3019672185724432 -0.0670471711592241
v 0.0049236540360884 -0.3016757479580966 -0.0670471711592241
v -0.0078189399025657 -0.3034815007990057 -0.0633215505426580
v -0.0042551942305131 -0.3058157903497870 -0.0624707655473189
v -0.0041106588190252 -0.3053709550337358 -0.0633215505426580
v -0.0046607000177557 -0.3070638205788352 -0.0588258535211737
v -0.0027809073708274 -0.3072976684570313 -0.0597662284157493
v -0.0028944639726119 -0.3078929554332386 -0.0549691078879616
v -0.0077913943204013 -0.3049969204989347 -0.0502195080843839
v -0.0079521525989879 -0.3052502163973722 -0.0511428659612482
v -0.0046607000177557 -0.3070638205788352 -0.0520832408558239
v -0.0033081644231623 -0.3056041093306108 -0.0475875438343395
v -0.0041106588190252 -0.3053709550337358 -0.0475875438343395
v -0.0034244814786044 -0.3060571289062500 -0.0484383288296786
v -0.0052212871204723 -0.3059071211381392 -0.0493168085271662
v -0.0072659752585671 -0.3059364180131392 -0.0520832408558239
v -0.0064217515425249 -0.3063665494051847 -0.0520832408558239
v -0.0082442058216442 -0.3057104214754972 -0.0569089473377575
v -0.0090794684670188 -0.3052164528586648 -0.0559399864890359
v -0.0090436380559748 -0.3051671530983665 -0.0569089473377575
v -0.0089721124822443 -0.3050686922940341 -0.0530369221080433
v -0.0081790057095614 -0.3056076882102273 -0.0530369221080433
v -0.0105741431496360 -0.3039799638227983 -0.0549691078879616
v -0.0098462364890359 -0.3046216930042613 -0.0549691078879616
v -0.0097879756580700 -0.2989312744140625 -0.0452342744307085
v -0.0103104990178888 -0.2992628895152699 -0.0459823469682173
v -0.0093786308982156 -0.2995336081764915 -0.0452342744307085
v -0.0079976411299272 -0.2977951049804687 -0.0432430614124645
v -0.0360715553977273 0.1800076293945312 -0.0181757632168857
v -0.0107785485007546 -0.2969871659712358 -0.0452342744307085
v -0.0104893181540749 -0.2976555564186790 -0.0452342744307085
v -0.0072659752585671 -0.3059364180131392 -0.0588258535211737
v -0.0080815263227983 -0.3054541015625000 -0.0588258535211737
v -0.0038263286243786 -0.3076222090287642 -0.0540001470392401
v -0.0074122411554510 -0.3062024480646307 -0.0569089473377575
v -0.0017258488048207 -0.3063811700994318 -0.0624707655473189
v -0.0016672273115678 -0.3059171364524148 -0.0633215505426580
v -0.0054423765702681 -0.3042852783203125 -0.0641412908380682
v -0.0051993976939808 -0.3037689208984375 -0.0649267474087802
v -0.0070051227916371 -0.3054619251598011 -0.0606895862926136
v 0.0046241066672585 -0.2990841674804687 -0.0687569254094904
v 0.0079661768132990 -0.3002003895152699 -0.0663825607299805
v 0.0043829345703125 -0.3062089399857955 -0.0615922858498313
v 0.0042551942305131 -0.3058157903497870 -0.0624707655473189
v 0.0050691119107333 -0.3055227661132813 -0.0624707655473189
v 0.0000000000000000 -0.3081056074662642 -0.0569089473377575
v -0.0009660894220526 -0.3080752286044034 -0.0569089473377575
v -0.0038414903120561 -0.3076812744140625 -0.0559399864890359
v -0.0047733584317294 -0.3074105280095881 -0.0559399864890359
v 0.0054632984508168 -0.3065183604847301 -0.0597662284157493
v 0.0063189454512163 -0.3061480990323153 -0.0597662284157493
v 0.0123682368885387 -0.2976165771484375 -0.0633215505426580
v 0.0101606091586026 -0.2967425259676846 -0.0663825607299805
v 0.0358609771728516 -0.1432816384055398 -0.0976603698730469
v 0.0107010061090643 -0.2986025723544034 -0.0459823469682173
v 0.0103104990178888 -0.2992628895152699 -0.0459823469682173
v 0.0112010851773349 -0.2988774802468040 -0.0467678035389293
v -0.0050422564419833 -0.1300451382723722 -0.0047875282981179
v -0.0082647150213068 -0.1312052917480469 -0.0052170007879084
v -0.0049719099564986 -0.1303598438609730 -0.0047875282981179
v -0.0006433556296609 0.1851003334738991 -0.0047875282981179
v -0.0009618620439009 0.1850498823686079 -0.0047875282981179
v -0.0003210414539684 0.1816905905983665 -0.0045723724365234
v 0.0017099311135032 0.1801152038574219 -0.0045723724365234
v -0.0004260808771307 0.1816671198064631 -0.0045723724365234
v -0.0005294418334961 0.1816370877352628 -0.0045723724365234
v -0.0021220155195756 0.1882723444158381 -0.0052170007879084
v -0.0036769069324840 0.1913239912553267 -0.0058590836958452
v -0.0026367742365057 0.1881227944113991 -0.0052170007879084
v -0.0091681220314719 0.1875921630859375 -0.0058590836958452
v -0.0123113736239347 0.1889523592862216 -0.0067112593217330
v -0.0096262671730735 0.1870015231045810 -0.0058590836958452
v -0.0128487257523970 0.1881616765802557 -0.0067112593217330
v -0.0133353666825728 0.1873388117009943 -0.0067112593217330
v -0.0141490554809570 0.1856096302379261 -0.0067112593217330
v -0.0175723023848100 0.1857172185724432 -0.0077701429887251
v -0.0144728885997425 0.1847101523659446 -0.0067112593217330
v -0.0057322519475763 0.1904345564408736 -0.0058590836958452
v -0.0081540471857244 0.1928563620827415 -0.0067112593217330
v -0.0063756526600231 0.1900540438565341 -0.0058590836958452
v -0.0016294583407315 0.1805370677601207 -0.0045723724365234
v -0.0049719099564986 0.1812841935591264 -0.0047875282981179
v -0.0016594869440252 0.1804337102716619 -0.0045723724365234
v -0.0113163549249822 0.1836845397949219 -0.0058590836958452
v -0.0051230482621626 -0.1294056008078835 -0.0047875282981179
v -0.0149481478604403 -0.1319347867098722 -0.0067112593217330
v -0.0216626115278764 -0.1290832796963778 -0.0090315662730824
v -0.0184401529485529 -0.1302434331720526 -0.0077701429887251
v -0.0277411755648526 -0.1421372847123580 -0.0139774253151634
v -0.0405925195867365 -0.1342113009366122 -0.0230193536931818
v -0.0088070262562145 -0.2962065818093040 -0.0432430614124645
v -0.0196009167757901 -0.1383067737926136 -0.0090315662730824
v -0.0224063387784091 -0.1396269087357954 -0.0104905561967330
v -0.0354326282848011 -0.1358424100008878 -0.0181757632168857
v -0.0378862866488370 -0.1363104802911932 -0.0205214483087713
v -0.0373577291315252 -0.1386751209605824 -0.0205214483087713
v -0.0041528285633434 -0.1321004832874645 -0.0047875282981179
v -0.0147396018288352 -0.1328677645596591 -0.0067112593217330
v -0.0113163549249822 -0.1327601900967685 -0.0058590836958452
v -0.0151876657659357 -0.1300388128107244 -0.0067112593217330
v -0.0035139014504173 -0.1328252064098011 -0.0047875282981179
v -0.0086737927523526 -0.1372285183993253 -0.0058590836958452
v -0.0048819420554421 -0.1306695140491832 -0.0047875282981179
v -0.0081151615489613 -0.1317200539328835 -0.0052170007879084
v -0.0026367742365057 -0.1371984447132457 -0.0052170007879084
v -0.0044982389970259 -0.1315562022816051 -0.0047875282981179
v 0.0012489492242987 -0.1302561257102273 -0.0045723724365234
v 0.0035139014504173 -0.1328252064098011 -0.0047875282981179
v 0.0015862378207120 -0.1339652182839134 -0.0047875282981179
v 0.0005294418334961 -0.1307127380371094 -0.0045723724365234
v -0.0085707022927024 -0.2967527077414773 -0.0432430614124645
v -0.0092475787076083 -0.2970712280273438 -0.0438619232177734
v -0.0156003189086914 -0.1389835427024148 -0.0077701429887251
v 0.0039499005404386 -0.3048761818625710 -0.0467678035389293
v -0.0031411257657138 -0.1370168651234020 -0.0052170007879084
v -0.0073311788385565 -0.1424186429110440 -0.0067112593217330
v 0.0023951339721680 -0.3052753795276988 -0.0467678035389293
v 0.0024926168268377 -0.3057863825017756 -0.0475875438343395
v 0.0035272875699130 -0.3064575195312500 -0.0493168085271662
v 0.0026577169244940 -0.3066518887606534 -0.0493168085271662
v 0.0019283710826527 -0.3079842862215909 -0.0540001470392401
v 0.0009660894220526 -0.3080752286044034 -0.0540001470392401
v 0.0065510212291371 -0.3066412630948153 -0.0540001470392401
v 0.0056639480590820 -0.3070251464843750 -0.0540001470392401
v 0.0065769750421697 -0.3066964444247159 -0.0549691078879616
v 0.0079976411299272 -0.2977951049804687 -0.0432430614124645
v 0.0076631684736772 -0.2982872702858665 -0.0432430614124645
v 0.0082683736627752 -0.2987269731001421 -0.0438619232177734
v 0.0073344594782049 -0.2973742398348722 -0.0426723931052468
v -0.0047054221413352 -0.3046041870117188 -0.0467678035389293
v -0.0054423765702681 -0.3042852783203125 -0.0467678035389293
v -0.0031787906993519 -0.3051002363725142 -0.0467678035389293
v 0.0000000000000000 -0.3049311135031960 -0.0459823469682173
v 0.0000000000000000 -0.3069031316583807 -0.0493168085271662
v 0.0008905861594460 -0.3068751387162642 -0.0493168085271662
v 0.0068329412286932 -0.3051487315784801 -0.0493168085271662
v 0.0070051227916371 -0.3054619251598011 -0.0502195080843839
v 0.0107923264936967 -0.2995686756480824 -0.0467678035389293
v 0.0101586948741566 -0.2983044433593750 -0.0452342744307085
v 0.0147396018288352 -0.1328677645596591 -0.0067112593217330
v 0.0144728885997425 -0.1337858026677912 -0.0067112593217330
v 0.0051230482621626 -0.1294056008078835 -0.0047875282981179
v 0.0110631491921165 -0.1334634954279119 -0.0058590836958452
v 0.0107662825150923 -0.1341495028409091 -0.0058590836958452
v 0.0141490554809570 -0.1346852805397727 -0.0067112593217330
v 0.0077206975763494 -0.1327163696289063 -0.0052170007879084
v 0.0041528285633434 -0.1321004832874645 -0.0047875282981179
v 0.0013860979947177 -0.1300903320312500 -0.0045723724365234
v 0.0104269270463423 -0.1348155351118608 -0.0058590836958452
v 0.0137693821300160 -0.1355626609108665 -0.0067112593217330
v 0.0031411257657138 -0.1370168651234020 -0.0052170007879084
v -0.0024729260531339 -0.1335815152254972 -0.0047875282981179
v -0.0041107004339045 -0.1365606134588068 -0.0052170007879084
v -0.0008253929831765 -0.1305846613103693 -0.0045723724365234
v -0.0021855995871804 -0.1337279163707386 -0.0047875282981179
v 0.0133353666825728 -0.1364144620028409 -0.0067112593217330
v -0.0002147327769886 -0.1307830810546875 -0.0045723724365234
v 0.0021855995871804 -0.1337279163707386 -0.0047875282981179
v 0.0018896484375000 -0.1338559930974787 -0.0047875282981179
v 0.0027504938299006 -0.1334173583984375 -0.0047875282981179
v 0.0089011764526367 0.1961988136985085 -0.0077701429887251
v 0.0073311788385565 0.1933429926091974 -0.0067112593217330
v 0.0209820383245295 0.1853948974609375 -0.0090315662730824
v 0.0183309173583984 0.1823233587091619 -0.0077701429887251
v 0.0201413865522905 0.1879821638627486 -0.0090315662730824
v -0.0102496545965021 -0.3011988969282671 -0.0633215505426580
v -0.0541153439608487 0.1618258112127131 -0.0522545519742099
v -0.0541153439608487 -0.1109014615145597 -0.0522545519742099
v -0.0529196513782848 -0.1391782448508523 -0.0676237002286044
v -0.0534490966796875 0.1867598238858310 -0.0676237002286044
v -0.0535793027010831 -0.1109014615145597 -0.0693117107044567
v -0.0535793027010831 0.1618258112127131 -0.0693117107044567
v 0.0167181396484375 -0.1369502397017046 -0.1104116751930930
v 0.0073311788385565 -0.1424186429110440 -0.1114705623279918
v 0.0171791180697354 -0.1358849681507457 -0.1104116751930930
v 0.0366817335648970 -0.1410018920898438 -0.0976603698730469
v 0.0417453176325018 -0.1398016496138139 -0.0925222015380859
v 0.0477985451438210 -0.1109014615145597 -0.0853683853149414
v 0.0249191180142489 0.2917336758700284 -0.0827337334372781
v 0.0278645012595437 0.2853230701793324 -0.0809767809781161
v 0.0253026234019886 0.2882289539683949 -0.0844353068958629
v 0.0427595103870739 0.1854094071821733 -0.0925222015380859
v -0.0112315680763938 -0.2998474121093750 -0.0633215505426580
v -0.0101606091586026 -0.2967425259676846 -0.0663825607299805
v -0.0094091103293679 -0.3005035400390625 -0.0649267474087802
v -0.0088409458507191 -0.2991429554332387 -0.0663825607299805
v -0.0098488166115501 -0.3008672818270597 -0.0641412908380682
v 0.0127329635620117 0.1975330422141335 -0.0090315662730824
v 0.0108602801236239 0.1949555275656960 -0.0077701429887251
v 0.0147396018288352 0.1837921142578125 -0.0067112593217330
v 0.0000000000000000 0.1817209417169744 -0.0045723724365234
v 0.0001075779307972 0.1817175570401278 -0.0045723724365234
v 0.0137693821300160 0.1864870106090199 -0.0067112593217330
v 0.0104269270463423 0.1857398848100142 -0.0058590836958452
v 0.0107662825150923 0.1850738525390625 -0.0058590836958452
v 0.0051230482621626 0.1803299505060369 -0.0047875282981179
v 0.0068016919222745 0.1971867509321733 -0.0077701429887251
v 0.0006574214588512 0.2904570423473011 -0.0396195324984464
v 0.0037844848632813 0.1947472312233665 -0.0067112593217330
v 0.0047025264393200 0.1944805214621804 -0.0067112593217330
v -0.0260103607177734 0.2943069458007813 -0.0773246626420455
v -0.0276230551979759 0.2930060646750710 -0.0735365468805487
v -0.0286110028353604 0.2913355324485085 -0.0716101039539684
v -0.0278432603315874 0.2931096579811790 -0.0716101039539684
v -0.0504117341475053 0.1896241760253906 -0.0775675236095082
v -0.0285666483098810 0.2854570146040483 -0.0791713818636808
v -0.0531267825039950 0.1833500810102983 -0.0709896330399947
v -0.0290343718095259 0.2894414728338068 -0.0735365468805487
v -0.0291560571843928 0.2855694302645597 -0.0773246626420455
v -0.0238041097467596 0.2997000954367898 -0.0677304215864702
v -0.0249936398592862 0.2981665593927557 -0.0677304215864702
v -0.0283847253972834 0.2912459217418324 -0.0735365468805487
v -0.0331676760586825 0.1841976789994673 -0.0159915438565341
v -0.0304173348166726 0.1838502363725142 -0.0139774253151634
v -0.0200795190984553 -0.1109014615145597 -0.0083758267489347
v -0.0168554722179066 0.1618258112127131 -0.0072151045365767
v -0.0116879619251598 0.1822372297807173 -0.0058590836958452
v -0.0118048962679776 0.1814989402077415 -0.0058590836958452
v -0.0083816493641246 0.1816065146706321 -0.0052170007879084
v -0.0302495366876776 0.1942419849742543 -0.0159915438565341
v -0.0277411755648526 0.1930616344105114 -0.0139774253151634
v -0.0373389296098189 -0.1109014615145597 -0.0193289878151634
v -0.0385694607821378 -0.1290832796963778 -0.0205214483087713
v -0.0360715553977273 -0.1290832796963778 -0.0181757632168857
v -0.0378862866488370 0.1872348299893466 -0.0205214483087713
v -0.0354326282848011 0.1867667596990412 -0.0181757632168857
v -0.0117254361239347 0.1897077525745739 -0.0067112593217330
v -0.0104269270463423 0.1857398848100142 -0.0058590836958452
v -0.0026294153386896 0.2937915039062500 -0.0411611002141779
v -0.0034897232055664 0.2935992154208096 -0.0411611002141779
v -0.0102118786898526 0.2940630826083097 -0.0431369920210405
v -0.0111352365667170 0.2953339732776988 -0.0442783286354759
v -0.0110742742365057 0.2933941372958097 -0.0431369920210405
v -0.0197759246826172 0.2893134654651989 -0.0468452731045810
v -0.0133865009654652 0.2910819036310369 -0.0431369920210405
v -0.0215571004694158 0.2885426746715199 -0.0482607512040572
v -0.0209786397760565 0.2898794278231534 -0.0482607512040572
v -0.0233139211481268 0.2928245683149858 -0.0529672934792259
v -0.0256062316894531 0.2901458462801846 -0.0546688669378107
v -0.0493541994961825 -0.1109014615145597 -0.0358665847778320
v -0.0482171249389648 -0.1351745189319958 -0.0343277913873846
v -0.0441281994906339 -0.1109014615145597 -0.0270298975164240
v -0.0441281994906339 0.1618258112127131 -0.0270298975164240
v -0.0493541994961825 0.1618258112127131 -0.0358665847778320
v -0.0110492810336026 -0.2979190340909091 -0.0459823469682173
v -0.0073815640536222 0.3087569358132102 -0.0600779377330433
v -0.0034517010775479 0.3073306551846591 -0.0546688669378107
v -0.0051605189930309 0.3070600197531960 -0.0546688669378107
v -0.0038567421653054 0.3105368874289773 -0.0657924964211204
v -0.0109266003695401 0.3076050636985085 -0.0600779377330433
v -0.0131020424582741 0.3078508966619318 -0.0657924964211204
v -0.0129984214089134 0.3076306984641335 -0.0638660534945401
v -0.0148832182450728 0.3070801058682529 -0.0696721787886186
v -0.0148832182450728 0.3070801058682529 -0.0677304215864702
v -0.0128435030850497 0.3073014692826704 -0.0619586909901012
v -0.0147567749023438 0.3032605812766335 -0.0546688669378107
v -0.0203185931119052 0.3016447310014205 -0.0600779377330433
v -0.0175547825206410 0.3012277221679687 -0.0546688669378107
v -0.0156378798051314 0.3015313165838068 -0.0529672934792259
v -0.0145319539850408 0.3064411510120739 -0.0619586909901012
v -0.0047112794355913 0.2983568503639915 -0.0442783286354759
v -0.0058541384610263 0.2980248191139915 -0.0442783286354759
v -0.0010908889770508 0.2973468295010653 -0.0431369920210405
v -0.0021774742820046 0.2972441239790483 -0.0431369920210405
v -0.0019719938798384 0.2956175648082386 -0.0420965472134677
v -0.0043206093528054 0.2968352994051847 -0.0431369920210405
v -0.0048620744185014 0.2949715631658381 -0.0420965472134677
v -0.0043362600153143 0.2933532714843750 -0.0411611002141779
v -0.0063164763017134 0.2994477428089489 -0.0455160487781871
v -0.0149614784934304 0.2959399968927557 -0.0468452731045810
v -0.0139925176447088 0.2949081420898437 -0.0455160487781871
v -0.0159323570945046 0.2949691217595881 -0.0468452731045810
v 0.0032040543989702 0.3053703446821733 -0.0513278128884055
v -0.0132675899158825 0.3041412908380682 -0.0546688669378107
v -0.0142555375532670 0.3024707586115057 -0.0529672934792259
v -0.0085103884610263 0.3061999234286222 -0.0546688669378107
v 0.0094338399713690 0.3090419977361505 -0.0735365468805487
v 0.0075016541914506 0.3092246593128551 -0.0754439093849876
v 0.0075921388105913 0.3095770541104403 -0.0735365468805487
v -0.0019169027155096 0.3104759355024858 -0.0638660534945401
v -0.0018940561467951 0.3101128040660511 -0.0619586909901012
v 0.0037201135808771 0.3094553722034801 -0.0600779377330433
v 0.0055618147416548 0.3091636796431108 -0.0600779377330433
v 0.0033344580910423 0.3064025878906250 -0.0529672934792259
v 0.0049852336536754 0.3061411354758523 -0.0529672934792259
v 0.0123824136907404 0.3063216053355824 -0.0582312185114080
v -0.0023743612116033 0.2988026566938921 -0.0442783286354759
v 0.0012834722345526 0.3004078535600142 -0.0455160487781871
v -0.0025618778575550 0.3002870039506392 -0.0455160487781871
v -0.0069738977605646 0.2976216819069602 -0.0442783286354759
v 0.0026294153386896 0.2937915039062500 -0.0411611002141779
v 0.0023001930930398 0.2920656793767756 -0.0403343408757990
v 0.0030527877807617 0.2918974442915483 -0.0403343408757990
v 0.0034897232055664 0.2935992154208096 -0.0411611002141779
v 0.0043362600153143 0.2933532714843750 -0.0411611002141779
v 0.0072153438221325 0.2899387151544744 -0.0403343408757990
v 0.0082480551979759 0.2913601129705256 -0.0411611002141779
v 0.0128466484763406 0.2976895141601563 -0.0468452731045810
v 0.0120146525989879 0.2965443836558949 -0.0455160487781871
v 0.0139315553144975 0.2968479780717330 -0.0468452731045810
v 0.0092482168024237 0.2927367054332387 -0.0420965472134677
v -0.0240130823308771 0.2974541404030540 -0.0600779377330433
v -0.0250611738725142 0.2959119484641335 -0.0600779377330433
v -0.0427595103870739 0.1854094071821733 -0.0256596166437322
v -0.0430143148248846 0.1827138588645242 -0.0256596166437322
v -0.0454745552756570 0.1916835160688921 -0.0313250142877752
v -0.0408344095403498 0.1825767100941051 -0.0230193536931818
v -0.0385694607821378 0.1800076293945312 -0.0205214483087713
v -0.0191525823419744 0.2905368596857245 -0.0468452731045810
v -0.0268568975275213 0.2926455133611506 -0.0600779377330433
v -0.0249191180142489 0.2917336758700284 -0.0546688669378107
v -0.0261922870982777 0.2885180109197443 -0.0546688669378107
v -0.0497084322842685 0.1927705799449574 -0.0406142980402166
v -0.0476092633334073 0.1954768232865767 -0.0374282975630327
v -0.0168403556130149 0.2939391812411222 -0.0468452731045810
v -0.0224631361527876 0.2942631669477983 -0.0529672934792259
v -0.0215236975929954 0.2956455022638494 -0.0529672934792259
v -0.0245545473965732 0.2955904041637074 -0.0582312185114080
v -0.0186355764215643 0.2975076016512784 -0.0513278128884055
v -0.0196976366910067 0.2963029341264204 -0.0513278128884055
v -0.0188182241266424 0.2955754228071733 -0.0497568997469815
v -0.0093091791326349 0.2946765414151278 -0.0431369920210405
v -0.0121232604980469 0.2900368707830256 -0.0420965472134677
v -0.0202404646439986 0.1990146983753551 -0.0121413490988991
v -0.0094108477505771 0.3037767167524858 -0.0513278128884055
v -0.0089906935258345 0.3027155373313210 -0.0497568997469815
v -0.0197585990212180 0.2943630981445313 -0.0497568997469815
v -0.0130292927135121 0.2957573353160511 -0.0455160487781871
v -0.0120756149291992 0.2946045476740057 -0.0442783286354759
v -0.0206491574374112 0.3019967373934659 -0.0619586909901012
v -0.0216371016068892 0.3003262329101563 -0.0600779377330433
v -0.0181589404019442 0.3050012761896307 -0.0677304215864702
v -0.0196147537231445 0.3037177900834517 -0.0716101039539684
v -0.0148244823109020 0.3069732666015625 -0.0716101039539684
v -0.0147567749023438 0.3032605812766335 -0.0827337334372781
v -0.0161877233331854 0.3022881247780540 -0.0827337334372781
v -0.0151997756958008 0.3039586570046165 -0.0809767809781161
v -0.0098717984286222 0.3009862726384943 -0.0891418457031250
v -0.0177303626320579 0.3044113714044744 -0.0754439093849876
v -0.0229493505304510 0.2966813243519176 -0.0809767809781161
v -0.0212200893055309 0.2975624223188921 -0.0827337334372781
v -0.0194185187599876 0.3006862571022727 -0.0809767809781161
v 0.0112383062189276 0.3083923617276279 -0.0735365468805487
v 0.0095090415261009 0.3092734596946023 -0.0716101039539684
v 0.0063575848666104 0.3047687877308239 -0.0860747874866832
v 0.0047902714122425 0.3051191295276989 -0.0860747874866832
v 0.0095467203313654 0.3093894264914773 -0.0696721787886186
v 0.0038720217618075 0.3106578480113636 -0.0677304215864702
v 0.0038720217618075 0.3106578480113636 -0.0696721787886186
v 0.0189198927445845 0.3028778631036932 -0.0773246626420455
v 0.0187572617964311 0.2936355868252841 -0.0891418457031250
v 0.0176818951693448 0.2928542813387784 -0.0905573238026012
v 0.0178645428744229 0.2947864601828835 -0.0891418457031250
v 0.0129683338512074 0.2938174993341620 -0.0931242717396129
v 0.0120756149291992 0.2946045476740057 -0.0931242717396129
v 0.0139925176447088 0.2949081420898437 -0.0918865481289950
v -0.0038262384588068 0.3102954378995029 -0.0638660534945401
v -0.0094338399713690 0.3090419977361505 -0.0638660534945401
v -0.0036449120261452 0.3088600852272727 -0.0791713818636808
v -0.0037201135808771 0.3094553722034801 -0.0773246626420455
v -0.0018637327714400 0.3096308760209517 -0.0773246626420455
v -0.0035553221269087 0.3081509121981534 -0.0809767809781161
v 0.0073815640536222 0.3087569358132102 -0.0773246626420455
v 0.0157497128573331 0.2930369151722301 -0.0455160487781871
v 0.0145969078757546 0.2920832408558239 -0.0442783286354759
v 0.0165367507934570 0.2920222889293324 -0.0455160487781871
v 0.0292960635098544 0.1961132812500000 -0.0159915438565341
v 0.0343060857599432 0.1911543551358310 -0.0181757632168857
v 0.0003210414539684 -0.1307662409002131 -0.1136094457452947
v 0.0015862378207120 -0.1339652182839134 -0.1133942864157937
v 0.0018896484375000 -0.1338559930974787 -0.1133942864157937
v 0.0032720114968040 -0.1330384687943892 -0.1133942864157937
v 0.0021855995871804 -0.1337279163707386 -0.1133942864157937
v 0.0024729260531339 -0.1335815152254972 -0.1133942864157937
v 0.0013201280073686 -0.1301753928444602 -0.1136094457452947
v 0.0047727099331942 -0.1309729281338778 -0.1133942864157937
v 0.0048819420554421 -0.1306695140491832 -0.1133942864157937
v 0.0075845302234996 0.1891757479580966 -0.1123227310180664
v -0.0062201343883168 0.1858487215909091 -0.1129648173939098
v -0.0081452352350408 0.1886814186789773 -0.1123227310180664
v -0.0058410956642844 0.1862277637828480 -0.1129648173939098
v -0.0086737927523526 0.1881528680974787 -0.1123227310180664
v -0.0031411257657138 0.1879412148215554 -0.1129648173939098
v -0.0036330829967152 0.1877283269708807 -0.1129648173939098
v -0.0017799724232067 0.2845033125443892 -0.0992298473011364
v 0.0335384819724343 -0.1423621021617543 -0.1000060549649325
v 0.0328391335227273 -0.1353476784446023 -0.1021902708573775
v 0.0120363478227095 -0.2983835116299716 -0.0633215505426580
v 0.0115656384554776 -0.2981620094992898 -0.0641412908380682
v 0.0073344594782049 -0.2973742398348722 -0.0682367012717507
v 0.0268667671897195 -0.1438534129749645 -0.1042043928666548
v 0.0096970124678178 -0.3018257557262074 -0.0633215505426580
v 0.0093177864768288 -0.3014696433327415 -0.0641412908380682
v 0.0102496545965021 -0.3011988969282671 -0.0633215505426580
v 0.0079976411299272 -0.2977951049804687 -0.0676660329645330
v 0.0243314361572266 -0.1424596058238636 -0.1060404725508256
v 0.0142364744706587 -0.1408607066761364 -0.1104116751930930
v 0.0108602801236239 -0.1440311778675426 -0.1104116751930930
v 0.0089447368275036 -0.1413946533203125 -0.1114705623279918
v 0.0117774339155717 -0.1433197576349432 -0.1104116751930930
v 0.0062201343883168 -0.1349243718927557 -0.1129648173939098
v 0.0134688706831499 -0.1417313870516690 -0.1104116751930930
v 0.0110932228781960 -0.1395005104758523 -0.1114705623279918
v 0.0086737927523526 -0.1372285183993253 -0.1123227310180664
v 0.0033369376442649 -0.2967533180930398 -0.0699954327670011
v 0.0030770769986239 -0.2969548728249290 -0.0699954327670011
v 0.0025219969315962 -0.2973071566495029 -0.0699954327670011
v -0.0044723025235263 -0.2981257213245739 -0.0692246489091353
v 0.0015263921564276 -0.2986645507812500 -0.0696380268443715
v 0.0011500965465199 -0.2987486683238637 -0.0696380268443715
v 0.0013019006902521 -0.2977902221679687 -0.0699954327670011
v 0.0050146137584339 -0.2987812666459517 -0.0687569254094904
v -0.0022882010719993 -0.3047148271040483 -0.0649267474087802
v -0.0031787906993519 -0.3051002363725142 -0.0641412908380682
v -0.0030368700894442 -0.3045474798029119 -0.0649267474087802
v 0.0000000000000000 -0.3060220336914062 -0.0633215505426580
v -0.0008646288785067 -0.3064625688032671 -0.0624707655473189
v -0.0008352626453746 -0.3059957608309659 -0.0633215505426580
v -0.0032887649536133 -0.2979019165039062 -0.0696380268443715
v 0.0004939720847390 -0.3005711226029830 -0.0687569254094904
v 0.0000000000000000 -0.3014063887162642 -0.0682367012717507
v 0.0000000000000000 -0.3005866310813210 -0.0687569254094904
v -0.0037623318758878 -0.3022222068093040 -0.0670471711592241
v -0.0046529215032404 -0.3026076160777699 -0.0663825607299805
v -0.0043515777587891 -0.3019672185724432 -0.0670471711592241
v -0.0045632657137784 -0.3010202026367187 -0.0676660329645330
v -0.0041848685524680 -0.3003318925337358 -0.0682367012717507
v -0.0026133207841353 -0.2982732321999290 -0.0696380268443715
v -0.0025219969315962 -0.2973071566495029 -0.0699954327670011
v -0.0117254361239347 -0.1387834028764205 -0.1114705623279918
v -0.0116879619251598 -0.1313128800825639 -0.1123227310180664
v -0.0118048962679776 -0.1305745905095881 -0.1123227310180664
v -0.0057347973910245 -0.2981049693714489 -0.0687569254094904
v -0.0035836306485263 -0.2965358109907670 -0.0699954327670011
v 0.0063756526600231 -0.1391296941583807 -0.1123227310180664
v -0.0016998013583097 -0.1292980124733665 -0.1136094457452947
v -0.0004260808771307 -0.1307427701083096 -0.1136094457452947
v -0.0005294418334961 -0.1307127380371094 -0.1136094457452947
v -0.0009555261785334 -0.1442709489302202 -0.1114705623279918
v -0.0019072827425870 -0.1441809775612571 -0.1114705623279918
v -0.0007471257990057 -0.1409585293856534 -0.1123227310180664
v 0.0009555261785334 -0.1442709489302202 -0.1114705623279918
v -0.0031411257657138 -0.1370168651234020 -0.1129648173939098
v -0.0036330829967152 -0.1368039772727273 -0.1129648173939098
v -0.0047025264393200 -0.1435561717640270 -0.1114705623279918
v -0.0036769069324840 -0.1403996415571733 -0.1123227310180664
v -0.0069938902421431 -0.1387095503373580 -0.1123227310180664
v -0.0089447368275036 -0.1413946533203125 -0.1114705623279918
v -0.0075845302234996 -0.1382513982599432 -0.1123227310180664
v -0.0005403934825550 -0.2969973200017756 -0.0702954483032227
v -0.0009809459339489 -0.2978619662198154 -0.0699954327670011
v -0.0008079251376065 -0.2969549560546875 -0.0702954483032227
v 0.0028515104814009 -0.1440314275568182 -0.1114705623279918
v 0.0029590918801048 -0.1406081875887784 -0.1123227310180664
v 0.0220504830100320 0.2871722689541903 -0.0891418457031250
v 0.0232276257601651 0.2875547374378551 -0.0876456971602006
v 0.0215846564553001 0.2937056662819602 -0.0860747874866832
v 0.0157497128573331 0.2930369151722301 -0.0918865481289950
v 0.0168403556130149 0.2939391812411222 -0.0905573238026012
v 0.0158713947642933 0.2969089577414773 -0.0891418457031250
v 0.0147788342562589 0.2978721757368608 -0.0891418457031250
v 0.0167186737060547 0.2978111960671165 -0.0876456971602006
v 0.0132846589521928 0.2884383322975853 -0.0953060496937145
v 0.0146689189564098 0.2893168223987926 -0.0942656048861417
v 0.0145969078757546 0.2920832408558239 -0.0931242717396129
v 0.0185374173251065 0.3024155217950995 -0.0791713818636808
v 0.0170938318425959 0.3035352672230114 -0.0791713818636808
v 0.0120780632712624 0.3056748268821023 -0.0809767809781161
v 0.0104425742409446 0.3063825572620739 -0.0809767809781161
v 0.0123824136907404 0.3063216053355824 -0.0791713818636808
v -0.0087031589854847 0.2985027798739346 -0.0918865481289950
v -0.0098473080721768 0.2979198109019887 -0.0918865481289950
v 0.0054353713989258 0.3011770075017756 -0.0905573238026012
v 0.0045764056119052 0.3039979969371449 -0.0876456971602006
v 0.0029058803211559 0.3030100597034801 -0.0891418457031250
v 0.0030610101873224 0.3042380315607244 -0.0876456971602006
v 0.0107057120583274 0.3070471746271307 -0.0791713818636808
v 0.0035553221269087 0.3081509121981534 -0.0809767809781161
v 0.0017811757867987 0.3083186201615767 -0.0809767809781161
v 0.0036449120261452 0.3088600852272727 -0.0791713818636808
v 0.0038301745328036 0.3000861150568182 -0.0918865481289950
v 0.0025618778575550 0.3002870039506392 -0.0918865481289950
v -0.0151876657659357 -0.1300388128107244 -0.1114705623279918
v 0.0000000000000000 0.2886309814453125 -0.0983831024169922
v -0.0006574214588512 0.2904570423473011 -0.0977830678766424
v 0.0000000000000000 0.2904777110706676 -0.0977830678766424
v -0.0094736099243164 0.2844655817205256 -0.0977830678766424
v -0.0212789050015536 0.1840668002041903 -0.1091502519087358
v -0.0050927006114613 0.1806509815562855 -0.1133942864157937
v -0.0084655033458363 0.1810770763050426 -0.1129648173939098
v -0.0050422564419833 0.1809694879705256 -0.1133942864157937
v -0.0178961355035955 0.1846025779030540 -0.1104116751930930
v -0.0051230482621626 0.1803299505060369 -0.1133942864157937
v -0.0001075779307972 0.1817175570401278 -0.1136094457452947
v 0.0000000000000000 0.1817209417169744 -0.1136094457452947
v -0.0054390022971413 0.1865822531960227 -0.1129648173939098
v -0.0075845302234996 0.1891757479580966 -0.1123227310180664
v -0.0030821019952947 0.2837332430752841 -0.0992298473011364
v -0.0206209980357777 0.2930941217595880 -0.0876456971602006
v -0.0215846564553001 0.2937056662819602 -0.0860747874866832
v -0.0057660813765092 0.3102344859730113 -0.0716101039539684
v -0.0142555375532670 0.3024707586115057 -0.0844353068958629
v -0.0132675899158825 0.3041412908380682 -0.0827337334372781
v -0.0155677864768288 0.2988258500532671 -0.0876456971602006
v -0.0174999722567472 0.2986432162198153 -0.0860747874866832
v -0.0162953012639826 0.2997052556818182 -0.0860747874866832
v -0.0015335291082209 0.3043824074485085 -0.0876456971602006
v -0.0071646360917525 0.3020581054687500 -0.0891418457031250
v -0.0089906935258345 0.3027155373313210 -0.0876456971602006
v -0.0075471115112305 0.3032352516867898 -0.0876456971602006
v -0.0117260464754972 0.3049267578125000 -0.0827337334372781
v 0.0093091791326349 0.2946765414151278 -0.0942656048861417
v 0.0075799144398082 0.2937954434481534 -0.0953060496937145
v 0.0083697405728427 0.2952321277965199 -0.0942656048861417
v 0.0062861598621715 0.2859107277610085 -0.0983831024169922
v -0.0066738787564364 0.2880749789151278 -0.0977830678766424
v -0.0072153438221325 0.2899387151544744 -0.0970682594992898
v -0.0061541574651545 0.2884780883789063 -0.0977830678766424
v 0.0065746238014915 0.1854466386274858 -0.1129648173939098
v 0.0024729260531339 0.1845058649236506 -0.1133942864157937
v 0.0008253929831765 0.1815090110085227 -0.1136094457452947
v 0.0010070592706854 0.1813937239213423 -0.1136094457452947
v 0.0027504938299006 0.1843417080965909 -0.1133942864157937
v -0.0057659357244318 0.3024644608931108 -0.0891418457031250
v -0.0060737436467951 0.3036633023348722 -0.0876456971602006
v -0.0043444824218750 0.3027822043678977 -0.0891418457031250
v 0.0110631491921165 0.1843878451260653 -0.1123227310180664
v 0.0014465956254439 0.1809256675026633 -0.1136094457452947
v 0.0107662825150923 0.1850738525390625 -0.1123227310180664
v -0.0009618620439009 -0.1341255326704545 -0.1133942864157937
v -0.0021220155195756 -0.1373479947176847 -0.1129648173939098
v -0.0012765676325018 -0.1340551896528764 -0.1133942864157937
v -0.0074773372303356 -0.1331939835981889 -0.1129648173939098
v -0.0044982389970259 -0.1315562022816051 -0.1133942864157937
v -0.0041528285633434 -0.1321004832874645 -0.1133942864157937
v -0.0128487257523970 -0.1372373268821023 -0.1114705623279918
v -0.0133353666825728 -0.1364144620028409 -0.1114705623279918
v -0.0048819420554421 -0.1306695140491832 -0.1133942864157937
v -0.0049719099564986 -0.1303598438609730 -0.1133942864157937
v -0.0104269270463423 -0.1348155351118608 -0.1123227310180664
v -0.0107662825150923 -0.1341495028409091 -0.1123227310180664
v -0.0275469519875266 -0.1325632684881037 -0.1060404725508256
v -0.0216198626431552 -0.1304434897682883 -0.1091502519087358
v -0.0378862866488370 -0.1363104802911932 -0.0976603698730469
v -0.0317950474132191 -0.1394141179865057 -0.1021902708573775
v -0.0285061021284624 -0.1403696511008523 -0.1042043928666548
v -0.0268667671897195 -0.1438534129749645 -0.1042043928666548
v -0.0171414045854048 0.2880737582120028 -0.0931242717396129
v -0.0166011012684215 0.2891341608220881 -0.0931242717396129
v -0.0109525923295455 0.2972661521218040 -0.0918865481289950
v -0.0117110443115234 0.2984612759676847 -0.0905573238026012
v -0.0122967147827148 0.2867678000710227 -0.0962415001609109
v -0.0137878140536222 0.2875875299627131 -0.0953060496937145
v -0.0118479746038263 0.2875265780362216 -0.0962415001609109
v -0.0152245018698952 0.2883773803710937 -0.0942656048861417
v -0.0133865009654652 0.2910819036310369 -0.0942656048861417
v -0.0159323570945046 0.2949691217595881 -0.0905573238026012
v -0.0130292927135121 0.2957573353160511 -0.0918865481289950
v -0.0139315553144975 0.2968479780717330 -0.0905573238026012
v -0.0120146525989879 0.2965443836558949 -0.0918865481289950
v -0.0103987953879616 0.3021061845259233 -0.0876456971602006
v -0.0436961607499556 0.1912268898703835 -0.0897500020807440
v -0.0496646083484996 0.1862817244096236 -0.0807535240866921
v -0.0499605594981800 0.1831508844549006 -0.0807535240866921
v -0.0512194962935014 0.1832300914417614 -0.0775675236095082
v -0.0176140559803356 0.2869815340909091 -0.0931242717396129
v -0.0184536535089666 0.2917186667702415 -0.0905573238026012
v -0.0203173897483132 0.2911772017045455 -0.0891418457031250
v -0.0195759547840465 0.2924308915571733 -0.0891418457031250
v 0.0148290772871538 0.1957989918101918 -0.0090315662730824
v 0.0118929672241211 0.2926723688299006 -0.0431369920210405
v 0.0107706659490412 0.2914772172407670 -0.0420965472134677
v -0.0045189042524858 0.2914210926402699 -0.0403343408757990
v -0.0034621706875888 0.1981569740988992 -0.0077701429887251
v -0.0019618953358043 0.2902922474254261 -0.0396195324984464
v -0.0166913292624734 0.1938158902254972 -0.0090315662730824
v -0.0149478912353516 0.1908679060502486 -0.0077701429887251
v -0.0047025264393200 0.1944805214621804 -0.0067112593217330
v 0.0239851379394531 -0.1352416159889915 -0.0104905561967330
v 0.0232243243130771 0.1618258112127131 -0.0097367095947266
v 0.0232243243130771 -0.1109014615145597 -0.0097367095947266
v 0.0084655033458363 -0.1301527266068892 -0.0052170007879084
v 0.0496646083484996 0.1862817244096236 -0.0374282975630327
v 0.0287243617664684 0.2913804210316051 -0.0677304215864702
v 0.0279535813765092 0.2931615933504972 -0.0677304215864702
v 0.0535528633811257 0.1902233886718750 -0.0573775967684659
v 0.0259815840287642 0.2964960549094460 -0.0716101039539684
v 0.0110742742365057 0.2933941372958097 -0.0942656048861417
v 0.0133865009654652 0.2910819036310369 -0.0942656048861417
v 0.0085350591486151 0.3015647194602273 -0.0891418457031250
v 0.0067538833618164 0.3007939564098011 -0.0905573238026012
v 0.0071646360917525 0.3020581054687500 -0.0891418457031250
v 0.0174465248801491 0.3040207186612216 -0.0773246626420455
v 0.0177303626320579 0.3044113714044744 -0.0754439093849876
v 0.0082647150213068 0.1821296414462003 -0.1129648173939098
v 0.0048819420554421 0.1815938637473367 -0.1133942864157937
v -0.0016829646717418 0.1803286743164063 -0.1136094457452947
v 0.0013201280073686 0.1810997425426136 -0.1136094457452947
v 0.0012489492242987 0.1811804754083807 -0.1136094457452947
v 0.0002147327769886 0.1817074307528409 -0.1136094457452947
v 0.0001075779307972 0.1817175570401278 -0.1136094457452947
v 0.0006433556296609 0.1851003334738991 -0.1133942864157937
v 0.0003223141756925 0.1851306707208807 -0.1133942864157937
v 0.0005357776988636 0.1885235873135653 -0.1129648173939098
v 0.0031411257657138 0.1879412148215554 -0.1129648173939098
v 0.0026367742365057 0.1881227944113991 -0.1129648173939098
v 0.0015862378207120 0.1848895679820668 -0.1133942864157937
v 0.0091749988902699 0.2850516301935369 -0.0977830678766424
v 0.0101382238214666 0.3056138749556108 -0.0546688669378107
v 0.0117260464754972 0.3049267578125000 -0.0546688669378107
v 0.0128169354525479 0.3033215609463779 -0.0529672934792259
v 0.0210648241910067 0.3024393809925426 -0.0657924964211204
v 0.0208982294256037 0.3022619906338778 -0.0638660534945401
v 0.0176818951693448 0.2928542813387784 -0.0468452731045810
v 0.0082213176380504 0.3053102527965199 -0.0529672934792259
v 0.0071646360917525 0.3020581054687500 -0.0482607512040572
v 0.0057659357244318 0.3024644608931108 -0.0482607512040572
v 0.0067538833618164 0.3007939564098011 -0.0468452731045810
v 0.0097938606955788 0.3047440962357955 -0.0529672934792259
v 0.0094108477505771 0.3037767167524858 -0.0513278128884055
v 0.0075246672196822 0.2990127563476562 -0.0455160487781871
v 0.0080661322853782 0.2971490201083097 -0.0442783286354759
v 0.0043206093528054 0.2968352994051847 -0.0431369920210405
v 0.0194185187599876 0.3006862571022727 -0.0809767809781161
v 0.0206786242398349 0.2994261585582386 -0.0809767809781161
v 0.0208982294256037 0.3022619906338778 -0.0735365468805487
v 0.0219891184026545 0.3006567937677557 -0.0754439093849876
v 0.0166736810857599 0.3029569868607955 -0.0809767809781161
v 0.0151997756958008 0.3039586570046165 -0.0809767809781161
v 0.0174999722567472 0.2986432162198153 -0.0860747874866832
v 0.0182122039794922 0.2994016612659801 -0.0844353068958629
v 0.0264335250854492 0.2945395729758523 -0.0754439093849876
v 0.0237101676247337 0.2996223865855824 -0.0657924964211204
v 0.0246981117942116 0.2979518543590199 -0.0638660534945401
v 0.0248950021917170 0.2980948985706676 -0.0657924964211204
v 0.0011871788718484 -0.3021171431107955 -0.0676660329645330
v 0.0010887354070490 -0.3013378906250000 -0.0682367012717507
v 0.0017749127474698 -0.3020240644975142 -0.0676660329645330
v -0.0042675295743075 -0.3034982022372159 -0.0656748199462891
v -0.0040228687633168 -0.3028802490234375 -0.0663825607299805
v -0.0061578473177823 -0.3039207319779830 -0.0641412908380682
v -0.0068490184437145 -0.3035119628906250 -0.0641412908380682
v -0.0064233225042170 -0.3015605857155540 -0.0663825607299805
v -0.0075131607055664 -0.3030606079101563 -0.0641412908380682
v -0.0071277687766335 -0.3039512218128551 -0.0633215505426580
v -0.0077838932384144 -0.3021287675337358 -0.0649267474087802
v -0.0035823163119229 -0.3037448952414773 -0.0656748199462891
v -0.0028829678622159 -0.3039480590820313 -0.0656748199462891
v -0.0081790057095614 -0.3056076882102273 -0.0578721722689542
v -0.0055521808971058 -0.3067428588867188 -0.0588258535211737
v -0.0073536196621982 -0.3060958307439631 -0.0530369221080433
v -0.0055521808971058 -0.3067428588867188 -0.0520832408558239
v -0.0064084659923207 -0.3043766091086648 -0.0475875438343395
v -0.0053528560291637 -0.3062394020774148 -0.0502195080843839
v -0.0054632984508168 -0.3065183604847301 -0.0511428659612482
v -0.0045860880071467 -0.3068341896750710 -0.0511428659612482
v -0.0036907820268111 -0.3070942826704545 -0.0511428659612482
v -0.0060390299016779 -0.3055532282049006 -0.0493168085271662
v -0.0068329412286932 -0.3051487315784801 -0.0493168085271662
v -0.0065769750421697 -0.3066964444247159 -0.0549691078879616
v -0.0074416073885831 -0.3062558815696023 -0.0559399864890359
v -0.0098073751276190 -0.3045747236772017 -0.0540001470392401
v -0.0097298119284890 -0.3044809792258523 -0.0578721722689542
v -0.0105324103615501 -0.3039355191317472 -0.0569089473377575
v -0.0104491147128018 -0.3038468239524147 -0.0578721722689542
v -0.0074502563476562 -0.2997159090909091 -0.0438619232177734
v -0.0123805791681463 -0.2958984375000000 -0.0467678035389293
v -0.0366817335648970 -0.1410018920898438 -0.0205214483087713
v -0.0115656384554776 -0.2981620094992898 -0.0467678035389293
v -0.0123682368885387 -0.2976165771484375 -0.0475875438343395
v -0.0120363478227095 -0.2983835116299716 -0.0475875438343395
v -0.0112010851773349 -0.2988774802468040 -0.0467678035389293
v -0.0116569588401101 -0.2991281127929687 -0.0475875438343395
v -0.0101586948741566 -0.2983044433593750 -0.0452342744307085
v -0.0048969303477894 -0.3050878906250000 -0.0633215505426580
v -0.0047054221413352 -0.3046041870117188 -0.0641412908380682
v -0.0036907820268111 -0.3070942826704545 -0.0597662284157493
v 0.0083368405428800 -0.3041943081942471 -0.0615922858498313
v 0.0061578473177823 -0.3039207319779830 -0.0641412908380682
v 0.0068490184437145 -0.3035119628906250 -0.0641412908380682
v 0.0027176839655096 -0.3033043323863636 -0.0663825607299805
v 0.0020477052168413 -0.3034540904651989 -0.0663825607299805
v 0.0025416773015803 -0.3026188243519176 -0.0670471711592241
v 0.0070277196710760 -0.2978255670720881 -0.0682367012717507
v 0.0107010061090643 -0.2986025723544034 -0.0649267474087802
v 0.0110492810336026 -0.2979190340909091 -0.0649267474087802
v 0.0024926168268377 -0.3057863825017756 -0.0633215505426580
v 0.0016672273115678 -0.3059171364524148 -0.0633215505426580
v 0.0023951339721680 -0.3052753795276988 -0.0641412908380682
v 0.0091061019897461 -0.3024166592684659 -0.0633215505426580
v 0.0000000000000000 -0.3072605202414773 -0.0606895862926136
v 0.0028261496803977 -0.3075348455255682 -0.0588258535211737
v 0.0027809073708274 -0.3072976684570313 -0.0597662284157493
v 0.0037508253617720 -0.3073281582919034 -0.0588258535211737
v -0.0019360108809038 -0.3080447665127841 -0.0549691078879616
v -0.0019360108809038 -0.3080447665127841 -0.0559399864890359
v 0.0112315680763938 -0.2998474121093750 -0.0633215505426580
v 0.0080815263227983 -0.3054541015625000 -0.0588258535211737
v 0.0087232624400746 -0.3047261740944602 -0.0597662284157493
v 0.0105324103615501 -0.3039355191317472 -0.0569089473377575
v 0.0104491147128018 -0.3038468239524147 -0.0578721722689542
v 0.0085469159212979 -0.3044834761186079 -0.0502195080843839
v 0.0115656384554776 -0.2981620094992898 -0.0467678035389293
v 0.0120363478227095 -0.2983835116299716 -0.0475875438343395
v 0.0056863888827237 -0.3070818259499290 -0.0559399864890359
v 0.0056639480590820 -0.3070251464843750 -0.0569089473377575
v 0.0065769750421697 -0.3066964444247159 -0.0559399864890359
v -0.0017099311135032 -0.1291908541592685 -0.0045723724365234
v 0.0047727099331942 0.1818972778320312 -0.0047875282981179
v 0.0016294583407315 0.1805370677601207 -0.0045723724365234
v 0.0048819420554421 0.1815938637473367 -0.0047875282981179
v 0.0028515104814009 0.1949557772549716 -0.0067112593217330
v 0.0075845302234996 0.1891757479580966 -0.0058590836958452
v 0.0058410956642844 0.1862277637828480 -0.0052170007879084
v 0.0081452352350408 0.1886814186789773 -0.0058590836958452
v -0.0032720114968040 0.1839628184925426 -0.0047875282981179
v -0.0058410956642844 0.1862277637828480 -0.0052170007879084
v -0.0035139014504173 0.1837495561079545 -0.0047875282981179
v -0.0041528285633434 0.1830248329856179 -0.0047875282981179
v -0.0043340856378729 0.1827581232244318 -0.0047875282981179
v 0.0017133123224432 -0.1290832796963778 -0.0045723724365234
v -0.0029590918801048 0.1915325372869318 -0.0058590836958452
v -0.0022295969182795 0.1916955843838778 -0.0058590836958452
v -0.0036330829967152 0.1877283269708807 -0.0052170007879084
v -0.0030172070589933 0.1841604614257812 -0.0047875282981179
v -0.0050154460560192 0.1869108026677912 -0.0052170007879084
v -0.0082647150213068 0.1821296414462003 -0.0052170007879084
v -0.0115249009565874 0.1829667247425426 -0.0058590836958452
v -0.0149481478604403 0.1828591364080256 -0.0067112593217330
v -0.0171791180697354 0.1868093178488991 -0.0077701429887251
v -0.0015013885498047 0.1808330189098011 -0.0045723724365234
v -0.0072044719349254 0.1845797174627131 -0.0052170007879084
v -0.0074773372303356 0.1841183332963423 -0.0052170007879084
v -0.0048819420554421 0.1815938637473367 -0.0047875282981179
v -0.0050422564419833 0.1809694879705256 -0.0047875282981179
v -0.0245678502863104 -0.1321869173916903 -0.0104905561967330
v -0.0275469519875266 -0.1325632684881037 -0.0121413490988991
v -0.0141490554809570 -0.1346852805397727 -0.0067112593217330
v -0.0167181396484375 -0.1369502397017046 -0.0077701429887251
v -0.0137693821300160 -0.1355626609108665 -0.0067112593217330
v -0.0201413865522905 -0.1370578141645952 -0.0090315662730824
v -0.0189830884066495 -0.1395193204012784 -0.0090315662730824
v -0.0014465956254439 -0.1300013178045099 -0.0045723724365234
v -0.0043340856378729 -0.1318337735262784 -0.0047875282981179
v -0.0013860979947177 -0.1300903320312500 -0.0045723724365234
v -0.0016998013583097 -0.1292980124733665 -0.0045723724365234
v -0.0007294914939187 -0.1306335310502486 -0.0045723724365234
v -0.0015013885498047 -0.1299086692116477 -0.0045723724365234
v -0.0013201280073686 -0.1301753928444602 -0.0045723724365234
v -0.0012489492242987 -0.1302561257102273 -0.0045723724365234
v 0.0007294914939187 -0.1306335310502486 -0.0045723724365234
v 0.0006307116421786 -0.1306762695312500 -0.0045723724365234
v -0.0107010061090643 -0.2986025723544034 -0.0459823469682173
v 0.0008352626453746 -0.3059957608309659 -0.0475875438343395
v 0.0008646288785067 -0.3064625688032671 -0.0484383288296786
v 0.0036161700162021 -0.3068036998401988 -0.0502195080843839
v 0.0027809073708274 -0.3072976684570313 -0.0511428659612482
v 0.0036907820268111 -0.3070942826704545 -0.0511428659612482
v 0.0038414903120561 -0.3076812744140625 -0.0559399864890359
v 0.0038263286243786 -0.3076222090287642 -0.0569089473377575
v 0.0047545207630504 -0.3073525446111506 -0.0569089473377575
v 0.0074807392467152 -0.3006858132102272 -0.0445265336470170
v 0.0078748564286665 -0.2992342862215909 -0.0438619232177734
v -0.0039499005404386 -0.3048761818625710 -0.0467678035389293
v 0.0033081644231623 -0.3056041093306108 -0.0475875438343395
v 0.0018600567904386 -0.3074435147372159 -0.0511428659612482
v 0.0088651795820756 -0.3049215143377131 -0.0520832408558239
v 0.0065510212291371 -0.3066412630948153 -0.0569089473377575
v 0.0074416073885831 -0.3062558815696023 -0.0559399864890359
v 0.0110492810336026 -0.2979190340909091 -0.0459823469682173
v 0.0097879756580700 -0.2989312744140625 -0.0452342744307085
v 0.0175723023848100 -0.1347928688742898 -0.0077701429887251
v 0.0016294583407315 -0.1296127180619673 -0.0045723724365234
v 0.0026367742365057 -0.1371984447132457 -0.0052170007879084
v 0.0008253929831765 -0.1305846613103693 -0.0045723724365234
v 0.0065746238014915 -0.1345222889293324 -0.0052170007879084
v 0.0216198626431552 0.1813678394664417 -0.0090315662730824
v -0.0537675996260209 0.1833903919566761 -0.0676237002286044
v 0.0054060849276456 -0.2971919389204545 -0.0692246489091353
v 0.0044742168079723 -0.2969212202592330 -0.0696380268443715
v 0.0042015699906783 -0.2971938532049005 -0.0696380268443715
v 0.0128487257523970 -0.1372373268821023 -0.1114705623279918
v 0.0133353666825728 -0.1364144620028409 -0.1114705623279918
v 0.0384933506358754 -0.1315050714666193 -0.0976603698730469
v -0.0107785485007546 -0.2969871659712358 -0.0656748199462891
v -0.0107618470625444 -0.3005385797674006 -0.0633215505426580
v -0.0107923264936967 -0.2995686756480824 -0.0641412908380682
v 0.0079335854270241 0.1831487482244318 -0.0052170007879084
v 0.0081151615489613 0.1826444036310369 -0.0052170007879084
v 0.0077206975763494 0.1836407193270597 -0.0052170007879084
v 0.0110631491921165 0.1843878451260653 -0.0058590836958452
v 0.0182903463190252 0.1916150318492543 -0.0090315662730824
v 0.0189830884066495 0.1904436700994318 -0.0090315662730824
v 0.0149478912353516 0.1908679060502486 -0.0077701429887251
v 0.0064793777465820 0.1937770080566406 -0.0067112593217330
v 0.0141490554809570 0.1856096302379261 -0.0067112593217330
v 0.0149481478604403 0.1828591364080256 -0.0067112593217330
v 0.0118048962679776 0.1814989402077415 -0.0058590836958452
v 0.0056020077792081 0.1941566883433949 -0.0067112593217330
v 0.0050662266124379 0.1907739119096236 -0.0058590836958452
v 0.0000000000000000 0.1952253306995739 -0.0067112593217330
v -0.0009555261785334 0.1951952986283736 -0.0067112593217330
v -0.0507340517911044 0.1930339189009233 -0.0743086069280451
v -0.0208982294256037 0.3022619906338778 -0.0735365468805487
v -0.0222543508356268 0.3009058449485085 -0.0735365468805487
v -0.0280464276400479 0.2911120050603693 -0.0754439093849876
v -0.0401904262195934 0.1876743663441051 -0.0951624644886364
v -0.0279535813765092 0.2931615933504972 -0.0696721787886186
v -0.0269656337391246 0.2948321255770597 -0.0716101039539684
v -0.0305985918912021 0.1819327337091619 -0.0139774253151634
v -0.0306590929898349 0.1800076293945312 -0.0139774253151634
v -0.0277111053466797 0.1817510708895597 -0.0121413490988991
v -0.0277658948031339 0.1800076293945312 -0.0121413490988991
v -0.0181493412364613 0.1834697931463068 -0.0077701429887251
v -0.0200337808782404 0.1945630160245028 -0.0104905561967330
v -0.0292960635098544 0.1961132812500000 -0.0159915438565341
v -0.0172585227272727 0.2909602217240767 -0.0455160487781871
v -0.0179121884432706 0.2898549305308949 -0.0455160487781871
v -0.0357871211658825 0.1845285866477273 -0.0181757632168857
v -0.0373389296098189 0.1618258112127131 -0.0193289878151634
v -0.0285061021284624 0.1912940007990057 -0.0139774253151634
v -0.0258160747181286 0.1902289373224432 -0.0121413490988991
v -0.0282269737937234 0.1979210038618608 -0.0159915438565341
v -0.0127290760387074 0.2892558427290483 -0.0420965472134677
v -0.0316097432916815 0.1973852261629972 -0.0181757632168857
v -0.0184536535089666 0.2917186667702415 -0.0468452731045810
v -0.0174999722567472 0.2986432162198153 -0.0513278128884055
v -0.0178035805442116 0.2967262961647728 -0.0497568997469815
v -0.0167186737060547 0.2978111960671165 -0.0497568997469815
v -0.0454745552756570 -0.1407591663707386 -0.0313250142877752
v -0.0091721794821999 0.3082366943359375 -0.0600779377330433
v -0.0185374173251065 0.3024155217950995 -0.0582312185114080
v -0.0180817794799805 0.3018647349964488 -0.0564258193969727
v -0.0208982294256037 0.3022619906338778 -0.0638660534945401
v 0.0016705252907493 0.3065598921342330 -0.0529672934792259
v -0.0136980403553356 0.3015922962535512 -0.0513278128884055
v -0.0150263214111328 0.3006895862926136 -0.0513278128884055
v -0.0169013179432262 0.2958790172230114 -0.0482607512040572
v -0.0158713947642933 0.2969089577414773 -0.0482607512040572
v -0.0033344580910423 0.3064025878906250 -0.0529672934792259
v -0.0082213176380504 0.3053102527965199 -0.0529672934792259
v -0.0037201135808771 0.3094553722034801 -0.0600779377330433
v 0.0000000000000000 0.3105361661044034 -0.0638660534945401
v -0.0019398394497958 0.3108405095880682 -0.0677304215864702
v -0.0038720217618075 0.3106578480113636 -0.0677304215864702
v 0.0018637327714400 0.3096308760209517 -0.0600779377330433
v 0.0066163323142312 0.3057765336470171 -0.0529672934792259
v 0.0035498254949396 0.2986164717240767 -0.0442783286354759
v 0.0009879441694780 0.2957105879350142 -0.0420965472134677
v 0.0019719938798384 0.2956175648082386 -0.0420965472134677
v 0.0067601741443981 0.2923043545809659 -0.0411611002141779
v 0.0048620744185014 0.2949715631658381 -0.0420965472134677
v 0.0153263404152610 0.2911428555575284 -0.0442783286354759
v 0.0140554428100586 0.2902195046164773 -0.0431369920210405
v 0.0146689189564098 0.2893168223987926 -0.0431369920210405
v 0.0089446085149592 0.2908198131214489 -0.0411611002141779
v 0.0178645428744229 0.2947864601828835 -0.0482607512040572
v 0.0159323570945046 0.2949691217595881 -0.0468452731045810
v 0.0168403556130149 0.2939391812411222 -0.0468452731045810
v 0.0178035805442116 0.2967262961647728 -0.0497568997469815
v 0.0167186737060547 0.2978111960671165 -0.0497568997469815
v 0.0063164763017134 0.2994477428089489 -0.0455160487781871
v 0.0126647255637429 0.2919006070223721 -0.0431369920210405
v 0.0121232604980469 0.2900368707830256 -0.0420965472134677
v 0.0133865009654652 0.2910819036310369 -0.0431369920210405
v -0.0283847253972834 0.2912459217418324 -0.0638660534945401
v -0.0260103607177734 0.2943069458007813 -0.0600779377330433
v -0.0254688956520774 0.2961706820401279 -0.0619586909901012
v -0.0241336614435369 0.2932752297141335 -0.0546688669378107
v -0.0484866367686879 0.1924568869850852 -0.0374282975630327
v -0.0188525633378462 0.3000835626775568 -0.0546688669378107
v -0.0195759547840465 0.2924308915571733 -0.0482607512040572
v -0.0263749313354492 0.2904501897638495 -0.0564258193969727
v -0.0239510172063654 0.2952074085582386 -0.0809767809781161
v -0.0245545473965732 0.2955904041637074 -0.0791713818636808
v -0.0170938318425959 0.3035352672230114 -0.0791713818636808
v -0.0267523678866300 0.2947148825905540 -0.0735365468805487
v -0.0211996945467862 0.2999154663085937 -0.0791713818636808
v -0.0145319539850408 0.3064411510120739 -0.0754439093849876
v -0.0136658859252930 0.3048657781427557 -0.0809767809781161
v 0.0075016541914506 0.3092246593128551 -0.0619586909901012
v 0.0038567421653054 0.3105368874289773 -0.0657924964211204
v 0.0148832182450728 0.3070801058682529 -0.0677304215864702
v 0.0142993164062500 0.3060179831764915 -0.0773246626420455
v 0.0126378943703391 0.3068645407936790 -0.0773246626420455
v 0.0128435030850497 0.3073014692826704 -0.0754439093849876
v 0.0070545751398260 0.3074833817915483 -0.0809767809781161
v 0.0053154373168945 0.3078721202503551 -0.0809767809781161
v 0.0181589404019442 0.3050012761896307 -0.0696721787886186
v 0.0076526607166637 0.3098127885298295 -0.0716101039539684
v 0.0056522993607955 0.3096380337801847 -0.0754439093849876
v 0.0057204784046520 0.3099954223632813 -0.0735365468805487
v 0.0038567421653054 0.3105368874289773 -0.0716101039539684
v 0.0038262384588068 0.3102954378995029 -0.0735365468805487
v 0.0241336614435369 0.2932752297141335 -0.0827337334372781
v 0.0229493505304510 0.2966813243519176 -0.0809767809781161
v 0.0206819568980824 0.2950339577414773 -0.0860747874866832
v -0.0066163323142312 0.3057765336470171 -0.0844353068958629
v -0.0057889279452237 0.3103542535955255 -0.0677304215864702
v 0.0018260574340820 0.3090320101651278 -0.0791713818636808
v -0.0078998045487837 0.3043207341974432 -0.0860747874866832
v 0.0000000000000000 0.3083745783025568 -0.0809767809781161
v -0.0049852336536754 0.3061411354758523 -0.0844353068958629
v 0.0268667671897195 0.1947777626731179 -0.0139774253151634
v 0.0004260808771307 -0.1307427701083096 -0.1136094457452947
v 0.0000000000000000 -0.1409820001775568 -0.1123227310180664
v 0.0000000000000000 -0.1376160638982599 -0.1129648173939098
v 0.0074773372303356 -0.1331939835981889 -0.1129648173939098
v 0.0049719099564986 -0.1303598438609730 -0.1133942864157937
v 0.0045189042524858 0.2914210926402699 -0.0970682594992898
v 0.0037933314930309 0.2916822953657671 -0.0970682594992898
v 0.0043362600153143 0.2933532714843750 -0.0962415001609109
v 0.0080457375266335 0.3003288407759233 -0.0905573238026012
v -0.0028708614002575 0.2861085371537642 -0.0988659980080344
v -0.0041543336348100 0.2875643366033381 -0.0983831024169922
v -0.0036716461181641 0.2878102805397727 -0.0983831024169922
v 0.0447577493840998 -0.1347374933416193 -0.0897500020807440
v 0.0060616302490234 -0.2977342640269887 -0.0687569254094904
v 0.0107785485007546 -0.2969871659712358 -0.0656748199462891
v 0.0380419436368075 -0.1441451471502131 -0.0951624644886364
v 0.0101586948741566 -0.2983044433593750 -0.0656748199462891
v 0.0097001231800426 -0.1408087158203125 -0.1114705623279918
v 0.0126481108231978 -0.1425521573153409 -0.1104116751930930
v 0.0032887649536133 -0.2979019165039062 -0.0696380268443715
v 0.0036076701771129 -0.2976851862127131 -0.0696380268443715
v 0.0035836306485263 -0.2965358109907670 -0.0699954327670011
v -0.0004939720847390 -0.3005711226029830 -0.0687569254094904
v -0.0009859952059659 -0.3005245971679688 -0.0687569254094904
v 0.0031582364169034 -0.3024397139115767 -0.0670471711592241
v 0.0039123396439986 -0.2974488414417614 -0.0696380268443715
v 0.0044723025235263 -0.2981257213245739 -0.0692246489091353
v 0.0065432392467152 -0.3030301458185369 -0.0649267474087802
v 0.0062116380171342 -0.3025076293945312 -0.0656748199462891
v 0.0068139717795632 -0.3020982776988637 -0.0656748199462891
v 0.0052646082097834 -0.3022959483753551 -0.0663825607299805
v 0.0058555221557617 -0.3019464666193182 -0.0663825607299805
v -0.0026843504472212 -0.3009812233664773 -0.0682367012717507
v -0.0028960349343040 -0.3000342074307528 -0.0687569254094904
v 0.0005454427545721 -0.3013892433860085 -0.0682367012717507
v -0.0016177160089666 -0.2976984474875710 -0.0699954327670011
v -0.0025828413529830 -0.2992431640625000 -0.0692246489091353
v -0.0022594521262429 -0.2984263749556108 -0.0696380268443715
v -0.0021681282737038 -0.2993924505060369 -0.0692246489091353
v -0.0018966640125621 -0.2985569901899858 -0.0696380268443715
v 0.0008793640136719 -0.2996805364435369 -0.0692246489091353
v 0.0007692614468661 -0.2988089821555397 -0.0696380268443715
v 0.0021681282737038 -0.2993924505060369 -0.0692246489091353
v 0.0005947633223100 -0.3021731567382813 -0.0676660329645330
v -0.0007279066606001 -0.3042893843217330 -0.0656748199462891
v -0.0029568758877841 -0.2980981722745029 -0.0696380268443715
v -0.0037594743208452 -0.2986436323686080 -0.0692246489091353
v -0.0010722697864879 -0.2968958629261363 -0.0702954483032227
v -0.0037844848632813 -0.1438228815252131 -0.1114705623279918
v -0.0081540471857244 -0.1419320123845881 -0.1114705623279918
v -0.0057322519475763 -0.1395102067427202 -0.1123227310180664
v -0.0041107004339045 -0.1365606134588068 -0.1129648173939098
v -0.0042015699906783 -0.2971938532049005 -0.0696380268443715
v -0.0068939070268111 -0.2965095936168324 -0.0687569254094904
v 0.0000000000000000 -0.1443009810014204 -0.1114705623279918
v -0.0006307116421786 -0.1306762695312500 -0.1136094457452947
v -0.0029590918801048 -0.1406081875887784 -0.1123227310180664
v -0.0063756526600231 -0.1391296941583807 -0.1123227310180664
v -0.0045720950039950 -0.1362877585671165 -0.1129648173939098
v 0.0008079251376065 -0.2969549560546875 -0.0702954483032227
v 0.0184536535089666 0.2917186667702415 -0.0905573238026012
v 0.0161877233331854 0.3022881247780540 -0.0827337334372781
v 0.0147567749023438 0.3032605812766335 -0.0827337334372781
v 0.0148832182450728 0.3070801058682529 -0.0696721787886186
v 0.0014558133212003 0.3031471391157671 -0.0891418457031250
v 0.0012834722345526 0.3004078535600142 -0.0918865481289950
v 0.0000000000000000 0.2989520263671875 -0.0931242717396129
v 0.0000000000000000 0.3004481645063921 -0.0918865481289950
v -0.0014558133212003 0.3031471391157671 -0.0891418457031250
v 0.0085103884610263 0.3061999234286222 -0.0827337334372781
v 0.0066163323142312 0.3057765336470171 -0.0844353068958629
v 0.0068489664251154 0.3066826005415483 -0.0827337334372781
v 0.0136658859252930 0.3048657781427557 -0.0809767809781161
v 0.0032040543989702 0.3053703446821733 -0.0860747874866832
v 0.0016051933982156 0.3055214899236506 -0.0860747874866832
v -0.0046156311035156 0.2849227905273438 -0.0988659980080344
v 0.0054967360063033 0.2866520274769176 -0.0983831024169922
v -0.0084704728560014 0.2861617764559659 -0.0977830678766424
v -0.0069764432040128 0.2850763216885653 -0.0983831024169922
v -0.0083816493641246 0.1816065146706321 -0.1129648173939098
v -0.0008253929831765 0.1815090110085227 -0.1136094457452947
v -0.0007294914939187 0.1815578807484020 -0.1136094457452947
v -0.0021855995871804 0.1846522660688920 -0.1133942864157937
v -0.0018896484375000 0.1847803427956321 -0.1133942864157937
v -0.0149481478604403 0.1828591364080256 -0.1114705623279918
v -0.0176818951693448 0.2928542813387784 -0.0905573238026012
v -0.0187572617964311 0.2936355868252841 -0.0891418457031250
v -0.0190051408247514 0.2875322931463068 -0.0918865481289950
v -0.0203212183172053 0.2880533669211648 -0.0905573238026012
v -0.0194401168823242 0.2863241022283381 -0.0918865481289950
v -0.0169585071910511 0.3005069524591619 -0.0844353068958629
v -0.0188525633378462 0.3000835626775568 -0.0827337334372781
v -0.0182122039794922 0.2994016612659801 -0.0844353068958629
v -0.0016051933982156 0.3055214899236506 -0.0860747874866832
v -0.0027392855557528 0.3016913119229404 -0.0905573238026012
v -0.0029058803211559 0.3030100597034801 -0.0891418457031250
v 0.0000000000000000 0.3018636530095881 -0.0905573238026012
v 0.0000000000000000 0.3031928877397017 -0.0891418457031250
v -0.0099310718883168 0.2872229836203835 -0.0970682594992898
v -0.0113524766401811 0.2882556984641335 -0.0962415001609109
v -0.0121232604980469 0.2900368707830256 -0.0953060496937145
v -0.0108121733231978 0.2889522483132102 -0.0962415001609109
v -0.0063575848666104 0.3047687877308239 -0.0860747874866832
v 0.0195759547840465 0.2924308915571733 -0.0891418457031250
v 0.0206209980357777 0.2930941217595880 -0.0876456971602006
v 0.0059747175736861 0.2927045510031960 -0.0962415001609109
v 0.0066992118141868 0.2942441905628551 -0.0953060496937145
v 0.0006574214588512 0.2904570423473011 -0.0977830678766424
v 0.0000000000000000 0.2922831032492898 -0.0970682594992898
v 0.0009180381081321 0.1814542180841619 -0.1136094457452947
v 0.0028708614002575 0.2861085371537642 -0.0988659980080344
v 0.0024821194735440 0.2862767444957386 -0.0988659980080344
v 0.0031744696877219 0.2880254294655540 -0.0983831024169922
v 0.0041107004339045 0.1874849631569602 -0.1129648173939098
v 0.0045720950039950 0.1872121082652699 -0.1129648173939098
v 0.0013860979947177 0.1810146817294034 -0.1136094457452947
v 0.0072044719349254 0.1845797174627131 -0.1129648173939098
v 0.0037419267134233 0.1835215343128551 -0.1133942864157937
v 0.0035139014504173 0.1837495561079545 -0.1133942864157937
v 0.0083816493641246 0.1816065146706321 -0.1129648173939098
v 0.0115249009565874 0.1829667247425426 -0.1123227310180664
v -0.0010694399746982 -0.1375487865101207 -0.1129648173939098
v -0.0015988818081942 -0.1374649325284091 -0.1129648173939098
v -0.0026367742365057 -0.1371984447132457 -0.1129648173939098
v -0.0024729260531339 -0.1335815152254972 -0.1133942864157937
v -0.0027504938299006 -0.1334173583984375 -0.1133942864157937
v -0.0058410956642844 -0.1353034140846946 -0.1129648173939098
v -0.0012489492242987 -0.1302561257102273 -0.1136094457452947
v -0.0013201280073686 -0.1301753928444602 -0.1136094457452947
v -0.0015013885498047 -0.1299086692116477 -0.1136094457452947
v -0.0046446401422674 -0.1312688792835582 -0.1133942864157937
v -0.0015502513538707 -0.1298127746582031 -0.1136094457452947
v -0.0013860979947177 -0.1300903320312500 -0.1136094457452947
v -0.0043340856378729 -0.1318337735262784 -0.1133942864157937
v -0.0014465956254439 -0.1300013178045099 -0.1136094457452947
v -0.0047727099331942 -0.1309729281338778 -0.1133942864157937
v -0.0144728885997425 -0.1337858026677912 -0.1114705623279918
v -0.0137693821300160 -0.1355626609108665 -0.1114705623279918
v -0.0243244934082031 -0.1337234219637784 -0.1076912619850852
v -0.0191525823419744 0.2905368596857245 -0.0905573238026012
v -0.0132846589521928 0.2884383322975853 -0.0953060496937145
v -0.0126969250765714 0.2859823608398437 -0.0962415001609109
v -0.0127290760387074 0.2892558427290483 -0.0953060496937145
v -0.0114134528420188 0.2845265336470170 -0.0970682594992898
v -0.0230241636796431 0.1891235351562500 -0.1076912619850852
v -0.0206023684414950 0.1867017433860085 -0.1091502519087358
v -0.0126647255637429 0.2919006070223721 -0.0942656048861417
v -0.0114695947820490 0.2907782814719460 -0.0953060496937145
v -0.0147788342562589 0.2978721757368608 -0.0891418457031250
v -0.0128466484763406 0.2976895141601563 -0.0905573238026012
v -0.0169013179432262 0.2958790172230114 -0.0891418457031250
v -0.0129683338512074 0.2938174993341620 -0.0931242717396129
v -0.0139925176447088 0.2949081420898437 -0.0918865481289950
v -0.0120756149291992 0.2946045476740057 -0.0931242717396129
v -0.0149614784934304 0.2959399968927557 -0.0905573238026012
v -0.0037933314930309 0.2916822953657671 -0.0403343408757990
v -0.0059137552434748 0.2907647150213068 -0.0403343408757990
v -0.0023157327825373 0.1983385398171165 -0.0077701429887251
v -0.0156003189086914 0.1899078924005682 -0.0077701429887251
v -0.0142364744706587 0.1917850563742898 -0.0077701429887251
v 0.0171791180697354 -0.1358849681507457 -0.0077701429887251
v 0.0272740832242099 -0.1342860828746449 -0.0121413490988991
v 0.0282269737937234 0.1979210038618608 -0.0159915438565341
v 0.0128487257523970 0.1881616765802557 -0.0067112593217330
v 0.0133353666825728 0.1873388117009943 -0.0067112593217330
v 0.0161911773681641 0.1889088023792614 -0.1104116751930930
v 0.0140554428100586 0.2902195046164773 -0.0942656048861417
v 0.0204993126609109 0.2969661365855824 -0.0844353068958629
v 0.0186355764215643 0.2975076016512784 -0.0860747874866832
v 0.0193940284035423 0.2982198264382102 -0.0844353068958629
v 0.0094108477505771 0.3037767167524858 -0.0860747874866832
v 0.0078998045487837 0.3043207341974432 -0.0860747874866832
v 0.0097938606955788 0.3047440962357955 -0.0844353068958629
v 0.0117110443115234 0.2984612759676847 -0.0905573238026012
v 0.0105292198874734 0.2991602117365057 -0.0905573238026012
v 0.0111695792458274 0.3003250122070312 -0.0891418457031250
v -0.0006060166792436 0.2848047429865057 -0.0992298473011364
v -0.0009060322154652 0.2847572187943892 -0.0992298473011364
v 0.0011728425459428 0.1812565751509233 -0.1136094457452947
v 0.0010694399746982 0.1884731362082742 -0.1129648173939098
v -0.0010694399746982 0.1884731362082742 -0.1129648173939098
v 0.0004260808771307 0.1816671198064631 -0.1136094457452947
v 0.0003210414539684 0.1816905905983665 -0.1136094457452947
v 0.0012765676325018 0.1849795393510298 -0.1133942864157937
v 0.0089484370838512 0.2884107832475142 -0.0970682594992898
v 0.0120780632712624 0.3056748268821023 -0.0564258193969727
v 0.0038262384588068 0.3102954378995029 -0.0638660534945401
v 0.0037806389548562 0.3099344704367898 -0.0619586909901012
v 0.0056522993607955 0.3096380337801847 -0.0619586909901012
v 0.0113277504660866 0.3040803389115767 -0.0529672934792259
v 0.0136980403553356 0.3015922962535512 -0.0513278128884055
v 0.0150263214111328 0.3006895862926136 -0.0513278128884055
v 0.0087031589854847 0.2985027798739346 -0.0455160487781871
v 0.0045764056119052 0.3039979969371449 -0.0497568997469815
v 0.0050833546031605 0.2998059914328835 -0.0455160487781871
v 0.0161630526455966 0.3054765181107955 -0.0754439093849876
v 0.0179442284323952 0.3047057273171165 -0.0735365468805487
v 0.0093058430064808 0.2997835471413352 -0.0905573238026012
v 0.0245545473965732 0.2955904041637074 -0.0582312185114080
v 0.0211482862992720 0.3025282703746449 -0.0677304215864702
v -0.0034244814786044 -0.3060571289062500 -0.0624707655473189
v -0.0015305050936612 -0.3048348444158381 -0.0649267474087802
v -0.0040330644087358 -0.3012903386896307 -0.0676660329645330
v -0.0029270692305131 -0.3017282381924716 -0.0676660329645330
v -0.0062116380171342 -0.3025076293945312 -0.0656748199462891
v -0.0049358992143111 -0.3032089510830966 -0.0656748199462891
v -0.0064084659923207 -0.3043766091086648 -0.0633215505426580
v -0.0087232624400746 -0.3047261740944602 -0.0597662284157493
v -0.0092687086625533 -0.3039235895330256 -0.0606895862926136
v -0.0096138485995206 -0.3043407925692472 -0.0588258535211737
v -0.0103245787187056 -0.3037142112038352 -0.0588258535211737
v -0.0094599463722923 -0.3041547463156960 -0.0597662284157493
v -0.0065769750421697 -0.3066964444247159 -0.0559399864890359
v -0.0058630232377486 -0.3051791936700994 -0.0624707655473189
v -0.0036161700162021 -0.3068036998401988 -0.0606895862926136
v -0.0027246891368519 -0.3070029796253551 -0.0606895862926136
v -0.0098462364890359 -0.3046216930042613 -0.0559399864890359
v -0.0098073751276190 -0.3045747236772017 -0.0569089473377575
v -0.0089721124822443 -0.3050686922940341 -0.0578721722689542
v -0.0088651795820756 -0.3049215143377131 -0.0588258535211737
v -0.0064992107044567 -0.3065311778675426 -0.0530369221080433
v -0.0075998861139471 -0.3046951571377841 -0.0493168085271662
v -0.0083368405428800 -0.3041943081942471 -0.0493168085271662
v -0.0023951339721680 -0.3052753795276988 -0.0467678035389293
v -0.0024926168268377 -0.3057863825017756 -0.0475875438343395
v -0.0082683736627752 -0.2987269731001421 -0.0438619232177734
v -0.0088409458507191 -0.2991429554332387 -0.0445265336470170
v -0.0066337932239879 -0.3047864601828835 -0.0484383288296786
v -0.0058630232377486 -0.3051791936700994 -0.0484383288296786
v -0.0070051227916371 -0.3054619251598011 -0.0502195080843839
v -0.0103245787187056 -0.3037142112038352 -0.0520832408558239
v -0.0097298119284890 -0.3044809792258523 -0.0530369221080433
v -0.0090794684670188 -0.3052164528586648 -0.0549691078879616
v -0.0090436380559748 -0.3051671530983665 -0.0540001470392401
v -0.0082442058216442 -0.3057104214754972 -0.0540001470392401
v -0.0102496545965021 -0.3011988969282671 -0.0475875438343395
v -0.0048969303477894 -0.3050878906250000 -0.0475875438343395
v -0.0056638752330433 -0.3047559980912642 -0.0475875438343395
v -0.0128844555941495 -0.2960278042879971 -0.0475875438343395
v -0.0121565489335494 -0.2966695334694602 -0.0467678035389293
v -0.0126513117009943 -0.2968303056196733 -0.0475875438343395
v -0.0113539505004883 -0.2972149935635653 -0.0459823469682173
v -0.0033081644231623 -0.3056041093306108 -0.0633215505426580
v -0.0039499005404386 -0.3048761818625710 -0.0641412908380682
v 0.0083593368530273 -0.3016214266690341 -0.0649267474087802
v 0.0073894153941761 -0.3016519165039063 -0.0656748199462891
v 0.0079356973821467 -0.3011702936345881 -0.0656748199462891
v 0.0084792535955256 -0.3029693048650568 -0.0633215505426580
v 0.0081476488980380 -0.3025684703480114 -0.0641412908380682
v 0.0071777309070934 -0.3025989324396307 -0.0649267474087802
v 0.0094599463722923 -0.3041547463156960 -0.0597662284157493
v 0.0092687086625533 -0.3039235895330256 -0.0606895862926136
v 0.0083005489002575 -0.2972829090465199 -0.0676660329645330
v 0.0090794684670188 -0.3052164528586648 -0.0559399864890359
v 0.0090436380559748 -0.3051671530983665 -0.0569089473377575
v 0.0098073751276190 -0.3045747236772017 -0.0569089473377575
v 0.0007667645541104 -0.3049070323597301 -0.0649267474087802
v 0.0007279066606001 -0.3042893843217330 -0.0656748199462891
v 0.0015305050936612 -0.3048348444158381 -0.0649267474087802
v 0.0000000000000000 -0.3055017922141335 -0.0641412908380682
v -0.0007667645541104 -0.3049070323597301 -0.0649267474087802
v 0.0000000000000000 -0.3049311135031960 -0.0649267474087802
v 0.0044953467629173 -0.3040735973011364 -0.0649267474087802
v 0.0000000000000000 -0.3043122725053267 -0.0656748199462891
v 0.0045860880071467 -0.3068341896750710 -0.0597662284157493
v 0.0044933769919656 -0.3065488503196023 -0.0606895862926136
v 0.0053528560291637 -0.3062394020774148 -0.0606895862926136
v 0.0052212871204723 -0.3059071211381392 -0.0615922858498313
v 0.0041106588190252 -0.3053709550337358 -0.0633215505426580
v 0.0066337932239879 -0.3047864601828835 -0.0624707655473189
v 0.0056638752330433 -0.3047559980912642 -0.0633215505426580
v 0.0064084659923207 -0.3043766091086648 -0.0633215505426580
v 0.0104893181540749 -0.2976555564186790 -0.0656748199462891
v 0.0103245787187056 -0.3037142112038352 -0.0588258535211737
v 0.0019131192294034 -0.3078635475852273 -0.0578721722689542
v 0.0018903177434748 -0.3076830777254971 -0.0588258535211737
v 0.0028602392023260 -0.3077135398171165 -0.0578721722689542
v 0.0056863888827237 -0.3070818259499290 -0.0549691078879616
v 0.0047545207630504 -0.3073525446111506 -0.0540001470392401
v 0.0047733584317294 -0.3074105280095881 -0.0549691078879616
v 0.0046607000177557 -0.3070638205788352 -0.0588258535211737
v 0.0037960676713423 -0.3075043556906960 -0.0578721722689542
v 0.0074122411554510 -0.3062024480646307 -0.0540001470392401
v 0.0107618470625444 -0.3005385797674006 -0.0633215505426580
v 0.0088651795820756 -0.3049215143377131 -0.0588258535211737
v 0.0096138485995206 -0.3043407925692472 -0.0588258535211737
v 0.0105741431496360 -0.3039799638227983 -0.0559399864890359
v 0.0128844555941495 -0.2960278042879971 -0.0475875438343395
v 0.0008253929831765 0.1815090110085227 -0.0045723724365234
v 0.0009180381081321 0.1814542180841619 -0.0045723724365234
v 0.0027504938299006 0.1843417080965909 -0.0047875282981179
v 0.0030172070589933 0.1841604614257812 -0.0047875282981179
v 0.0002147327769886 0.1817074307528409 -0.0045723724365234
v 0.0012765676325018 0.1849795393510298 -0.0047875282981179
v 0.0005294418334961 0.1816370877352628 -0.0045723724365234
v 0.0015862378207120 0.1848895679820668 -0.0047875282981179
v -0.0081151615489613 0.1826444036310369 -0.0052170007879084
v -0.0015502513538707 0.1807371243563565 -0.0045723724365234
v 0.0054390022971413 0.1865822531960227 -0.0052170007879084
v 0.0018896484375000 0.1847803427956321 -0.0047875282981179
v 0.0006307116421786 0.1816006192294034 -0.0045723724365234
v -0.0014465956254439 0.1809256675026633 -0.0045723724365234
v -0.0011728425459428 0.1812565751509233 -0.0045723724365234
v -0.0012489492242987 0.1811804754083807 -0.0045723724365234
v 0.0017099311135032 -0.1291908541592685 -0.0045723724365234
v 0.0016998013583097 -0.1292980124733665 -0.0045723724365234
v 0.0016594869440252 -0.1295093605735085 -0.0045723724365234
v 0.0049719099564986 -0.1303598438609730 -0.0047875282981179
v 0.0000000000000000 0.1885404135964134 -0.0052170007879084
v -0.0005357776988636 0.1885235873135653 -0.0052170007879084
v 0.0000000000000000 0.1851408108797940 -0.0047875282981179
v -0.0041107004339045 0.1874849631569602 -0.0052170007879084
v -0.0069938902421431 0.1896339000355114 -0.0058590836958452
v -0.0089447368275036 0.1923190030184659 -0.0067112593217330
v -0.0107662825150923 0.1850738525390625 -0.0058590836958452
v -0.0084655033458363 0.1810770763050426 -0.0052170007879084
v -0.0016829646717418 0.1803286743164063 -0.0045723724365234
v -0.0243244934082031 -0.1337234219637784 -0.0104905561967330
v -0.0305985918912021 -0.1310083840110085 -0.0139774253151634
v -0.0331676760586825 -0.1332733293013139 -0.0159915438565341
v -0.0272740832242099 -0.1342860828746449 -0.0121413490988991
v -0.0268935775756836 -0.1359883811257102 -0.0121413490988991
v -0.0230241636796431 -0.1381991854580966 -0.0104905561967330
v -0.0264069331776012 -0.1376634077592329 -0.0121413490988991
v -0.0161911773681641 -0.1379844526811080 -0.0077701429887251
v -0.0209081892533736 -0.1423520174893466 -0.0104905561967330
v -0.0015502513538707 -0.1298127746582031 -0.0045723724365234
v -0.0011728425459428 -0.1303322254527699 -0.0045723724365234
v 0.0002147327769886 -0.1307830810546875 -0.0045723724365234
v 0.0053528560291637 -0.3062394020774148 -0.0502195080843839
v 0.0044933769919656 -0.3065488503196023 -0.0502195080843839
v 0.0045860880071467 -0.3068341896750710 -0.0511428659612482
v 0.0038263286243786 -0.3076222090287642 -0.0540001470392401
v 0.0028830406882546 -0.3078330577503551 -0.0540001470392401
v 0.0018903177434748 -0.3076830777254971 -0.0520832408558239
v 0.0019131192294034 -0.3078635475852273 -0.0530369221080433
v 0.0046607000177557 -0.3070638205788352 -0.0520832408558239
v 0.0074502563476562 -0.2997159090909091 -0.0438619232177734
v 0.0054423765702681 -0.3042852783203125 -0.0467678035389293
v 0.0075131607055664 -0.3030606079101563 -0.0467678035389293
v 0.0072984522039240 -0.2987574629350142 -0.0432430614124645
v 0.0060390299016779 -0.3055532282049006 -0.0493168085271662
v 0.0050691119107333 -0.3055227661132813 -0.0484383288296786
v 0.0052212871204723 -0.3059071211381392 -0.0493168085271662
v 0.0027246891368519 -0.3070029796253551 -0.0502195080843839
v 0.0000000000000000 -0.3064897294477983 -0.0484383288296786
v 0.0056191531094638 -0.3069120094992898 -0.0530369221080433
v 0.0064992107044567 -0.3065311778675426 -0.0530369221080433
v 0.0092687086625533 -0.3039235895330256 -0.0502195080843839
v 0.0056638752330433 -0.3047559980912642 -0.0475875438343395
v 0.0058630232377486 -0.3051791936700994 -0.0484383288296786
v 0.0041106588190252 -0.3053709550337358 -0.0475875438343395
v 0.0082768700339577 -0.3057619129527699 -0.0559399864890359
v 0.0046446401422674 -0.1312688792835582 -0.0047875282981179
v 0.0100464213978161 -0.1354589288884943 -0.0058590836958452
v 0.0043340856378729 -0.1318337735262784 -0.0047875282981179
v 0.0013201280073686 -0.1301753928444602 -0.0045723724365234
v 0.0168554722179066 0.1618258112127131 -0.0072151045365767
v 0.0150976978648793 0.1819149086692116 -0.0067112593217330
v -0.0105741431496360 -0.3039799638227983 -0.0559399864890359
v -0.0509160891446200 -0.1355154696377841 -0.0775675236095082
v -0.0461179559881037 -0.1378807484019886 -0.0868568038940430
v 0.0447577493840998 0.1856618430397727 -0.0897500020807440
v 0.0261922870982777 0.2885180109197443 -0.0827337334372781
v -0.0112010851773349 -0.2988774802468040 -0.0641412908380682
v -0.0335384819724343 -0.1423621021617543 -0.1000060549649325
v 0.0134688706831499 0.1926557367498224 -0.0077701429887251
v 0.0065775299072266 0.2903721479936079 -0.0403343408757990
v 0.0116074059226296 0.1982979791814631 -0.0090315662730824
v 0.0036330829967152 0.1877283269708807 -0.0052170007879084
v 0.0050154460560192 0.1869108026677912 -0.0052170007879084
v 0.0036769069324840 0.1913239912553267 -0.0058590836958452
v 0.0026367742365057 0.1881227944113991 -0.0052170007879084
v 0.0031411257657138 0.1879412148215554 -0.0052170007879084
v 0.0167181396484375 0.1878745893998580 -0.0077701429887251
v 0.0000000000000000 0.1984842473810369 -0.0077701429887251
v -0.0270724764737216 0.2948908580433239 -0.0696721787886186
v -0.0235226509787820 0.2994672463156960 -0.0735365468805487
v -0.0460542470758612 -0.1109014615145597 -0.0883178225430575
v -0.0460542470758612 0.1618258112127131 -0.0883178225430575
v -0.0293817866932262 0.2895543601296165 -0.0696721787886186
v -0.0349382990056818 0.1889782576127486 -0.0181757632168857
v -0.0292269134521484 -0.1109014615145597 -0.0130366654829545
v -0.0291585298018022 -0.1385574618252841 -0.0139774253151634
v -0.0292269134521484 0.1618258112127131 -0.0130366654829545
v -0.0396297212080522 0.1901828141645952 -0.0230193536931818
v -0.0333653224598278 0.1821067948774858 -0.0159915438565341
v -0.0397619247436523 -0.1109014615145597 -0.0217519794810902
v -0.0397619247436523 0.1618258112127131 -0.0217519794810902
v -0.0349382990056818 -0.1380539079145952 -0.0181757632168857
v -0.0328391335227273 -0.1353476784446023 -0.0159915438565341
v -0.0304173348166726 -0.1329258866743608 -0.0139774253151634
v -0.0317950474132191 -0.1394141179865057 -0.0159915438565341
v -0.0212789050015536 0.1840668002041903 -0.0090315662730824
v -0.0183309173583984 0.1823233587091619 -0.0077701429887251
v -0.0166011012684215 0.2891341608220881 -0.0442783286354759
v -0.0095467203313654 0.3093894264914773 -0.0677304215864702
v -0.0076829840920188 0.3099308915571733 -0.0696721787886186
v -0.0051656827059659 0.2930546431107954 -0.0411611002141779
v -0.0078998045487837 0.3043207341974432 -0.0513278128884055
v -0.0143554618141868 0.2997662353515625 -0.0497568997469815
v -0.0162953012639826 0.2997052556818182 -0.0513278128884055
v -0.0155677864768288 0.2988258500532671 -0.0497568997469815
v -0.0053154373168945 0.3078721202503551 -0.0564258193969727
v 0.0000000000000000 0.3107795576615767 -0.0657924964211204
v -0.0019321823120117 0.3107188276811080 -0.0657924964211204
v 0.0019321823120117 0.3107188276811080 -0.0716101039539684
v 0.0019398394497958 0.3108405095880682 -0.0677304215864702
v 0.0019321823120117 0.3107188276811080 -0.0657924964211204
v 0.0035553221269087 0.3081509121981534 -0.0564258193969727
v 0.0054493782737038 0.3085742742365057 -0.0582312185114080
v 0.0073815640536222 0.3087569358132102 -0.0600779377330433
v -0.0016705252907493 0.3065598921342330 -0.0529672934792259
v 0.0089906935258345 0.3027155373313210 -0.0497568997469815
v 0.0136279470270330 0.2987648981267756 -0.0482607512040572
v 0.0147788342562589 0.2978721757368608 -0.0482607512040572
v 0.0011895266446200 0.2989146562056108 -0.0442783286354759
v -0.0008811014348810 0.2940123679421165 -0.0411611002141779
v 0.0051656827059659 0.2930546431107954 -0.0411611002141779
v 0.0172585227272727 0.2909602217240767 -0.0455160487781871
v 0.0159952857277610 0.2901585526899858 -0.0442783286354759
v 0.0078246827559038 0.2894660533558239 -0.0403343408757990
v 0.0187572617964311 0.2936355868252841 -0.0482607512040572
v 0.0188182241266424 0.2955754228071733 -0.0497568997469815
v 0.0197585990212180 0.2943630981445313 -0.0497568997469815
v -0.0228702233054421 0.2989275290749290 -0.0600779377330433
v -0.0482171249389648 0.1860988686301492 -0.0343277913873846
v -0.0204993126609109 0.2969661365855824 -0.0529672934792259
v -0.0193940284035423 0.2982198264382102 -0.0529672934792259
v -0.0259815840287642 0.2964960549094460 -0.0716101039539684
v -0.0087031589854847 0.2985027798739346 -0.0455160487781871
v -0.0155827886408026 0.3045621837269176 -0.0791713818636808
v -0.0117658545754173 0.3014096346768466 -0.0876456971602006
v -0.0130864819613370 0.3006286343661221 -0.0876456971602006
v -0.0111695792458274 0.3003250122070312 -0.0891418457031250
v -0.0156378798051314 0.3015313165838068 -0.0844353068958629
v -0.0120780632712624 0.3056748268821023 -0.0809767809781161
v 0.0076526607166637 0.3098127885298295 -0.0657924964211204
v 0.0057660813765092 0.3102344859730113 -0.0716101039539684
v 0.0113727777654474 0.3087319946289063 -0.0696721787886186
v 0.0196924729780717 0.3038117287375710 -0.0696721787886186
v 0.0159043051979759 0.3050688032670454 -0.0773246626420455
v 0.0145319539850408 0.3064411510120739 -0.0754439093849876
v -0.0113278961181641 0.3086186356977983 -0.0716101039539684
v -0.0095467203313654 0.3093894264914773 -0.0696721787886186
v -0.0019169027155096 0.3104759355024858 -0.0735365468805487
v -0.0019321823120117 0.3107188276811080 -0.0716101039539684
v 0.0000000000000000 0.3105361661044034 -0.0735365468805487
v 0.0188525633378462 0.3000835626775568 -0.0827337334372781
v 0.0175547825206410 0.3012277221679687 -0.0827337334372781
v 0.0218571160056374 0.2980894054066051 -0.0809767809781161
v 0.0224078854647550 0.2985450605912642 -0.0791713818636808
v 0.0214020122181286 0.2917734874378551 -0.0876456971602006
v -0.0017292612249201 0.3074934803355824 -0.0827337334372781
v -0.0126378943703391 0.3068645407936790 -0.0773246626420455
v -0.0142993164062500 0.3060179831764915 -0.0773246626420455
v -0.0128435030850497 0.3073014692826704 -0.0754439093849876
v 0.0033344580910423 0.3064025878906250 -0.0844353068958629
v -0.0055618147416548 0.3091636796431108 -0.0773246626420455
v 0.0213939874822443 0.1977062710848722 -0.0121413490988991
v 0.0190803077004173 0.1957922363281250 -0.0104905561967330
v 0.0224630806662820 0.1963280140269886 -0.0121413490988991
v 0.0161911773681641 0.1889088023792614 -0.0077701429887251
v 0.0245678502863104 0.1831112670898437 -0.0104905561967330
v 0.0096262671730735 -0.1360771734064276 -0.1123227310180664
v 0.0100464213978161 -0.1354589288884943 -0.1123227310180664
v -0.0032554661143910 0.2970733920010654 -0.0942656048861417
v -0.0035498254949396 0.2986164717240767 -0.0931242717396129
v -0.0023743612116033 0.2988026566938921 -0.0931242717396129
v 0.0000000000000000 0.2940400557084517 -0.0962415001609109
v -0.0009879441694780 0.2957105879350142 -0.0953060496937145
v 0.0000000000000000 0.2957416326349432 -0.0953060496937145
v 0.0026294153386896 0.2937915039062500 -0.0962415001609109
v 0.0019719938798384 0.2956175648082386 -0.0953060496937145
v 0.0029482581398704 0.2954629516601562 -0.0953060496937145
v -0.0069738977605646 0.2976216819069602 -0.0931242717396129
v -0.0063164763017134 0.2994477428089489 -0.0918865481289950
v 0.0084306994351474 0.2932922918146307 -0.0953060496937145
v 0.0075189521095969 0.2918556074662642 -0.0962415001609109
v 0.0048620744185014 0.2949715631658381 -0.0953060496937145
v 0.0039128875732422 0.2952473310990767 -0.0953060496937145
v 0.0053687008944425 0.2965307894620028 -0.0942656048861417
v -0.0042978980324485 0.2852028864080255 -0.0988659980080344
v 0.0041543336348100 0.2875643366033381 -0.0983831024169922
v 0.0036716461181641 0.2878102805397727 -0.0983831024169922
v 0.0044579419222745 0.2894812289151278 -0.0977830678766424
v 0.0086292613636364 -0.2981959394975142 -0.0670471711592241
v 0.0107923264936967 -0.2995686756480824 -0.0641412908380682
v 0.0112010851773349 -0.2988774802468040 -0.0641412908380682
v 0.0103104990178888 -0.2992628895152699 -0.0649267474087802
v 0.0088409458507191 -0.2991429554332387 -0.0663825607299805
v 0.0016277313232422 -0.3012525246360085 -0.0682367012717507
v 0.0014741273359819 -0.3004473044655540 -0.0687569254094904
v 0.0021603046764027 -0.3011334783380682 -0.0682367012717507
v 0.0059464818781072 -0.2990520130504261 -0.0682367012717507
v 0.0063323627818714 -0.2986661321466619 -0.0682367012717507
v 0.0037623318758878 -0.3022222068093040 -0.0670471711592241
v 0.0023556379838423 -0.3018942538174716 -0.0676660329645330
v 0.0000000000000000 -0.2997358564897017 -0.0692246489091353
v 0.0019271469116211 -0.2975870583274148 -0.0699954327670011
v 0.0015872331099077 -0.2967285433682528 -0.0702954483032227
v 0.0009859952059659 -0.3005245971679688 -0.0687569254094904
v 0.0022295969182795 -0.1407712346857244 -0.1123227310180664
v -0.0015263921564276 -0.2986645507812500 -0.0696380268443715
v -0.0016277313232422 -0.3012525246360085 -0.0682367012717507
v -0.0021603046764027 -0.3011334783380682 -0.0682367012717507
v -0.0014741273359819 -0.3004473044655540 -0.0687569254094904
v -0.0044953467629173 -0.3040735973011364 -0.0649267474087802
v -0.0023951339721680 -0.3052753795276988 -0.0641412908380682
v -0.0048029292713512 -0.2978342507102273 -0.0692246489091353
v -0.0117774339155717 -0.1433197576349432 -0.1104116751930930
v 0.0036769069324840 -0.1403996415571733 -0.1123227310180664
v 0.0003853884610263 -0.2988452703302557 -0.0696380268443715
v 0.0000000000000000 -0.2988573941317472 -0.0696380268443715
v -0.0013019006902521 -0.2977902221679687 -0.0699954327670011
v -0.0043802087957209 -0.1401464288884943 -0.1123227310180664
v 0.0129984214089134 0.3076306984641335 -0.0735365468805487
v 0.0091721794821999 0.3082366943359375 -0.0773246626420455
v 0.0140102490511808 0.3054921653053977 -0.0791713818636808
v 0.0155827886408026 0.3045621837269176 -0.0791713818636808
v 0.0087658726085316 0.3069862227006392 -0.0809767809781161
v 0.0132675899158825 0.3041412908380682 -0.0827337334372781
v 0.0016705252907493 0.3065598921342330 -0.0844353068958629
v 0.0000000000000000 0.3066123823686079 -0.0844353068958629
v -0.0032720114968040 0.1839628184925426 -0.1133942864157937
v -0.0050154460560192 0.1869108026677912 -0.1129648173939098
v -0.0030172070589933 0.1841604614257812 -0.1133942864157937
v -0.0066444119540128 0.2855043723366477 -0.0983831024169922
v -0.0080673356489702 0.2866815185546875 -0.0977830678766424
v -0.0036128685691140 0.2857006003639915 -0.0988659980080344
v -0.0032482736760920 0.2859162209250710 -0.0988659980080344
v -0.0075567072088068 0.2841619595614346 -0.0983831024169922
v -0.0079335854270241 0.1831487482244318 -0.1129648173939098
v -0.0015502513538707 0.1807371243563565 -0.1136094457452947
v -0.0026367742365057 0.1881227944113991 -0.1129648173939098
v -0.0010070592706854 0.1813937239213423 -0.1136094457452947
v -0.0009180381081321 0.1814542180841619 -0.1136094457452947
v -0.0116879619251598 0.1822372297807173 -0.1123227310180664
v -0.0181493412364613 0.1834697931463068 -0.1104116751930930
v -0.0172585227272727 0.2909602217240767 -0.0918865481289950
v -0.0193940284035423 0.2982198264382102 -0.0844353068958629
v -0.0186355764215643 0.2975076016512784 -0.0860747874866832
v -0.0204993126609109 0.2969661365855824 -0.0844353068958629
v -0.0200759402188388 0.2988601962002841 -0.0827337334372781
v 0.0009879441694780 0.2957105879350142 -0.0953060496937145
v -0.0004233689741655 0.2867369218306108 -0.0988659980080344
v -0.0005414650656960 0.2886139748313210 -0.0983831024169922
v 0.0000000000000000 0.2867502385919744 -0.0988659980080344
v -0.0021774742820046 0.2972441239790483 -0.0942656048861417
v -0.0067538833618164 0.3007939564098011 -0.0905573238026012
v -0.0124232760342685 0.2995835737748579 -0.0891418457031250
v 0.0102118786898526 0.2940630826083097 -0.0942656048861417
v 0.0025908522172408 0.2840901600230824 -0.0992298473011364
v 0.0094584170254794 0.2878323086825284 -0.0970682594992898
v 0.0094736099243164 0.2844655817205256 -0.0977830678766424
v 0.0043340856378729 0.1827581232244318 -0.1133942864157937
v 0.0116879619251598 0.1822372297807173 -0.1123227310180664
v -0.0003223141756925 -0.1342063210227273 -0.1133942864157937
v -0.0015862378207120 -0.1339652182839134 -0.1133942864157937
v -0.0062201343883168 -0.1349243718927557 -0.1129648173939098
v -0.0039551821621982 -0.1323552911931818 -0.1133942864157937
v -0.0037419267134233 -0.1325971846147017 -0.1133942864157937
v -0.0016294583407315 -0.1296127180619673 -0.1136094457452947
v -0.0015929967706854 -0.1297139948064631 -0.1136094457452947
v -0.0183309173583984 -0.1313990090110085 -0.1104116751930930
v -0.0180171931873668 0.2858617609197443 -0.0931242717396129
v -0.0017587280273438 0.2939294156161222 -0.0962415001609109
v -0.0026294153386896 0.2937915039062500 -0.0962415001609109
v -0.0019719938798384 0.2956175648082386 -0.0953060496937145
v -0.0092482168024237 0.2927367054332387 -0.0953060496937145
v -0.0093091791326349 0.2946765414151278 -0.0942656048861417
v -0.0084306994351474 0.2932922918146307 -0.0953060496937145
v -0.0136279470270330 0.2987648981267756 -0.0891418457031250
v -0.0167186737060547 0.2978111960671165 -0.0876456971602006
v -0.0110742742365057 0.2933941372958097 -0.0942656048861417
v -0.0054390022971413 0.1865822531960227 -0.0052170007879084
v -0.0075845302234996 0.1891757479580966 -0.0058590836958452
v -0.0157913624156605 0.1948367032137784 -0.0090315662730824
v -0.0073311788385565 0.1933429926091974 -0.0067112593217330
v -0.0031411257657138 0.1879412148215554 -0.0052170007879084
v -0.0043802087957209 0.1910707785866477 -0.0058590836958452
v -0.0050662266124379 0.1907739119096236 -0.0058590836958452
v -0.0006307116421786 0.1816006192294034 -0.0045723724365234
v 0.0000000000000000 0.1919063498757102 -0.0058590836958452
v 0.0007471257990057 0.1918828790838068 -0.0058590836958452
v 0.0156003189086914 0.1899078924005682 -0.0077701429887251
v 0.0069938902421431 0.1896339000355114 -0.0058590836958452
v 0.0171791180697354 0.1868093178488991 -0.0077701429887251
v 0.0117774339155717 0.1942441073330966 -0.0077701429887251
v 0.0215236975929954 0.2956455022638494 -0.0844353068958629
v 0.0200759402188388 0.2988601962002841 -0.0827337334372781
v 0.0103987953879616 0.3021061845259233 -0.0876456971602006
v 0.0117658545754173 0.3014096346768466 -0.0876456971602006
v 0.0128466484763406 0.2976895141601563 -0.0905573238026012
v 0.0108847531405362 0.3031388993696733 -0.0860747874866832
v 0.0089906935258345 0.3027155373313210 -0.0876456971602006
v 0.0075471115112305 0.3032352516867898 -0.0876456971602006
v 0.0060737436467951 0.3036633023348722 -0.0876456971602006
v -0.0016594869440252 0.1804337102716619 -0.1136094457452947
v -0.0041528285633434 0.1830248329856179 -0.1133942864157937
v -0.0015013885498047 0.1808330189098011 -0.1136094457452947
v -0.0043340856378729 0.1827581232244318 -0.1133942864157937
v -0.0014465956254439 0.1809256675026633 -0.1136094457452947
v 0.0076323595913974 0.2871748768199574 -0.0977830678766424
v 0.0211482862992720 0.3025282703746449 -0.0696721787886186
v 0.0225206375122070 0.3011559226296165 -0.0696721787886186
v 0.0225206375122070 0.3011559226296165 -0.0677304215864702
v 0.0117110443115234 0.2984612759676847 -0.0468452731045810
v 0.0047902714122425 0.3051191295276989 -0.0513278128884055
v 0.0030610101873224 0.3042380315607244 -0.0497568997469815
v 0.0085350591486151 0.3015647194602273 -0.0482607512040572
v 0.0142555375532670 0.3024707586115057 -0.0844353068958629
v 0.0128169354525479 0.3033215609463779 -0.0844353068958629
v -0.0024310372092507 -0.3002016102183949 -0.0687569254094904
v -0.0019564437866211 -0.3003394941850142 -0.0687569254094904
v -0.0037735540216619 -0.3043334683504972 -0.0649267474087802
v -0.0056638752330433 -0.3047559980912642 -0.0633215505426580
v -0.0090408880060369 -0.3036482100053267 -0.0615922858498313
v -0.0085469159212979 -0.3044834761186079 -0.0502195080843839
v -0.0081476488980380 -0.3025684703480114 -0.0467678035389293
v -0.0084792535955256 -0.3029693048650568 -0.0475875438343395
v -0.0075131607055664 -0.3030606079101563 -0.0467678035389293
v -0.0084201778065075 -0.2996854192560369 -0.0445265336470170
v -0.0079661768132990 -0.3002003895152699 -0.0445265336470170
v -0.0107618470625444 -0.3005385797674006 -0.0475875438343395
v -0.0078189399025657 -0.3034815007990057 -0.0475875438343395
v -0.0098488166115501 -0.3008672818270597 -0.0467678035389293
v -0.0017776593295011 -0.3067912708629261 -0.0615922858498313
v 0.0084506572376598 -0.3006553511186080 -0.0656748199462891
v 0.0074807392467152 -0.3006858132102272 -0.0663825607299805
v 0.0077838932384144 -0.3021287675337358 -0.0649267474087802
v 0.0058829255537553 -0.3034206598455256 -0.0649267474087802
v 0.0054423765702681 -0.3042852783203125 -0.0641412908380682
v 0.0050754581798207 -0.3007172740589489 -0.0676660329645330
v 0.0046545895663175 -0.3000540993430398 -0.0682367012717507
v 0.0037899572199041 -0.2996135642311790 -0.0687569254094904
v 0.0014529384266246 -0.3042208584872159 -0.0656748199462891
v 0.0013696427778764 -0.3035614845969460 -0.0663825607299805
v 0.0008025949651545 -0.3054765735973011 -0.0641412908380682
v 0.0039499005404386 -0.3048761818625710 -0.0641412908380682
v 0.0030368700894442 -0.3045474798029119 -0.0649267474087802
v 0.0037735540216619 -0.3043334683504972 -0.0649267474087802
v 0.0019283710826527 -0.3079842862215909 -0.0569089473377575
v 0.0009660894220526 -0.3080752286044034 -0.0569089473377575
v 0.0056191531094638 -0.3069120094992898 -0.0578721722689542
v 0.0064992107044567 -0.3065311778675426 -0.0578721722689542
v 0.0047169182517312 -0.3072368275035511 -0.0578721722689542
v 0.0080938616665927 -0.3038598910245028 -0.0624707655473189
v 0.0061912051114169 -0.3058766313032670 -0.0606895862926136
v 0.0025802577625621 -0.3062458385120739 -0.0624707655473189
v 0.0034244814786044 -0.3060571289062500 -0.0624707655473189
v 0.0098488166115501 -0.3008672818270597 -0.0641412908380682
v 0.0058630232377486 -0.3051791936700994 -0.0624707655473189
v 0.0009584496238015 -0.3079537963867188 -0.0578721722689542
v 0.0116569588401101 -0.2991281127929687 -0.0633215505426580
v 0.0087499861283736 -0.3020374367453835 -0.0641412908380682
v 0.0123113736239347 0.1889523592862216 -0.0067112593217330
v 0.0091681220314719 0.1875921630859375 -0.0058590836958452
v 0.0096262671730735 0.1870015231045810 -0.0058590836958452
v 0.0010070592706854 0.1813937239213423 -0.0045723724365234
v 0.0010921062122692 0.1813277643377131 -0.0045723724365234
v 0.0032720114968040 0.1839628184925426 -0.0047875282981179
v -0.0010921062122692 0.1813277643377131 -0.0045723724365234
v -0.0062201343883168 0.1858487215909091 -0.0052170007879084
v -0.0065746238014915 0.1854466386274858 -0.0052170007879084
v -0.0047727099331942 0.1818972778320312 -0.0047875282981179
v -0.0079335854270241 0.1831487482244318 -0.0052170007879084
v -0.0003223141756925 0.1851306707208807 -0.0047875282981179
v -0.0001075779307972 0.1817175570401278 -0.0045723724365234
v 0.0010694399746982 0.1884731362082742 -0.0052170007879084
v 0.0006433556296609 0.1851003334738991 -0.0047875282981179
v 0.0009618620439009 0.1850498823686079 -0.0047875282981179
v -0.0069031698053533 0.1850230823863636 -0.0052170007879084
v -0.0007471257990057 0.1918828790838068 -0.0058590836958452
v -0.0018896484375000 0.1847803427956321 -0.0047875282981179
v -0.0009180381081321 0.1814542180841619 -0.0045723724365234
v -0.0081452352350408 0.1886814186789773 -0.0058590836958452
v -0.0086737927523526 0.1881528680974787 -0.0058590836958452
v -0.0100464213978161 0.1863832785866477 -0.0058590836958452
v -0.0243244934082031 0.1846477716619318 -0.0104905561967330
v -0.0110631491921165 0.1843878451260653 -0.0058590836958452
v -0.0212789050015536 -0.1331424505060369 -0.0090315662730824
v -0.0209820383245295 -0.1344705477627841 -0.0090315662730824
v -0.0171791180697354 -0.1358849681507457 -0.0077701429887251
v 0.0037960676713423 -0.3075043556906960 -0.0530369221080433
v 0.0087232624400746 -0.3047261740944602 -0.0511428659612482
v 0.0066337932239879 -0.3047864601828835 -0.0484383288296786
v 0.0047733584317294 -0.3074105280095881 -0.0559399864890359
v 0.0096138485995206 -0.3043407925692472 -0.0520832408558239
v 0.0061912051114169 -0.3058766313032670 -0.0502195080843839
v 0.0103245787187056 -0.3037142112038352 -0.0520832408558239
v 0.0034244814786044 -0.3060571289062500 -0.0484383288296786
v 0.0042551942305131 -0.3058157903497870 -0.0484383288296786
v 0.0043829345703125 -0.3062089399857955 -0.0493168085271662
v 0.0097298119284890 -0.3044809792258523 -0.0578721722689542
v 0.0098462364890359 -0.3046216930042613 -0.0559399864890359
v 0.0105324103615501 -0.3039355191317472 -0.0540001470392401
v 0.0098073751276190 -0.3045747236772017 -0.0540001470392401
v 0.0098462364890359 -0.3046216930042613 -0.0549691078879616
v 0.0094599463722923 -0.3041547463156960 -0.0511428659612482
v 0.0105741431496360 -0.3039799638227983 -0.0549691078879616
v 0.0090794684670188 -0.3052164528586648 -0.0549691078879616
v 0.0081790057095614 -0.3056076882102273 -0.0578721722689542
v 0.0073536196621982 -0.3060958307439631 -0.0578721722689542
v 0.0074122411554510 -0.3062024480646307 -0.0569089473377575
v 0.0082442058216442 -0.3057104214754972 -0.0569089473377575
v 0.0015929967706854 -0.1297139948064631 -0.0045723724365234
v 0.0009180381081321 -0.1305298683860085 -0.0045723724365234
v 0.0015502513538707 -0.1298127746582031 -0.0045723724365234
v -0.0512194962935014 -0.1323057417436080 -0.0775675236095082
v 0.0277411755648526 -0.1421372847123580 -0.1042043928666548
v 0.0038161780617454 -0.2963032670454546 -0.0699954327670011
v 0.0036986333673651 -0.3005796397816051 -0.0682367012717507
v 0.0033496059070934 -0.2998379239169034 -0.0687569254094904
v 0.0104172273115678 -0.1401765025745739 -0.1114705623279918
v 0.0099002630060369 0.1956079517711293 -0.0077701429887251
v 0.0110932228781960 0.1904248601740057 -0.0067112593217330
v 0.0086737927523526 0.1881528680974787 -0.0058590836958452
v 0.0097001231800426 0.1917330655184659 -0.0067112593217330
v 0.0043802087957209 0.1910707785866477 -0.0058590836958452
v -0.0272938364202326 0.2928511463512074 -0.0754439093849876
v -0.0423359541459517 0.1880836348100142 -0.0925222015380859
v -0.0293817866932262 0.2895543601296165 -0.0677304215864702
v -0.0280464276400479 0.2911120050603693 -0.0619586909901012
v -0.0287243617664684 0.2913804210316051 -0.0696721787886186
v -0.0287243617664684 0.2913804210316051 -0.0677304215864702
v -0.0296958784623580 0.1876322382146662 -0.0139774253151634
v -0.0320610115744851 0.1618258112127131 -0.0149627130681818
v -0.0147396018288352 0.1837921142578125 -0.0067112593217330
v -0.0328391335227273 0.1862720281427557 -0.0159915438565341
v -0.0447577493840998 -0.1347374933416193 -0.0284318161010742
v -0.0054493782737038 0.3085742742365057 -0.0791713818636808
v -0.0073815640536222 0.3087569358132102 -0.0773246626420455
v 0.0000000000000000 0.2973811201615767 -0.0431369920210405
v -0.0071646360917525 0.3020581054687500 -0.0482607512040572
v -0.0136279470270330 0.2987648981267756 -0.0482607512040572
v -0.0075471115112305 0.3032352516867898 -0.0497568997469815
v 0.0000000000000000 0.3109014615145597 -0.0677304215864702
v 0.0000000000000000 0.3083745783025568 -0.0564258193969727
v 0.0093091791326349 0.2946765414151278 -0.0431369920210405
v 0.0202404646439986 0.1990146983753551 -0.0121413490988991
v 0.0130292927135121 0.2957573353160511 -0.0455160487781871
v 0.0120756149291992 0.2946045476740057 -0.0442783286354759
v 0.0139925176447088 0.2949081420898437 -0.0455160487781871
v 0.0169013179432262 0.2958790172230114 -0.0482607512040572
v 0.0158713947642933 0.2969089577414773 -0.0482607512040572
v -0.0169585071910511 0.3005069524591619 -0.0529672934792259
v -0.0182122039794922 0.2994016612659801 -0.0529672934792259
v -0.0244037524136630 0.2977379816228693 -0.0754439093849876
v -0.0246981117942116 0.2979518543590199 -0.0735365468805487
v -0.0163580114191229 0.3057837191495029 -0.0735365468805487
v -0.0192277006669478 0.3032499278675426 -0.0754439093849876
v -0.0150263214111328 0.3006895862926136 -0.0860747874866832
v -0.0136980403553356 0.3015922962535512 -0.0860747874866832
v -0.0107057120583274 0.3070471746271307 -0.0791713818636808
v -0.0091721794821999 0.3082366943359375 -0.0773246626420455
v 0.0148244823109020 0.3069732666015625 -0.0716101039539684
v 0.0163580114191229 0.3057837191495029 -0.0735365468805487
v -0.0018940561467951 0.3101128040660511 -0.0754439093849876
v -0.0019398394497958 0.3108405095880682 -0.0696721787886186
v 0.0212200893055309 0.2975624223188921 -0.0827337334372781
v -0.0104425742409446 0.3063825572620739 -0.0809767809781161
v -0.0140102490511808 0.3054921653053977 -0.0791713818636808
v -0.0034517010775479 0.3073306551846591 -0.0827337334372781
v -0.0111043652621183 0.3080540605024858 -0.0754439093849876
v -0.0112383062189276 0.3083923617276279 -0.0735365468805487
v -0.0018260574340820 0.3090320101651278 -0.0791713818636808
v 0.0017292612249201 0.3074934803355824 -0.0827337334372781
v 0.0054493782737038 0.3085742742365057 -0.0791713818636808
v 0.0248037268898704 0.1980285921963778 -0.0139774253151634
v 0.0127290760387074 0.2892558427290483 -0.0420965472134677
v 0.0038542938232422 0.2897424593838778 -0.0977830678766424
v 0.0032354320179332 0.2899652654474432 -0.0977830678766424
v 0.0032482736760920 0.2859162209250710 -0.0988659980080344
v -0.0010908889770508 0.2973468295010653 -0.0942656048861417
v -0.0011895266446200 0.2989146562056108 -0.0931242717396129
v 0.0063164763017134 0.2994477428089489 -0.0918865481289950
v 0.0050833546031605 0.2998059914328835 -0.0918865481289950
v 0.0047112794355913 0.2983568503639915 -0.0931242717396129
v 0.0109525923295455 0.2972661521218040 -0.0918865481289950
v -0.0045189042524858 0.2914210926402699 -0.0970682594992898
v -0.0059747175736861 0.2927045510031960 -0.0962415001609109
v -0.0051656827059659 0.2930546431107954 -0.0962415001609109
v -0.0034897232055664 0.2935992154208096 -0.0962415001609109
v -0.0039128875732422 0.2952473310990767 -0.0953060496937145
v 0.0017799724232067 0.2845033125443892 -0.0992298473011364
v -0.0025908522172408 0.2840901600230824 -0.0992298473011364
v -0.0057920733365146 0.2946367298473012 -0.0953060496937145
v -0.0014941718361594 0.2846062122691762 -0.0992298473011364
v 0.0000000000000000 0.2848428899591619 -0.0992298473011364
v 0.0069657759232955 -0.3011398315429688 -0.0663825607299805
v 0.0055676165494052 -0.3003828014026989 -0.0676660329645330
v 0.0118845436789773 -0.2974250654740767 -0.0641412908380682
v 0.0026133207841353 -0.2982732321999290 -0.0696380268443715
v 0.0033800853382457 -0.2988679920543324 -0.0692246489091353
v 0.0024310372092507 -0.3002016102183949 -0.0687569254094904
v 0.0019564437866211 -0.3003394941850142 -0.0687569254094904
v 0.0028960349343040 -0.3000342074307528 -0.0687569254094904
v 0.0021722412109375 -0.3041069169477983 -0.0656748199462891
v 0.0031787906993519 -0.3051002363725142 -0.0641412908380682
v 0.0060073262994940 -0.3009880204634233 -0.0670471711592241
v 0.0065146463567560 -0.3005945101651278 -0.0670471711592241
v 0.0013323801214045 -0.2968202903053977 -0.0702954483032227
v 0.0004405489834872 -0.2997220126065341 -0.0692246489091353
v 0.0002707325328480 -0.2970228160511363 -0.0702954483032227
v 0.0000000000000000 -0.2970313332297585 -0.0702954483032227
v -0.0003287089954723 -0.2979443636807528 -0.0699954327670011
v 0.0003287089954723 -0.2979443636807528 -0.0699954327670011
v -0.0033496059070934 -0.2998379239169034 -0.0687569254094904
v -0.0023556379838423 -0.3018942538174716 -0.0676660329645330
v 0.0000000000000000 -0.3036476551402699 -0.0663825607299805
v 0.0000000000000000 -0.3021918556906960 -0.0676660329645330
v -0.0010887354070490 -0.3013378906250000 -0.0682367012717507
v -0.0027176839655096 -0.3033043323863636 -0.0663825607299805
v -0.0035139014504173 -0.1328252064098011 -0.1133942864157937
v -0.0097001231800426 -0.1408087158203125 -0.1114705623279918
v 0.0026367742365057 -0.1371984447132457 -0.1129648173939098
v 0.0031411257657138 -0.1370168651234020 -0.1129648173939098
v -0.0005357776988636 -0.1375992376154119 -0.1129648173939098
v 0.0159323570945046 0.2949691217595881 -0.0905573238026012
v 0.0155677864768288 0.2988258500532671 -0.0876456971602006
v 0.0147072393243963 0.3067600042169744 -0.0735365468805487
v 0.0082213176380504 0.3053102527965199 -0.0844353068958629
v -0.0041107004339045 0.1874849631569602 -0.1129648173939098
v -0.0023293963345614 0.2842448009144176 -0.0992298473011364
v -0.0074773372303356 0.1841183332963423 -0.1129648173939098
v -0.0012489492242987 0.1811804754083807 -0.1136094457452947
v -0.0037419267134233 0.1835215343128551 -0.1133942864157937
v -0.0094584170254794 0.2878323086825284 -0.0970682594992898
v -0.0089484370838512 0.2884107832475142 -0.0970682594992898
v -0.0020587470314719 0.2843826848810369 -0.0992298473011364
v -0.0088401794433594 0.2856177867542614 -0.0977830678766424
v -0.0049719099564986 0.1812841935591264 -0.1133942864157937
v -0.0011728425459428 0.1812565751509233 -0.1136094457452947
v -0.0035139014504173 0.1837495561079545 -0.1133942864157937
v -0.0209820383245295 0.1853948974609375 -0.1091502519087358
v -0.0158713947642933 0.2969089577414773 -0.0891418457031250
v 0.0013723512129350 0.3018205399946733 -0.0905573238026012
v -0.0080661322853782 0.2971490201083097 -0.0931242717396129
v -0.0008811014348810 0.2940123679421165 -0.0962415001609109
v -0.0013723512129350 0.3018205399946733 -0.0905573238026012
v 0.0073972702026367 0.2957276222922585 -0.0942656048861417
v 0.0072153438221325 0.2899387151544744 -0.0970682594992898
v 0.0092482168024237 0.2927367054332387 -0.0953060496937145
v 0.0028420847112482 0.2839194280450995 -0.0992298473011364
v 0.0015929967706854 0.1806383445046165 -0.1136094457452947
v -0.0023103124445135 -0.2963601129705256 -0.0702954483032227
v -0.0102118786898526 0.2940630826083097 -0.0942656048861417
v -0.0111352365667170 0.2953339732776988 -0.0931242717396129
v -0.0067601741443981 0.2923043545809659 -0.0962415001609109
v -0.0089446085149592 0.2908198131214489 -0.0962415001609109
v -0.0100292309847745 0.2921308760209517 -0.0953060496937145
v -0.0082480551979759 0.2913601129705256 -0.0962415001609109
v -0.0059137552434748 0.2907647150213068 -0.0970682594992898
v -0.0052266450361772 0.2911148071289062 -0.0970682594992898
v -0.0140554428100586 0.2902195046164773 -0.0942656048861417
v -0.0105292198874734 0.2991602117365057 -0.0905573238026012
v -0.0015988818081942 0.1883892822265625 -0.0052170007879084
v 0.0126481108231978 0.1934765070134943 -0.0077701429887251
v 0.0142364744706587 0.1917850563742898 -0.0077701429887251
v 0.0117254361239347 0.1897077525745739 -0.0067112593217330
v 0.0138098699396307 0.2929759632457387 -0.0931242717396129
v 0.0139315553144975 0.2968479780717330 -0.0905573238026012
v 0.0123156981034712 0.3024098066850142 -0.0860747874866832
v 0.0130292927135121 0.2957573353160511 -0.0918865481289950
v 0.0057659357244318 0.3024644608931108 -0.0891418457031250
v -0.0016998013583097 0.1802223621715199 -0.1136094457452947
v -0.0044982389970259 0.1824805519797585 -0.1133942864157937
v 0.0010921062122692 0.1813277643377131 -0.1136094457452947
v 0.0108847531405362 0.3031388993696733 -0.0513278128884055
v 0.0096058585427024 0.2902368441495028 -0.0411611002141779
v 0.0124232760342685 0.2995835737748579 -0.0482607512040572
v 0.0180817794799805 0.3018647349964488 -0.0809767809781161
v 0.0130864819613370 0.3006286343661221 -0.0876456971602006
v -0.0025416773015803 -0.3026188243519176 -0.0670471711592241
v -0.0031582364169034 -0.3024397139115767 -0.0670471711592241
v -0.0082768700339577 -0.3057619129527699 -0.0549691078879616
v -0.0074807392467152 -0.3006858132102272 -0.0445265336470170
v -0.0096970124678178 -0.3018257557262074 -0.0475875438343395
v -0.0091061019897461 -0.3024166592684659 -0.0475875438343395
v -0.0093177864768288 -0.3014696433327415 -0.0467678035389293
v -0.0024926168268377 -0.3057863825017756 -0.0633215505426580
v 0.0022882010719993 -0.3047148271040483 -0.0649267474087802
v 0.0054762961647727 -0.3013489046963778 -0.0670471711592241
v -0.0020477052168413 -0.3034540904651989 -0.0663825607299805
v -0.0012809371948242 -0.3028593306107955 -0.0670471711592241
v 0.0028829678622159 -0.3039480590820313 -0.0656748199462891
v -0.0008025949651545 -0.3054765735973011 -0.0641412908380682
v 0.0000000000000000 -0.3069031316583807 -0.0615922858498313
v 0.0008352626453746 -0.3059957608309659 -0.0633215505426580
v 0.0018224542791193 -0.3071458573774858 -0.0606895862926136
v 0.0027246891368519 -0.3070029796253551 -0.0606895862926136
v 0.0075998861139471 -0.3046951571377841 -0.0615922858498313
v 0.0090408880060369 -0.3036482100053267 -0.0615922858498313
v 0.0026577169244940 -0.3066518887606534 -0.0615922858498313
v 0.0035272875699130 -0.3064575195312500 -0.0615922858498313
v 0.0089017902721058 -0.3010789905894886 -0.0649267474087802
v 0.0038414903120561 -0.3076812744140625 -0.0549691078879616
v 0.0009318646517667 -0.3075312666459517 -0.0597662284157493
v 0.0018600567904386 -0.3074435147372159 -0.0597662284157493
v 0.0060390299016779 -0.3055532282049006 -0.0615922858498313
v 0.0000000000000000 -0.3075605357776989 -0.0597662284157493
v 0.0009470263394442 -0.3077722445401279 -0.0588258535211737
v 0.0046446401422674 0.1821932289817116 -0.0047875282981179
v 0.0015929967706854 0.1806383445046165 -0.0045723724365234
v 0.0043340856378729 0.1827581232244318 -0.0047875282981179
v 0.0100464213978161 0.1863832785866477 -0.0058590836958452
v 0.0007294914939187 0.1815578807484020 -0.0045723724365234
v 0.0011728425459428 0.1812565751509233 -0.0045723724365234
v 0.0012489492242987 0.1811804754083807 -0.0045723724365234
v 0.0049719099564986 0.1812841935591264 -0.0047875282981179
v 0.0016594869440252 0.1804337102716619 -0.0045723724365234
v 0.0016829646717418 0.1803286743164063 -0.0045723724365234
v -0.0012765676325018 0.1849795393510298 -0.0047875282981179
v 0.0003210414539684 0.1816905905983665 -0.0045723724365234
v 0.0004260808771307 0.1816671198064631 -0.0045723724365234
v 0.0021220155195756 0.1882723444158381 -0.0052170007879084
v 0.0024729260531339 0.1845058649236506 -0.0047875282981179
v -0.0015929967706854 0.1806383445046165 -0.0045723724365234
v -0.0037419267134233 0.1835215343128551 -0.0047875282981179
v -0.0010070592706854 0.1813937239213423 -0.0045723724365234
v 0.0009555261785334 0.1951952986283736 -0.0067112593217330
v -0.0010694399746982 0.1884731362082742 -0.0052170007879084
v -0.0002147327769886 0.1817074307528409 -0.0045723724365234
v 0.0005357776988636 0.1885235873135653 -0.0052170007879084
v -0.0015862378207120 0.1848895679820668 -0.0047875282981179
v -0.0097001231800426 0.1917330655184659 -0.0067112593217330
v -0.0216198626431552 -0.1304434897682883 -0.0090315662730824
v 0.0047169182517312 -0.3072368275035511 -0.0530369221080433
v 0.0073536196621982 -0.3060958307439631 -0.0530369221080433
v 0.0064217515425249 -0.3063665494051847 -0.0520832408558239
v 0.0063189454512163 -0.3061480990323153 -0.0511428659612482
v 0.0077838932384144 -0.3021287675337358 -0.0459823469682173
v 0.0047054221413352 -0.3046041870117188 -0.0467678035389293
v 0.0016020271994851 -0.3054010009765625 -0.0467678035389293
v 0.0072659752585671 -0.3059364180131392 -0.0520832408558239
v 0.0089017902721058 -0.3010789905894886 -0.0459823469682173
v 0.0093177864768288 -0.3014696433327415 -0.0467678035389293
v 0.0073894153941761 -0.3016519165039063 -0.0452342744307085
v 0.0104491147128018 -0.3038468239524147 -0.0530369221080433
v 0.0097298119284890 -0.3044809792258523 -0.0530369221080433
v 0.0089721124822443 -0.3050686922940341 -0.0578721722689542
v -0.0504117341475053 -0.1386998263272372 -0.0775675236095082
v -0.0491726545854048 -0.1384634676846591 -0.0807535240866921
v 0.0104172273115678 0.1911008522727273 -0.0067112593217330
v -0.0323809849132191 0.1883216441761364 -0.0159915438565341
v -0.0301160361550071 -0.1348282137784091 -0.0139774253151634
v -0.0396297212080522 -0.1392584644664418 -0.0230193536931818
v -0.0427595103870739 -0.1344850574840199 -0.0256596166437322
v -0.0094338399713690 0.3090419977361505 -0.0735365468805487
v -0.0095090415261009 0.3092734596946023 -0.0716101039539684
v -0.0075921388105913 0.3095770541104403 -0.0735365468805487
v -0.0130864819613370 0.3006286343661221 -0.0497568997469815
v -0.0124232760342685 0.2995835737748579 -0.0482607512040572
v 0.0051605189930309 0.3070600197531960 -0.0546688669378107
v 0.0080457375266335 0.3003288407759233 -0.0468452731045810
v 0.0103987953879616 0.3021061845259233 -0.0497568997469815
v 0.0098717984286222 0.3009862726384943 -0.0482607512040572
v 0.0149614784934304 0.2959399968927557 -0.0468452731045810
v -0.0237101676247337 0.2996223865855824 -0.0716101039539684
v -0.0232422984730114 0.2992353404651988 -0.0754439093849876
v -0.0075016541914506 0.3092246593128551 -0.0754439093849876
v -0.0057204784046520 0.3099954223632813 -0.0735365468805487
v -0.0143554618141868 0.2997662353515625 -0.0876456971602006
v -0.0123824136907404 0.3063216053355824 -0.0791713818636808
v -0.0038262384588068 0.3102954378995029 -0.0735365468805487
v 0.0000000000000000 0.3075478293678977 -0.0827337334372781
v -0.0017811757867987 0.3083186201615767 -0.0809767809781161
v 0.0089867574518377 0.3076660433682528 -0.0791713818636808
v 0.0166011012684215 0.2891341608220881 -0.0442783286354759
v 0.0082480551979759 0.2913601129705256 -0.0962415001609109
v 0.0052266450361772 0.2911148071289062 -0.0970682594992898
v 0.0051656827059659 0.2930546431107954 -0.0962415001609109
v 0.0010908889770508 0.2973468295010653 -0.0942656048861417
v 0.0017587280273438 0.2939294156161222 -0.0962415001609109
v 0.0023001930930398 0.2920656793767756 -0.0970682594992898
v 0.0015385228937322 0.2921863070401278 -0.0970682594992898
v -0.0029482581398704 0.2954629516601562 -0.0953060496937145
v -0.0025618778575550 0.3002870039506392 -0.0918865481289950
v -0.0012834722345526 0.3004078535600142 -0.0918865481289950
v 0.0136279470270330 0.2987648981267756 -0.0891418457031250
v 0.0143554618141868 0.2997662353515625 -0.0876456971602006
v 0.0150263214111328 0.3006895862926136 -0.0860747874866832
v 0.0136980403553356 0.3015922962535512 -0.0860747874866832
v 0.0026647637107156 0.2882089233398438 -0.0983831024169922
v 0.0021445395729759 0.2883600685813210 -0.0983831024169922
v -0.0007707803899592 0.2922588833895596 -0.0970682594992898
v -0.0012634381380948 0.2866308038884943 -0.0988659980080344
v -0.0008450698852539 0.2866970825195312 -0.0988659980080344
v 0.0026038013805043 0.2901487870649858 -0.0977830678766424
v -0.0039632034301758 0.2854625077681108 -0.0988659980080344
v -0.0054967360063033 0.2866520274769176 -0.0983831024169922
v -0.0050686818903143 0.2869840587269176 -0.0983831024169922
v -0.0020835807106712 0.2864202325994318 -0.0988659980080344
v -0.0016768160733310 0.2865383911132813 -0.0988659980080344
v -0.0003036048195579 0.2848333462801846 -0.0992298473011364
v 0.0034869488802823 -0.3015266834605824 -0.0676660329645330
v 0.0013147076693448 -0.2996115667169744 -0.0692246489091353
v 0.0017448598688299 -0.2995154363458807 -0.0692246489091353
v -0.0017448598688299 -0.2995154363458807 -0.0692246489091353
v -0.0005947633223100 -0.3021731567382813 -0.0676660329645330
v -0.0005454427545721 -0.3013892433860085 -0.0682367012717507
v -0.0019150855324485 -0.3027588722922585 -0.0670471711592241
v -0.0017749127474698 -0.3020240644975142 -0.0676660329645330
v 0.0019150855324485 -0.3027588722922585 -0.0670471711592241
v 0.0000000000000000 -0.3029399247602983 -0.0670471711592241
v -0.0033769399469549 -0.3031127929687500 -0.0663825607299805
v -0.0006861738725142 -0.3036260986328125 -0.0663825607299805
v 0.0012765676325018 -0.1340551896528764 -0.1133942864157937
v 0.0169013179432262 0.2958790172230114 -0.0891418457031250
v -0.0010921062122692 0.1813277643377131 -0.1136094457452947
v -0.0037933314930309 0.2916822953657671 -0.0970682594992898
v -0.0043362600153143 0.2933532714843750 -0.0962415001609109
v -0.0030527877807617 0.2918974442915483 -0.0970682594992898
v -0.0096058585427024 0.2902368441495028 -0.0962415001609109
v -0.0073972702026367 0.2957276222922585 -0.0942656048861417
v -0.0107706659490412 0.2914772172407670 -0.0953060496937145
v -0.0118929672241211 0.2926723688299006 -0.0942656048861417
v -0.0076323595913974 0.2871748768199574 -0.0977830678766424
v -0.0047902714122425 0.3051191295276989 -0.0860747874866832
v 0.0032554661143910 0.2970733920010654 -0.0942656048861417
v 0.0043206093528054 0.2968352994051847 -0.0942656048861417
v 0.0057920733365146 0.2946367298473012 -0.0953060496937145
v 0.0063956035267223 0.2961610828746449 -0.0942656048861417
v -0.0101509163596413 0.2960029185901988 -0.0931242717396129
v -0.0048620744185014 0.2949715631658381 -0.0953060496937145
v -0.0044579419222745 0.2894812289151278 -0.0977830678766424
v -0.0031744696877219 0.2880254294655540 -0.0983831024169922
v -0.0084031434492631 0.2889560768821023 -0.0970682594992898
v -0.0071672612970526 0.2876399924538352 -0.0977830678766424
v -0.0078246827559038 0.2894660533558239 -0.0970682594992898
v 0.0149005161632191 0.2940001609108665 -0.0918865481289950
v 0.0098717984286222 0.3009862726384943 -0.0891418457031250
v 0.0149614784934304 0.2959399968927557 -0.0905573238026012
v 0.0066738787564364 0.2880749789151278 -0.0977830678766424
v 0.0061541574651545 0.2884780883789063 -0.0977830678766424
v 0.0071672612970526 0.2876399924538352 -0.0977830678766424
v 0.0123156981034712 0.3024098066850142 -0.0513278128884055
v 0.0111352365667170 0.2953339732776988 -0.0442783286354759
v 0.0124232760342685 0.2995835737748579 -0.0891418457031250
v -0.0006417361172763 -0.3029197554154829 -0.0670471711592241
v -0.0082768700339577 -0.3057619129527699 -0.0559399864890359
v -0.0077838932384144 -0.3021287675337358 -0.0459823469682173
v -0.0087499861283736 -0.3020374367453835 -0.0467678035389293
v -0.0083593368530273 -0.3016214266690341 -0.0459823469682173
v -0.0118845436789773 -0.2974250654740767 -0.0467678035389293
v 0.0048969303477894 -0.3050878906250000 -0.0633215505426580
v 0.0047054221413352 -0.3046041870117188 -0.0641412908380682
v 0.0064233225042170 -0.3015605857155540 -0.0663825607299805
v 0.0029270692305131 -0.3017282381924716 -0.0676660329645330
v 0.0051059376109730 -0.2997473699396307 -0.0682367012717507
v 0.0016020271994851 -0.3054010009765625 -0.0641412908380682
v 0.0000000000000000 -0.3064897294477983 -0.0624707655473189
v 0.0036907820268111 -0.3070942826704545 -0.0597662284157493
v 0.0017776593295011 -0.3067912708629261 -0.0615922858498313
v 0.0055521808971058 -0.3067428588867188 -0.0588258535211737
v 0.0073783874511719 -0.3043461192737926 -0.0624707655473189
v 0.0036161700162021 -0.3068036998401988 -0.0606895862926136
v 0.0028830406882546 -0.3078330577503551 -0.0569089473377575
v 0.0062201343883168 0.1858487215909091 -0.0052170007879084
v 0.0037419267134233 0.1835215343128551 -0.0047875282981179
v 0.0013201280073686 0.1810997425426136 -0.0045723724365234
v 0.0003223141756925 0.1851306707208807 -0.0047875282981179
v 0.0021855995871804 0.1846522660688920 -0.0047875282981179
v 0.0014913038773970 0.1918125221946023 -0.0058590836958452
v -0.0079356973821467 -0.3011702936345881 -0.0452342744307085
v 0.0048969303477894 -0.3050878906250000 -0.0475875438343395
v 0.0054632984508168 -0.3065183604847301 -0.0511428659612482
v 0.0090408880060369 -0.3036482100053267 -0.0493168085271662
v 0.0087499861283736 -0.3020374367453835 -0.0467678035389293
v 0.0083593368530273 -0.3016214266690341 -0.0459823469682173
v 0.0116569588401101 -0.2991281127929687 -0.0475875438343395
v 0.0102496545965021 -0.3011988969282671 -0.0475875438343395
v 0.0096970124678178 -0.3018257557262074 -0.0475875438343395
v 0.0084506572376598 -0.3006553511186080 -0.0452342744307085
v 0.0079356973821467 -0.3011702936345881 -0.0452342744307085
v 0.0080938616665927 -0.3038598910245028 -0.0484383288296786
v 0.0071277687766335 -0.3039512218128551 -0.0475875438343395
v 0.0064084659923207 -0.3043766091086648 -0.0475875438343395
v 0.0061578473177823 -0.3039207319779830 -0.0467678035389293
v -0.0323809849132191 -0.1373972944779830 -0.0159915438565341
v -0.0296958784623580 -0.1367078885165128 -0.0139774253151634
v -0.0056522993607955 0.3096380337801847 -0.0754439093849876
v -0.0037806389548562 0.3099344704367898 -0.0754439093849876
v -0.0093214035034180 0.3086959561434659 -0.0754439093849876
v -0.0131020424582741 0.3078508966619318 -0.0716101039539684
v -0.0117658545754173 0.3014096346768466 -0.0497568997469815
v 0.0075471115112305 0.3032352516867898 -0.0497568997469815
v 0.0258863275701349 0.1964355884898793 -0.0139774253151634
v 0.0114695947820490 0.2907782814719460 -0.0420965472134677
v 0.0149005161632191 0.2940001609108665 -0.0455160487781871
v 0.0138098699396307 0.2929759632457387 -0.0442783286354759
v -0.0109266003695401 0.3076050636985085 -0.0773246626420455
v 0.0007707803899592 0.2922588833895596 -0.0970682594992898
v -0.0010807904330167 0.2885629827325994 -0.0983831024169922
v -0.0016158537431197 0.2884782548384233 -0.0983831024169922
v -0.0013122489235618 0.2903951471502131 -0.0977830678766424
v 0.0000000000000000 0.2973811201615767 -0.0942656048861417
v 0.0011895266446200 0.2989146562056108 -0.0931242717396129
v 0.0058541384610263 0.2980248191139915 -0.0931242717396129
v 0.0035498254949396 0.2986164717240767 -0.0931242717396129
v 0.0019618953358043 0.2902922474254261 -0.0977830678766424
v 0.0013122489235618 0.2903951471502131 -0.0977830678766424
v 0.0005414650656960 0.2886139748313210 -0.0983831024169922
v -0.0021445395729759 0.2883600685813210 -0.0983831024169922
v -0.0019618953358043 0.2902922474254261 -0.0977830678766424
v 0.0008450698852539 0.2866970825195312 -0.0988659980080344
v 0.0010807904330167 0.2885629827325994 -0.0983831024169922
v 0.0000000000000000 0.1885404135964134 -0.1129648173939098
v 0.0026843504472212 -0.3009812233664773 -0.0682367012717507
v 0.0029568758877841 -0.2980981722745029 -0.0696380268443715
v -0.0002707325328480 -0.2970228160511363 -0.0702954483032227
v 0.0031978017633612 -0.3007963700727983 -0.0682367012717507
v 0.0178035805442116 0.2967262961647728 -0.0876456971602006
v 0.0072323400324041 0.3081757424094460 -0.0791713818636808
v -0.0028420847112482 0.2839194280450995 -0.0992298473011364
v -0.0102292008833452 0.2896134810014205 -0.0962415001609109
v -0.0006307116421786 0.1816006192294034 -0.1136094457452947
v -0.0091265314275568 0.2966087202592330 -0.0931242717396129
v -0.0043206093528054 0.2968352994051847 -0.0942656048861417
v 0.0034897232055664 0.2935992154208096 -0.0962415001609109
v 0.0023743612116033 0.2988026566938921 -0.0931242717396129
v -0.0073311788385565 -0.1424186429110440 -0.1114705623279918
v -0.0024821194735440 0.2862767444957386 -0.0988659980080344
v -0.0023001930930398 0.2920656793767756 -0.0970682594992898
v -0.0015385228937322 0.2921863070401278 -0.0970682594992898
v -0.0075189521095969 0.2918556074662642 -0.0962415001609109
v 0.0087031589854847 0.2985027798739346 -0.0918865481289950
v 0.0053154373168945 0.3078721202503551 -0.0564258193969727
v 0.0129683338512074 0.2938174993341620 -0.0442783286354759
v -0.0011871788718484 -0.3021171431107955 -0.0676660329645330
v -0.0090408880060369 -0.3036482100053267 -0.0493168085271662
v 0.0069962588223544 -0.3001698996803977 -0.0670471711592241
v -0.0016020271994851 -0.3054010009765625 -0.0641412908380682
v 0.0033081644231623 -0.3056041093306108 -0.0633215505426580
v 0.0009130269830877 -0.3072318337180397 -0.0606895862926136
v 0.0035139014504173 0.1837495561079545 -0.0047875282981179
v 0.0055521808971058 -0.3067428588867188 -0.0520832408558239
v 0.0073783874511719 -0.3043461192737926 -0.0484383288296786
v 0.0107618470625444 -0.3005385797674006 -0.0475875438343395
v 0.0081476488980380 -0.3025684703480114 -0.0467678035389293
v 0.0084792535955256 -0.3029693048650568 -0.0475875438343395
v 0.0091061019897461 -0.3024166592684659 -0.0475875438343395
v 0.0068490184437145 -0.3035119628906250 -0.0467678035389293
v -0.0147072393243963 0.3067600042169744 -0.0735365468805487
v -0.0129984214089134 0.3076306984641335 -0.0735365468805487
v 0.0102292008833452 0.2896134810014205 -0.0411611002141779
v 0.0056101469560103 0.2888477949662642 -0.0977830678766424
v 0.0014941718361594 0.2846062122691762 -0.0992298473011364
v -0.0026038013805043 0.2901487870649858 -0.0977830678766424
v 0.0030527877807617 0.2918974442915483 -0.0970682594992898
v 0.0008811014348810 0.2940123679421165 -0.0962415001609109
v 0.0016158537431197 0.2884782548384233 -0.0983831024169922
v -0.0032354320179332 0.2899652654474432 -0.0977830678766424
v 0.0016768160733310 0.2865383911132813 -0.0988659980080344
v 0.0000000000000000 -0.2979546841708097 -0.0699954327670011
v -0.0063956035267223 0.2961610828746449 -0.0942656048861417
v 0.0021774742820046 0.2972441239790483 -0.0942656048861417
v -0.0050439973310991 0.2891826282848011 -0.0977830678766424
v -0.0065775299072266 0.2903721479936079 -0.0970682594992898
v -0.0056101469560103 0.2888477949662642 -0.0977830678766424
v 0.0016998013583097 0.1802223621715199 -0.0045723724365234
v 0.0065746238014915 0.1854466386274858 -0.0052170007879084
v 0.0078189399025657 -0.3034815007990057 -0.0475875438343395
v -0.0076526607166637 0.3098127885298295 -0.0716101039539684
v 0.0050439973310991 0.2891826282848011 -0.0977830678766424
v 0.0050686818903143 0.2869840587269176 -0.0983831024169922
v 0.0020835807106712 0.2864202325994318 -0.0988659980080344
v -0.0026647637107156 0.2882089233398438 -0.0983831024169922
v -0.0059030948985707 0.2862937788529830 -0.0983831024169922
v -0.0046206248890270 0.2872885686700994 -0.0983831024169922
v -0.0038542938232422 0.2897424593838778 -0.0977830678766424
f 1 2 3
f 2 1 4
f 5 6 7
f 6 5 8
f 9 10 11
f 10 9 12
f 13 14 15
f 14 13 16
f 17 18 19
f 18 17 20
f 21 22 23
f 22 21 24
f 25 26 27
f 26 25 28
f 12 29 10
f 29 12 30
f 31 32 33
f 32 31 34
f 28 35 26
f 35 28 36
f 36 28 37
f 37 28 38
f 38 28 39
f 39 28 40
f 40 28 41
f 41 28 42
f 42 28 43
f 43 28 44
f 44 28 45
f 46 47 48
f 46 48 49
f 46 49 50
f 46 50 51
f 46 51 52
f 46 52 53
f 46 53 54
f 46 54 55
f 46 55 56
f 46 56 57
f 47 46 58
f 59 60 61
f 60 59 62
f 62 63 60
f 63 62 64
f 65 66 67
f 66 65 68
f 69 70 71
f 70 69 72
f 72 69 73
f 73 69 74
f 74 69 75
f 75 69 76
f 76 69 77
f 77 69 78
f 78 69 79
f 79 69 80
f 80 69 81
f 82 83 84
f 83 82 85
f 34 86 32
f 86 34 87
f 88 19 89
f 19 88 17
f 90 27 91
f 27 90 25
f 92 93 94
f 93 92 95
f 96 97 98
f 97 96 99
f 9 100 101
f 9 101 102
f 9 102 103
f 9 103 104
f 9 104 105
f 9 105 106
f 9 106 107
f 9 107 108
f 9 108 109
f 9 109 110
f 100 9 11
f 111 112 113
f 112 111 114
f 115 91 116
f 91 115 90
f 117 118 119
f 118 117 120
f 7 97 99
f 97 7 6
f 121 122 123
f 122 121 124
f 125 3 126
f 3 125 1
f 30 127 29
f 127 30 128
f 46 129 58
f 129 46 130
f 131 94 132
f 94 131 92
f 133 134 135
f 134 133 136
f 67 137 138
f 137 67 66
f 130 139 129
f 139 130 140
f 141 142 143
f 142 141 144
f 145 71 146
f 71 145 69
f 147 148 149
f 148 147 150
f 123 151 152
f 151 123 122
f 153 154 155
f 154 153 156
f 157 158 159
f 158 157 160
f 156 23 154
f 23 156 21
f 161 162 163
f 162 161 164
f 9 45 28
f 9 28 25
f 9 25 90
f 9 90 115
f 45 9 110
f 4 9 115
f 4 12 9
f 1 12 4
f 1 30 12
f 125 30 1
f 125 128 30
f 165 128 125
f 165 153 128
f 166 153 165
f 166 156 153
f 167 156 166
f 167 21 156
f 168 21 167
f 168 24 21
f 169 24 168
f 169 96 24
f 170 96 169
f 170 99 96
f 171 99 170
f 171 7 99
f 161 7 171
f 161 5 7
f 163 5 161
f 163 172 5
f 173 172 163
f 173 15 172
f 174 15 173
f 174 13 15
f 65 13 174
f 65 175 13
f 67 175 65
f 67 176 175
f 138 176 67
f 138 177 176
f 178 177 138
f 178 179 177
f 147 179 178
f 147 119 179
f 149 119 147
f 149 117 119
f 121 117 149
f 121 152 117
f 152 121 123
f 158 85 180
f 160 85 158
f 160 83 85
f 181 83 160
f 181 144 83
f 134 144 181
f 134 142 144
f 136 142 134
f 136 182 142
f 183 182 136
f 183 184 182
f 185 184 183
f 185 114 184
f 186 114 185
f 186 112 114
f 187 112 186
f 187 188 112
f 189 188 187
f 189 190 188
f 191 190 189
f 191 192 190
f 193 192 191
f 193 194 192
f 195 194 193
f 195 196 194
f 197 196 195
f 197 198 196
f 199 198 197
f 199 131 198
f 200 131 199
f 200 92 131
f 87 92 200
f 87 95 92
f 34 95 87
f 34 59 95
f 31 59 34
f 31 62 59
f 20 62 31
f 20 64 62
f 17 64 20
f 17 145 64
f 88 145 17
f 88 69 145
f 140 69 88
f 130 69 140
f 46 69 130
f 57 69 46
f 69 57 81
f 20 33 18
f 33 20 31
f 176 201 175
f 201 176 202
f 135 181 203
f 181 135 134
f 204 185 205
f 185 204 186
f 140 89 139
f 89 140 88
f 87 206 86
f 206 87 200
f 169 207 208
f 207 169 168
f 15 209 172
f 209 15 14
f 210 189 211
f 189 210 191
f 4 116 2
f 116 4 115
f 174 68 65
f 68 174 212
f 24 98 22
f 98 24 96
f 197 213 214
f 213 197 195
f 143 182 215
f 182 143 142
f 200 216 206
f 216 200 199
f 64 146 63
f 146 64 145
f 168 217 207
f 217 168 167
f 213 193 218
f 193 213 195
f 177 202 176
f 202 177 219
f 220 186 204
f 186 220 187
f 166 221 222
f 221 166 165
f 199 214 216
f 214 199 197
f 178 150 147
f 150 178 223
f 11 35 100
f 35 11 26
f 26 11 27
f 27 11 91
f 11 116 91
f 10 116 11
f 10 2 116
f 29 2 10
f 29 3 2
f 127 3 29
f 127 126 3
f 155 126 127
f 155 221 126
f 154 221 155
f 154 222 221
f 23 222 154
f 23 217 222
f 22 217 23
f 22 207 217
f 98 207 22
f 98 208 207
f 97 208 98
f 97 224 208
f 6 224 97
f 6 225 224
f 8 225 6
f 8 164 225
f 209 164 8
f 209 162 164
f 14 162 209
f 14 226 162
f 16 226 14
f 16 212 226
f 201 212 16
f 201 68 212
f 202 68 201
f 202 66 68
f 219 66 202
f 219 137 66
f 227 137 219
f 227 223 137
f 118 223 227
f 118 150 223
f 120 150 118
f 120 148 150
f 151 148 120
f 151 124 148
f 124 151 122
f 82 159 228
f 84 159 82
f 84 157 159
f 141 157 84
f 141 203 157
f 143 203 141
f 143 135 203
f 215 135 143
f 215 133 135
f 229 133 215
f 229 230 133
f 111 230 229
f 111 205 230
f 113 205 111
f 113 204 205
f 231 204 113
f 231 220 204
f 232 220 231
f 232 211 220
f 233 211 232
f 233 210 211
f 234 210 233
f 234 218 210
f 235 218 234
f 235 213 218
f 236 213 235
f 236 214 213
f 132 214 236
f 132 216 214
f 94 216 132
f 94 206 216
f 93 206 94
f 93 86 206
f 61 86 93
f 61 32 86
f 60 32 61
f 60 33 32
f 63 33 60
f 63 18 33
f 146 18 63
f 146 19 18
f 71 19 146
f 71 89 19
f 71 139 89
f 71 129 139
f 71 58 129
f 47 71 70
f 71 47 58
f 170 225 171
f 225 170 224
f 215 184 229
f 184 215 182
f 138 223 178
f 223 138 137
f 211 187 220
f 187 211 189
f 203 160 157
f 160 203 181
f 84 144 141
f 144 84 83
f 167 222 217
f 222 167 166
f 170 208 224
f 208 170 169
f 119 227 179
f 227 119 118
f 172 8 5
f 8 172 209
f 229 114 111
f 114 229 184
f 159 180 228
f 180 159 158
f 234 196 235
f 196 234 194
f 149 124 121
f 124 149 148
f 228 85 82
f 85 228 180
f 218 191 210
f 191 218 193
f 198 132 236
f 132 198 131
f 128 155 127
f 155 128 153
f 232 192 233
f 192 232 190
f 230 136 133
f 136 230 183
f 205 183 230
f 183 205 185
f 233 194 234
f 194 233 192
f 95 61 93
f 61 95 59
f 175 16 13
f 16 175 201
f 196 236 235
f 236 196 198
f 165 126 221
f 126 165 125
f 179 219 177
f 219 179 227
f 152 120 117
f 120 152 151
f 171 164 161
f 164 171 225
f 163 226 173
f 226 163 162
f 173 212 174
f 212 173 226
f 231 190 232
f 190 231 188
f 113 188 231
f 188 113 112
f 237 238 239
f 238 237 240
f 241 242 243
f 242 241 244
f 245 246 247
f 246 245 248
f 249 250 251
f 250 249 252
f 253 254 255
f 254 253 256
f 257 258 259
f 258 257 260
f 261 262 263
f 262 261 264
f 265 266 267
f 266 265 268
f 269 270 271
f 270 269 272
f 273 274 275
f 274 273 276
f 239 277 278
f 277 239 238
f 279 280 281
f 282 280 279
f 283 280 282
f 284 280 283
f 285 280 284
f 286 280 285
f 287 280 286
f 288 287 289
f 288 289 290
f 288 290 291
f 288 291 292
f 288 292 293
f 287 288 280
f 294 295 296
f 294 297 295
f 294 298 297
f 294 299 298
f 294 300 299
f 294 301 300
f 294 302 301
f 294 303 302
f 294 304 303
f 294 305 304
f 294 306 305
f 294 307 306
f 294 308 307
f 294 309 308
f 294 310 309
f 311 310 294
f 310 311 312
f 312 311 313
f 313 311 314
f 314 311 315
f 315 311 316
f 316 311 317
f 317 311 318
f 318 311 319
f 319 311 320
f 320 311 321
f 321 311 322
f 322 311 323
f 323 311 324
f 324 311 325
f 326 327 328
f 329 327 326
f 330 327 329
f 331 327 330
f 332 327 331
f 333 327 332
f 334 327 333
f 335 327 334
f 336 327 335
f 337 327 336
f 338 327 337
f 339 327 338
f 340 327 339
f 341 327 340
f 342 327 341
f 343 342 344
f 343 344 345
f 343 345 346
f 343 346 347
f 343 347 348
f 343 348 349
f 343 349 350
f 343 350 351
f 343 351 352
f 343 352 353
f 343 353 354
f 343 354 355
f 343 355 356
f 343 356 357
f 342 343 327
f 358 294 359
f 294 358 311
f 251 360 361
f 360 251 250
f 362 363 364
f 363 362 365
f 366 367 368
f 367 366 369
f 278 370 371
f 370 278 277
f 372 373 374
f 373 372 375
f 376 377 378
f 377 376 379
f 380 381 382
f 381 380 383
f 384 385 386
f 385 384 387
f 388 255 389
f 255 388 253
f 390 391 392
f 391 390 393
f 394 395 396
f 395 394 397
f 398 399 400
f 399 398 401
f 402 403 404
f 403 402 405
f 242 406 407
f 242 408 406
f 242 409 408
f 242 410 409
f 242 411 410
f 242 412 411
f 242 413 412
f 244 413 242
f 413 244 414
f 414 244 415
f 415 244 416
f 416 244 417
f 417 244 418
f 419 401 398
f 401 419 420
f 386 421 422
f 421 386 385
f 423 424 425
f 424 423 426
f 426 427 424
f 427 426 428
f 429 430 431
f 430 429 432
f 422 433 434
f 433 422 421
f 435 436 437
f 436 435 438
f 343 364 327
f 364 343 362
f 439 440 441
f 440 439 442
f 361 443 444
f 443 361 360
f 371 445 446
f 445 371 370
f 447 442 439
f 442 447 448
f 428 271 427
f 271 428 269
f 449 450 451
f 450 449 452
f 268 453 266
f 453 268 454
f 245 275 248
f 275 245 273
f 455 369 366
f 369 455 456
f 457 240 237
f 240 457 458
f 441 459 460
f 459 441 440
f 264 461 262
f 461 264 462
f 396 458 457
f 458 396 395
f 462 404 461
f 404 462 402
f 272 463 270
f 463 272 464
f 464 465 463
f 465 464 466
f 247 467 468
f 467 247 246
f 400 469 470
f 469 400 399
f 260 267 258
f 267 260 265
f 446 420 419
f 420 446 445
f 431 393 390
f 393 431 430
f 365 471 363
f 471 365 472
f 472 263 471
f 263 472 261
f 444 473 474
f 473 444 443
f 475 456 455
f 456 475 476
f 477 478 479
f 478 477 480
f 451 438 435
f 438 451 450
f 466 359 465
f 359 466 358
f 437 476 475
f 476 437 436
f 481 452 449
f 452 481 482
f 479 483 484
f 483 479 478
f 484 397 394
f 397 484 483
f 485 486 487
f 486 485 488
f 470 488 485
f 488 470 469
f 368 480 477
f 480 368 367
f 405 489 403
f 489 405 490
f 491 432 429
f 432 491 492
f 288 493 280
f 493 288 494
f 495 492 491
f 492 495 496
f 483 395 397
f 478 395 483
f 478 458 395
f 480 458 478
f 480 240 458
f 367 240 480
f 367 238 240
f 369 238 367
f 369 277 238
f 456 277 369
f 456 370 277
f 476 370 456
f 476 445 370
f 436 445 476
f 436 420 445
f 438 420 436
f 438 401 420
f 450 401 438
f 450 399 401
f 452 399 450
f 452 469 399
f 482 469 452
f 482 488 469
f 375 488 482
f 375 486 488
f 372 486 375
f 372 380 486
f 497 380 372
f 497 383 380
f 490 383 497
f 490 388 383
f 405 388 490
f 405 253 388
f 402 253 405
f 402 256 253
f 462 256 402
f 462 241 256
f 264 241 462
f 264 244 241
f 261 244 264
f 472 244 261
f 365 244 472
f 362 244 365
f 343 244 362
f 498 244 343
f 244 499 418
f 244 500 499
f 244 498 500
f 343 501 498
f 343 502 501
f 343 503 502
f 343 504 503
f 343 505 504
f 343 506 505
f 343 507 506
f 343 508 507
f 343 509 508
f 343 510 509
f 343 511 510
f 343 512 511
f 343 513 512
f 343 514 513
f 343 515 514
f 343 516 515
f 343 517 516
f 343 518 517
f 343 519 518
f 343 520 519
f 343 521 520
f 343 522 521
f 343 523 522
f 343 524 523
f 343 525 524
f 343 526 525
f 343 527 526
f 343 528 527
f 343 529 528
f 529 343 357
f 530 531 532
f 533 534 535
f 536 537 538
f 311 539 537
f 311 540 541
f 311 542 543
f 311 544 325
f 311 545 544
f 311 546 545
f 311 547 546
f 311 548 547
f 311 549 548
f 311 550 549
f 311 551 550
f 311 552 551
f 311 553 552
f 311 554 553
f 311 555 554
f 311 530 555
f 311 531 530
f 311 556 531
f 311 533 556
f 311 534 533
f 311 536 534
f 311 537 536
f 539 311 557
f 311 558 557
f 311 541 558
f 540 311 543
f 542 311 559
f 288 559 311
f 559 288 560
f 560 288 561
f 288 311 358
f 288 358 466
f 288 466 464
f 288 464 272
f 288 272 269
f 561 288 293
f 428 288 269
f 428 494 288
f 426 494 428
f 426 257 494
f 423 257 426
f 423 260 257
f 562 260 423
f 562 265 260
f 276 265 562
f 276 268 265
f 273 268 276
f 273 454 268
f 245 454 273
f 245 434 454
f 247 434 245
f 247 422 434
f 468 422 247
f 468 386 422
f 249 386 468
f 249 384 386
f 251 384 249
f 251 392 384
f 361 392 251
f 361 390 392
f 444 390 361
f 444 431 390
f 474 431 444
f 474 429 431
f 447 429 474
f 447 491 429
f 439 491 447
f 439 495 491
f 441 495 439
f 441 378 495
f 460 378 441
f 460 376 378
f 563 376 460
f 563 564 376
f 564 563 565
f 373 482 481
f 482 373 375
f 468 252 249
f 252 468 467
f 565 566 564
f 566 565 567
f 392 387 384
f 387 392 391
f 256 243 254
f 243 256 241
f 474 448 447
f 448 474 473
f 494 259 493
f 259 494 257
f 486 382 487
f 382 486 380
f 454 433 453
f 433 454 434
f 563 567 565
f 567 563 568
f 460 568 563
f 568 460 459
f 383 389 381
f 389 383 388
f 562 425 569
f 425 562 423
f 564 379 376
f 379 564 566
f 276 569 274
f 569 276 562
f 497 374 570
f 374 497 372
f 490 570 489
f 570 490 497
f 378 496 495
f 496 378 377
f 571 296 572
f 573 574 575
f 576 577 578
f 579 576 580
f 294 581 582
f 280 583 281
f 571 294 296
f 584 294 571
f 585 294 584
f 586 294 585
f 587 294 586
f 588 294 587
f 589 294 588
f 590 294 589
f 591 294 590
f 592 294 591
f 593 294 592
f 574 294 593
f 573 294 574
f 594 294 573
f 577 294 594
f 576 294 577
f 579 294 576
f 581 294 579
f 595 294 582
f 596 294 595
f 597 294 596
f 598 294 597
f 599 294 598
f 280 599 600
f 583 280 600
f 599 280 294
f 294 280 359
f 359 280 465
f 465 280 463
f 463 280 270
f 280 271 270
f 493 271 280
f 493 427 271
f 259 427 493
f 259 424 427
f 258 424 259
f 258 425 424
f 267 425 258
f 267 569 425
f 266 569 267
f 266 274 569
f 453 274 266
f 453 275 274
f 433 275 453
f 433 248 275
f 421 248 433
f 421 246 248
f 385 246 421
f 385 467 246
f 387 467 385
f 387 252 467
f 391 252 387
f 391 250 252
f 393 250 391
f 393 360 250
f 430 360 393
f 430 443 360
f 432 443 430
f 432 473 443
f 492 473 432
f 492 448 473
f 496 448 492
f 496 442 448
f 377 442 496
f 377 440 442
f 379 440 377
f 379 459 440
f 566 459 379
f 566 568 459
f 568 566 567
f 396 484 394
f 457 484 396
f 457 479 484
f 237 479 457
f 237 477 479
f 239 477 237
f 239 368 477
f 278 368 239
f 278 366 368
f 371 366 278
f 371 455 366
f 446 455 371
f 446 475 455
f 419 475 446
f 419 437 475
f 398 437 419
f 398 435 437
f 400 435 398
f 400 451 435
f 470 451 400
f 470 449 451
f 485 449 470
f 485 481 449
f 487 481 485
f 487 373 481
f 382 373 487
f 382 374 373
f 381 374 382
f 381 570 374
f 389 570 381
f 389 489 570
f 255 489 389
f 255 403 489
f 254 403 255
f 254 404 403
f 243 404 254
f 243 461 404
f 242 461 243
f 242 262 461
f 242 263 262
f 242 471 263
f 242 363 471
f 242 364 363
f 242 327 364
f 601 242 407
f 602 242 601
f 603 242 602
f 242 603 327
f 604 327 603
f 605 327 604
f 606 327 605
f 607 327 606
f 608 327 607
f 609 327 608
f 610 327 609
f 611 327 610
f 612 327 611
f 613 327 612
f 614 327 613
f 615 327 614
f 616 327 615
f 617 327 616
f 618 327 617
f 619 327 618
f 620 327 619
f 621 327 620
f 622 327 621
f 623 327 622
f 624 327 623
f 625 327 624
f 626 327 625
f 627 327 626
f 628 327 627
f 629 327 628
f 630 327 629
f 327 630 328
f 631 632 633
f 632 634 633
f 635 636 637
f 638 639 640
f 641 639 642
f 639 641 643
f 644 645 646
f 644 647 645
f 644 648 647
f 644 649 648
f 650 649 644
f 649 650 651
f 651 650 652
f 652 650 653
f 653 650 654
f 654 650 655
f 655 650 656
f 657 646 645
f 658 646 657
f 659 646 658
f 660 659 661
f 660 661 662
f 660 662 663
f 660 663 664
f 660 664 665
f 660 665 666
f 659 660 646
f 667 632 668
f 669 632 667
f 670 632 669
f 634 670 671
f 634 671 672
f 634 672 673
f 634 673 674
f 634 674 675
f 634 675 676
f 634 676 677
f 634 677 678
f 634 678 679
f 634 679 680
f 634 680 681
f 634 681 682
f 634 682 683
f 634 683 684
f 634 684 685
f 634 685 686
f 634 686 687
f 634 687 688
f 634 689 690
f 691 690 692
f 634 693 694
f 634 695 696
f 650 697 698
f 650 699 697
f 650 700 699
f 650 701 700
f 650 702 701
f 650 703 702
f 650 704 703
f 650 705 704
f 634 705 650
f 705 634 706
f 706 634 696
f 670 634 632
f 707 634 688
f 708 634 707
f 689 634 708
f 691 634 690
f 709 634 691
f 693 634 709
f 710 634 694
f 695 634 710
f 711 635 637
f 712 650 644
f 633 634 713
f 637 714 632
f 637 715 714
f 637 716 715
f 637 717 716
f 637 718 717
f 637 719 718
f 637 720 719
f 637 721 720
f 637 722 721
f 637 723 722
f 637 724 723
f 637 725 724
f 637 726 725
f 637 727 726
f 637 728 727
f 637 729 728
f 637 730 729
f 637 731 730
f 637 732 731
f 637 733 732
f 637 734 733
f 637 735 734
f 637 736 735
f 637 737 736
f 637 738 737
f 637 739 738
f 637 740 739
f 740 637 741
f 742 632 714
f 743 632 742
f 744 632 743
f 745 632 744
f 746 632 745
f 747 632 746
f 748 632 747
f 749 632 748
f 750 632 749
f 751 632 750
f 752 632 751
f 753 632 752
f 754 632 753
f 755 632 754
f 756 632 755
f 757 632 756
f 758 632 757
f 759 632 758
f 760 632 759
f 761 632 760
f 762 632 761
f 763 632 762
f 764 632 763
f 765 632 764
f 766 632 765
f 767 632 766
f 632 767 668
f 768 632 769
f 660 770 646
f 771 634 772
f 644 770 712
f 770 644 646
f 643 770 640
f 773 774 637
f 633 775 636
f 775 633 713
f 776 634 777
f 637 636 640
f 637 778 741
f 637 779 778
f 637 780 779
f 640 780 637
f 780 640 781
f 781 640 782
f 782 640 783
f 783 640 784
f 784 640 785
f 785 640 786
f 786 640 787
f 787 640 788
f 788 640 789
f 789 640 790
f 790 640 791
f 791 640 792
f 792 640 793
f 793 640 794
f 794 640 795
f 795 640 796
f 796 640 797
f 640 798 799
f 800 801 802
f 640 803 804
f 640 805 806
f 797 640 807
f 640 808 807
f 640 799 808
f 798 640 800
f 640 801 800
f 640 804 801
f 803 640 809
f 640 806 809
f 805 640 810
f 640 811 810
f 640 812 811
f 660 812 640
f 812 660 813
f 813 660 814
f 814 660 815
f 815 660 816
f 816 660 817
f 817 660 818
f 818 660 819
f 819 660 820
f 650 821 822
f 650 823 824
f 650 825 656
f 650 826 825
f 650 822 826
f 821 650 827
f 650 828 827
f 650 829 828
f 650 830 829
f 650 824 830
f 823 650 831
f 650 832 831
f 832 650 698
f 660 833 820
f 660 834 833
f 660 835 834
f 660 836 835
f 660 837 836
f 660 838 837
f 660 839 838
f 660 840 839
f 660 841 840
f 660 842 841
f 660 843 842
f 660 844 843
f 844 660 666
f 640 770 660
f 845 769 773
f 769 845 768
f 846 847 637
f 848 849 637
f 850 634 851
f 852 853 854
f 853 852 855
f 772 856 771
f 856 772 857
f 854 858 777
f 858 854 853
f 859 860 640
f 712 643 641
f 643 712 770
f 861 632 862
f 849 863 637
f 845 773 637
f 864 865 637
f 866 634 867
f 850 859 868
f 859 850 851
f 869 634 870
f 871 634 872
f 873 874 640
f 852 634 875
f 876 877 640
f 857 878 640
f 641 634 712
f 634 650 712
f 639 643 640
f 870 879 869
f 879 870 880
f 881 632 882
f 883 884 885
f 884 883 861
f 637 768 845
f 768 637 632
f 886 711 887
f 711 886 888
f 888 632 631
f 889 868 874
f 868 889 850
f 713 634 866
f 713 890 775
f 890 713 866
f 891 892 640
f 872 634 893
f 870 634 894
f 889 634 850
f 866 873 890
f 873 866 867
f 872 895 892
f 895 872 893
f 875 855 852
f 855 875 876
f 777 634 854
f 879 880 640
f 771 877 896
f 877 771 856
f 896 634 771
f 886 632 888
f 887 711 637
f 881 865 864
f 865 881 882
f 897 632 881
f 897 864 863
f 864 897 881
f 898 899 637
f 900 632 901
f 847 901 898
f 901 847 900
f 631 636 635
f 636 631 633
f 775 890 640
f 895 902 640
f 893 634 776
f 894 634 642
f 642 634 641
f 890 873 640
f 874 868 640
f 871 892 891
f 892 871 872
f 860 891 640
f 903 634 871
f 903 891 860
f 891 903 871
f 892 895 640
f 853 855 640
f 854 634 852
f 642 638 894
f 638 642 639
f 894 880 870
f 880 894 638
f 878 879 640
f 904 634 869
f 869 878 904
f 878 869 879
f 858 853 640
f 877 856 640
f 888 635 711
f 635 888 631
f 865 887 637
f 882 887 865
f 887 882 886
f 882 632 886
f 863 864 637
f 862 849 848
f 849 862 905
f 862 632 905
f 774 846 637
f 901 899 898
f 899 901 906
f 847 898 637
f 907 632 908
f 774 908 846
f 908 774 907
f 636 775 640
f 867 874 873
f 874 867 889
f 867 634 889
f 868 859 640
f 851 860 859
f 860 851 903
f 851 634 903
f 776 858 902
f 858 776 777
f 902 858 640
f 880 638 640
f 904 857 772
f 857 904 878
f 772 634 904
f 855 876 640
f 896 876 875
f 876 896 877
f 875 634 896
f 856 857 640
f 905 863 849
f 863 905 897
f 905 632 897
f 906 632 883
f 883 632 861
f 885 884 637
f 846 900 847
f 900 846 908
f 908 632 900
f 773 907 774
f 907 773 769
f 769 632 907
f 893 902 895
f 902 893 776
f 906 885 899
f 885 906 883
f 899 885 637
f 861 848 884
f 848 861 862
f 884 848 637
f 901 632 906
f 909 910 911
f 912 676 913
f 676 912 677
f 914 915 916
f 915 914 917
f 909 911 918
f 909 919 910
f 920 921 922
f 923 924 925
f 926 927 928
f 929 930 931
f 932 933 934
f 933 932 935
f 936 937 938
f 939 940 941
f 942 943 944
f 945 946 947
f 948 949 950
f 951 952 953
f 954 955 956
f 957 958 959
f 958 957 960
f 961 962 963
f 964 535 965
f 535 964 533
f 966 967 968
f 969 970 971
f 972 973 974
f 975 976 977
f 978 979 980
f 981 982 983
f 984 985 986
f 987 988 989
f 930 990 931
f 990 930 991
f 992 993 994
f 995 996 997
f 956 998 999
f 1000 1001 1002
f 1003 1004 1005
f 414 1006 413
f 1006 414 1007
f 1008 1009 920
f 1010 1011 1012
f 1013 1014 1015
f 1016 1017 1018
f 1017 1016 1019
f 1020 1021 1022
f 1023 1024 966
f 1025 1026 1027
f 1028 1029 1030
f 1031 1032 1033
f 1034 1035 1036
f 1037 1038 1039
f 1040 1041 1042
f 1043 918 1044
f 1045 1046 1047
f 1048 1049 1050
f 1051 1052 1053
f 1054 1013 1037
f 1055 1056 1023
f 1057 1058 1059
f 1060 1061 1062
f 1063 1064 1065
f 1066 1067 1068
f 1069 1070 1071
f 1072 1073 1074
f 1075 920 922
f 1076 1077 1078
f 1079 1080 1081
f 969 971 1082
f 921 1083 1084
f 1085 1005 1086
f 1049 1087 1050
f 1088 37 38
f 37 1088 1089
f 102 1090 103
f 1090 102 1091
f 1092 1063 1093
f 1094 1095 1096
f 1097 1098 1099
f 1100 1101 1102
f 1103 1104 1105
f 1106 1107 1108
f 1109 1110 1111
f 1112 1113 1114
f 1115 945 1116
f 1117 1118 1119
f 1120 1121 1122
f 1123 1124 1125
f 1124 1123 1126
f 1127 1043 1128
f 1129 1130 1131
f 1130 1129 1132
f 1133 1134 1135
f 1136 1137 1138
f 1139 1140 1141
f 1142 1143 1144
f 1145 1146 1147
f 1148 1149 1150
f 1151 673 1152
f 673 1151 674
f 702 1153 701
f 1011 1154 1155
f 795 796 1156
f 1157 1158 1159
f 1156 1160 1161
f 1162 1163 1164
f 1165 1166 1167
f 1168 1169 1170
f 1171 1172 1173
f 1174 1175 1176
f 1177 1178 1179
f 1180 1181 1182
f 1179 1181 1183
f 1184 1185 1094
f 1186 1187 1188
f 1187 1186 1189
f 1190 1191 1192
f 1193 1194 1195
f 1196 1197 1198
f 1199 1200 1201
f 1202 1203 1204
f 993 1205 1206
f 1180 1182 952
f 1207 1208 1209
f 1208 1207 1210
f 1211 1212 1213
f 1214 1215 1216
f 1217 1218 1219
f 1220 1221 1222
f 1223 919 909
f 1224 1225 1226
f 1227 1228 1229
f 1230 1231 1232
f 1233 1234 1235
f 1236 1237 1238
f 1237 1236 1239
f 1240 1089 1088
f 1241 1242 1243
f 1244 1245 1131
f 1246 1247 1248
f 1249 1250 1251
f 1252 1253 973
f 1254 1255 1256
f 968 1257 1258
f 1026 1259 1260
f 1261 1262 1263
f 1264 1265 1266
f 1267 1268 1269
f 1268 1267 1270
f 1271 1272 1273
f 1274 1275 1276
f 1277 1278 1279
f 1280 1281 1282
f 1283 1277 1279
f 1284 1285 1286
f 1287 1288 1289
f 1290 925 1291
f 1292 1293 1294
f 1295 1296 1297
f 1298 1299 1300
f 1005 1004 1301
f 1302 1303 1304
f 1303 1302 1305
f 1306 1305 1302
f 1305 1306 1307
f 1086 1005 1308
f 1309 1008 1310
f 1311 1043 1127
f 1312 1313 1314
f 1313 1312 1292
f 1304 1315 1302
f 1316 1317 1318
f 1319 1183 1320
f 1321 1322 1323
f 1324 1177 1325
f 1326 1327 1328
f 1329 1330 1331
f 1332 1333 1334
f 1335 1309 1310
f 1336 1337 1338
f 1339 1340 961
f 1341 1342 1340
f 1343 1344 1345
f 1346 1347 1348
f 787 788 1276
f 1349 1350 1351
f 1352 1353 1354
f 1355 1356 1357
f 1358 1359 1360
f 1361 1362 1363
f 1086 1308 1197
f 1013 1015 1364
f 1365 1366 1013
f 1366 1367 1014
f 1368 1369 959
f 1370 1371 1372
f 1366 1014 1013
f 1373 1374 1375
f 1376 1377 1378
f 1149 1379 1150
f 1380 1381 1382
f 290 1383 291
f 1384 279 281
f 281 1385 1384
f 1385 281 583
f 540 1386 541
f 1387 1388 1389
f 1390 1391 1392
f 1393 1188 1394
f 1395 1325 1396
f 1397 1395 1398
f 1395 1397 1399
f 1131 1245 916
f 1400 1065 1401
f 416 417 1211
f 1307 1402 1305
f 504 505 955
f 508 509 1403
f 1404 1405 1329
f 1406 1407 1408
f 1409 1410 1411
f 1412 1413 1414
f 1413 1412 1415
f 1415 1416 1413
f 1417 1418 1419
f 984 1341 1339
f 1420 1421 1422
f 1421 1420 1423
f 1424 1425 1426
f 1427 1428 1429
f 1075 922 1223
f 1243 1242 1430
f 979 1431 1432
f 1433 1434 1169
f 1435 1436 1437
f 1438 1439 1440
f 1441 1172 1171
f 1442 1443 1444
f 1445 1446 1447
f 1448 1449 1450
f 1451 1452 1453
f 1454 1455 1456
f 1457 1458 1459
f 1460 1461 1462
f 1463 1464 1465
f 1466 1204 1467
f 1468 1469 1470
f 1471 1243 1472
f 1127 1128 1468
f 918 911 1044
f 1473 1474 1475
f 1476 1322 1321
f 1477 1478 1479
f 1328 1480 1481
f 1482 1483 1484
f 1485 1478 1486
f 1474 1487 1488
f 1489 1326 1490
f 1491 1244 1131
f 1492 1493 1494
f 1495 1058 1057
f 1496 1497 1498
f 1499 1500 1501
f 1502 1503 1504
f 1505 1506 1507
f 1508 1509 1271
f 1510 1259 1511
f 1259 1510 1512
f 1513 1073 1072
f 1514 1513 1515
f 1026 1510 1511
f 1510 1026 1516
f 1517 1518 1519
f 1518 1517 1027
f 1100 1102 1520
f 1521 1522 1523
f 1524 1265 1264
f 1525 1526 1527
f 1165 1167 1528
f 1260 1529 1530
f 1531 1532 1533
f 1534 1535 1536
f 1535 1534 1537
f 1112 1538 1113
f 1539 1540 1541
f 1542 1543 1544
f 1545 1546 1547
f 1369 1548 1549
f 1550 1551 1552
f 979 923 1553
f 923 979 924
f 1116 1554 924
f 1555 1556 1557
f 1558 1550 1559
f 1116 945 1554
f 1003 1117 1004
f 1117 1119 1004
f 1278 1037 1279
f 1560 1298 1561
f 1562 1310 1075
f 1563 1564 1565
f 1566 1565 1120
f 1315 1567 1302
f 1568 1569 1570
f 1571 1572 1573
f 1574 1575 1576
f 925 1558 1291
f 1127 1468 1577
f 1561 1298 1300
f 1556 1578 1196
f 1579 1580 1581
f 985 1582 1583
f 985 961 1582
f 1128 1044 1468
f 1584 1566 1120
f 1585 1586 1587
f 1588 1002 1589
f 1590 1591 1592
f 1188 1593 1394
f 1593 1188 1187
f 1594 1595 1596
f 1597 1598 1599
f 1600 1601 1602
f 1603 1604 1605
f 1606 1607 1608
f 1609 1610 1429
f 1087 1611 1612
f 1613 1614 1615
f 1419 1616 1205
f 1318 1407 1406
f 964 965 1617
f 1618 1619 1620
f 1621 1622 1623
f 1624 1625 1626
f 1627 1628 1629
f 1630 1631 1632
f 1631 1630 1633
f 1634 1635 1636
f 1637 1638 1639
f 1640 1145 1641
f 1642 1643 1644
f 1641 684 1645
f 684 1641 685
f 707 1646 708
f 1646 707 1647
f 1648 1649 1650
f 1628 1651 1629
f 1652 1653 1654
f 1037 1013 1038
f 1037 1365 1054
f 1365 1655 1366
f 1656 1276 1160
f 666 1657 844
f 1657 666 665
f 1276 1275 1658
f 1282 1659 1278
f 1660 1661 1662
f 1663 720 721
f 1664 1665 1663
f 1664 723 1666
f 723 1664 722
f 1667 1668 1669
f 1016 1670 1671
f 1017 1019 1672
f 1673 1674 1675
f 1676 1677 1678
f 596 1679 928
f 1679 596 595
f 1680 1681 1682
f 1617 1683 1024
f 1684 1685 1686
f 1687 1688 1689
f 1690 1691 1343
f 1692 1693 1694
f 1695 1696 1178
f 917 1697 915
f 1245 1698 916
f 1093 1401 1245
f 1699 998 1700
f 1701 1702 1703
f 1704 1705 1706
f 1707 954 956
f 1212 1708 1707
f 503 504 955
f 506 1403 1709
f 1403 506 507
f 1403 1710 1711
f 1712 1713 1341
f 1714 1715 1716
f 1410 1717 1718
f 1719 1396 1720
f 1396 1719 1721
f 1416 1721 1719
f 1722 1399 1397
f 1399 1722 1324
f 1396 1325 1723
f 1412 1724 1616
f 1725 1726 1727
f 1398 1728 1729
f 1728 1398 1395
f 1132 915 1130
f 1730 1731 1732
f 1733 1734 1735
f 1736 1737 1738
f 1739 1740 1741
f 1740 1739 1742
f 1743 1744 1745
f 919 1084 910
f 919 921 1084
f 1338 1746 1747
f 1748 1008 920
f 1749 1750 1751
f 1752 1753 1754
f 1755 1756 1757
f 1074 1758 1759
f 1758 1074 1073
f 1760 1761 1762
f 1763 1764 1765
f 1766 1225 1224
f 1767 1456 1768
f 1769 1770 1771
f 1772 1773 1774
f 1775 1776 1777
f 1778 1779 1780
f 1781 1782 1783
f 1784 1785 1786
f 1787 1788 1789
f 1790 1791 1792
f 1793 1769 949
f 1794 1795 1796
f 1797 1798 1799
f 1800 1801 1802
f 1803 1539 1804
f 1804 1805 1806
f 1807 1808 1809
f 1810 1106 1108
f 1811 1812 1813
f 1814 1815 1816
f 1817 1818 1819
f 1044 1820 1469
f 978 1821 979
f 1822 1311 1127
f 1128 1043 1044
f 1096 1473 1823
f 1473 1096 1474
f 1475 1474 1824
f 1825 1826 1827
f 1828 1829 1830
f 1831 1832 1833
f 1391 1834 1393
f 1392 1835 1836
f 1835 1392 1837
f 1838 1839 1840
f 1095 1841 1842
f 1841 1095 1487
f 510 1843 1844
f 1843 510 511
f 1845 1846 1847
f 1848 1849 1850
f 1327 1851 1852
f 1853 1495 1854
f 1855 1856 1857
f 1858 1027 1517
f 1027 1858 1025
f 1859 1860 1029
f 1861 1862 1863
f 1864 1865 1866
f 1865 1864 1867
f 1587 1868 1869
f 1870 1871 1590
f 1872 1873 1874
f 1875 1509 1876
f 1509 1875 1877
f 1878 1879 1880
f 1881 1882 1883
f 1884 1885 1886
f 975 1887 1888
f 1866 1889 1890
f 1889 1866 1865
f 1891 1530 1684
f 1512 1072 1892
f 1893 1521 1894
f 1895 968 1896
f 1897 1072 1512
f 1898 1246 1899
f 1514 1515 1900
f 1516 1512 1510
f 1758 1901 1685
f 1272 972 1902
f 1903 1520 1904
f 1905 1516 1517
f 1247 1906 1248
f 1906 1247 1101
f 1876 1264 1875
f 1509 1907 1272
f 1908 1909 1910
f 1911 1912 1913
f 1914 1915 1916
f 1459 1917 1918
f 947 946 1919
f 1920 946 945
f 1921 1922 1536
f 1671 1019 1016
f 1019 1671 1923
f 1924 1925 1109
f 1926 1927 1928
f 1929 1930 1931
f 1930 1929 1932
f 1536 1933 1934
f 1933 1536 1535
f 1935 1936 1560
f 1278 1937 1037
f 945 947 1554
f 1938 1116 924
f 1919 1283 1939
f 1935 1279 1936
f 1940 1941 1942
f 1942 1941 1005
f 1560 1561 1943
f 1119 608 1004
f 608 1119 609
f 1004 606 1301
f 606 1004 607
f 1005 1301 1308
f 1944 1945 1946
f 1947 1944 1299
f 1560 1936 1947
f 1948 1949 1950
f 1949 1948 1951
f 1952 1423 1420
f 1422 1953 1420
f 1954 1420 1955
f 1420 1954 1304
f 1953 1120 1956
f 1315 1555 1567
f 1957 1958 1959
f 1958 1957 1960
f 1293 1961 1294
f 1198 1962 1963
f 1198 1963 1964
f 1046 1965 1471
f 1966 1967 1968
f 978 1819 1821
f 1046 1969 1970
f 1208 1210 1971
f 1972 1120 1122
f 1120 1972 1555
f 1973 1974 1566
f 1975 1312 1976
f 1312 1975 1292
f 1957 1977 1978
f 1308 602 1962
f 602 1308 603
f 1422 1979 1980
f 1979 1422 1421
f 1222 1981 1982
f 1983 1602 1984
f 1985 1986 1568
f 1120 1565 1121
f 1581 1127 1579
f 1580 1822 1581
f 1869 1987 1587
f 1988 1590 1808
f 1060 1989 1990
f 1190 1192 1696
f 1991 1989 1060
f 1992 1993 1994
f 1995 1996 1997
f 1998 1999 2000
f 2001 2002 2003
f 1841 1487 1474
f 2004 2005 2006
f 2005 2004 2007
f 1697 1191 1190
f 1837 1598 2008
f 1490 1064 1063
f 2009 2010 2011
f 1827 2012 1870
f 1614 2013 2014
f 2015 2016 1614
f 2017 2018 2019
f 1600 1783 1601
f 2020 2021 1009
f 1310 1748 1075
f 2022 1607 1783
f 1611 2023 2024
f 2025 2026 2027
f 2026 2028 2029
f 2030 2031 2032
f 1429 2033 2034
f 2033 1429 2035
f 2036 2037 1611
f 2023 1562 1223
f 2038 2039 1342
f 994 1317 1316
f 2040 1493 1492
f 2041 2042 2043
f 532 531 2044
f 1384 1762 2045
f 2046 2047 2048
f 2049 2050 2051
f 2050 2049 2052
f 1380 2053 1381
f 2054 1067 1066
f 2055 2056 2057
f 2058 2059 1363
f 2060 2061 2062
f 2063 2064 2065
f 2064 2063 2066
f 2067 2068 2069
f 2068 2067 2070
f 2071 2072 2073
f 2074 2075 2076
f 2077 2078 2079
f 2080 2081 1353
f 2082 2083 2084
f 1634 2085 2082
f 2086 766 765
f 766 2086 2087
f 2088 2089 2090
f 2091 1148 2092
f 2093 2094 2095
f 2094 2093 2096
f 1365 1013 1054
f 1659 2097 1937
f 1300 2098 2099
f 2100 746 745
f 746 2100 2101
f 743 1377 744
f 611 2102 612
f 2103 734 735
f 785 786 1658
f 2104 2105 1031
f 1675 2106 2103
f 2107 2108 2109
f 1663 722 1664
f 722 1663 721
f 2110 2111 2112
f 2113 2114 2115
f 2084 1376 2116
f 2117 2118 2119
f 2120 2121 2122
f 1921 1536 1934
f 2123 2124 2125
f 2126 2127 2128
f 2129 2130 2131
f 2132 2133 2134
f 1111 1110 2135
f 2136 2137 2138
f 2139 964 1617
f 2140 1433 2141
f 1172 2142 1173
f 2143 1760 2144
f 537 2145 538
f 2146 1170 935
f 2147 2148 1257
f 539 2145 537
f 541 1386 558
f 967 1257 968
f 2149 1387 2150
f 2151 1434 2152
f 1434 2151 1169
f 2153 2154 2155
f 1391 1393 1392
f 2156 2157 1834
f 916 1132 1129
f 1132 916 915
f 1131 916 1129
f 415 416 1211
f 1305 1951 1303
f 1422 1584 1953
f 2158 2159 2160
f 1408 1220 2039
f 502 955 954
f 955 502 503
f 501 502 954
f 1708 954 1707
f 1007 1211 2161
f 2162 2163 2164
f 2165 1411 2166
f 1419 2167 1417
f 2167 1419 2168
f 2169 993 2170
f 2171 1707 2172
f 2173 1403 1409
f 2174 2175 2176
f 2177 1713 1712
f 1341 1340 1339
f 994 1206 1317
f 2178 2179 2180
f 993 1206 994
f 2181 2182 2183
f 2184 1419 2169
f 1718 1717 2168
f 2185 1412 2186
f 1412 2185 1415
f 1418 1616 1419
f 1727 1721 1416
f 1721 1398 1729
f 1183 1181 1180
f 1324 1130 1177
f 1720 1396 2187
f 2188 2189 1726
f 1413 2187 1414
f 2187 1413 1416
f 2187 1719 1720
f 1719 2187 1416
f 2190 1324 1722
f 1324 2190 2191
f 2191 1130 1324
f 1399 1324 1395
f 965 1683 1617
f 2192 2193 2194
f 2195 1217 2196
f 2197 2052 2198
f 2199 2200 1737
f 1523 1522 1898
f 1895 1896 2201
f 1748 920 1075
f 2202 2203 1571
f 1009 2204 2205
f 2206 2207 1965
f 2208 2207 2206
f 1472 1573 2209
f 2210 2211 2212
f 2213 1106 2214
f 1106 2213 2215
f 2216 2217 2218
f 2219 1388 2220
f 1892 1529 2221
f 1529 1892 1072
f 2222 2223 1763
f 2224 2225 2223
f 950 2226 2227
f 2226 1441 2227
f 1441 2226 1172
f 2228 2229 1770
f 1637 2230 2231
f 2230 1637 2232
f 2233 2234 2235
f 2236 2237 2238
f 2239 2240 2241
f 2240 2239 2242
f 2243 2244 1788
f 2245 2246 2247
f 2248 1630 1632
f 1630 2248 2249
f 2250 2251 2252
f 2253 2254 2255
f 2256 2257 2258
f 2259 2260 2261
f 2262 2263 2264
f 2265 2266 2028
f 2267 2268 1139
f 2269 2270 2271
f 2272 2273 2274
f 2275 2228 1770
f 2276 1107 1461
f 1810 2276 2277
f 1803 2278 2279
f 2278 1803 1804
f 2280 1766 2281
f 1766 1224 2282
f 1784 2283 1785
f 2284 1772 2285
f 2286 1757 2287
f 2288 2289 2290
f 2291 2292 2293
f 2232 1287 2294
f 2295 2296 2297
f 2298 2299 2300
f 2301 2302 2303
f 2304 2305 2306
f 2307 2308 2309
f 1752 1754 2310
f 1909 1166 1165
f 2311 2312 2313
f 1779 2314 1780
f 2315 2316 2317
f 2318 2319 2320
f 2321 2322 2323
f 2322 2321 2324
f 1967 2325 1968
f 1575 1819 2326
f 2327 1112 1114
f 1965 2207 1243
f 1113 2328 2329
f 2330 2325 2331
f 1044 911 1047
f 911 910 1045
f 1612 1611 2024
f 1043 909 918
f 1579 1127 1577
f 1581 1822 1127
f 1189 1475 1187
f 1824 2332 996
f 1096 1095 1842
f 2333 2334 1424
f 2335 1029 2336
f 1479 1029 2337
f 1184 2338 1185
f 2339 1215 1214
f 2340 2341 2342
f 2343 2344 2345
f 2346 2347 2348
f 2349 2350 2189
f 2351 2352 2353
f 2354 1491 2355
f 2356 2357 2358
f 2357 2356 2359
f 1391 2156 1834
f 2360 2361 2362
f 2363 1495 2364
f 2365 1029 2366
f 2367 2368 2369
f 2370 2366 2371
f 2372 2373 1041
f 2374 1492 1861
f 2375 2376 2377
f 2378 2379 1893
f 2380 2381 2382
f 1023 1617 1024
f 2383 1828 2384
f 2385 2339 2386
f 2339 2385 1215
f 2387 2388 2389
f 1506 2385 2386
f 2390 2391 2392
f 2393 2394 2395
f 2396 2012 1826
f 2397 2398 2399
f 2400 2401 2402
f 2403 2404 2405
f 2406 2407 2408
f 2409 2410 2411
f 2412 2413 2414
f 1506 2415 2416
f 2415 1506 1214
f 2417 2418 1866
f 2418 1867 1864
f 1867 2418 1271
f 2194 1620 2419
f 1263 1262 2420
f 2421 1897 1516
f 1515 1513 1072
f 1024 967 966
f 2422 1513 1514
f 2423 2424 1905
f 1897 1512 1516
f 1899 2425 1265
f 1518 1027 1101
f 2426 2427 2428
f 2429 2430 1907
f 2431 2432 2433
f 2434 2435 2436
f 2437 2438 2439
f 2440 2441 2442
f 2443 2444 2445
f 1517 1516 1858
f 2426 2446 2427
f 1877 1907 1509
f 1265 2425 2447
f 2425 2448 2447
f 2448 2425 2449
f 1246 2450 2451
f 2450 1246 1100
f 1101 1027 2452
f 1519 1101 1247
f 1101 1519 1518
f 1511 1259 1026
f 2453 1876 2418
f 2453 1264 1876
f 2454 2455 2456
f 2220 1388 1387
f 2457 2458 942
f 2458 943 942
f 1915 1908 2459
f 2408 2407 1909
f 2460 2461 1405
f 2462 2463 2406
f 959 2464 957
f 2465 1368 2466
f 2467 2468 1284
f 1930 2469 2470
f 1456 2471 2472
f 2473 2474 2475
f 2476 2477 2478
f 1741 2479 1739
f 2480 1274 1656
f 789 2481 1276
f 2481 789 790
f 2482 1932 1929
f 1932 2482 2483
f 2484 1548 1369
f 2485 2486 2487
f 2488 2489 2490
f 2491 2492 2493
f 2331 2494 2495
f 2494 2331 1920
f 2496 2497 2097
f 1279 2498 1936
f 1939 1935 1560
f 1968 2325 2330
f 946 2499 1919
f 924 2500 1558
f 1939 1279 1935
f 1551 1939 1552
f 1552 1939 1560
f 1971 2501 1556
f 2502 1312 1207
f 1960 1291 1940
f 2503 1291 1960
f 2504 1118 1117
f 1941 1003 1005
f 1559 1118 2504
f 1559 1550 1118
f 1118 1560 1943
f 1038 1013 1039
f 1039 1013 1945
f 1936 1944 1947
f 1947 1298 1560
f 1421 986 1979
f 1979 985 1583
f 1420 2505 1952
f 2505 1420 1304
f 1584 1120 1953
f 1120 2506 1956
f 2506 1120 1555
f 1420 1953 1955
f 1565 2502 1121
f 1972 1971 1555
f 1312 2507 1976
f 2503 1957 1978
f 1957 2503 1960
f 1555 1557 1567
f 1971 1556 1555
f 1210 2501 1971
f 2508 2509 1006
f 1578 1197 1196
f 2330 1115 2510
f 1115 2330 945
f 1431 2330 2510
f 1431 1938 1432
f 1938 1431 1116
f 1558 1559 2504
f 980 979 1553
f 1291 1558 2511
f 2490 1814 2512
f 2513 2514 2507
f 1577 1468 1470
f 1085 1086 1197
f 1578 1085 1197
f 1050 1087 1822
f 2515 2516 1985
f 1341 2038 1342
f 1340 2517 961
f 2518 1466 2519
f 1340 2039 2517
f 1986 1569 1568
f 2520 2521 1564
f 2522 2515 1985
f 1570 1579 2523
f 2523 2520 1563
f 1060 2524 2525
f 2526 1322 1476
f 2527 1599 2528
f 1990 2524 1060
f 915 1190 1130
f 2529 2530 2531
f 2178 2532 2179
f 2524 1001 1000
f 2533 2532 2178
f 1993 2534 2535
f 1323 1001 2524
f 1061 2536 2537
f 2156 2538 2157
f 1842 1474 1096
f 1474 1842 1841
f 2539 1505 1507
f 2540 2541 2542
f 2543 2544 1868
f 1697 2008 1191
f 1597 1599 1191
f 997 2545 2546
f 2547 2548 2549
f 1187 2550 2551
f 1065 1391 2552
f 2553 1481 1064
f 1393 2554 2555
f 2554 1393 2551
f 1481 1480 2156
f 1390 1392 1836
f 1836 2008 1390
f 2008 1836 1835
f 1782 2556 1604
f 1607 1781 1783
f 2557 2558 2559
f 2029 2560 1606
f 2561 2562 2563
f 2035 2479 1741
f 1429 2564 1609
f 2564 1429 2034
f 2565 1983 1984
f 1983 2566 1602
f 1608 1607 2022
f 2567 2568 1048
f 2569 2570 2571
f 2572 2564 2573
f 2564 2572 1609
f 1310 1008 1748
f 2571 2564 2574
f 1612 1043 1311
f 1570 1569 1579
f 2569 2571 2575
f 2576 2577 2578
f 2579 2016 2015
f 1714 1716 2580
f 1492 1494 2581
f 2582 2360 2362
f 2583 2584 2585
f 2584 2583 2586
f 2587 2588 2589
f 2590 1730 2591
f 2592 2593 2594
f 2076 2075 2595
f 2596 1148 2091
f 1689 560 1687
f 560 1689 559
f 2597 303 304
f 303 2597 2598
f 2599 307 308
f 307 2599 2600
f 2601 1731 1730
f 2602 2583 2585
f 1624 2603 1625
f 2604 2605 2606
f 2607 2608 2609
f 2610 2095 2611
f 2095 2610 2093
f 1150 2612 2092
f 1946 1364 2613
f 2614 2615 2616
f 667 2617 669
f 2129 2131 2618
f 2619 2620 2621
f 2622 2623 2071
f 2624 2625 2626
f 991 2066 2627
f 2628 1354 2066
f 1634 2629 2117
f 913 674 1151
f 674 913 675
f 2630 2631 2632
f 2631 2633 2634
f 685 1641 686
f 1146 2074 2076
f 2635 2087 2110
f 2636 756 755
f 756 2636 2637
f 2638 2639 2118
f 1669 2640 2641
f 2642 2643 2644
f 2110 2087 2086
f 682 2645 683
f 2646 1152 2647
f 2092 2612 2088
f 1346 1348 2648
f 2649 2650 2651
f 2652 2653 2654
f 1037 1039 2498
f 1279 1037 2498
f 808 2655 1367
f 2655 808 799
f 1015 1628 1364
f 2656 1655 1365
f 778 779 1032
f 2657 2658 2659
f 2660 2596 2658
f 2661 2662 2663
f 2662 2661 2664
f 2665 2666 2667
f 1629 2668 2669
f 2670 2671 2672
f 2673 2674 2675
f 1930 2470 2676
f 2106 2677 2109
f 2678 2679 1662
f 1157 1159 2492
f 2109 729 730
f 1666 726 2680
f 726 1666 725
f 1665 2681 1663
f 1377 745 744
f 745 1377 2100
f 1373 2682 1374
f 2073 1152 2646
f 2683 753 752
f 753 2683 2684
f 2685 2627 2686
f 2687 2100 2688
f 2689 2690 1674
f 2690 2677 2691
f 1665 2692 2681
f 2107 2693 2108
f 2122 2694 2695
f 2696 2082 2697
f 1672 1158 1157
f 1537 1672 1535
f 1933 1535 2698
f 2699 2700 2701
f 2702 2703 2704
f 1439 2705 1440
f 2705 1439 1227
f 2706 283 2045
f 283 2706 284
f 2223 2141 2707
f 2708 2226 2709
f 2226 2708 1172
f 1762 2222 2710
f 965 536 2711
f 536 965 534
f 2712 2219 2220
f 2713 2714 1676
f 2715 2716 1683
f 965 2715 1683
f 2717 2151 2718
f 1168 1433 1169
f 1433 1168 2141
f 2719 2720 2721
f 2718 2722 2717
f 2722 2718 1170
f 1245 1401 1698
f 1200 2723 2724
f 2725 2726 1326
f 1327 1852 1328
f 1390 2727 2728
f 2727 1390 2008
f 1093 1400 1401
f 2189 2354 2355
f 2729 2508 2730
f 498 954 1708
f 954 498 501
f 1211 417 418
f 418 1212 1211
f 1212 418 499
f 1567 1557 2730
f 2731 1007 2161
f 505 1709 955
f 1709 505 506
f 1213 1212 1707
f 2732 2733 1949
f 956 2734 998
f 509 1844 1403
f 1844 509 510
f 1709 1403 2173
f 2735 2736 2737
f 2738 1843 2739
f 2740 79 2169
f 79 2740 78
f 2164 55 54
f 55 2164 2163
f 75 2741 2742
f 2741 75 76
f 51 2743 52
f 2743 51 1702
f 2744 49 48
f 49 2744 1701
f 2745 73 2746
f 73 2745 72
f 2170 993 992
f 2747 992 1316
f 1423 1949 1421
f 1712 1341 984
f 1423 1948 1950
f 1948 1423 1303
f 1213 1707 2171
f 1406 1408 1713
f 1318 1406 1713
f 2748 2749 2750
f 1317 1407 1318
f 1182 1502 1504
f 1182 2751 1502
f 1081 1080 1202
f 2752 2753 2754
f 2740 2169 2170
f 1702 2162 2743
f 1205 2755 1206
f 2167 1418 1417
f 1418 2167 2756
f 953 2181 2757
f 1206 2748 1317
f 1588 1589 2758
f 2759 1061 2751
f 1414 2187 1412
f 1728 1395 1396
f 1395 1324 1325
f 1130 1190 1695
f 1179 2760 1181
f 1722 1131 2190
f 535 534 965
f 2360 2761 2361
f 2762 2763 2360
f 2764 2765 2766
f 2767 2052 2197
f 2362 2768 2769
f 2052 2770 2198
f 2770 2052 2049
f 1024 1683 967
f 2771 2148 1514
f 922 921 919
f 1223 922 919
f 1008 2772 1009
f 2574 2034 2773
f 921 2774 1083
f 1084 2207 2208
f 921 2775 2774
f 1242 2202 1571
f 2776 2777 2778
f 2779 2618 2780
f 2781 2153 2782
f 1465 2781 2782
f 2783 2784 2785
f 2005 2786 2787
f 1528 1167 2788
f 1091 2789 1912
f 2790 2458 2791
f 1529 1074 1759
f 1074 1529 1072
f 2452 2792 2793
f 1441 950 2227
f 950 1441 1171
f 1289 2143 2794
f 2795 2275 1769
f 2142 2796 2797
f 1461 2798 2289
f 1229 1228 2228
f 2799 2800 2801
f 2069 2802 2803
f 2802 2069 2068
f 2804 2628 2805
f 2628 2804 1354
f 2804 2806 2807
f 2808 1768 2809
f 2810 2811 2812
f 2811 2810 2813
f 2814 1233 2815
f 2814 2816 2817
f 2818 2819 2820
f 2819 2818 2821
f 2822 2284 2823
f 598 927 599
f 2824 2249 2825
f 2826 2630 2827
f 2828 1022 2829
f 2830 2251 2831
f 2251 2830 2832
f 2633 2833 2834
f 2320 2835 2836
f 2837 2838 2839
f 2840 2841 2842
f 2843 2844 2845
f 2846 2847 2848
f 2849 2850 2851
f 2264 2263 2852
f 2853 2854 2855
f 2856 2857 2858
f 2859 2860 2861
f 2862 936 2272
f 1781 2863 1782
f 2862 2846 936
f 2864 2865 2866
f 1449 2867 1450
f 1450 2867 2868
f 1082 971 2783
f 1107 2798 1461
f 2869 2870 2871
f 1108 1107 2276
f 2276 1461 1460
f 2872 1355 2873
f 2874 2875 2876
f 2877 2878 2284
f 2800 2879 2801
f 2880 2881 2882
f 2883 2884 2885
f 2886 2887 1757
f 2888 2822 2889
f 2291 2290 2292
f 2290 2890 1793
f 2891 2892 2893
f 2894 2895 2896
f 1772 1774 2285
f 2292 949 948
f 2897 1171 1288
f 1804 1806 2898
f 2899 1457 2900
f 2901 2902 2903
f 2904 2905 2906
f 2304 2907 2908
f 1167 2155 2909
f 2910 2900 2911
f 1457 1459 2912
f 2913 2914 2915
f 2916 1531 2917
f 2918 2919 2920
f 2921 2922 2923
f 2560 2924 2863
f 2925 1608 2031
f 2926 2927 2928
f 2929 2930 2931
f 2932 2413 2412
f 1966 2330 1431
f 1468 1044 1469
f 1047 911 1045
f 2206 1965 1046
f 1969 1472 2933
f 1083 1242 1241
f 1573 1572 2934
f 1572 2490 2934
f 2935 2327 2936
f 1969 2933 2935
f 1538 2328 1113
f 2937 2938 1815
f 1045 910 2206
f 1045 2206 1046
f 1820 1575 1574
f 1970 1969 1575
f 1822 1612 1311
f 1087 1612 1822
f 1030 1029 2365
f 2385 1866 1890
f 1486 1478 1477
f 2939 1029 2940
f 2333 2941 2334
f 2942 2943 2944
f 2945 1029 2946
f 2947 2939 2940
f 2411 2948 2949
f 2950 2951 2952
f 2724 1489 1490
f 1846 2724 1092
f 1846 1092 1093
f 1721 2355 1398
f 2953 2954 1200
f 2955 2956 2957
f 1491 1131 1722
f 1398 1722 1397
f 1717 1725 1415
f 1717 2737 1725
f 2958 2959 2960
f 1844 1710 1403
f 2961 1199 2962
f 2963 2964 2965
f 2966 2967 2968
f 2364 2969 2970
f 1853 1057 1482
f 1853 1482 2967
f 2971 2972 2973
f 2974 2975 1498
f 2976 2977 2978
f 1855 2979 1856
f 1862 1492 2581
f 2980 2981 2982
f 2983 2984 2985
f 2986 1263 1829
f 1071 2583 2602
f 1493 2987 1494
f 2987 1493 2988
f 2989 1855 2990
f 2991 2992 2993
f 2193 1618 1620
f 2994 2426 2995
f 2996 2997 1894
f 2192 2194 1857
f 2998 2999 2361
f 3000 3001 3002
f 3003 3004 3005
f 3006 3007 3008
f 3009 2958 1097
f 3010 3011 3012
f 2386 1214 1506
f 1214 2386 2339
f 3013 3014 3015
f 3014 3013 3016
f 1502 2537 1503
f 3017 3018 1499
f 3019 3020 3021
f 3022 1271 2418
f 1271 3022 1508
f 3023 3024 3004
f 3025 1329 3026
f 1884 1271 1273
f 2951 2440 3027
f 1123 3028 1126
f 3029 3030 3031
f 3032 3033 3034
f 3035 3036 1811
f 976 3037 3038
f 3039 3040 3041
f 3042 3043 3044
f 2526 3045 1322
f 3046 3047 3048
f 1188 3049 1186
f 1135 3050 3051
f 1866 2418 1864
f 2388 2385 1506
f 3052 3004 3053
f 3054 3055 2383
f 3056 3057 3058
f 3059 2764 3060
f 3061 2423 2379
f 3062 1247 1246
f 3062 1905 1247
f 2421 1516 1905
f 1900 1897 2424
f 2423 1905 3062
f 1899 1246 2425
f 1619 3063 3056
f 3058 3064 2375
f 1738 3065 1736
f 1736 3065 3059
f 3066 1914 1916
f 3067 3068 2461
f 2436 2793 3069
f 2792 1260 2793
f 2460 2445 2461
f 3070 1252 972
f 2542 3071 2540
f 1997 3072 3073
f 2450 1100 2449
f 2430 2449 1903
f 1266 1907 1264
f 1907 1266 2429
f 2451 2449 2425
f 2449 2451 2450
f 2425 1246 2451
f 2434 3068 3067
f 2443 2445 3074
f 1247 1517 1519
f 1905 1517 1247
f 1516 1025 1858
f 1025 1516 1026
f 1264 1877 1875
f 1877 1264 1907
f 3075 3076 2455
f 2408 1909 1908
f 2457 942 3077
f 1909 1465 1166
f 2782 2153 2155
f 3078 1910 2312
f 3079 3080 3081
f 3066 1916 3082
f 3082 3078 2311
f 3082 1915 2459
f 3083 2485 2464
f 2485 3083 3084
f 3085 2487 3086
f 3087 959 3088
f 3088 3089 3087
f 3089 3088 3090
f 2476 2478 3091
f 3092 3093 1442
f 3094 3095 3096
f 2885 3097 3098
f 1448 1450 3099
f 3100 3101 3102
f 2480 1656 1160
f 790 1160 2481
f 1160 790 791
f 1281 2097 1659
f 2497 1545 3103
f 2486 1930 2676
f 3104 3105 1545
f 2493 3106 3107
f 2491 2493 3108
f 1549 3084 3083
f 3084 1549 2486
f 1548 1931 1549
f 2329 2484 3109
f 3110 2698 2483
f 1931 3111 2482
f 3112 3113 2678
f 3111 1921 2482
f 1919 1277 1283
f 2494 1920 945
f 959 3090 3088
f 3090 959 958
f 958 3085 3114
f 979 1966 1431
f 1114 1113 3115
f 3115 2466 2325
f 1554 1919 1551
f 924 1554 2500
f 1551 1919 1939
f 1283 1279 1939
f 1977 2503 1978
f 2503 1977 1291
f 1291 2511 1940
f 2511 2504 1941
f 2511 1558 2504
f 1552 1560 1118
f 1550 1552 1118
f 1947 1299 1298
f 619 3116 620
f 1943 1561 1119
f 1118 1943 1119
f 2498 1944 1936
f 2498 1039 1944
f 1303 1951 1948
f 1951 3117 3118
f 3119 986 1421
f 1304 1303 2505
f 2506 1953 1956
f 1953 2506 1315
f 1208 1121 1209
f 1121 1208 1971
f 3120 1977 1957
f 2501 1085 1578
f 2501 1578 1556
f 1207 1312 1314
f 1557 1556 2729
f 2730 2508 1306
f 1196 1198 2729
f 1556 1196 2729
f 1197 1308 1962
f 1197 1962 1198
f 406 1964 1963
f 1964 406 408
f 1115 1431 2510
f 1431 1115 1116
f 1938 979 1432
f 979 1938 924
f 925 924 1558
f 2500 1550 1558
f 923 980 1553
f 980 923 925
f 1977 980 3121
f 1290 1977 3121
f 1977 1290 1291
f 2507 3120 1957
f 3122 1576 3123
f 1985 1568 3124
f 986 985 1979
f 961 963 1582
f 1582 2515 2522
f 2515 1582 963
f 3125 1050 1569
f 3125 1048 1050
f 3126 3127 3128
f 1713 2038 1341
f 1342 2039 1340
f 3129 2518 1981
f 1408 3130 3131
f 2513 2507 1312
f 2502 2513 1312
f 1974 2523 1563
f 1974 1565 1566
f 1577 1470 3132
f 1563 2520 1564
f 1002 3042 3044
f 2751 2537 1502
f 1989 1476 1321
f 1989 1321 1990
f 915 1697 1190
f 2528 2529 3133
f 2758 1589 3134
f 1001 3042 1002
f 2006 2787 3135
f 2787 2006 2005
f 3136 2006 3135
f 2532 3137 2179
f 2751 1061 2537
f 3138 3139 3140
f 3141 3142 3143
f 2002 975 3144
f 3145 2002 2001
f 975 3146 976
f 3147 3148 3149
f 1599 2529 2528
f 3133 1585 1476
f 1476 1585 2526
f 2530 2546 2531
f 1593 1187 2551
f 3150 3151 2548
f 2531 2546 1585
f 2530 997 2546
f 3152 995 1598
f 2546 1586 1585
f 2546 3153 1586
f 1326 1328 2553
f 2553 1328 1481
f 2728 1697 1698
f 1697 2728 2727
f 1064 1481 1065
f 1328 1852 3154
f 3155 3156 3157
f 1394 2551 1393
f 2551 1394 1593
f 2551 2550 3152
f 2551 3152 1598
f 2552 1391 1390
f 2538 3158 3159
f 1835 1837 2008
f 3160 2029 1606
f 3161 2029 3160
f 2022 1783 1600
f 2556 3162 1604
f 3163 2022 2566
f 3164 3160 2925
f 3165 3166 2026
f 3161 2026 2029
f 1603 1605 1428
f 3167 3168 1605
f 939 941 1739
f 3169 1230 1232
f 2033 1740 2020
f 1429 1428 2035
f 1981 3170 1982
f 3171 2031 2030
f 2925 3160 1608
f 3160 1606 1608
f 2565 2566 1983
f 3172 3173 3174
f 2575 2571 3175
f 3175 1335 3173
f 1984 2573 2570
f 2573 1984 2572
f 1077 3176 1078
f 2572 1602 1609
f 2564 2034 2574
f 2574 2773 1309
f 2773 2034 2772
f 2034 2033 2772
f 3175 2571 1335
f 2037 1310 1562
f 1050 1822 1580
f 3177 3178 2515
f 3176 3179 3172
f 1714 2580 3180
f 2580 3181 1466
f 3182 2602 3183
f 3184 1261 3185
f 1857 3186 1262
f 2602 2585 1493
f 2040 2602 1493
f 3000 3187 3001
f 2767 2050 2052
f 2608 3188 3189
f 3190 3191 1144
f 3192 3193 3194
f 1379 3195 2612
f 3196 3197 3198
f 3199 3200 3201
f 2597 3202 3199
f 3203 2633 2631
f 3204 3205 1679
f 1358 3206 3207
f 600 927 1385
f 927 600 599
f 1380 3208 2053
f 3209 3210 3188
f 3189 3211 3187
f 3212 1621 3213
f 988 3214 1069
f 3215 2609 3216
f 2975 1497 1496
f 2982 3217 3218
f 1654 1653 3219
f 1653 1621 1623
f 1363 1362 3220
f 1144 3221 3222
f 1143 3190 1144
f 3223 3210 3209
f 3224 2648 1624
f 3225 3192 2603
f 3226 3227 3228
f 512 1843 511
f 1308 604 603
f 1301 605 1308
f 605 1301 606
f 1004 608 607
f 1300 2099 3229
f 1964 408 409
f 929 1634 2618
f 1634 929 3230
f 3231 3232 3233
f 3234 1768 3235
f 3236 3237 3238
f 1789 3239 1350
f 3240 3241 2063
f 3242 930 929
f 930 2063 2065
f 2064 2066 991
f 2071 2073 2682
f 2643 2626 3243
f 2805 2066 2063
f 2066 2805 2628
f 3244 3245 3246
f 3247 3248 3249
f 2626 2625 3250
f 3251 3252 3253
f 2647 669 2617
f 669 2647 670
f 2623 3254 2072
f 3255 3256 3257
f 3258 2623 2622
f 3259 3260 3261
f 2117 2638 2118
f 3262 3263 3264
f 3265 3266 3267
f 3268 3269 1660
f 3270 3271 3272
f 3273 3274 3275
f 1646 3276 3277
f 648 3278 647
f 760 3279 761
f 2112 2111 3280
f 2612 3281 2089
f 2089 2648 3224
f 1148 1150 2092
f 2660 651 652
f 651 2660 2658
f 3281 2648 2089
f 2088 2612 2089
f 3282 3283 3284
f 1362 3285 3286
f 1014 3287 1628
f 1015 1014 1628
f 1364 1628 1627
f 796 3288 1156
f 3288 796 797
f 1014 2655 3287
f 1367 2655 1014
f 3289 1274 2480
f 786 1276 1658
f 1276 786 787
f 3290 2657 3291
f 3282 3292 3283
f 2658 3293 2659
f 3224 1624 1362
f 3293 2091 2659
f 3294 2671 2670
f 783 3295 3296
f 3295 783 784
f 3297 2104 1275
f 1535 1157 2698
f 1535 1672 1157
f 3298 1016 3299
f 3300 3301 3302
f 3303 1634 3304
f 3267 3305 3306
f 3296 1031 1033
f 2104 1031 3296
f 3307 1674 1673
f 2103 736 1675
f 736 2103 735
f 2103 2109 3308
f 730 3308 2109
f 3308 730 731
f 2681 2116 3309
f 2680 728 3310
f 728 2680 727
f 3310 729 2109
f 729 3310 728
f 3311 3312 3313
f 763 2111 764
f 1643 2635 2110
f 2638 3314 2639
f 3262 3315 3263
f 3316 2637 2636
f 3317 2687 3318
f 1634 3319 3320
f 3321 3322 3323
f 2677 2693 2107
f 1666 3324 1664
f 3325 3307 1032
f 3307 3325 3326
f 3326 3327 1674
f 1634 3328 3262
f 1376 1378 3309
f 3320 3317 3318
f 2688 2100 1377
f 3313 3329 3330
f 2116 1376 3309
f 1285 3331 1286
f 1934 2698 1921
f 2698 1934 1933
f 1770 3332 3333
f 3332 1770 2796
f 2151 1228 3334
f 1228 2151 3335
f 3336 2229 3337
f 2229 3336 2140
f 2229 3335 3337
f 2797 2224 2222
f 290 3338 1383
f 3338 290 289
f 2045 2710 2706
f 1385 1762 1384
f 3339 3340 3341
f 3338 3342 3343
f 1762 2710 2045
f 542 3344 543
f 1386 543 3344
f 543 1386 540
f 3345 1168 3346
f 3346 1168 2146
f 3347 1438 2213
f 36 3348 35
f 100 3349 101
f 3349 100 2789
f 35 2789 100
f 35 1677 2789
f 1677 35 3348
f 2711 2145 2716
f 1389 41 42
f 41 1389 1388
f 106 2454 107
f 2454 106 2455
f 2148 2422 1514
f 3350 2220 3351
f 965 2711 2715
f 2715 2711 2716
f 2151 2152 3335
f 935 1170 933
f 1170 1169 2722
f 2713 3346 2714
f 3338 3343 1383
f 3352 2364 2970
f 2967 1482 1484
f 2968 3353 2726
f 2968 2726 2725
f 2727 2008 1697
f 1698 917 914
f 917 1698 1697
f 3354 2509 2508
f 1007 415 1211
f 415 1007 414
f 3355 1307 1306
f 1307 3355 2731
f 2161 1211 1213
f 3356 999 1699
f 2172 956 999
f 1707 956 2172
f 998 2173 2165
f 1403 1711 1409
f 3357 3358 1692
f 1710 2739 3359
f 1411 1410 1718
f 1409 1711 1410
f 2755 3360 2748
f 1418 2185 2186
f 2185 1418 2756
f 998 2165 3361
f 3362 2742 2746
f 2159 2177 2160
f 1316 1318 1713
f 2177 1316 1713
f 2160 2177 1712
f 2160 1712 984
f 1339 961 985
f 984 1339 985
f 1949 3119 1421
f 3363 3117 1951
f 1402 3364 3363
f 3363 3364 3117
f 2171 3356 3364
f 49 1703 50
f 1703 49 1701
f 73 3362 2746
f 3362 73 74
f 2745 2746 2158
f 951 953 3365
f 3366 3367 3368
f 1418 1412 1616
f 3369 3370 3371
f 1060 2525 1061
f 3134 1589 1994
f 1716 3181 2580
f 1408 3131 1220
f 3368 3130 1408
f 3372 3373 2749
f 1407 3368 1408
f 2750 3374 3366
f 1419 1205 993
f 2169 1419 993
f 2168 1717 2756
f 1320 952 951
f 1320 1183 952
f 1183 1180 952
f 1182 1504 3375
f 1325 1177 1179
f 1178 1991 2760
f 1695 1190 1696
f 1192 3376 1991
f 1062 1061 2759
f 1181 2760 2759
f 1131 2191 2190
f 2191 1131 1130
f 3377 3350 3378
f 2145 557 3379
f 557 2145 539
f 3380 532 2044
f 532 3380 530
f 3381 1056 1055
f 3380 2044 1056
f 2585 2988 1493
f 2988 2585 2584
f 3382 1737 2999
f 2379 1522 1521
f 3383 968 1895
f 1070 3384 2583
f 2761 2998 2361
f 3385 2195 2586
f 1257 2148 2771
f 967 1683 1257
f 2204 2775 2205
f 2205 2775 921
f 1965 1243 1471
f 1084 1083 2207
f 910 2208 2206
f 910 1084 2208
f 3386 3387 3388
f 1572 3389 3390
f 3391 2618 3392
f 3393 1922 1921
f 2477 3394 3395
f 2777 1451 1453
f 2782 2155 1167
f 1166 2782 1167
f 39 1088 38
f 1088 39 1240
f 104 1090 3076
f 1090 104 103
f 2781 3396 2153
f 1913 3397 3398
f 971 3399 3347
f 1686 2790 3400
f 3401 2456 1901
f 3344 1688 1680
f 1388 1240 3402
f 1027 1026 2452
f 927 1760 1385
f 2143 1173 3403
f 3404 1173 2143
f 1289 3404 2143
f 2797 2796 2224
f 3332 2796 2142
f 949 2226 950
f 2289 2795 2890
f 2289 2890 2290
f 1106 2215 1107
f 2215 2705 3405
f 3406 3407 3408
f 3409 3248 2615
f 2813 3410 2811
f 2244 3411 3412
f 2068 3413 3414
f 3415 3416 3417
f 3418 2824 3419
f 3420 2879 3421
f 2616 2806 3241
f 2063 2804 2805
f 2807 1354 2804
f 1354 2807 1352
f 3422 3412 3423
f 3410 3424 3425
f 3097 3426 3098
f 3427 2243 3237
f 3428 3429 3430
f 2127 3431 2239
f 1436 3432 2243
f 3427 1436 2243
f 3433 3434 3435
f 2844 1801 2845
f 3436 2876 2800
f 3437 3438 3439
f 2230 3440 2231
f 3440 2230 3441
f 3442 3443 3444
f 2068 3445 3413
f 2833 3446 3204
f 1356 1637 1357
f 3441 2232 3447
f 3448 3449 2633
f 3450 3451 3452
f 1791 3453 3454
f 2911 2900 3455
f 2305 3456 3457
f 3458 3459 3460
f 3459 3458 3461
f 3462 2256 3463
f 3464 3433 2902
f 2299 2877 2300
f 3465 3466 3467
f 3464 1777 3468
f 3469 3470 3471
f 1780 2314 3472
f 3473 3474 3475
f 3453 3476 3454
f 2268 3477 1139
f 2018 3478 3479
f 1604 3167 1605
f 1605 3168 3480
f 3481 2865 2864
f 3482 3463 3483
f 2847 3482 3483
f 3484 3485 2846
f 2256 3486 2257
f 3463 3487 3428
f 3488 2474 1452
f 3489 3490 1925
f 3491 3492 3493
f 2270 3494 3495
f 1438 1440 2213
f 3496 3334 3497
f 2784 2214 2785
f 2783 3347 2784
f 1796 1795 3498
f 3499 3500 3501
f 2897 3443 3502
f 3443 2897 1288
f 2895 2872 2896
f 1357 3440 2248
f 3503 3504 3505
f 2876 2875 3438
f 2874 2894 2875
f 1774 1773 2894
f 1774 2894 2874
f 3506 2719 3507
f 2878 1772 2284
f 3508 3509 1355
f 2886 1757 2286
f 1756 2288 3510
f 1460 2288 1755
f 3511 2292 3442
f 3512 2293 3509
f 3508 1355 2872
f 1773 2893 2894
f 949 1771 2226
f 1771 2708 2709
f 2708 1771 2142
f 1171 1173 3404
f 1638 3513 1639
f 3513 1638 3514
f 2300 2877 2888
f 1805 1541 1806
f 2301 3515 3516
f 2900 3517 3455
f 3435 3518 3466
f 1785 3519 1776
f 1437 1800 1435
f 2721 3520 3521
f 2286 2287 3522
f 1917 3523 1918
f 3459 2899 2900
f 3452 2837 3524
f 3525 3526 3527
f 3528 3529 3530
f 3531 2216 1533
f 3532 2320 3533
f 3534 3535 3536
f 1268 2918 1269
f 3537 3538 3539
f 3540 2255 3541
f 3542 3543 3544
f 3545 3546 3547
f 3548 3549 3550
f 2307 2309 3546
f 2307 3546 3545
f 1969 2935 1817
f 1967 3115 2325
f 1977 978 980
f 3123 978 1977
f 1471 1472 1969
f 1046 1471 1969
f 1814 1816 3551
f 3552 3389 2202
f 3553 3554 3387
f 1571 2203 1572
f 2933 2327 2935
f 1472 2327 2933
f 1817 2935 1818
f 2935 1967 1818
f 3115 2465 2466
f 3115 1113 2465
f 3555 3556 2468
f 1814 3551 2328
f 1576 2326 978
f 1469 1820 1574
f 1820 1046 1970
f 1820 1970 1575
f 2024 909 1043
f 1612 2024 1043
f 3557 3006 1029
f 3558 1251 3559
f 2366 1029 3560
f 2941 2370 2371
f 3561 3562 3563
f 3562 3561 3564
f 1424 3565 1425
f 3566 3567 3568
f 1852 1594 3154
f 3569 3570 3571
f 3572 1029 2939
f 3049 1189 1186
f 1189 3049 1475
f 3159 1094 1096
f 3573 981 3574
f 3575 3576 3577
f 2724 1490 1092
f 1092 1490 1063
f 1846 1093 1847
f 1847 1093 1245
f 3578 3579 3580
f 3581 2724 1846
f 1729 1396 1721
f 1396 1729 1728
f 2739 2965 3357
f 1693 2350 2349
f 3582 3583 3584
f 2344 3585 3586
f 3587 3588 2174
f 1691 2980 3589
f 3590 2981 2980
f 2174 3578 2175
f 3588 3578 2174
f 2966 2725 2954
f 2176 1200 1199
f 1059 3591 1057
f 1059 3592 3593
f 1057 3594 1482
f 2364 1495 2969
f 1484 1483 3353
f 2971 2973 1851
f 3595 3596 3597
f 3157 3598 3599
f 3600 3601 3602
f 3603 3604 3605
f 3606 3607 1497
f 3608 3609 3604
f 3610 2374 1861
f 3611 1861 1863
f 3612 3613 3614
f 3585 3600 3602
f 3615 3616 3617
f 3616 3615 3618
f 3619 2136 3620
f 3621 1255 2138
f 2983 3612 3614
f 3622 3185 3623
f 3624 1261 3184
f 3185 1261 3625
f 2988 2762 2979
f 2987 2988 2979
f 1857 1262 3624
f 2979 2582 1856
f 2582 2362 1856
f 1856 3626 1857
f 2586 2195 2196
f 2769 3059 3060
f 3627 3628 3629
f 1250 3630 3631
f 3632 3633 3634
f 1828 1830 2384
f 3635 3636 3637
f 3638 3639 3640
f 3641 3618 3615
f 3618 3641 3625
f 2983 2985 3642
f 3643 3010 3012
f 3595 3644 3596
f 2415 1214 1887
f 2539 1507 1029
f 3645 3646 1715
f 3647 2758 2532
f 3648 1993 2535
f 3647 2532 2533
f 1500 3649 3650
f 3651 3652 3653
f 1833 2377 3654
f 3655 3656 3657
f 3658 2442 3659
f 2447 2430 1265
f 2430 2447 2448
f 1883 3655 3660
f 3661 3662 3663
f 3664 3661 3665
f 1881 3666 1882
f 1329 1331 3667
f 1910 3668 3669
f 1532 3531 1533
f 3670 3671 3672
f 3673 3674 3675
f 3676 2921 3677
f 3678 3679 3680
f 3034 3033 3681
f 1826 2342 2396
f 3682 3683 1136
f 3683 3682 2393
f 2010 3684 3138
f 3685 3686 3687
f 2549 3688 2547
f 3689 2004 3136
f 995 997 2530
f 1824 3690 2332
f 3688 3691 1988
f 2549 1825 1827
f 3153 3048 2544
f 2545 3153 2546
f 1890 1215 2385
f 1215 1890 1889
f 3053 3003 1029
f 3692 3693 1029
f 1839 3694 1133
f 1840 1133 3695
f 2375 3064 2376
f 3696 2427 3697
f 2771 1514 1900
f 2147 2716 2148
f 1900 1515 1897
f 1515 1072 1897
f 3059 3065 2764
f 3698 2771 1900
f 1248 1100 1246
f 1100 1248 1906
f 3699 3700 3061
f 1258 3698 3700
f 2379 2423 1522
f 1898 3062 1246
f 3060 2764 2766
f 2997 1893 1894
f 3701 1524 3702
f 1894 3703 3064
f 1252 1903 1253
f 1907 1252 3070
f 2433 1914 3066
f 3704 2432 2431
f 3705 3706 3707
f 3708 3709 3710
f 1904 3711 2444
f 2431 2433 3712
f 3068 2432 3704
f 2461 3068 3704
f 3656 2398 3713
f 3714 2443 3715
f 1885 1272 1902
f 1271 1509 1272
f 3716 3717 2443
f 1405 2445 2460
f 3718 3719 3720
f 1997 3073 3721
f 1906 1101 1100
f 1102 2452 2435
f 1101 2452 1102
f 1102 2435 3711
f 2434 2436 3068
f 1876 1508 3022
f 1508 1876 1509
f 2418 1876 3022
f 3722 3723 3724
f 3725 3726 1914
f 970 3399 971
f 104 3075 105
f 3075 104 3076
f 3402 39 40
f 39 3402 1240
f 3077 1465 2407
f 2407 1465 1909
f 3668 1165 1528
f 2217 3727 3728
f 3729 2311 3730
f 1915 2408 1908
f 2331 3087 3731
f 2466 1368 959
f 2487 2676 3732
f 1109 2133 2132
f 3733 3734 3735
f 3736 3737 1544
f 3738 3739 3740
f 3741 3742 3743
f 3744 3745 3746
f 3747 3748 3749
f 1927 3750 3751
f 1449 3752 3753
f 1449 3753 2867
f 3112 2678 3754
f 1546 3289 2480
f 1160 1276 2481
f 788 789 1276
f 3086 1280 3755
f 3114 3085 3755
f 2656 1156 3288
f 2656 1367 1655
f 1937 2097 1365
f 1937 1365 1037
f 1280 2496 1281
f 3756 3757 3732
f 3084 2486 2485
f 3086 3732 1280
f 2698 1157 3758
f 2470 2469 3108
f 1816 3759 3555
f 3760 1442 2938
f 2468 1285 1284
f 2464 1549 3083
f 3758 2492 2469
f 3761 2493 3107
f 1277 1282 1278
f 1659 1937 1278
f 947 1919 1554
f 3090 958 3089
f 946 3114 2499
f 3114 3755 2499
f 3731 1920 2331
f 1920 3731 3762
f 2325 3087 2331
f 2330 2331 2495
f 2504 1117 1003
f 1941 2504 1003
f 1299 2098 1300
f 1039 1945 1944
f 3763 2158 3764
f 2158 3763 3765
f 1949 3118 2732
f 3118 1949 1951
f 2505 1423 1952
f 1423 2505 1303
f 1953 1954 1955
f 1954 1953 1315
f 1954 1315 1304
f 2506 1555 1315
f 1121 1972 1122
f 1972 1121 1971
f 1974 1563 1565
f 2520 1577 3132
f 1940 2511 1941
f 1958 1960 1293
f 2507 1957 1959
f 1975 1293 1292
f 1293 1940 1961
f 1942 1005 1085
f 1292 1294 2501
f 1294 1085 2501
f 1121 1207 1209
f 1121 2502 1207
f 1554 1551 2500
f 2500 1551 1550
f 980 1290 3121
f 1290 980 925
f 3766 1574 1576
f 3766 1576 3122
f 1958 2507 1959
f 2507 1958 1293
f 3767 984 986
f 3764 2158 2733
f 3768 3124 1974
f 1973 1566 1584
f 961 2517 962
f 3127 3769 3770
f 3177 3771 3178
f 2516 1986 1985
f 3178 1048 3125
f 1713 1408 2038
f 2038 1408 2039
f 3772 3773 3774
f 2517 3775 3776
f 3127 1982 3769
f 2518 2519 1981
f 3124 2523 1974
f 3768 1985 3124
f 2514 3120 2507
f 1565 1564 2502
f 1579 1577 2520
f 2523 1579 2520
f 3132 1470 2521
f 2520 3132 2521
f 1987 3777 3778
f 1323 1322 1001
f 1991 1060 2760
f 1178 2760 1179
f 1002 3044 1589
f 2536 2524 1588
f 3779 3780 3781
f 3779 1592 3780
f 3136 2004 2006
f 3782 3783 3784
f 3785 3786 1079
f 1321 2524 1990
f 1321 1323 2524
f 2524 1000 1588
f 1000 1002 1588
f 2536 1588 2537
f 2537 1588 2758
f 2394 3787 3788
f 3789 975 3790
f 1488 3789 3690
f 3145 975 2002
f 2002 3144 2003
f 3791 3792 3793
f 3794 3795 3796
f 3797 3798 3799
f 3800 975 3801
f 1191 1599 2527
f 1191 2527 1192
f 3133 1476 1989
f 2527 2528 1192
f 2531 1585 3133
f 2529 2531 3133
f 2555 1837 1392
f 1837 2555 2554
f 1392 1393 2555
f 3152 2550 995
f 1598 3802 1599
f 1587 1987 3045
f 2544 3803 1868
f 1490 2553 1064
f 1490 1326 2553
f 1401 1065 2552
f 1093 1063 1400
f 1852 2942 1594
f 2942 2944 1594
f 1834 2157 1393
f 2157 3159 3049
f 3154 1594 1480
f 1328 3154 1480
f 1065 1481 3804
f 1065 3804 1391
f 2554 2551 1837
f 1837 2551 1598
f 2924 3805 3806
f 2560 2863 1781
f 1783 3807 1601
f 1783 1782 3807
f 2566 1600 1602
f 2566 2022 1600
f 3171 3164 2031
f 3808 3809 3810
f 2028 2266 3811
f 3811 2266 2924
f 3167 3162 3168
f 1605 3480 1428
f 1427 1603 1428
f 1601 1603 1610
f 1601 1604 1603
f 3806 1139 3812
f 3470 3813 3814
f 2846 2848 936
f 3815 3816 3817
f 3818 3817 2849
f 2775 2561 2563
f 2479 3480 939
f 3773 3013 3015
f 3819 3820 3821
f 3822 1613 1076
f 1613 3822 3823
f 1614 2014 1615
f 3770 3824 3823
f 3825 3826 3827
f 3828 3829 3830
f 2031 1608 3163
f 1608 2022 3163
f 1984 1602 2572
f 1602 1610 1609
f 1602 1601 1610
f 2573 2564 2571
f 2570 2573 2571
f 2571 2574 1335
f 1335 2574 1309
f 1309 2772 1008
f 2773 2772 1309
f 1562 1075 1223
f 1611 1562 2023
f 3174 2037 2036
f 2568 3174 2036
f 3831 1078 2567
f 1078 3832 2567
f 3833 2014 3834
f 2014 3833 1615
f 3835 3821 3836
f 1467 3837 2579
f 3129 1981 1221
f 2993 3838 3839
f 3586 3840 3841
f 1070 2198 3384
f 3384 2586 2583
f 2586 3384 3385
f 2594 1731 2601
f 2993 2992 3838
f 544 2767 325
f 325 1732 324
f 325 3842 1732
f 3842 325 2767
f 3843 3002 3844
f 1382 1381 3845
f 1653 1623 3846
f 3194 3847 2603
f 3848 3849 2061
f 1150 1379 2612
f 1347 3850 3193
f 3851 3852 3853
f 2047 3854 2048
f 2048 1052 1051
f 2061 3855 3856
f 3857 3858 3859
f 3201 3860 3861
f 2599 3862 3863
f 3864 3865 3866
f 3276 1358 3867
f 2831 3868 2830
f 1359 3869 3870
f 597 928 927
f 928 597 596
f 3199 3202 3200
f 1679 926 928
f 597 927 598
f 3871 3872 3211
f 3873 1144 3222
f 3223 3874 3210
f 3875 2589 3876
f 3877 987 3878
f 2608 3187 2609
f 3211 2594 3879
f 2955 2957 3880
f 1690 3881 1691
f 3882 3883 3884
f 2344 3586 2345
f 3885 3886 2653
f 2093 2610 3886
f 3887 3847 3222
f 3847 3887 2054
f 1068 1380 1382
f 3216 2609 3000
f 2588 3215 3216
f 2648 3192 3225
f 3888 3222 3221
f 3222 3888 3887
f 3192 3194 2603
f 1142 1144 3193
f 2650 3889 3890
f 512 3891 1843
f 3891 512 513
f 3892 3587 3893
f 1308 605 604
f 3894 3895 3896
f 1962 407 1963
f 407 1962 601
f 1963 407 406
f 990 991 3230
f 3897 3898 3899
f 1636 3897 3899
f 3900 3901 3902
f 3246 929 2618
f 3903 2618 1670
f 3904 3905 2618
f 3906 3907 3908
f 3909 3910 3911
f 3912 1349 3913
f 3914 3915 3916
f 3917 3918 3919
f 3920 3921 3922
f 3914 3916 3923
f 2065 991 930
f 991 2065 2064
f 991 2627 3924
f 2115 2114 3925
f 2626 3250 2623
f 2081 3926 3927
f 3927 3256 3255
f 1354 1353 2113
f 2078 3418 3419
f 3928 686 1641
f 686 3928 687
f 3419 2824 3929
f 3930 1146 2076
f 3931 3932 2645
f 3933 3934 3935
f 1374 2073 2646
f 2682 2073 1374
f 3936 1373 3259
f 3253 3925 3937
f 3252 3925 3253
f 2624 3938 2625
f 3939 3927 2114
f 3261 1643 3940
f 1643 3261 3260
f 3897 3251 3898
f 3260 2635 1643
f 2635 3260 3941
f 1642 3314 2638
f 3899 3898 3942
f 3943 3938 2624
f 3944 2683 3321
f 3317 3321 3323
f 3243 2626 3945
f 3946 3947 1371
f 3947 3946 3311
f 3948 3949 2120
f 3950 3951 1358
f 1647 3930 3950
f 675 913 676
f 3952 913 1151
f 1374 2617 3941
f 2073 1151 1152
f 3952 912 913
f 842 843 3953
f 3954 2684 2683
f 3316 2684 3954
f 2639 2112 3280
f 2110 2086 2111
f 3955 757 2637
f 757 3955 758
f 756 2637 757
f 3280 2111 3279
f 3956 3292 3957
f 2090 2089 1361
f 2612 1346 3281
f 3281 1346 2648
f 3958 3282 3959
f 3960 3286 3961
f 1655 1367 1366
f 3288 1367 2656
f 3962 3963 3964
f 3965 3966 3967
f 3965 3968 3966
f 781 3296 1033
f 3296 781 782
f 779 1033 1032
f 1033 779 780
f 1149 1051 1379
f 3969 828 3970
f 828 3969 827
f 825 3971 656
f 655 656 3971
f 3972 2657 3290
f 3291 659 3290
f 659 3291 661
f 3973 2090 3974
f 1297 3975 3976
f 1362 1624 3285
f 2669 2665 2667
f 3896 3895 3977
f 2613 1364 3978
f 3979 3980 3106
f 3979 2678 3980
f 1159 3113 3112
f 1019 3981 1158
f 3982 3983 3984
f 3982 3985 3983
f 1672 1019 1158
f 3986 1370 3305
f 3304 1634 3987
f 3265 3267 3988
f 3984 3989 3289
f 784 1658 3295
f 1658 784 785
f 1275 3295 1658
f 1673 739 3307
f 739 1673 738
f 3308 733 2103
f 733 3308 732
f 3308 731 732
f 2680 726 727
f 3309 718 2681
f 718 3309 717
f 2681 719 1663
f 719 2681 718
f 1663 719 720
f 2680 3990 1666
f 2108 3990 2680
f 2109 2108 3310
f 3310 2108 2680
f 3309 715 716
f 3316 2636 2684
f 3940 1643 1642
f 3991 2639 3992
f 3993 3991 3994
f 2677 2107 2109
f 2106 2109 2103
f 1031 2105 1032
f 3995 3297 1274
f 1674 2690 2691
f 1674 2691 1675
f 3307 740 741
f 741 1032 3307
f 1032 741 778
f 3307 739 740
f 3318 2687 2688
f 1634 3996 2085
f 2084 2688 1376
f 2688 1377 1376
f 3997 3998 2108
f 2695 2697 2116
f 3948 2120 3324
f 3999 2693 2677
f 4000 4001 2476
f 2468 3556 4002
f 2483 2698 2469
f 2483 2469 1930
f 1286 4003 3111
f 1444 4004 3759
f 549 550 4005
f 1770 2229 4006
f 2229 4007 4006
f 4007 2229 2140
f 1228 3335 2229
f 2146 1168 1170
f 3346 2146 2714
f 2140 2141 2225
f 3342 2707 3345
f 2707 3342 1764
f 2045 279 1384
f 279 2045 282
f 282 2045 283
f 1688 2713 1681
f 2706 1763 1765
f 1678 1677 1089
f 3344 559 1689
f 559 3344 542
f 2044 964 1056
f 1383 3343 4008
f 3342 3345 3343
f 4009 3497 1438
f 1677 935 4010
f 2228 1228 2229
f 1689 1688 3344
f 1434 3335 2152
f 3335 1434 1433
f 2718 2151 3334
f 2722 2151 2717
f 2151 2722 1169
f 2789 4010 4011
f 4010 2789 1677
f 1676 935 1677
f 3578 3580 2175
f 2966 2968 2725
f 1483 2971 4012
f 4012 2971 1851
f 1497 3607 3597
f 4013 3638 1498
f 2726 4014 1327
f 3353 4012 2726
f 1557 2729 2730
f 2729 3354 2508
f 2729 1198 3354
f 3354 1964 2509
f 1006 2731 3355
f 2731 1006 1007
f 3356 1699 3765
f 1402 2171 3364
f 1700 3361 2162
f 999 998 1699
f 2162 2166 2163
f 3361 2166 2162
f 2734 2173 998
f 2173 1411 2165
f 1692 4015 1693
f 1692 3893 4015
f 2735 4016 2736
f 4016 1692 1694
f 2166 2168 2163
f 2166 1718 2168
f 79 2184 2169
f 2184 79 80
f 55 4017 56
f 4017 55 2163
f 2741 77 2170
f 77 2741 76
f 2743 53 52
f 53 2743 2162
f 53 2164 54
f 2164 53 2162
f 77 2740 2170
f 2740 77 78
f 3765 1701 2744
f 3765 1699 1701
f 992 994 1316
f 2170 992 2747
f 2746 2742 2159
f 2746 2159 2158
f 1950 1949 1423
f 2171 2172 3356
f 2172 999 3356
f 1305 3363 1951
f 1305 1402 3363
f 3130 3367 3180
f 1206 2755 2748
f 4018 3181 1716
f 1715 4018 1716
f 1317 2750 4019
f 3367 1714 3180
f 1221 1981 1222
f 1220 3129 1221
f 3367 1715 1714
f 2749 3373 3374
f 2183 2753 2752
f 4020 3645 1715
f 2186 1412 1418
f 2168 2756 2167
f 2755 3365 3360
f 1412 1319 1724
f 2187 1319 1412
f 2187 1396 1319
f 952 1182 3375
f 4021 951 3365
f 952 3375 953
f 953 2182 2181
f 1325 1179 1183
f 1723 1325 1183
f 1696 1192 1991
f 1696 1991 1178
f 2760 1060 1062
f 2760 1062 2759
f 2525 2524 1061
f 1061 2524 2536
f 2759 2751 1182
f 1181 2759 1182
f 554 555 4022
f 2139 1617 1023
f 1056 964 2139
f 1056 2139 1023
f 4023 3383 1895
f 2195 2702 1217
f 4024 2702 2195
f 2763 2196 2761
f 1219 2199 3382
f 2361 2999 2768
f 2361 2768 2362
f 2196 4025 2761
f 2988 2763 2762
f 3382 2199 1737
f 2196 1217 4025
f 4023 1895 1738
f 1737 4023 1738
f 4005 2703 4026
f 2770 2195 3385
f 920 2205 921
f 920 1009 2205
f 2775 2563 2774
f 2774 2563 1083
f 1430 1571 1243
f 1430 1242 1571
f 2020 1742 2021
f 2563 3552 2202
f 4027 4028 3492
f 2211 1669 4029
f 4030 2618 4031
f 4032 4033 4034
f 3233 3903 4035
f 4036 1110 2776
f 4000 1111 2135
f 1452 4037 3748
f 2778 4038 4039
f 2788 2909 4040
f 4041 4042 4043
f 1465 2782 1166
f 943 4044 4045
f 1912 4046 1913
f 1082 2783 4047
f 1464 3396 2781
f 2789 932 4046
f 2154 1082 4047
f 4048 3398 3396
f 1754 4049 2310
f 4049 1754 4050
f 4047 2783 2785
f 1684 1686 3400
f 3724 943 2458
f 2433 3725 1914
f 2432 3725 2433
f 1259 1892 2221
f 1892 1259 1512
f 106 3075 2455
f 3075 106 105
f 41 3402 40
f 3402 41 1388
f 43 1389 42
f 1389 43 1387
f 108 2454 2456
f 2454 108 107
f 1901 110 3401
f 1901 45 110
f 45 2150 44
f 45 2149 2150
f 2149 45 1901
f 3401 110 109
f 3403 1761 1760
f 2144 1760 927
f 1173 2797 3403
f 1173 2142 2797
f 4007 1770 4006
f 1770 4007 2796
f 4007 2140 2796
f 1793 949 2292
f 2290 1793 2292
f 1461 2289 1462
f 2798 2795 2289
f 2277 1460 2887
f 4051 4042 4041
f 2079 3419 3933
f 1225 4052 4053
f 3249 2081 3247
f 2081 3249 4054
f 3926 2068 3414
f 3247 2080 4055
f 2080 3247 2081
f 2806 3247 4055
f 4056 4057 4058
f 3238 1788 1787
f 4059 1797 4060
f 3423 2280 2281
f 3411 4060 3412
f 2281 1766 2282
f 4061 4062 4063
f 3439 4064 4065
f 3505 3868 2831
f 3929 3449 3448
f 2240 2242 4066
f 3913 1351 4067
f 2814 2127 2816
f 2815 2127 2814
f 2811 1234 2812
f 1234 2811 3410
f 2812 1234 1233
f 4068 3739 4069
f 4070 4071 4072
f 4073 2800 2799
f 2244 3412 1788
f 2845 1800 4074
f 1435 3432 1436
f 3424 3427 3425
f 3467 2906 3426
f 4075 2876 4076
f 2845 1801 1800
f 4077 2878 2877
f 2878 4078 1772
f 2285 1774 2823
f 2823 1774 2874
f 950 2897 3502
f 2897 950 1171
f 3513 3514 2232
f 4079 1288 3514
f 3447 2232 2294
f 2294 4080 3446
f 3440 4081 4082
f 4081 3440 3441
f 4079 1638 4083
f 1638 4079 3514
f 3869 4084 3870
f 3951 1359 1358
f 4085 3453 1791
f 4086 4087 3473
f 4088 2307 3545
f 3540 3541 4089
f 2254 4090 4091
f 4092 2907 4093
f 2907 4092 3533
f 2255 4094 3541
f 2837 2839 4095
f 2302 4096 2279
f 3457 2301 2303
f 2839 4097 4098
f 4094 2306 4099
f 4099 3457 2880
f 3743 3742 1233
f 4100 4101 2883
f 4102 4103 4104
f 3430 4105 3738
f 4106 2885 4107
f 2258 4108 3429
f 1780 4086 2860
f 2237 2264 3484
f 4089 3450 2857
f 3457 2303 2880
f 3434 3518 3435
f 4109 2843 4110
f 2843 4109 4111
f 2238 3484 2846
f 2236 2238 4112
f 4087 3474 3473
f 3473 3475 2854
f 4113 4095 4114
f 3474 4115 3475
f 4116 4117 4118
f 3478 2314 1779
f 3805 2267 3806
f 4119 1445 4120
f 2237 3484 2238
f 4121 3471 4122
f 4123 4112 4124
f 2863 2924 4125
f 4102 4126 4103
f 4068 1543 1542
f 936 4127 937
f 2848 4127 936
f 3485 2847 2846
f 2865 4128 4126
f 4108 4129 4101
f 3428 2258 3429
f 4130 4131 4132
f 1750 4130 1751
f 3488 1452 4131
f 3747 3749 1453
f 4132 2777 3489
f 1751 4133 4134
f 1746 4135 4136
f 2563 2562 3552
f 4137 4138 4139
f 4140 1746 4136
f 970 4009 3399
f 971 3347 2783
f 3520 2886 2286
f 4141 4142 1540
f 4143 4144 3417
f 2893 4145 2894
f 3504 4146 4147
f 4146 1631 4147
f 2873 1357 4143
f 3416 4143 3417
f 3513 1637 1639
f 1637 3513 2232
f 4081 2248 4082
f 2248 4081 2249
f 4148 2889 4073
f 2823 2874 2876
f 2875 2894 2896
f 2875 2896 3438
f 1539 1541 1805
f 3523 2886 4149
f 4150 4078 2878
f 4078 4151 2891
f 1462 2289 2288
f 1460 1462 2288
f 1757 1756 3510
f 1755 2288 1756
f 2887 1755 1757
f 2887 1460 1755
f 3443 950 3502
f 2292 948 3442
f 3510 2288 4152
f 2288 2290 4152
f 4151 2892 2891
f 2891 2893 1773
f 3522 4153 2892
f 2892 3512 4145
f 2893 2892 4145
f 3512 3509 3508
f 1771 1770 3333
f 2708 2142 1172
f 4111 4154 2844
f 2838 4097 2839
f 2299 4155 2877
f 4156 2299 2298
f 4142 2720 4157
f 4158 4159 4160
f 2310 3461 2324
f 3461 2310 4049
f 2900 2912 3517
f 3426 2906 4161
f 4162 3424 4163
f 4164 1775 4165
f 3433 3435 3466
f 2245 4166 2246
f 4167 4110 4168
f 3522 2892 4151
f 1772 4078 2891
f 2302 4169 4096
f 2254 1237 4090
f 4169 4170 4096
f 4170 4169 2911
f 4171 2914 2913
f 2323 2322 2835
f 2321 2310 2324
f 2319 2323 4172
f 4172 2323 2835
f 4173 3533 4092
f 4174 4175 4176
f 2413 4177 2414
f 3529 3031 4178
f 2218 4179 4180
f 3671 4181 3029
f 3166 2920 2265
f 4182 4116 4183
f 3164 2925 2031
f 4184 4185 3782
f 3829 4183 4186
f 1270 4187 1268
f 4187 1270 4188
f 3016 4189 3014
f 1466 1202 1204
f 4190 4191 4192
f 4193 4194 4195
f 4196 3545 1445
f 3547 4197 3540
f 4119 4196 1445
f 4198 4199 4200
f 3546 4197 3547
f 1445 3545 1446
f 3548 3550 4201
f 3652 4202 4117
f 2935 2936 1967
f 1966 1968 2330
f 4203 4204 4205
f 3092 1442 3760
f 3390 4206 1572
f 2489 2938 2937
f 2327 1114 2936
f 1472 2209 2327
f 2209 4207 2327
f 4207 2512 1112
f 1821 1966 979
f 1818 1967 1966
f 3109 2484 1369
f 1113 2329 2465
f 1112 2512 1538
f 2327 4207 1112
f 1576 1575 2326
f 2326 1819 978
f 1575 1969 1817
f 1575 1817 1819
f 1044 1047 1820
f 1047 1046 1820
f 3630 1029 3631
f 3635 3637 3630
f 3630 3637 1029
f 1250 3631 4208
f 4209 2335 4210
f 2336 1029 1028
f 4211 2366 3560
f 4212 1030 4213
f 2946 1029 1478
f 1478 1029 1479
f 4211 3564 3561
f 3156 3562 4214
f 4211 3560 3564
f 3156 4214 2945
f 1480 1594 1596
f 4215 3572 4216
f 4215 1479 2337
f 2337 1029 3572
f 2338 1029 1185
f 2947 2940 1184
f 4217 3684 2010
f 4218 4219 4220
f 4219 4218 4221
f 3146 3037 976
f 4222 4223 4224
f 1845 1847 1244
f 1847 1245 1244
f 2354 1845 1491
f 2189 2350 2354
f 3893 4225 2961
f 2174 2176 4225
f 1201 3581 4226
f 1200 2724 3581
f 2738 2739 1710
f 1710 2735 1711
f 2963 2965 2739
f 1843 2963 2739
f 3357 1692 4016
f 2739 3357 4016
f 507 508 1403
f 4227 4228 3891
f 4229 2363 2364
f 2353 2352 3588
f 3893 3587 4225
f 3579 3352 4230
f 2353 3588 3587
f 4225 3587 2174
f 4231 4232 4233
f 3218 4229 4234
f 4230 4235 2966
f 2953 2966 2954
f 2967 1484 3353
f 4236 3566 3568
f 3157 3156 3598
f 4237 4238 4239
f 3567 4240 3155
f 1057 3591 3594
f 4241 3566 4236
f 4242 4243 3567
f 4244 4245 4239
f 3606 1497 4246
f 1863 4247 3613
f 4248 4249 4250
f 2347 3880 4251
f 4252 4253 4254
f 4255 4256 4257
f 3642 4258 2983
f 4259 4260 4261
f 2374 3183 1492
f 4262 4263 4264
f 3622 2989 3184
f 4265 3610 4266
f 2137 4267 4268
f 1098 2960 1099
f 4269 2986 1829
f 4270 1833 4271
f 3624 1262 1261
f 2987 2979 4272
f 3055 1829 1828
f 4269 1829 3055
f 1863 1862 4247
f 4273 3641 3614
f 3184 3185 3622
f 1856 2362 3626
f 3184 1857 3624
f 2419 1620 2994
f 2194 2193 1620
f 3639 4213 3640
f 3638 2941 4274
f 3596 3639 3638
f 3639 4212 4213
f 1507 975 1029
f 975 1507 1887
f 4275 2389 2539
f 4276 4277 1029
f 3634 3633 3692
f 4278 4279 4280
f 3643 2368 4281
f 4282 4283 3632
f 4284 1254 4285
f 3620 2136 2138
f 2138 2137 3621
f 4268 4258 3642
f 4286 4287 4288
f 4289 4290 4291
f 3629 4292 4293
f 2182 4294 4295
f 2537 2758 1503
f 4020 2183 3645
f 3786 4296 1079
f 2535 4297 4298
f 4299 4300 4301
f 3043 4302 4303
f 2534 4304 2535
f 4305 4306 4189
f 4307 4308 4309
f 4310 4311 2413
f 4312 1872 1874
f 4313 4314 4315
f 4309 4316 3651
f 4317 4318 4319
f 4320 4321 1873
f 1833 3654 4271
f 4322 2453 2418
f 4323 4324 4325
f 3708 3661 3663
f 4326 3072 1997
f 3657 3656 1996
f 4327 974 3716
f 2441 3655 3657
f 4328 4329 4330
f 1889 1865 1215
f 972 974 4327
f 1882 4331 2397
f 4332 1216 4328
f 3658 3662 3664
f 975 4333 4334
f 4335 4336 4337
f 1867 1271 1865
f 1215 1865 1884
f 3082 2459 3078
f 4338 4339 3531
f 2916 1532 1531
f 4338 2312 4339
f 3499 3501 3028
f 3670 4181 3671
f 3669 3727 2217
f 4179 3499 3679
f 4340 2930 2929
f 2927 4341 4342
f 4343 4344 4345
f 1526 4346 1527
f 4347 4348 4349
f 2927 4342 4350
f 4302 3781 4303
f 4351 4352 4353
f 2007 1878 1880
f 1871 1138 4354
f 4355 4356 4357
f 1808 1590 1592
f 1826 2012 1827
f 4358 3682 2396
f 4359 4360 3797
f 3787 4361 4362
f 3042 3778 3043
f 3778 1809 3043
f 3535 3676 3677
f 4363 4364 4365
f 2396 1138 2012
f 4358 2341 3682
f 1474 1488 1824
f 1187 1475 2550
f 3048 3047 4366
f 2948 975 4367
f 3803 2548 2547
f 4368 2548 3803
f 3690 2001 2332
f 3048 4366 2544
f 3697 3058 1832
f 2417 1866 2385
f 2376 3702 2377
f 4322 2418 2417
f 4369 4370 4371
f 3008 4276 1029
f 3023 4288 3024
f 4288 3615 3617
f 2384 4372 4373
f 2383 2384 4374
f 1829 2420 4375
f 4375 2995 4376
f 1135 1134 3050
f 4377 1135 4378
f 4379 4380 1838
f 1262 2419 2420
f 3701 4381 1524
f 3702 1524 4382
f 4382 1524 1264
f 1832 2377 1833
f 3700 4383 3061
f 3698 1900 2424
f 1896 3700 2201
f 1896 968 3700
f 2424 2421 1905
f 2424 1897 2421
f 1894 1521 3703
f 3061 2424 2423
f 4384 3699 2378
f 1893 2379 1521
f 4381 1523 1899
f 1523 1898 1899
f 1619 4385 3063
f 3060 2766 4386
f 4381 1899 1524
f 1524 1899 1265
f 3025 1404 1329
f 4387 3081 4388
f 2443 3074 3715
f 2444 2434 2445
f 4389 4390 4311
f 4391 4392 4393
f 972 1252 973
f 974 3717 3716
f 1329 1405 1330
f 4394 2438 2437
f 973 1253 974
f 1903 1904 1253
f 3715 3074 1405
f 3074 2445 1405
f 1520 3711 1904
f 1520 1102 3711
f 4395 2403 2405
f 3041 4396 2404
f 4397 4398 4399
f 4400 2926 3719
f 3726 3400 4401
f 2436 2432 3068
f 3724 4402 943
f 1901 3723 3722
f 3723 4402 3724
f 4403 1911 4402
f 2455 3076 4404
f 3076 1912 4404
f 2462 2406 2408
f 3400 2463 4401
f 1910 1909 3668
f 1909 1165 3668
f 2311 3078 2312
f 1916 1915 3082
f 1330 4405 1331
f 4406 4407 4408
f 3493 3492 4409
f 4410 3734 4411
f 4412 2261 2808
f 3736 4412 2808
f 3752 1542 3753
f 1544 4413 4414
f 4415 3236 4416
f 1455 2471 1456
f 2817 2471 1455
f 3750 3737 4417
f 1768 1456 3235
f 3289 3989 1274
f 1656 1274 1276
f 3105 1546 1545
f 3104 1545 2497
f 3103 1156 2656
f 1545 1547 1156
f 1547 1160 1156
f 2097 2656 1365
f 3103 1545 1156
f 1282 1281 1659
f 1281 2496 2097
f 3755 1282 2499
f 3755 1280 1282
f 2464 960 957
f 960 2464 2485
f 3756 3108 3757
f 3757 3761 4418
f 2676 3108 3756
f 2698 3758 2469
f 4418 3105 3104
f 4004 2210 3556
f 3556 2212 4002
f 3759 3556 3555
f 1538 1814 2328
f 4419 2486 1549
f 2486 4419 4420
f 1549 1931 4419
f 1158 3300 4421
f 3758 1157 2492
f 2499 1282 1277
f 2499 1277 1919
f 3087 3762 3731
f 3762 3087 3089
f 2325 2466 3087
f 2466 959 3087
f 3089 958 3114
f 3089 3114 946
f 3762 3089 1920
f 1920 3089 946
f 1945 1013 1364
f 1945 1364 1946
f 2158 2160 2733
f 2733 3767 3119
f 1294 1961 1085
f 1960 1940 1293
f 1313 1292 1210
f 1210 1292 2501
f 1313 1207 1314
f 1207 1313 1210
f 1576 978 3123
f 1470 3766 3122
f 1470 1469 3766
f 1469 1574 3766
f 2507 1975 1976
f 1975 2507 1293
f 2521 2514 2513
f 2521 4422 2514
f 1949 2733 3119
f 3119 3767 986
f 1980 3768 1973
f 1973 3768 1974
f 962 3776 963
f 2517 3776 962
f 3177 3128 4423
f 3128 3177 3126
f 3179 3173 3172
f 4424 1078 3831
f 1980 1583 4425
f 1583 1980 1979
f 1220 1222 3775
f 3775 1222 3776
f 3824 4426 1613
f 3824 1613 3823
f 1568 1570 2523
f 3124 1568 2523
f 2502 2521 2513
f 1564 2521 2502
f 3777 1807 1809
f 3043 3779 4302
f 1001 3778 3042
f 3045 1987 3778
f 3376 3133 1989
f 3376 1989 1991
f 4302 3779 3781
f 3781 3780 3136
f 2787 2786 4427
f 4428 3136 3135
f 4429 4430 4431
f 4189 4432 4433
f 4190 4192 3369
f 2535 4304 4297
f 1029 1487 1095
f 1487 1029 975
f 4434 4435 3046
f 3790 975 3145
f 4436 4328 4330
f 975 2400 2402
f 3800 3801 3799
f 4437 4438 2341
f 4439 975 4440
f 4441 4442 4443
f 4444 3799 4445
f 3799 3801 4446
f 3802 2530 1599
f 1599 2530 2529
f 3802 995 2530
f 1598 995 3802
f 1988 3691 1590
f 3777 4447 1807
f 916 1698 914
f 1063 1065 1400
f 1401 2552 1390
f 3804 2156 1391
f 1481 2156 3804
f 2029 2028 2560
f 3812 1139 4448
f 2863 4125 1782
f 3162 4449 4450
f 2266 3805 2924
f 4120 1445 3478
f 2030 2032 4451
f 4452 2576 4451
f 2576 4452 2577
f 3807 1604 1601
f 3807 1782 1604
f 4453 4205 2562
f 4454 2557 2559
f 4455 4456 4457
f 4458 2559 4459
f 4460 3818 4461
f 4462 1751 3817
f 2035 1740 2033
f 1740 2035 1741
f 1428 2479 2035
f 1428 3480 2479
f 1614 3808 2013
f 3820 4433 3821
f 3013 4463 3016
f 4463 3013 4464
f 3809 3819 4465
f 3819 3809 4466
f 4467 4468 4306
f 4469 1334 4470
f 4471 2015 3170
f 4426 1614 1613
f 3822 1076 1078
f 3822 1078 4424
f 2031 3163 2565
f 3163 2566 2565
f 4472 2576 2578
f 4451 2565 4452
f 1610 1603 1427
f 1610 1427 1429
f 2772 2033 2020
f 2772 2020 1009
f 2023 1223 909
f 2023 909 2024
f 2037 1562 1611
f 2568 2036 1087
f 3179 3175 3173
f 3176 4473 3179
f 1569 1050 1580
f 1569 1580 1579
f 2515 3178 2516
f 4424 3831 3771
f 3833 3834 4474
f 3833 4474 1076
f 1981 2519 4471
f 4471 1467 2579
f 4475 4476 4477
f 4478 4263 4479
f 4480 4481 988
f 2992 1069 4482
f 3839 3183 3610
f 2993 3839 4265
f 2198 3385 3384
f 3385 2198 2770
f 1069 1071 4482
f 3839 3182 3183
f 2051 4005 2049
f 2051 549 4005
f 549 2051 548
f 3842 2767 4483
f 4484 3842 4483
f 4483 4485 3214
f 4483 2767 2197
f 4254 4486 4487
f 2591 1730 4484
f 3874 3857 4488
f 3188 3211 3189
f 3845 2608 2607
f 3210 4488 3872
f 3210 3872 3871
f 3845 1381 4489
f 2608 3189 3187
f 3888 3208 1380
f 3855 4490 3856
f 4491 3856 1143
f 3850 1143 1142
f 1348 1347 3192
f 1348 3192 2648
f 1012 4492 3970
f 2062 2061 3856
f 1379 1051 3195
f 3854 4493 2048
f 4494 3856 4491
f 4495 3850 4496
f 1010 823 831
f 823 1010 1012
f 3930 2076 3950
f 4497 4498 2060
f 1052 4495 1053
f 3200 3202 3860
f 3198 4499 3190
f 1144 3191 3221
f 4500 3857 3874
f 4501 2599 3863
f 4502 4503 4504
f 1646 689 708
f 689 1646 3277
f 2595 2075 2826
f 696 4505 706
f 2634 2633 4506
f 3935 3203 4507
f 4508 4509 4510
f 4511 4512 1021
f 1360 4513 3206
f 1765 286 2706
f 286 1765 287
f 3205 926 1679
f 2143 3403 1760
f 3446 3205 3204
f 2794 2143 926
f 1067 1380 1068
f 4514 3877 4515
f 4516 3845 2607
f 1042 1041 4517
f 514 3891 513
f 3891 514 4227
f 1705 4518 4519
f 4520 4521 4522
f 3218 3217 4523
f 4228 4524 4525
f 3600 4520 3601
f 4526 4527 4528
f 4231 526 4529
f 526 4231 525
f 4530 1654 2055
f 2096 2663 2094
f 2663 2096 2661
f 1625 2611 2095
f 1626 2095 3961
f 4531 4532 4533
f 2603 3847 4534
f 4535 2611 4534
f 2611 4535 2610
f 1066 1068 1621
f 3886 3212 2653
f 1653 3846 3219
f 2607 2609 3215
f 3285 1624 1626
f 3220 1362 3286
f 3873 3222 3847
f 3193 1144 3873
f 3887 3888 1380
f 3193 3873 3194
f 3194 3873 3847
f 1347 3193 3192
f 3850 1142 3193
f 519 4536 518
f 4537 1040 4538
f 345 4539 4540
f 4539 345 344
f 4541 1297 1848
f 1561 1300 2102
f 2102 1300 3229
f 3229 613 2102
f 613 3229 614
f 3229 4542 4543
f 4544 4545 4546
f 1962 602 601
f 2509 410 411
f 931 3230 929
f 3230 931 990
f 1634 3230 4547
f 4547 3924 2685
f 4548 4549 4550
f 4035 1670 1016
f 1453 4551 2778
f 4552 4553 4554
f 4555 4556 4557
f 4558 4559 3746
f 1019 4560 3981
f 1923 4560 1019
f 1927 4561 4562
f 2778 4551 4038
f 2130 4563 2233
f 4564 4565 4555
f 4566 4567 4058
f 4567 4568 4056
f 1350 3239 4569
f 1349 1789 1350
f 4559 2619 4570
f 4571 4572 2619
f 4573 4566 3921
f 3921 4566 4574
f 3253 3937 3273
f 2642 3899 3942
f 3256 3414 4575
f 3414 3413 4576
f 3928 1145 1647
f 1146 2075 2074
f 3271 696 695
f 696 3271 4505
f 3277 3867 3270
f 4577 4578 4579
f 2806 1352 2807
f 1352 2806 1353
f 4580 3932 3931
f 4581 2645 912
f 2627 2113 2115
f 2113 1353 3939
f 2643 2624 2626
f 2623 2072 2071
f 4582 4583 4584
f 4584 3936 3259
f 2117 1642 2638
f 1643 2110 1644
f 1634 1636 2642
f 1634 4585 1635
f 3264 3321 3317
f 3996 3318 2085
f 1634 3993 4586
f 2119 2118 3993
f 3994 3316 3315
f 4586 3994 3315
f 1634 4582 4584
f 4587 3243 3945
f 4588 3259 4589
f 1634 4588 4589
f 4590 4591 3998
f 2121 2694 2122
f 4513 3865 3864
f 4084 4508 4592
f 692 3277 691
f 2646 2647 2617
f 1657 3956 3957
f 3321 2683 3322
f 746 2101 747
f 3315 3944 3263
f 3315 3316 3954
f 758 3955 759
f 3992 2637 3316
f 2639 2637 3992
f 761 3279 762
f 4593 2659 4594
f 2092 2088 2090
f 4595 4596 4597
f 4598 4599 4600
f 1626 1625 2095
f 1625 2603 2611
f 812 813 4601
f 3967 3966 4602
f 3967 4602 2665
f 780 781 1033
f 829 830 3970
f 822 821 4603
f 3972 657 645
f 657 3972 3290
f 3972 647 3278
f 647 3972 645
f 822 4603 826
f 3973 2092 2090
f 1657 3957 4604
f 3292 3291 4593
f 3291 2659 4593
f 3974 2090 2059
f 2058 1363 4605
f 2674 3962 3964
f 616 4543 617
f 4606 1850 3226
f 1295 1297 4541
f 4546 4607 4608
f 2650 3890 2651
f 2613 3978 4609
f 1946 2613 4609
f 1627 1629 3978
f 1364 1627 3978
f 3978 1629 4610
f 4610 1629 2669
f 3754 2678 3979
f 3754 3979 3106
f 3980 3984 4611
f 3106 3980 4611
f 1660 3269 1661
f 3268 4612 3269
f 2679 3268 1660
f 3113 2679 2678
f 3113 3302 2679
f 3300 3302 4421
f 3299 1537 1534
f 1537 3299 1672
f 1536 3299 1534
f 3986 3987 1370
f 3984 3983 3989
f 1372 3326 3325
f 3326 1372 3327
f 3267 3986 3305
f 3313 3330 2690
f 3330 3329 3999
f 2679 1660 1662
f 3983 3988 3989
f 2103 733 734
f 3990 3998 4613
f 3990 4613 1666
f 3314 2110 2112
f 3314 2112 2639
f 1375 1374 3260
f 3260 1374 3941
f 3999 4614 2693
f 4614 1634 4590
f 3306 2105 2104
f 3305 1370 4615
f 2691 2106 1675
f 2691 2677 2106
f 1675 736 737
f 1675 738 1673
f 738 1675 737
f 3326 1674 3307
f 4615 1370 1372
f 2083 3318 2688
f 2083 2688 2084
f 3323 3322 2101
f 3323 2101 2100
f 1665 2122 2692
f 2697 2084 2116
f 2122 2695 2692
f 2120 2122 3324
f 4591 3949 3998
f 3998 3949 3948
f 3108 2493 3761
f 3108 3761 3757
f 1932 2483 1930
f 1931 2482 1929
f 3111 3393 1921
f 1286 3331 4003
f 1548 1286 4616
f 1286 3111 4616
f 2215 3405 1107
f 2275 1770 1769
f 1769 1771 949
f 1229 2228 2275
f 2795 1229 2275
f 3335 3336 3337
f 3336 3335 1433
f 3336 1433 2140
f 2710 2222 1763
f 2710 1763 2706
f 2224 2223 2222
f 2225 2141 2223
f 600 1385 583
f 1763 2707 1764
f 1383 4008 1687
f 3343 2713 4008
f 4008 2713 1688
f 1681 2713 1676
f 3343 3346 2713
f 3343 3345 3346
f 291 1383 292
f 3338 1764 3342
f 1764 3338 1765
f 2223 2707 1763
f 932 3496 4617
f 4617 3496 3497
f 1513 2149 1073
f 2714 2146 935
f 2714 935 1676
f 4011 932 2789
f 1678 1089 1240
f 4235 3352 2970
f 2725 1326 1489
f 2954 2725 2723
f 1200 2954 2723
f 4014 1851 1327
f 2726 1327 1326
f 3353 1483 4012
f 2967 3353 2968
f 4618 3592 1495
f 2359 4619 2357
f 4619 2359 4620
f 3594 4621 1483
f 1483 4621 4622
f 1302 2730 1306
f 1567 2730 1302
f 409 2509 1964
f 2509 409 410
f 1198 1964 3354
f 2509 411 412
f 412 1006 2509
f 1006 412 413
f 2161 1213 2171
f 1402 2161 2171
f 2731 2161 1307
f 1307 2161 1402
f 1306 2508 3355
f 2508 1006 3355
f 500 1708 1212
f 1708 500 498
f 499 500 1212
f 956 955 2734
f 2173 1409 1411
f 998 3361 1700
f 2165 2166 3361
f 1700 2162 1702
f 1699 1700 1702
f 1411 1718 2166
f 1727 4623 1721
f 1726 2189 1727
f 56 4017 57
f 2184 80 81
f 81 1419 2184
f 57 1419 81
f 57 2168 1419
f 2168 57 4017
f 2163 2168 4017
f 2741 2170 2742
f 2742 2170 2747
f 2159 1316 2177
f 1699 1702 1701
f 3360 2749 2748
f 2748 2750 1317
f 1205 1616 2755
f 3365 953 2757
f 3373 2181 4020
f 3368 3367 3130
f 3180 2580 3129
f 3130 3180 3131
f 3131 3180 3129
f 3131 3129 1220
f 3129 2580 2518
f 2580 1466 2518
f 1407 3366 3368
f 4019 2750 3366
f 1723 1183 1319
f 1396 1723 1319
f 1319 1320 1724
f 1724 4021 1616
f 3372 2749 3360
f 3360 3365 3372
f 1130 1695 1177
f 1177 1695 1178
f 531 556 2044
f 964 556 533
f 556 964 2044
f 4624 1023 966
f 2199 1055 2200
f 4625 551 552
f 551 4625 4005
f 4024 2703 2702
f 2704 3381 2199
f 2999 1736 3059
f 2999 1737 1736
f 2768 2999 3059
f 2768 3059 2769
f 2979 2360 2582
f 2762 2360 2979
f 2584 2586 2763
f 2584 2763 2988
f 1218 2199 1219
f 2586 2196 2763
f 2703 4022 4626
f 1055 1023 4624
f 966 3383 4624
f 966 968 3383
f 1243 1571 1573
f 1243 1573 1472
f 1083 2563 1242
f 2563 2202 1242
f 1667 4627 4628
f 4034 4629 4630
f 1442 4631 4632
f 3387 4633 3388
f 4634 2477 4001
f 4000 4634 4001
f 4635 4034 4630
f 4029 1669 4636
f 4637 3298 1922
f 1109 1111 2133
f 2133 1111 4000
f 4638 4639 4634
f 2135 4634 4000
f 2808 2809 3737
f 4640 2868 4641
f 1465 1464 2781
f 4642 969 1082
f 3077 1463 1465
f 942 1463 3077
f 4045 4048 3396
f 1913 4046 3397
f 3396 1082 2154
f 2153 3396 2154
f 2784 3347 2214
f 3347 2213 2214
f 4643 2321 2323
f 2321 4643 4644
f 2155 2154 4645
f 2791 2458 2457
f 3400 2791 2463
f 1529 1758 1685
f 1759 1758 1529
f 2436 3069 2432
f 2793 1891 4646
f 2793 1260 1891
f 2221 1529 1259
f 1026 1260 2792
f 2452 1026 2792
f 3350 2712 2220
f 2148 3378 2422
f 2456 2455 3723
f 1901 2456 3723
f 3403 2797 1761
f 1760 1762 1385
f 2797 2222 1761
f 1761 2222 1762
f 3405 2795 2798
f 1107 3405 2798
f 4043 4647 4648
f 1810 1108 2276
f 4649 4650 4651
f 3248 2069 2803
f 4652 2070 2067
f 2070 4652 3445
f 4651 4650 4652
f 4651 4652 2069
f 3915 3408 3916
f 3408 3407 4653
f 4055 1353 2806
f 1353 4055 2080
f 4654 3427 3237
f 4654 3237 3236
f 1788 3412 3422
f 1788 3422 1789
f 2280 1799 1766
f 4655 2801 4059
f 4656 4657 1802
f 4658 3503 3505
f 3417 4146 3503
f 4062 2824 3418
f 4659 4063 3868
f 4063 4659 4061
f 3241 2804 2063
f 3241 2806 2804
f 3240 2063 930
f 3242 3240 930
f 4569 3239 3915
f 4567 4056 4058
f 2819 2821 4074
f 4074 1437 4162
f 4660 1799 4661
f 1802 4655 4662
f 1437 3427 4663
f 1800 1802 1435
f 4072 2820 3742
f 4069 4107 1543
f 1437 1436 3427
f 4162 4163 2813
f 4664 2801 4655
f 4657 4664 4655
f 4656 4665 4657
f 4665 4148 4657
f 2823 2876 4075
f 4666 4667 4668
f 4667 4666 4158
f 1288 1171 3404
f 1288 3404 1289
f 3447 2294 3446
f 3449 2833 2633
f 2833 3204 4669
f 3204 1679 4669
f 1447 3547 4085
f 3547 3540 4085
f 2314 1447 1790
f 3472 4087 4086
f 4670 4089 3476
f 4670 3476 3453
f 3546 2253 4197
f 2309 2253 3546
f 1237 2304 4090
f 4094 3451 3450
f 4671 2279 2278
f 4671 2278 4672
f 1804 1539 1805
f 2910 4169 4673
f 4169 2910 2911
f 2837 2881 2838
f 2880 2303 2881
f 4089 4094 3450
f 3541 4094 4089
f 2254 4091 2255
f 4094 4099 3451
f 3742 2810 2812
f 2885 3098 2259
f 2865 4126 2866
f 4126 3430 3738
f 2296 4161 3741
f 3739 2883 4106
f 3752 4068 1542
f 4104 4068 3752
f 3463 2256 3487
f 2855 2854 3486
f 3482 3462 3463
f 2855 3486 2256
f 3484 2264 3482
f 2861 2237 4674
f 4675 4098 4676
f 3451 2880 3452
f 2856 2858 1784
f 3524 2837 4113
f 3476 2857 2856
f 3454 3476 2856
f 4668 4677 4678
f 4677 4668 4667
f 1806 1541 3506
f 3484 3482 3485
f 3483 3463 2865
f 2859 1780 2860
f 3473 2854 2853
f 4679 3473 2263
f 1791 3454 1792
f 3475 4680 2854
f 3475 4115 4680
f 2857 3524 2858
f 1784 2858 2283
f 3478 1445 4681
f 1445 1447 4681
f 4682 4119 2018
f 4683 4684 4088
f 2019 2018 4685
f 1778 3478 1779
f 4086 3473 4679
f 2263 3473 2853
f 3477 1140 1139
f 1140 4124 4686
f 937 3100 4687
f 3101 4688 4689
f 4687 3100 1749
f 938 937 4687
f 3481 2864 4127
f 2847 2865 3481
f 2847 3483 2865
f 3485 3482 2847
f 2256 2258 3487
f 3487 2258 3428
f 2258 2901 4108
f 2257 2901 2258
f 3429 4108 4100
f 4100 4108 4101
f 4102 4104 1744
f 1749 4689 1750
f 1448 3099 4037
f 4130 2475 4131
f 4133 4132 4134
f 4690 1109 2132
f 1453 1452 3747
f 4131 1452 1451
f 2135 1110 4036
f 3489 2777 3490
f 1338 4690 1746
f 4691 1751 4134
f 4692 4693 4694
f 3734 4136 4695
f 4696 4697 4698
f 3390 3389 4206
f 1739 4699 1742
f 4699 1739 4700
f 2479 939 1739
f 4701 3815 3818
f 4702 4703 4704
f 3396 4642 1082
f 3396 3398 4642
f 4149 2886 3520
f 1795 1810 4705
f 2873 1355 1357
f 2872 2873 4143
f 3443 4079 4083
f 4079 3443 1288
f 2896 3416 3415
f 2896 2872 3416
f 4142 1918 4706
f 1541 2719 3506
f 2912 1459 4707
f 1459 1918 4707
f 2719 4708 3507
f 2719 2721 4708
f 2284 2285 2823
f 2889 2822 4076
f 4152 2291 2293
f 2293 2292 3511
f 3510 4152 4709
f 4152 2290 2291
f 2721 3521 4150
f 2891 1773 1772
f 4145 3508 2872
f 4145 3512 3508
f 3522 3510 4153
f 4153 3510 4709
f 2226 1771 2709
f 2890 1769 1793
f 2890 2795 1769
f 3332 1771 3333
f 1771 3332 2142
f 1806 3506 4156
f 2278 2898 4710
f 2898 2278 1804
f 2300 2888 2889
f 4711 2889 4665
f 4049 1457 2899
f 2914 3460 2915
f 2901 2903 4108
f 2259 2295 2260
f 4110 2821 2818
f 2821 4110 2843
f 3518 2905 2904
f 4165 1777 3464
f 1776 4114 4675
f 2902 3433 2903
f 3465 3467 3426
f 2820 2813 2810
f 2813 2820 2819
f 2821 2843 2845
f 4150 3521 4078
f 3520 4712 3521
f 4153 4709 2892
f 2892 4709 3512
f 2908 2913 2305
f 2304 2908 2305
f 2907 4171 2913
f 2320 2836 3533
f 2301 3516 2302
f 2913 2915 3515
f 2322 3461 3458
f 3461 2322 2324
f 3461 4049 3459
f 2914 3458 3460
f 4713 2788 4714
f 4172 2835 2320
f 2319 4172 2320
f 3672 4715 4176
f 3526 4716 3527
f 3030 1125 3031
f 3679 3028 4717
f 4178 2319 2318
f 4093 2907 2304
f 4175 3672 4176
f 3528 3530 4718
f 4342 4719 4350
f 2926 4341 2927
f 2920 2919 4720
f 2918 4721 2919
f 2025 3165 2026
f 3166 2265 2028
f 2027 2026 3161
f 4722 2027 3160
f 3652 4117 4116
f 4723 4724 4725
f 4726 3784 4727
f 4728 3164 3171
f 3164 4728 3827
f 4183 4118 4729
f 4117 4730 4731
f 4732 2315 4188
f 4733 3544 4732
f 3181 1202 1466
f 4018 4734 3181
f 4018 3785 4734
f 1202 4735 1203
f 3369 3371 4736
f 2752 2754 3645
f 4119 4088 4196
f 4088 3545 4196
f 3017 1499 4737
f 4088 4738 2307
f 4319 4739 2390
f 3718 3720 4740
f 4318 4741 2391
f 4742 1501 3548
f 1821 1818 1966
f 1819 1818 1821
f 2562 3389 3552
f 1572 4206 2488
f 4743 2938 2489
f 4743 3760 2938
f 1573 4207 2209
f 1573 2934 4207
f 1967 1114 3115
f 2936 1114 1967
f 2465 2329 3109
f 2328 3551 2329
f 2512 1814 1538
f 1572 2488 2490
f 4208 1029 4744
f 4744 1029 2335
f 3631 1029 4208
f 4745 4280 4746
f 3637 3557 1029
f 3007 4369 3008
f 4210 2336 1028
f 4210 2335 2336
f 2370 1030 2365
f 2370 2365 2366
f 3560 1029 3564
f 3564 1029 3562
f 3598 2945 1485
f 3599 3598 1485
f 3563 3562 3156
f 3562 1029 4214
f 4214 1029 2945
f 2972 3599 4747
f 4747 1486 3570
f 4216 3572 4748
f 2943 4216 2944
f 1595 2947 3158
f 2538 1595 3158
f 1851 2942 1852
f 3571 4215 2943
f 4215 2337 3572
f 2943 4215 4216
f 2940 1029 2338
f 1184 2940 2338
f 1185 1029 1095
f 1094 1185 1095
f 3158 2947 1184
f 4749 4750 4751
f 2923 4430 4752
f 2542 3573 3071
f 4753 4754 4755
f 1727 2189 4623
f 1845 1244 1491
f 2188 2349 2189
f 2188 1693 2349
f 3893 2961 4015
f 4226 1846 1845
f 1415 1727 1416
f 1725 1727 1415
f 1844 2738 1710
f 1844 1843 2738
f 4016 1694 2188
f 1710 3359 2735
f 1694 1693 2188
f 4756 2737 1717
f 2358 2357 4757
f 3217 2363 4523
f 4758 3892 4759
f 3358 4758 4759
f 4015 2961 1693
f 1693 2961 2962
f 2964 4758 3358
f 4759 3892 3893
f 1345 1344 4760
f 3218 4523 4229
f 4757 1495 2363
f 4229 2364 3352
f 2970 2969 1853
f 2969 1495 1853
f 4239 4761 4762
f 4622 2972 2971
f 2957 4763 4764
f 4765 4244 4762
f 4763 2975 4245
f 4766 4767 2958
f 4520 4522 4768
f 2957 4769 4770
f 4771 4772 4773
f 4774 3841 4775
f 4776 2382 4777
f 4778 4260 4259
f 4249 2367 2369
f 4779 2136 3619
f 4780 1174 4781
f 4782 4781 4783
f 4784 4785 4249
f 4786 3608 3604
f 2042 4787 2043
f 4788 1193 1195
f 4789 1176 4258
f 1176 1175 4790
f 3614 3613 4273
f 1861 1492 1862
f 2137 4268 3621
f 2136 4267 2137
f 4791 4792 1734
f 4267 4789 4268
f 3623 3185 3625
f 3623 3641 4273
f 3641 3623 3625
f 3625 1261 2986
f 2986 1261 1263
f 3642 2985 4793
f 4283 4794 4795
f 4796 3623 4273
f 3623 4796 3622
f 2990 1855 1857
f 2362 2769 4797
f 1857 2194 3186
f 4797 4386 1618
f 4797 1618 2193
f 4385 2997 3063
f 2764 3065 2765
f 4281 3010 3643
f 3639 4210 4212
f 4274 2941 2333
f 3597 3607 3595
f 3010 4745 4746
f 4281 4798 3010
f 3634 3692 1029
f 3693 3053 1029
f 3006 3008 1029
f 4277 3632 4799
f 4792 4284 4800
f 1734 4792 4800
f 4793 2985 4287
f 4794 4801 4802
f 3629 4293 3627
f 2369 2368 4803
f 2183 2752 3645
f 4295 4294 2753
f 3646 3785 4018
f 1715 3646 4018
f 2181 2183 4020
f 1504 4294 2182
f 2532 1994 3137
f 3137 4804 2179
f 1992 3044 1993
f 1994 1993 3648
f 3137 1994 4804
f 1994 3648 4804
f 4805 4806 4468
f 4807 2027 4722
f 2027 4807 3830
f 4808 1526 1525
f 4809 4810 4811
f 4812 4346 1526
f 3783 4318 4317
f 4813 4814 4815
f 4816 3539 4307
f 4817 1525 4818
f 4315 1525 4817
f 4219 3710 4819
f 3710 4219 4221
f 3665 3661 4218
f 2010 3138 4820
f 3577 4821 4822
f 3657 1996 1995
f 2441 3657 2442
f 1883 1882 3655
f 4823 1881 1104
f 3660 3655 2441
f 2440 3660 2441
f 1272 1907 3070
f 1272 3070 972
f 4330 4329 4823
f 2950 1103 2951
f 975 4824 4825
f 976 3038 977
f 4824 3793 4826
f 3794 4827 3795
f 1865 1271 1884
f 1881 4828 3666
f 4829 4830 2916
f 4831 4832 3080
f 1331 4405 4387
f 4833 3712 4831
f 4831 3080 3079
f 3729 3082 2311
f 2216 2218 4180
f 4834 4835 3670
f 3679 3499 3028
f 3678 4179 3679
f 4180 3678 3680
f 4717 3028 1123
f 4836 4835 4834
f 2312 2217 4339
f 4339 2217 2216
f 2312 3669 2217
f 2312 1910 3669
f 4346 1811 4837
f 4837 1811 1813
f 4838 4839 4812
f 4838 4365 4839
f 1873 4808 4314
f 4840 4812 4841
f 3721 4393 4842
f 4843 4844 4845
f 4177 4400 2414
f 4347 4349 4364
f 4846 4737 4742
f 1811 4742 1812
f 4847 4190 4848
f 4351 4353 3535
f 2005 2007 2786
f 2007 1880 2786
f 4352 4849 4850
f 4851 4325 4852
f 2393 2395 4217
f 2395 2394 3788
f 4853 975 4360
f 1998 3799 4444
f 4854 4855 4856
f 4857 2000 4858
f 4858 4359 4857
f 3780 3689 3136
f 3780 1592 3689
f 3778 3777 1809
f 1808 1592 3779
f 1827 1870 3691
f 1590 1871 1591
f 4367 975 4859
f 4860 2342 1826
f 3683 2393 4217
f 4861 2393 3682
f 2393 4861 4862
f 2396 3682 1136
f 1136 1138 2396
f 3049 1096 1823
f 3159 1096 3049
f 4435 3144 2409
f 4863 2001 4434
f 3151 2949 4860
f 4860 2340 2342
f 4366 4368 2544
f 2544 4368 3803
f 4435 2409 3046
f 4368 3150 2548
f 997 4864 2545
f 2545 4864 3153
f 1475 1824 2550
f 3789 3790 3690
f 1507 1506 2416
f 2416 1887 1507
f 1887 2416 2415
f 2389 1505 2539
f 3050 2387 3051
f 2387 4271 2388
f 2389 2388 1505
f 3007 4865 4369
f 1735 4800 4866
f 4867 4282 3632
f 4286 4288 3023
f 4868 4869 3692
f 4795 4802 4868
f 3024 4288 4870
f 3616 3618 3055
f 4871 4872 1029
f 4378 1135 3051
f 4873 4874 4875
f 4372 1838 4373
f 4275 2539 1029
f 4876 4877 4878
f 2420 2995 4375
f 2384 4379 4372
f 1838 1840 4879
f 1839 1133 1840
f 1134 1833 4270
f 4880 1832 1831
f 1829 4375 1830
f 1263 2420 1829
f 2994 1620 2426
f 1620 2446 2426
f 3697 1832 4880
f 3694 3697 4880
f 4376 2995 4881
f 4376 4881 4379
f 3056 2996 3057
f 2996 1894 3057
f 3064 4882 2376
f 3064 3703 4882
f 1832 2375 2377
f 3058 2375 1832
f 1683 2147 1257
f 1683 2716 2147
f 4383 2424 3061
f 968 1258 3700
f 2378 3699 2379
f 3699 3061 2379
f 3063 2996 3056
f 4384 2378 2997
f 4882 4381 3701
f 3703 4381 4882
f 2201 3700 3699
f 2201 3699 4384
f 2766 4385 1619
f 2766 2765 4385
f 2376 4882 3702
f 4882 3701 3702
f 3080 4407 4883
f 4387 3079 3081
f 4392 2437 4884
f 3026 1329 4885
f 4393 4886 4843
f 3656 3713 4326
f 4887 3026 4885
f 1882 2397 3655
f 3666 4331 1882
f 1907 2430 1252
f 2448 2449 2430
f 2398 4888 3026
f 4889 4888 2398
f 2445 2434 3067
f 2445 3067 2461
f 2430 1903 1252
f 1253 1904 2444
f 3711 2435 2434
f 2444 3711 2434
f 4844 4890 4891
f 4395 2405 4890
f 4398 4892 4893
f 4894 2916 2917
f 4895 4896 4897
f 3040 2916 4396
f 3041 3040 4396
f 4397 4898 4398
f 4400 3719 4348
f 1685 3722 2790
f 1685 1901 3722
f 2790 3724 2458
f 3722 3724 2790
f 1911 1913 3398
f 2455 4404 4403
f 3078 1908 1910
f 2459 1908 3078
f 2457 3077 2406
f 2406 3077 2407
f 3492 4135 4027
f 2134 2133 4000
f 2260 2297 2817
f 4899 4412 3736
f 2295 4161 2296
f 2817 1455 4900
f 4417 3737 3234
f 2808 3737 3736
f 2867 4901 2868
f 1544 3737 3750
f 4414 4413 2867
f 3753 1542 2867
f 4416 3236 4902
f 2240 4066 3909
f 1235 1234 2127
f 4903 4415 4416
f 4900 1455 1454
f 2261 4900 1454
f 2817 2816 2471
f 2472 2816 2126
f 1456 2472 3918
f 2471 2816 2472
f 1927 3751 4561
f 3751 4417 4561
f 1767 1768 2808
f 2808 2261 1767
f 3989 3995 1274
f 1274 3297 1275
f 1547 2480 1160
f 1546 2480 1547
f 4611 4904 1546
f 4611 3984 4904
f 3757 4418 4905
f 3761 3107 4418
f 794 1156 1161
f 1156 794 795
f 793 1161 1160
f 1161 793 794
f 2097 3103 2656
f 2497 3103 2097
f 4418 3104 2496
f 2496 3104 2497
f 3085 3086 3755
f 3107 3106 3105
f 3107 3105 4418
f 2676 3756 3732
f 2470 3108 2676
f 4906 4743 4206
f 4907 4033 4908
f 3556 2210 2212
f 3759 4004 3556
f 2495 945 2330
f 945 2495 2494
f 3364 3356 3117
f 3117 3356 3765
f 1961 1940 1942
f 1961 1942 1085
f 3122 3123 3120
f 3120 3123 1977
f 2733 2160 3767
f 3767 2160 984
f 1422 1973 1584
f 1980 1973 1422
f 2515 3126 3177
f 3126 2515 963
f 4424 3823 3822
f 3823 4424 3770
f 3834 4472 4474
f 4472 2578 4474
f 3831 2567 3771
f 3771 2567 1048
f 2522 1985 3768
f 4425 1582 2522
f 1582 4425 1583
f 3776 1222 3127
f 1222 1982 3127
f 2521 1470 4422
f 1470 3122 4422
f 3045 3778 1001
f 1322 3045 1001
f 1587 3045 2526
f 1585 1587 2526
f 2547 4447 4909
f 1807 4447 1808
f 2528 3133 3376
f 1192 2528 3376
f 4303 3781 4910
f 3781 3136 4910
f 4752 4430 4429
f 4911 4912 4913
f 4191 2535 4298
f 4914 4915 4916
f 4917 4918 4919
f 4804 2535 4191
f 3648 2535 4804
f 1487 3789 1488
f 1487 975 3789
f 975 2950 2952
f 1103 1105 2951
f 4218 3661 4221
f 4920 3141 4921
f 3788 3787 4858
f 2394 4361 3787
f 4438 4862 4861
f 4862 4438 4922
f 2341 4861 3682
f 4923 981 2542
f 3037 4924 3038
f 4925 975 4926
f 4927 4925 2541
f 3797 3799 1998
f 4359 3797 1998
f 4925 4926 2541
f 4927 2541 2540
f 2008 1597 1191
f 2008 1598 1597
f 2550 1824 996
f 2550 996 995
f 4928 2007 2004
f 2007 4928 1878
f 3691 1870 1590
f 1401 1390 1698
f 1698 1390 2728
f 4929 4449 2556
f 4125 3812 4929
f 2018 3479 4685
f 4721 4930 2919
f 1607 2560 1781
f 1606 2560 1607
f 3806 3812 4125
f 2924 3806 4125
f 4930 2017 4931
f 2919 4932 4720
f 2032 2031 2565
f 2032 2565 4451
f 1604 3162 3167
f 4449 4933 4450
f 3480 4934 4935
f 4448 4458 4933
f 4936 4461 1230
f 4934 2271 4935
f 2272 936 2273
f 4937 2862 2272
f 938 4687 4938
f 3815 3817 3818
f 4433 4939 4940
f 3014 4189 3819
f 2579 3837 3772
f 2016 3808 1614
f 4941 2923 4752
f 4309 3651 4724
f 3769 3824 3770
f 1982 3824 3769
f 3834 2576 4472
f 2577 2570 2578
f 4452 2565 1984
f 1984 2577 4452
f 2577 1984 2570
f 1048 2568 1049
f 1049 2568 1087
f 3172 3174 2568
f 2567 3832 2568
f 3174 3173 2037
f 2036 1611 1087
f 3173 1335 4942
f 4942 1335 1310
f 1986 3125 1569
f 3771 1048 3178
f 4943 2030 4451
f 4471 2579 2015
f 1981 4471 3170
f 2588 3843 4944
f 1194 4254 4487
f 4945 4252 1194
f 3878 987 989
f 4946 4265 4266
f 4947 2380 4776
f 3183 2602 2040
f 3183 2040 1492
f 1070 2583 1071
f 3214 1070 1069
f 989 988 4948
f 4482 1071 3182
f 3182 1071 2602
f 4949 989 4263
f 989 2992 2991
f 550 551 4005
f 2049 4005 4026
f 3877 4950 4480
f 2591 4484 4950
f 4263 989 2991
f 3216 3002 3843
f 3879 2594 2590
f 3187 2590 3001
f 3216 3000 3002
f 3187 3211 3879
f 2594 2593 1731
f 3872 4951 2592
f 4952 317 318
f 4953 4954 4955
f 3211 2592 2594
f 4489 3188 2608
f 4956 3191 4499
f 3191 4956 3208
f 1381 3188 4489
f 1381 3209 3188
f 3198 3197 4499
f 317 4955 316
f 4955 317 4952
f 2609 3187 3000
f 3001 2590 4957
f 3846 4958 4959
f 3845 4489 2608
f 4960 4503 4961
f 3872 4962 4963
f 1143 3198 3190
f 3856 4964 1143
f 4965 4966 3848
f 4491 1143 3850
f 4496 3850 1347
f 2048 4493 1052
f 4496 1347 1346
f 1051 1053 3195
f 2046 2048 1051
f 3852 2047 2046
f 4967 3971 4968
f 4967 655 3971
f 655 4967 654
f 3207 3206 4969
f 3206 3866 4970
f 4971 4498 4972
f 4972 4497 2047
f 4973 3848 2061
f 3849 3199 3201
f 4493 2060 4494
f 3854 2060 4493
f 4974 2600 4975
f 2061 3201 3855
f 4965 3848 4498
f 3202 4975 3860
f 4501 3863 4976
f 4977 4976 4978
f 3340 2829 3341
f 4979 588 587
f 3866 3865 2828
f 3969 4980 4603
f 3970 4492 4981
f 829 3970 828
f 3270 694 693
f 694 3270 3272
f 709 3270 693
f 4506 4669 4982
f 4983 4984 4509
f 3869 4985 4084
f 2632 2631 2634
f 1021 592 591
f 2634 4983 2632
f 2634 4506 4983
f 3867 1358 3207
f 2630 4985 3869
f 2630 2632 4985
f 4080 926 3205
f 1287 1289 2794
f 926 2144 927
f 926 2143 2144
f 2588 3216 3843
f 4944 3844 4986
f 4987 4514 4515
f 4950 4484 4480
f 4988 4989 4990
f 4772 2345 4775
f 4991 1706 4992
f 1706 4771 4993
f 4994 4538 4995
f 3841 2977 2976
f 3589 3218 4234
f 4234 4229 4996
f 4997 4998 4999
f 5000 5001 5002
f 5003 5004 5005
f 5006 3585 2343
f 5000 5005 5007
f 5008 5009 5010
f 5011 3882 3884
f 1704 1706 4991
f 3883 5012 3884
f 5013 5014 5015
f 4525 5016 4758
f 5017 347 346
f 5018 5019 5020
f 5021 5022 5023
f 5020 4531 4533
f 5024 5008 3889
f 5025 5020 4533
f 5026 3962 2674
f 4535 2054 3212
f 2610 3212 3886
f 3887 1380 1067
f 2054 3887 1067
f 3846 4516 4958
f 4516 2607 4958
f 3225 2603 1624
f 2648 3225 1624
f 5027 3582 4536
f 515 4227 514
f 519 520 4536
f 5028 4538 5029
f 4994 349 348
f 349 4994 4995
f 342 4539 344
f 4539 342 5030
f 2098 1946 4609
f 2098 4609 4542
f 5031 1561 2102
f 5031 611 610
f 611 5031 2102
f 1634 4547 4585
f 4585 2685 1635
f 4035 3903 1670
f 2618 4560 1670
f 4560 2618 1634
f 5032 2618 5033
f 3395 5034 5035
f 4031 2618 5036
f 5037 5038 5039
f 5040 3923 4566
f 4570 2621 5041
f 4552 5042 4553
f 5043 5038 5044
f 5045 4570 2618
f 5046 5047 2618
f 5048 1634 5049
f 5050 4612 5051
f 4001 2477 2476
f 5052 5053 5054
f 4563 3917 5055
f 2234 5056 4565
f 2234 4565 4564
f 3919 5057 5056
f 4902 1349 3912
f 4903 4416 3910
f 4902 3238 1349
f 3236 3238 4902
f 4662 4655 3411
f 3432 4662 3411
f 1789 3422 3239
f 3422 3423 3239
f 1351 3914 5058
f 4067 5058 2620
f 4566 4058 4574
f 3920 3922 2618
f 4058 5059 4574
f 5060 3245 3244
f 4547 2685 4585
f 3924 2627 2685
f 3256 4575 5061
f 5062 2077 5063
f 1163 5064 5065
f 5066 5067 1640
f 1147 1146 3930
f 2645 1641 1645
f 1641 1145 3928
f 1645 683 2645
f 683 1645 684
f 3950 2076 3951
f 3950 1358 3276
f 3277 3276 3867
f 3277 709 691
f 709 3277 3270
f 677 912 678
f 678 912 679
f 5068 3931 4581
f 3938 3273 4577
f 912 2645 5069
f 5069 679 912
f 679 5069 680
f 4580 5066 3932
f 1162 5066 4580
f 1353 3927 3939
f 1353 2081 3927
f 2066 2113 2627
f 2066 1354 2113
f 2622 2071 2682
f 2622 2682 1373
f 2643 3943 2624
f 3898 3253 3938
f 3938 4577 2625
f 3250 4579 2623
f 3942 3898 3943
f 1635 3897 1636
f 3942 3943 2643
f 2642 3942 2643
f 1635 2685 3897
f 1636 3899 2642
f 2085 3318 2083
f 2085 2083 2082
f 1634 3262 3319
f 3262 3264 3319
f 3319 3317 3320
f 3319 3264 3317
f 1634 2119 3993
f 1634 2117 2119
f 3263 3944 3321
f 3263 3321 3264
f 3993 3994 4586
f 1634 4586 3328
f 3991 3992 3316
f 3991 3316 3994
f 1634 5070 4587
f 2644 2643 5070
f 1634 4587 4582
f 3945 2622 4583
f 1634 4589 5071
f 1634 4584 4588
f 4584 3259 4588
f 2121 1634 2694
f 5072 2696 2695
f 3949 1634 2121
f 3949 2121 2120
f 1359 3870 4513
f 3206 4513 3864
f 1152 671 2647
f 671 1152 672
f 672 1152 673
f 664 663 3956
f 5073 5074 5075
f 2665 4602 2666
f 2101 749 748
f 749 2101 3322
f 747 2101 748
f 3322 750 749
f 750 3322 2683
f 2684 755 754
f 755 2684 2636
f 753 2684 754
f 3315 3954 3944
f 3954 2683 3944
f 3280 3279 2637
f 2639 3280 2637
f 2637 3279 3955
f 3955 760 759
f 760 3955 3279
f 2111 765 764
f 765 2111 2086
f 3279 763 762
f 763 3279 2111
f 766 2087 767
f 5076 5077 2662
f 1650 5078 5079
f 4596 5078 1649
f 5080 4597 1648
f 2059 2090 1363
f 2090 1361 1363
f 3885 2653 2652
f 3961 2095 2094
f 2668 2665 2669
f 810 4602 805
f 4602 810 5081
f 4602 5081 2666
f 837 838 5082
f 819 820 5083
f 833 5083 820
f 804 803 3966
f 3287 3968 3965
f 809 3966 803
f 3966 809 5084
f 809 806 5084
f 782 783 3296
f 3969 821 827
f 821 3969 4603
f 654 4967 653
f 648 649 3278
f 2658 649 651
f 649 2658 3278
f 3957 3292 3282
f 5085 5086 5087
f 4605 1363 5078
f 3959 2058 5088
f 3292 4594 3283
f 3292 4593 4594
f 5089 3973 3974
f 2659 5089 4594
f 4546 2674 3964
f 2674 4546 4608
f 3962 5090 3963
f 5091 5090 3962
f 5092 1295 4541
f 4609 3978 3894
f 5093 5086 5094
f 5095 1657 4604
f 4538 1042 4995
f 4608 2675 2674
f 2675 4608 5096
f 3269 5097 3985
f 1661 3985 3982
f 1159 3112 3754
f 2492 1159 3754
f 4421 3302 3113
f 3301 5050 3302
f 5097 3266 3985
f 1661 3269 3985
f 3988 5098 3297
f 3995 3988 3297
f 5099 3986 3267
f 3303 3304 5099
f 3304 3987 5099
f 5099 3987 3986
f 5100 1634 3946
f 3311 1634 3312
f 3330 3999 2677
f 2690 3330 2677
f 3989 3988 3995
f 3988 3267 5098
f 3980 1662 3984
f 2678 1662 3980
f 5097 3303 3266
f 3985 3266 3265
f 1666 724 725
f 1666 723 724
f 3324 2122 1665
f 3324 1665 1664
f 1378 715 3309
f 715 1378 714
f 1378 742 714
f 742 1378 1377
f 1644 2110 3314
f 1642 1644 3314
f 3259 1375 3260
f 3259 1373 1375
f 3295 2104 3296
f 1275 2104 3295
f 3317 3323 2687
f 2687 3323 2100
f 2695 2116 2692
f 2692 2116 2681
f 2695 2696 2697
f 2082 2084 2697
f 2693 4614 3997
f 2693 3997 2108
f 2492 3754 2493
f 2493 3754 3106
f 2482 1921 5101
f 5101 2483 2482
f 2483 5101 3110
f 4636 2641 4637
f 4003 5102 3111
f 4616 3111 1931
f 1548 4616 1931
f 1440 2215 2213
f 2215 1440 2705
f 3405 1227 1229
f 2796 2225 2224
f 2796 2140 2225
f 309 2599 308
f 2599 309 3862
f 5103 309 310
f 309 5103 3862
f 284 2706 285
f 289 1765 3338
f 1765 289 287
f 3345 2141 1168
f 2141 3345 2707
f 1687 4008 1688
f 1681 1676 1682
f 1682 1678 5104
f 1688 1681 1680
f 3398 3397 970
f 4617 3497 4009
f 3351 2220 2149
f 5105 3377 3378
f 933 2718 934
f 2718 933 1170
f 934 2718 932
f 1912 2789 4046
f 1089 1677 3348
f 2723 2725 1489
f 2723 1489 2724
f 2176 2953 1200
f 3580 3579 4230
f 4235 2967 2966
f 4230 3352 4235
f 2726 4012 4014
f 4012 1851 4014
f 1482 3594 1483
f 1483 4622 2971
f 2975 1496 1498
f 3592 4619 3593
f 1058 3592 1059
f 1495 3592 1058
f 1854 1057 1853
f 1854 1495 1057
f 4238 1424 4761
f 4239 4238 4761
f 955 2173 2734
f 955 1709 2173
f 1717 1415 2756
f 2756 1415 2185
f 2747 1316 2159
f 2742 2747 2159
f 70 2745 2158
f 2745 70 72
f 2158 47 70
f 47 2744 48
f 47 3765 2744
f 3765 47 2158
f 3362 75 2742
f 75 3362 74
f 1703 51 50
f 51 1703 1702
f 5106 3365 2755
f 1616 5106 2755
f 3365 2757 3372
f 2750 2749 3374
f 4019 3366 1407
f 1317 4019 1407
f 3374 3373 5107
f 3374 5107 3367
f 2757 2181 3372
f 3372 2181 3373
f 4624 3383 4023
f 1737 4624 4023
f 2702 2704 1217
f 3380 555 530
f 555 3380 4022
f 4626 4022 5108
f 4626 5108 2704
f 2770 4024 2195
f 4026 2703 4024
f 1738 1895 5109
f 1738 5109 3065
f 1219 3382 2999
f 2998 1219 2999
f 2703 4626 2704
f 3381 1055 2199
f 2207 1241 1243
f 1083 1241 2207
f 3331 5102 4003
f 2212 2211 4029
f 3331 4636 5102
f 2212 4029 4636
f 3554 5110 3387
f 4027 5111 5112
f 2477 5113 3394
f 3395 5035 5114
f 2477 3395 2478
f 5115 5116 5117
f 3231 3233 3298
f 2641 2640 4637
f 4032 4034 4635
f 5118 4032 4635
f 3298 4035 1016
f 3298 3233 4035
f 3299 1016 1018
f 1018 1672 3299
f 1672 1018 1017
f 3099 5119 4037
f 2474 1448 4037
f 1463 4045 1464
f 942 944 1463
f 4045 3396 1464
f 943 1911 4044
f 4402 1911 943
f 1911 3398 4044
f 4045 4044 4048
f 4044 3398 4048
f 4648 4647 5120
f 4644 5121 2321
f 4401 2463 2462
f 1914 3726 2462
f 2435 2793 2436
f 2452 2793 2435
f 1259 1529 1260
f 1260 1530 1891
f 4646 3726 3725
f 2432 4646 3725
f 1758 5122 5123
f 5122 1758 1073
f 5123 1901 1758
f 1529 1685 1530
f 1530 1685 1684
f 1073 2149 5122
f 5122 1901 5123
f 1901 5122 2149
f 2705 1227 3405
f 3405 1229 2795
f 2785 5124 4042
f 3498 1795 4705
f 2277 2276 1460
f 1917 3498 3523
f 2869 2871 1458
f 5125 3439 4065
f 2070 3445 2068
f 4063 4062 2078
f 5126 2252 3445
f 3933 3419 3934
f 5067 5127 1640
f 2069 4652 2067
f 3408 4653 4568
f 3868 2832 2830
f 2832 3868 4063
f 4652 4650 5128
f 3406 2282 3407
f 1036 3409 2615
f 2615 3248 3247
f 2615 3247 2806
f 3248 4054 3249
f 4054 3248 3926
f 4054 3926 2081
f 4661 1799 2280
f 4661 2280 3423
f 2800 2876 2879
f 2876 3438 2879
f 3438 2896 5129
f 5129 2896 3415
f 4064 3415 3503
f 4658 3505 5130
f 1631 2248 1632
f 1631 5131 5132
f 5131 1631 1633
f 3933 3935 5133
f 1633 2249 2824
f 5134 2079 3933
f 3413 5062 5135
f 3868 4147 4659
f 5127 5136 1146
f 5137 1036 4653
f 4653 5138 2614
f 4067 1351 5058
f 4571 4067 4572
f 3425 3427 4654
f 1797 3421 1798
f 2801 3420 1797
f 4660 1797 1799
f 4060 4660 3412
f 1435 4662 3432
f 1802 4662 1435
f 4162 3427 3424
f 4074 1800 1437
f 1801 4665 4656
f 1801 4656 1802
f 4657 2801 4664
f 5139 4655 1802
f 4076 2800 4073
f 2889 4076 4073
f 2801 2879 3420
f 4059 2801 1797
f 4148 4073 4657
f 4665 2889 4148
f 3514 1288 1287
f 2232 3514 1287
f 3444 3443 1638
f 2249 3441 3447
f 4081 3441 2249
f 3446 4080 3205
f 2294 1287 4080
f 4506 4982 4984
f 2833 4669 2834
f 3454 2856 1784
f 3474 3454 4115
f 1790 4085 1791
f 1447 4085 1790
f 3478 4681 2314
f 4681 1447 2314
f 3545 3547 1446
f 1446 3547 1447
f 5140 2254 2253
f 4340 5141 2930
f 2882 2881 2837
f 4099 2880 3451
f 2303 2302 2881
f 2838 4671 4672
f 4096 1803 2279
f 1803 4096 4170
f 2838 4672 4097
f 2881 4671 2838
f 4090 2304 4091
f 4091 2304 2306
f 4197 2255 3540
f 2253 2255 4197
f 1233 1235 2127
f 1233 2127 2815
f 4412 2259 2261
f 3739 4107 4069
f 1233 3742 2812
f 3742 2820 2810
f 1743 4102 1744
f 4104 3738 3740
f 2865 3463 4128
f 3463 3428 4128
f 2883 2885 4106
f 2884 3097 2885
f 4107 5142 4412
f 4107 2885 5142
f 2901 3464 2902
f 4680 1786 5143
f 2263 2855 2852
f 3462 2855 2256
f 4114 2839 4098
f 4113 2837 4095
f 2858 3524 2283
f 2283 3524 4113
f 4085 4670 3453
f 4089 2857 3476
f 2840 2842 2905
f 4667 4160 2245
f 3518 2840 2905
f 4114 4098 4675
f 5144 5145 5146
f 2263 2853 2855
f 2852 2855 3462
f 2314 1790 5147
f 1780 3472 4086
f 3454 1784 4115
f 4680 1784 1786
f 1785 1776 1775
f 4115 1784 4680
f 5148 5149 4119
f 5150 2316 2315
f 5151 5148 5152
f 5152 2017 4721
f 2017 2019 4931
f 4721 2017 4930
f 5153 3470 3814
f 4122 5154 5155
f 5156 2263 2262
f 2237 2262 2264
f 1139 1141 4448
f 2556 4449 3162
f 4459 2559 5157
f 940 5158 5159
f 3812 4448 4929
f 1141 4454 4448
f 4701 3816 3815
f 3816 4687 4462
f 937 4127 3100
f 5160 2864 3101
f 2847 3481 4127
f 2848 2847 4127
f 4105 2883 3739
f 3430 3429 4100
f 1750 4689 4130
f 4689 2475 4130
f 1743 1745 4688
f 3101 1743 4688
f 4131 1451 2777
f 4132 4131 2777
f 1745 5161 1449
f 1745 1744 5161
f 1452 3748 3747
f 2474 4037 1452
f 2850 5162 1924
f 1924 1109 4690
f 1925 1110 1109
f 1925 3490 1110
f 1746 5111 4135
f 4690 5111 1746
f 5163 5164 3389
f 1747 1746 4140
f 4136 4135 4695
f 4695 4135 5165
f 5166 2562 2561
f 2021 5167 5168
f 2204 2021 5168
f 1742 4699 5167
f 1739 941 4700
f 5167 4696 5168
f 1009 2021 2204
f 1231 4461 1336
f 4460 4701 3818
f 3398 970 4642
f 4642 970 969
f 4712 2286 3522
f 3520 2286 4712
f 1630 2249 1633
f 1357 1637 3440
f 3440 1637 2231
f 2894 4145 2895
f 2895 4145 2872
f 3416 2872 4143
f 4146 2248 1631
f 4170 5169 1803
f 5169 1540 1539
f 4706 4149 2720
f 4142 4706 2720
f 4155 4708 4077
f 4155 4077 2877
f 5170 3444 1356
f 3444 1638 1637
f 3442 948 3443
f 948 950 3443
f 2898 5171 5172
f 2898 1806 5171
f 5173 4648 1753
f 3459 2900 2910
f 3459 4049 2899
f 2883 4129 2884
f 3466 2906 3467
f 4071 4168 4072
f 4161 4071 4070
f 2903 3433 5174
f 3433 3466 5174
f 3465 3426 3097
f 4129 3465 3097
f 3521 4712 4078
f 4077 4150 2878
f 4712 3522 4078
f 4078 3522 4151
f 4709 4152 2293
f 4709 2293 3512
f 4099 2305 3457
f 2306 2305 4099
f 2836 2914 4171
f 2914 2836 2835
f 2907 2913 2908
f 3515 3460 4673
f 2305 2913 3456
f 2913 3515 3456
f 3459 4673 3460
f 4673 3459 2910
f 2915 3460 3515
f 4643 2323 2319
f 4180 4179 3678
f 2217 3728 2218
f 1125 1124 3031
f 4178 2318 3530
f 4176 4715 5175
f 4715 3031 3529
f 3529 4178 3530
f 4181 3030 3029
f 3671 3029 3672
f 4345 4344 4834
f 4341 4175 4174
f 5176 5177 2926
f 5178 5177 5176
f 4834 3670 5179
f 4175 3670 3672
f 4350 4719 5180
f 2928 2927 4350
f 3165 1269 3166
f 1269 2918 5181
f 1267 5182 1270
f 4732 3544 5150
f 2027 3161 3160
f 5183 3165 2025
f 3165 5183 4186
f 5184 3171 2030
f 3171 5184 4728
f 4722 3160 3164
f 4116 4118 4183
f 3019 4319 3020
f 4731 4733 4732
f 3830 3829 5183
f 3829 4186 5183
f 5185 4723 5186
f 4182 3652 4116
f 4186 1269 3165
f 1269 4186 1267
f 4732 5150 2315
f 5187 1236 5188
f 5189 5190 2316
f 3544 5191 2316
f 4683 4088 5149
f 4189 4433 3820
f 5192 5193 4463
f 2579 3772 2016
f 3772 3808 2016
f 2519 1467 4471
f 1466 1467 2519
f 4735 5194 5195
f 5194 4464 5195
f 1202 1080 4735
f 4734 1202 3181
f 4191 4298 4192
f 3646 3786 3785
f 2180 5196 3786
f 3786 4848 4296
f 4294 2533 2753
f 3645 2754 3646
f 1813 1812 5197
f 4739 2391 2390
f 5198 5199 5200
f 4715 3529 3528
f 3782 5201 3783
f 4198 5202 4199
f 3019 3021 4730
f 4117 3019 4730
f 4207 2490 2512
f 2934 2490 4207
f 2203 3389 1572
f 2202 3389 2203
f 5203 5204 5205
f 2938 1442 1444
f 3093 4631 1442
f 5206 4908 4032
f 1815 3759 1816
f 2937 1815 1814
f 2329 2467 2484
f 2484 5207 1548
f 2490 2937 1814
f 2490 2489 2937
f 2941 4213 2370
f 4213 1030 2370
f 1485 2946 1478
f 1485 2945 2946
f 3570 1486 1477
f 3599 1485 1486
f 5208 3157 3599
f 3156 2945 3598
f 1425 4211 3561
f 3599 1486 4747
f 4621 5209 2972
f 2973 3570 3569
f 3570 4215 3571
f 4748 3572 2939
f 4748 2939 2947
f 3570 1477 4215
f 1477 1479 4215
f 3158 1184 3159
f 3159 1184 1094
f 2538 3159 2157
f 1480 2538 2156
f 2944 4216 4748
f 2944 4748 2947
f 5210 5211 5212
f 5213 5214 5215
f 5216 5217 5218
f 3706 5219 5220
f 5221 5222 4352
f 5223 5224 5225
f 3038 4924 3148
f 5226 4219 4819
f 5227 5228 5229
f 3071 3573 3574
f 2354 4226 1845
f 2962 4226 2350
f 2355 1491 1722
f 2355 1722 1398
f 2189 2355 4623
f 4623 2355 1721
f 1410 4756 1717
f 1711 2735 1410
f 3359 4016 2735
f 2739 4016 3359
f 3217 4757 2363
f 3217 2358 4757
f 4251 2359 2356
f 2357 4619 3592
f 2357 3592 4618
f 4225 2176 2961
f 2961 2176 1199
f 5230 4234 2352
f 4760 2351 2353
f 4759 3893 1692
f 1692 3358 4759
f 2965 3358 3357
f 2964 3358 2965
f 4536 5231 5232
f 5231 5233 5232
f 1343 5234 1344
f 1343 1691 5234
f 1344 5230 2352
f 4229 3352 3579
f 4523 2363 4229
f 4996 4229 3579
f 2970 2967 4235
f 2970 1853 2967
f 2972 4747 3570
f 2972 3570 2973
f 1498 1497 4013
f 4013 1497 3597
f 2956 4763 2957
f 4762 4244 4239
f 3603 4786 3604
f 5235 5236 5237
f 5238 2358 5239
f 2358 5238 2356
f 2347 2356 5238
f 3586 5240 3840
f 4522 4477 5241
f 4261 4766 5242
f 5243 5244 3607
f 5245 4259 4784
f 4259 4261 5242
f 4791 4284 4792
f 3619 4284 4791
f 5246 3558 4293
f 4779 4781 2136
f 4781 1174 4267
f 4781 4267 2136
f 2958 2960 1098
f 5247 4782 4783
f 5248 5249 5250
f 4476 4259 5245
f 5251 3878 4478
f 4945 5252 4252
f 4267 1176 4789
f 1174 1176 4267
f 4258 1863 3612
f 1175 3611 4790
f 4258 3612 2983
f 1176 4790 4258
f 3612 1863 3613
f 4247 5253 3613
f 3618 3625 4269
f 3625 2986 4269
f 4283 4795 4868
f 2983 5254 2984
f 2984 5254 4287
f 2581 2989 5253
f 2989 2581 4272
f 5253 3622 4796
f 3622 5253 2989
f 1262 2194 2419
f 3186 2194 1262
f 3626 2362 4797
f 4797 2193 3626
f 3012 1249 3558
f 3012 3011 1249
f 4210 1028 4212
f 4212 1028 1030
f 1425 3563 4240
f 3563 1425 3561
f 1426 4240 4243
f 4240 1426 1425
f 4293 3559 5255
f 3627 4293 5255
f 3629 3628 4292
f 4798 4278 4280
f 3693 4869 3053
f 3053 3004 3003
f 3632 4283 3633
f 3692 4869 3693
f 4799 3632 3634
f 3008 4369 4276
f 5256 5242 5257
f 4280 4279 1733
f 2960 5258 4290
f 4285 1254 5259
f 4294 1503 2533
f 1504 1503 4294
f 3375 2182 953
f 3375 1504 2182
f 3134 1994 2532
f 2758 3134 2532
f 1589 1992 1994
f 1589 3044 1992
f 2179 4847 4848
f 4804 4191 4190
f 5260 3829 3828
f 4723 4725 5186
f 4725 3651 3653
f 4724 3651 4725
f 1874 4314 4313
f 1874 1873 4314
f 4184 4313 4185
f 4313 4315 4817
f 4316 5261 3651
f 4725 4182 5260
f 5262 4309 4724
f 5263 5262 5185
f 3538 5264 4308
f 4806 5265 4468
f 1525 1527 4818
f 5266 1527 5267
f 4827 4223 4222
f 5268 5269 5270
f 3659 3576 3575
f 3659 3575 3662
f 5271 5272 3709
f 5273 4754 5274
f 3576 1995 5275
f 5275 1995 1997
f 1105 1883 5276
f 5277 2951 3027
f 1887 1214 4332
f 1214 1216 4332
f 4824 4826 4825
f 4827 4222 5278
f 5279 3791 5280
f 5279 5270 3791
f 4328 1216 4329
f 4823 1886 5281
f 1216 1884 1886
f 1215 1884 1216
f 5282 972 4327
f 1886 1885 4828
f 3081 3080 4883
f 5283 4406 3039
f 4407 2311 2313
f 4406 4408 4830
f 3066 3082 3729
f 3712 2433 3066
f 3730 2311 4407
f 4883 4407 4406
f 4344 5284 4836
f 5284 4344 5285
f 4717 1125 3030
f 1125 4717 1123
f 2218 4713 4179
f 4047 2785 4051
f 1531 1533 5285
f 5284 5286 5287
f 3669 3668 3727
f 4179 4713 3499
f 4338 3531 1532
f 3531 4339 2216
f 4365 4364 3036
f 4365 3036 4839
f 4808 4840 4841
f 3035 1811 4346
f 4315 4808 1525
f 4314 4808 4315
f 5288 5213 5215
f 5289 5290 5291
f 5292 5210 5212
f 2412 2414 5293
f 4349 4740 4364
f 4349 4348 4740
f 4390 5294 5178
f 2414 4400 4348
f 5295 4351 3534
f 3534 4351 3535
f 4217 2010 3683
f 3683 2010 2009
f 4858 5296 3788
f 4858 2000 5296
f 4445 4446 2540
f 3799 4446 4445
f 4857 4359 1998
f 1998 2000 4857
f 3689 4928 2004
f 5297 1591 4928
f 1809 1808 3779
f 1809 3779 3043
f 1868 5298 1869
f 1871 4354 1591
f 1137 2011 4354
f 2011 1137 2009
f 3683 1137 1136
f 1137 3683 2009
f 2342 4358 2396
f 2342 2341 4358
f 2548 1825 2549
f 1825 4860 1826
f 3788 3684 2395
f 2395 3684 4217
f 4864 4434 3048
f 2003 3144 4435
f 2949 5299 4860
f 2409 2411 3150
f 2340 4859 2341
f 5299 4859 2340
f 2548 4860 1825
f 3151 4860 2548
f 2543 1868 1587
f 4366 3150 4368
f 2547 3688 4447
f 4909 5298 1868
f 3153 2544 1586
f 4864 3048 3153
f 2411 2949 3150
f 3150 2949 3151
f 996 4863 5300
f 3046 2409 3047
f 4434 3046 3048
f 1488 3690 1824
f 3051 2387 2389
f 1505 2388 1506
f 3050 4271 2387
f 2388 2417 2385
f 1134 4270 3050
f 4270 4271 3050
f 3654 2453 4322
f 4271 2417 2388
f 3637 5301 3557
f 3636 5301 3637
f 4371 5302 4277
f 4371 4370 5302
f 3633 4283 4868
f 3633 4868 3692
f 4285 5259 4282
f 5259 1254 1256
f 4802 4286 3023
f 4868 4802 4869
f 1830 4379 2384
f 3024 4870 3004
f 3617 5303 4870
f 5303 3617 3616
f 5304 4374 4876
f 4877 2384 4373
f 5305 5304 4871
f 4879 4377 5306
f 5307 4879 5306
f 4372 4379 1838
f 4380 1839 1838
f 5306 4378 1859
f 3051 2389 1860
f 3695 1133 1135
f 3695 1135 4377
f 3654 4322 2417
f 4271 3654 2417
f 1620 1619 2446
f 2427 3056 3058
f 2995 2428 4881
f 2995 2426 2428
f 2377 5308 3654
f 2377 3702 5308
f 1133 4880 1134
f 3694 4880 1133
f 4881 2428 3694
f 4379 4881 4380
f 4375 4376 4379
f 1830 4375 4379
f 2446 1619 3056
f 2446 3056 2427
f 2997 2378 1893
f 3063 2997 2996
f 1258 1257 3698
f 1257 2771 3698
f 1522 2423 3062
f 1522 3062 1898
f 1521 1523 4381
f 3703 1521 4381
f 3065 5109 2765
f 2765 2201 4384
f 4386 2766 1619
f 1618 4386 1619
f 4385 2765 2997
f 2765 4384 2997
f 4382 1264 2453
f 3702 4382 2453
f 2461 3704 4833
f 3704 2431 4833
f 4884 2437 4886
f 4885 1329 3667
f 2438 3081 5283
f 2461 4833 5309
f 4885 3667 4392
f 4392 4394 2437
f 3721 4391 4393
f 4887 4885 3072
f 5310 5311 5312
f 4310 2413 2932
f 4395 2439 2403
f 4822 3575 3577
f 4844 4395 4890
f 5313 5314 5315
f 1997 1996 4326
f 1996 3656 4326
f 3072 3713 4887
f 4326 3713 3072
f 3713 2398 4887
f 4887 2398 3026
f 4828 5282 4331
f 1885 5282 4828
f 2397 4889 2398
f 2399 2398 3656
f 1265 2429 1266
f 2429 1265 2430
f 3714 3715 3025
f 4889 3714 4888
f 3717 2444 2443
f 3716 2443 3714
f 2449 1100 1903
f 1903 1100 1520
f 4390 5316 5294
f 4892 5317 4343
f 2403 3041 2404
f 5318 4895 4897
f 2404 4898 4896
f 4898 2404 4396
f 2405 4896 4895
f 4896 2405 2404
f 3039 4829 3040
f 4829 2916 3040
f 2414 4348 4347
f 5293 2414 4347
f 4177 5178 4400
f 5317 4344 4343
f 3723 4403 4402
f 3723 2455 4403
f 1767 2261 1454
f 1454 1456 1767
f 1543 4899 1544
f 1544 4899 3736
f 1544 3750 4413
f 4413 3750 1927
f 5319 5320 4556
f 2127 1234 3431
f 2242 4415 4903
f 2816 2127 2126
f 4565 5320 5319
f 2128 2127 2239
f 3431 2242 2239
f 2242 3431 5321
f 2235 2234 4564
f 3235 1456 5322
f 5323 5324 4563
f 3750 4417 3751
f 5325 3917 4563
f 3235 5322 3917
f 3905 5326 2618
f 4640 5327 5328
f 4904 3984 3289
f 4904 3289 1546
f 3106 4611 3105
f 3105 4611 1546
f 800 802 3968
f 792 793 1160
f 798 800 3968
f 807 808 1367
f 797 1367 3288
f 1367 797 807
f 2487 3732 3086
f 2486 2676 2487
f 958 2487 3085
f 3388 5329 4631
f 3091 5330 4552
f 4004 5118 5331
f 1444 1443 4004
f 3493 4695 3491
f 4028 3091 5332
f 2938 3759 1815
f 2938 1444 3759
f 4002 3331 1285
f 2468 4002 1285
f 1931 4420 4419
f 4420 1931 1930
f 4420 1930 2486
f 2733 3763 3764
f 3763 2733 3117
f 3117 3765 3763
f 3118 2733 2732
f 2733 3118 3117
f 4422 3120 2514
f 4422 3122 3120
f 3776 3127 3126
f 963 3776 3126
f 1076 1615 3833
f 1615 1076 1613
f 4423 3771 3177
f 4423 4424 3771
f 4425 2522 3768
f 4425 3768 1980
f 3127 3770 3128
f 4423 3770 4424
f 3770 4423 3128
f 1586 2543 1587
f 1586 2544 2543
f 4909 4447 5298
f 1869 3777 1987
f 1993 4303 2534
f 2534 4428 4304
f 3044 4303 1993
f 3044 3043 4303
f 4296 4736 5333
f 4911 4913 5334
f 4919 5335 5336
f 3536 4917 5337
f 5338 4914 4916
f 5339 4431 5340
f 4431 5341 5340
f 5335 4429 5339
f 4303 4910 2534
f 975 4436 5342
f 4436 4330 5342
f 5343 3664 2401
f 5344 5345 5346
f 4220 4219 4336
f 4360 3798 3797
f 4360 975 3798
f 4853 4360 4362
f 4362 4360 4359
f 4862 4922 2394
f 4862 2394 2393
f 4334 3147 3149
f 975 977 4333
f 4923 4443 981
f 4440 975 4334
f 2541 4441 4923
f 4926 975 4439
f 3801 4925 4927
f 3801 975 4925
f 4863 4434 4864
f 5300 4863 4864
f 4447 3688 1988
f 4447 1988 1808
f 2549 3691 3688
f 1827 3691 2549
f 1591 5347 4928
f 1591 4354 5347
f 2920 4720 2265
f 3479 3478 1778
f 3811 2924 2560
f 2028 3811 2560
f 4125 4929 2556
f 1782 4125 2556
f 2026 3166 2028
f 5181 2918 2920
f 5348 2030 4943
f 2030 5348 5184
f 2014 3810 5349
f 4943 2576 5350
f 2576 4943 4451
f 3162 4450 3168
f 3168 4934 3480
f 4935 940 939
f 3480 4935 939
f 4696 4698 4453
f 4449 4448 4933
f 4457 2274 4701
f 5158 5351 4137
f 5352 4937 2557
f 4112 2238 5353
f 2274 938 4938
f 2558 4456 4455
f 4457 4701 4460
f 4455 4457 5354
f 3819 4189 3820
f 3821 4433 4940
f 1467 1203 3837
f 1204 1203 1467
f 5355 5356 5265
f 4306 4468 5263
f 1333 5355 4805
f 3824 2015 4426
f 2015 1614 4426
f 2578 2569 2575
f 2578 2570 2569
f 4474 2578 4473
f 4473 2578 2575
f 1076 4474 1077
f 3832 3176 3172
f 3832 3172 2568
f 1078 3176 3832
f 3173 4942 2037
f 4942 1310 2037
f 3170 2015 3824
f 1982 3170 3824
f 5249 5357 5358
f 4254 5359 4486
f 4254 4987 5359
f 4986 3844 4253
f 4266 3610 1175
f 4262 4946 2380
f 2197 2198 4485
f 4483 2197 4485
f 4948 1069 2992
f 3838 3182 3839
f 2992 4482 3182
f 2992 3182 3838
f 4625 4022 2703
f 4005 4625 2703
f 2770 4026 4024
f 2049 4026 2770
f 4987 5251 5359
f 4987 4515 5251
f 4484 4483 4481
f 988 1069 4948
f 4480 4484 4481
f 989 4948 2992
f 3187 3879 2590
f 4514 5360 3877
f 5361 319 320
f 319 5361 4952
f 2050 546 547
f 546 2050 2767
f 4955 315 316
f 315 4955 4954
f 4954 314 315
f 4962 4953 4963
f 4951 4952 2593
f 3211 3872 2592
f 3188 3210 3871
f 3188 3871 3211
f 1381 3223 3209
f 1623 1622 3846
f 1068 1382 3845
f 3208 3221 3191
f 3221 3208 3888
f 2053 3223 1381
f 4964 3198 1143
f 4490 3196 3198
f 4960 4976 3863
f 4976 4960 3858
f 3861 4977 4978
f 1052 4493 4495
f 4493 4494 4495
f 3195 1053 1346
f 3195 1346 2612
f 4495 4494 3850
f 4494 4491 3850
f 2660 4967 2596
f 2660 653 4967
f 653 2660 652
f 3867 3207 4969
f 1012 830 824
f 830 1012 3970
f 4972 4498 4497
f 1011 1155 4971
f 1154 4966 1155
f 4497 2060 3854
f 2047 4497 3854
f 301 302 2598
f 3848 5362 3849
f 3196 4978 3197
f 4490 3861 3196
f 3201 3861 4490
f 3855 3201 4490
f 3849 3201 2061
f 4973 2061 2060
f 4975 2599 4501
f 3200 3860 3201
f 2598 2597 3199
f 307 4974 306
f 4974 307 2600
f 305 2597 304
f 2597 305 4974
f 3859 4961 4502
f 3861 4978 3196
f 5363 5364 5365
f 5366 3340 5367
f 3866 2828 3340
f 589 5368 590
f 5368 589 4979
f 5365 5364 5369
f 4492 4971 4981
f 3969 3970 4980
f 2829 1022 5370
f 1022 1021 5368
f 3870 4084 4513
f 4511 1021 1020
f 4508 4510 4512
f 4507 3203 2630
f 3203 2631 2630
f 3865 4511 1020
f 4592 4508 4511
f 593 4512 574
f 4512 593 1021
f 4488 4962 3872
f 2056 2587 5371
f 4959 4958 2588
f 4944 3843 3844
f 4253 3844 4987
f 4957 2590 2591
f 3844 4514 4987
f 4990 3881 5372
f 3881 4990 5373
f 4992 1706 5374
f 5372 3881 1690
f 1706 4993 5374
f 5374 4993 4989
f 5375 2343 2345
f 5014 5376 5015
f 4519 4518 4771
f 3601 4520 4768
f 2348 2347 5238
f 2981 3217 2982
f 5377 2976 5378
f 5378 5379 2955
f 3589 4234 5230
f 1344 3589 5230
f 4996 3579 3578
f 2352 3578 3588
f 5380 5001 5381
f 5005 5004 5007
f 5382 4255 5003
f 5371 2589 3875
f 5383 5384 5385
f 5000 5003 5005
f 5386 5018 5020
f 2096 5387 5386
f 1654 3219 2056
f 5371 2587 2589
f 4607 5388 5389
f 5390 5025 5024
f 5391 1705 1704
f 5013 5015 1705
f 3889 5010 5392
f 5010 5011 5392
f 5393 4526 5394
f 4518 5375 4771
f 5391 357 356
f 1704 357 5391
f 4991 357 1704
f 357 4991 529
f 5395 3583 3582
f 2661 5386 2664
f 4545 4600 5388
f 2093 3886 3885
f 2653 3213 1653
f 5010 3882 5011
f 2373 5396 5013
f 5397 3885 2652
f 5025 4533 5024
f 3963 5022 5021
f 3212 1066 1621
f 3212 2054 1066
f 3213 1621 1653
f 2653 3212 3213
f 2610 4535 3212
f 1622 3845 4516
f 3846 1622 4516
f 4525 4758 2964
f 3584 1343 5233
f 4536 3582 5231
f 516 5398 4227
f 5398 516 517
f 5399 4992 4988
f 349 4995 350
f 612 2102 613
f 2099 4542 3229
f 2099 2098 4542
f 1299 1944 2098
f 1944 1946 2098
f 5031 609 1119
f 609 5031 610
f 1119 1561 5031
f 1670 1923 1671
f 1923 1670 4560
f 1668 3232 2640
f 2640 3232 3231
f 2701 2700 4629
f 5400 5401 5402
f 5034 5032 5033
f 5403 2618 5404
f 3392 2618 2779
f 5114 5405 5042
f 2776 4638 4036
f 5327 5052 5328
f 3921 4574 3922
f 4574 3245 5060
f 5406 5046 2618
f 5407 5408 3745
f 2621 2620 5409
f 2620 5410 5409
f 4030 5411 5412
f 5413 5414 5415
f 5408 3909 5416
f 3909 3911 5416
f 5119 2868 4640
f 4640 5417 5327
f 5052 5417 5053
f 5417 1928 5053
f 5324 5325 4563
f 3908 5323 5418
f 2131 2235 5419
f 4563 5055 2233
f 5320 2241 5420
f 5320 5420 4556
f 5421 2240 3909
f 2242 4903 4066
f 3913 1349 1351
f 3911 3910 5422
f 3237 1788 3238
f 3237 2243 1788
f 3423 2281 3406
f 2281 2282 3406
f 1034 1226 1035
f 5423 1034 1036
f 1350 4569 3914
f 4569 3915 3914
f 2620 5424 5410
f 4572 2620 2619
f 3923 4567 4566
f 5410 3923 5040
f 4057 3241 3240
f 5060 3244 2618
f 3230 3924 4547
f 3230 991 3924
f 2685 2686 3897
f 3897 2686 3251
f 5425 5061 1163
f 3257 5425 5426
f 3257 3256 5425
f 3256 5061 5425
f 1164 5067 5066
f 1162 1164 5066
f 1147 3930 1647
f 1647 1145 1147
f 689 3277 690
f 4577 5427 4578
f 5066 1640 1641
f 5066 1641 3932
f 3932 1641 2645
f 2623 4579 3254
f 3931 2645 4581
f 3898 3938 3943
f 3251 3253 3898
f 2686 2115 3251
f 2114 3257 3925
f 4578 3931 5068
f 4579 4578 5068
f 4583 2622 3936
f 3936 2622 1373
f 4584 4583 3936
f 2626 2623 3258
f 3273 3275 4577
f 5068 4581 912
f 1634 3320 3996
f 3320 3318 3996
f 4586 3315 3328
f 3328 3315 3262
f 3993 2118 3991
f 2118 2639 3991
f 1634 2644 5070
f 1634 2642 2644
f 4589 3940 5071
f 3940 4589 3261
f 4589 3259 3261
f 5071 3940 1642
f 1634 5071 2629
f 2694 1634 5072
f 2694 5072 2695
f 3998 3948 4613
f 2108 3998 3990
f 1359 4513 1360
f 1358 1360 3206
f 2076 1359 3951
f 2075 4507 2826
f 4969 5366 3271
f 4969 4970 5366
f 694 3272 710
f 3272 695 710
f 695 3272 3271
f 670 2647 671
f 810 811 5081
f 750 2683 751
f 751 2683 752
f 5079 3286 3960
f 5078 3286 5079
f 4595 5088 4596
f 3958 5088 4595
f 3959 3284 2058
f 5428 1650 5077
f 5429 1850 4606
f 5094 5086 5085
f 1361 2089 1362
f 2089 3224 1362
f 2603 4534 2611
f 2668 3967 2665
f 1629 3967 2668
f 813 814 4601
f 5430 5093 5094
f 3956 665 664
f 665 3956 1657
f 798 2655 799
f 2655 798 3968
f 2655 3968 3287
f 801 3966 3968
f 3966 801 804
f 802 801 3968
f 1628 3965 1651
f 3287 3965 1628
f 3971 3852 3851
f 3971 826 4603
f 826 3971 825
f 2657 2659 3291
f 5089 2092 3973
f 3972 3278 2657
f 3278 2658 2657
f 4594 5089 3974
f 3283 4594 3974
f 3964 3963 5021
f 5090 5022 3963
f 5431 5021 5023
f 5021 5431 4544
f 5432 4606 3226
f 3975 5085 5433
f 338 337 5434
f 3977 2670 3116
f 3894 3978 3895
f 3978 4610 3895
f 4610 2669 3895
f 4604 3957 5435
f 5436 3958 5437
f 4539 5438 4540
f 5439 4997 4999
f 5440 5441 5442
f 5434 5443 5432
f 5440 5442 5444
f 5096 5445 2675
f 5445 5096 4997
f 4546 4545 4607
f 5446 5447 4537
f 4608 5448 5449
f 5029 4538 4994
f 4421 3113 1159
f 1158 4421 1159
f 4560 1634 5048
f 3981 3300 1158
f 5048 5049 3300
f 5049 3301 3300
f 3302 5051 2679
f 3302 5050 5051
f 5050 1634 4612
f 4612 5450 3269
f 3306 3305 2105
f 5098 3267 3306
f 1370 3946 1371
f 3987 1634 5100
f 3327 2689 1674
f 3266 5099 3267
f 3266 3303 5099
f 3329 5451 3999
f 3329 1634 5451
f 1662 3982 3984
f 1662 1661 3982
f 5452 3303 5097
f 3269 5452 5097
f 4613 3948 3324
f 4613 3324 1666
f 742 1377 743
f 3309 716 717
f 5072 1634 2696
f 1634 2082 2696
f 2469 2491 3108
f 2469 2492 2491
f 1921 3110 5101
f 3110 1921 2698
f 3334 1227 1439
f 1227 3334 1228
f 4503 310 312
f 310 4503 5103
f 285 2706 286
f 5453 1240 1388
f 1682 1676 1678
f 2712 5104 2219
f 2711 538 2145
f 538 2711 536
f 5104 1678 5453
f 3344 1680 1386
f 932 2718 3496
f 2718 3334 3496
f 3399 4009 1438
f 3399 1438 3347
f 4046 4009 3397
f 3397 4009 970
f 3379 558 1386
f 558 3379 557
f 2716 2145 5105
f 2220 1387 2149
f 5105 3378 2148
f 3076 1091 1912
f 1090 1091 3076
f 4010 932 4011
f 932 4010 935
f 2176 5454 2953
f 2175 5454 2176
f 3568 3567 5208
f 3591 3568 3594
f 2359 4769 4620
f 4620 5455 4619
f 5455 4620 4765
f 5456 5457 5379
f 2347 4251 2356
f 1059 4241 4236
f 3593 4241 1059
f 4762 4242 4241
f 4242 4762 5458
f 4242 3567 3566
f 5208 3599 5209
f 3594 3568 4621
f 1616 4021 5106
f 5106 4021 3365
f 3366 3374 3367
f 5107 1715 3367
f 2200 1055 4624
f 2200 4624 1737
f 4025 1217 1219
f 2763 2761 2360
f 1217 2704 1218
f 1218 2704 2199
f 4022 3380 5108
f 5108 3380 1056
f 1922 3298 3299
f 1922 3299 1536
f 5102 1922 3393
f 3111 5102 3393
f 2210 4635 2211
f 2211 1667 1669
f 5459 2476 3091
f 4000 2476 5459
f 5460 5461 5401
f 3091 4552 5462
f 4634 4639 2477
f 5327 5417 5052
f 2776 2778 4039
f 4638 5463 4639
f 4637 3231 3298
f 4636 1669 2641
f 1669 1668 2640
f 4033 2701 4629
f 4033 4629 4034
f 1667 4628 1668
f 4403 4404 1911
f 4404 1912 1911
f 944 4045 1463
f 944 943 4045
f 4051 2785 4042
f 1126 5121 4644
f 4648 5120 1753
f 4645 4051 5464
f 1685 2790 1686
f 3726 4401 2462
f 4646 5465 3726
f 3400 2790 2791
f 2463 2791 2457
f 2406 2463 2457
f 2462 2408 1915
f 1914 2462 1915
f 2793 4646 3069
f 3069 4646 2432
f 1795 5466 1810
f 5466 1106 1810
f 4705 2887 5467
f 5467 2887 2886
f 5468 1794 4647
f 1794 5468 5469
f 2871 1794 1796
f 5470 1225 1766
f 1799 5470 1766
f 4053 4052 4649
f 4052 4658 5130
f 3445 2252 3413
f 5471 2252 4650
f 2252 5471 2250
f 3409 1035 3248
f 1226 4053 4651
f 4650 5126 5128
f 5126 4650 2252
f 2803 3926 3248
f 3926 2803 2802
f 1036 1035 3409
f 1226 4651 1035
f 3412 4660 4661
f 3412 4661 3423
f 3503 4146 3504
f 3415 3417 3503
f 3438 5129 3439
f 5129 3415 3439
f 2075 3935 4507
f 2824 2825 3929
f 3505 4147 3868
f 3504 4147 3505
f 5134 3933 5133
f 1164 5065 5067
f 4147 1631 5132
f 5131 4147 5132
f 4147 5131 4062
f 5137 5423 1036
f 2616 2615 2806
f 4568 2614 4057
f 4057 2614 3241
f 3923 3916 4567
f 3915 3406 3408
f 5138 2615 2614
f 2614 2616 3241
f 5472 3408 4568
f 5472 4568 4567
f 4163 3424 3410
f 4072 2818 2820
f 4060 1797 4660
f 5473 4052 1225
f 2243 3411 2244
f 3432 3411 2243
f 2821 2845 4074
f 2888 2877 2822
f 2877 2284 2822
f 4076 2822 4075
f 2822 2823 4075
f 4076 3436 2800
f 4076 2876 3436
f 4657 4655 5139
f 1802 4657 5139
f 3447 3446 5474
f 5474 3446 2833
f 2230 2232 3441
f 1287 2794 4080
f 4080 2794 926
f 1792 3454 3474
f 4087 1792 3474
f 4085 3540 4670
f 3540 4089 4670
f 1790 1792 5147
f 5147 1792 4087
f 2308 5140 2253
f 2308 2253 2309
f 5475 5476 5202
f 2930 2308 4738
f 2308 2930 5141
f 4173 4092 1239
f 5140 1238 2254
f 3450 3452 2857
f 2857 3452 3524
f 2881 2302 4671
f 2302 2279 4671
f 3516 4169 2302
f 3515 4169 3516
f 1540 4142 4157
f 2255 4091 4094
f 4091 2306 4094
f 2817 2297 2814
f 2296 3741 2297
f 3743 1233 2814
f 4070 4072 3742
f 2813 4163 3410
f 4104 3740 4068
f 1744 4104 3752
f 2864 4102 5477
f 5477 4102 1743
f 4101 4129 2883
f 4129 3097 2884
f 3739 4106 4107
f 4068 4069 1543
f 3740 3739 4068
f 3738 4105 3739
f 4107 4412 4899
f 1543 4107 4899
f 4095 2839 4114
f 3464 3468 3433
f 5478 3464 2901
f 1786 1775 4164
f 3482 2852 3462
f 2264 2852 3482
f 4113 4114 3519
f 3519 4114 1776
f 4159 2298 4166
f 4160 4166 2245
f 2247 4665 1801
f 4154 2245 2247
f 4111 2245 4154
f 5479 2841 2840
f 3518 5479 2840
f 4672 2278 4097
f 4097 2278 4710
f 5156 4679 2263
f 2860 4679 5156
f 5480 4165 5478
f 3486 5480 5478
f 2854 4680 5143
f 1786 1785 1775
f 4684 4738 4088
f 2315 5481 5151
f 5481 2315 2317
f 2931 4738 4684
f 4738 2931 2930
f 5149 4088 4119
f 5152 5148 2017
f 4682 2018 2017
f 1268 4721 2918
f 4187 4721 1268
f 2018 4120 3478
f 2018 4119 4120
f 3813 2861 4674
f 4123 4674 4112
f 4932 4122 4720
f 2265 4720 2266
f 1778 1780 5482
f 5482 1780 2859
f 4674 2236 4112
f 4674 2237 2236
f 5352 4112 4937
f 4686 2557 4454
f 5353 2862 4937
f 4112 5353 4937
f 2557 4937 2558
f 5157 4455 5354
f 2267 1139 3806
f 4720 5155 2266
f 4938 4687 3816
f 3816 4462 3817
f 5160 3101 3100
f 3100 3102 1749
f 4128 3430 4126
f 4128 3428 3430
f 4133 4130 4132
f 1751 4130 4133
f 4688 2473 2475
f 4689 4688 2475
f 2475 3488 4131
f 2475 2474 3488
f 1745 1448 2474
f 1745 1449 1448
f 4688 1745 2473
f 2473 1745 2474
f 1744 3752 5161
f 5161 3752 1449
f 4134 3489 1925
f 4134 4132 3489
f 1338 1924 4690
f 5162 1925 1924
f 5111 2132 2134
f 4690 2132 5111
f 5483 1747 4140
f 4461 3818 2851
f 5484 3553 5203
f 5205 4703 5203
f 5168 5166 2775
f 2021 1742 5167
f 5485 5486 5487
f 4700 5488 4699
f 5488 4700 5489
f 941 5159 4700
f 941 940 5159
f 1740 1742 2020
f 3169 1232 4138
f 4936 4460 4461
f 3818 2849 2851
f 2851 1337 1336
f 1757 3510 2287
f 2287 3510 3522
f 4062 1633 2824
f 5131 1633 4062
f 2248 3440 4082
f 3455 3517 5169
f 5169 3517 4141
f 2720 4149 3520
f 2720 3520 2721
f 4156 4155 2299
f 3506 4155 4156
f 1355 5170 1356
f 3509 5170 1355
f 1356 3444 1637
f 1638 3443 4083
f 5490 4710 5491
f 5172 5171 4158
f 4710 5172 5491
f 5172 4710 2898
f 5173 1753 1752
f 5492 5493 5121
f 5493 1752 5121
f 2871 1796 3498
f 5120 2869 1753
f 2869 5120 2870
f 2900 1457 2912
f 2912 4707 3517
f 2906 2905 4071
f 2906 4071 4161
f 2905 4168 4071
f 2905 2842 4167
f 3741 4070 3742
f 4161 4070 3741
f 2903 5174 3465
f 5174 3466 3465
f 4708 4150 4077
f 2721 4150 4708
f 2293 3511 5170
f 3509 2293 5170
f 3533 4171 2907
f 4171 3533 2836
f 2835 3458 2914
f 3458 2835 2322
f 3457 3456 2301
f 3456 3515 2301
f 3515 4673 4169
f 1124 4644 4643
f 4644 1124 1126
f 1124 4643 2319
f 5494 2320 3532
f 3532 3533 4173
f 5495 2319 4178
f 3031 5495 4178
f 3672 3029 4715
f 3029 3031 4715
f 5287 4181 4835
f 4181 5287 3680
f 5286 4180 5287
f 5179 3670 4175
f 5294 5177 5178
f 4174 4176 4342
f 4341 4174 4342
f 5179 4175 4341
f 5496 5179 5497
f 4342 4176 4719
f 3649 5498 5499
f 1269 5181 3166
f 5181 2920 3166
f 3021 3544 4733
f 1270 4732 4188
f 4118 5182 4729
f 4183 1267 4186
f 4117 4731 4118
f 4731 4732 5182
f 3830 2025 2027
f 2025 3830 5183
f 5500 5260 3828
f 5500 3830 4807
f 4940 5501 3825
f 5182 4732 1270
f 4118 4731 5182
f 3544 2316 5150
f 3021 3542 3544
f 4200 5502 3543
f 3544 3543 5191
f 5151 5152 4721
f 4187 5151 4721
f 2316 5503 2317
f 5190 5503 2316
f 5504 5334 4464
f 4734 1081 1202
f 4735 5195 1203
f 1203 5195 3773
f 5333 5504 1080
f 1080 5504 4735
f 4734 1079 1081
f 3785 1079 4734
f 4296 4848 4736
f 5333 3371 4911
f 2754 3786 3646
f 2180 2179 5196
f 5505 5498 1500
f 4719 4176 5506
f 4818 1527 5266
f 5507 3548 4201
f 5508 5200 5509
f 5175 4715 3528
f 5510 4198 4200
f 3021 2390 3542
f 4318 2391 4739
f 4319 4318 4739
f 1527 1813 5267
f 5266 5267 5511
f 5512 4319 3019
f 4202 3019 4117
f 4206 4743 2488
f 2488 4743 2489
f 5167 4699 4696
f 1231 1336 1232
f 4206 5164 4906
f 4694 4693 5513
f 4743 3092 3760
f 4693 4703 5514
f 1369 1549 2464
f 959 1369 2464
f 3109 1369 1368
f 2465 3109 1368
f 2329 3551 2467
f 3551 2468 2467
f 1284 1286 5207
f 5207 1286 1548
f 2371 2366 4211
f 2941 2371 2334
f 3567 3157 5208
f 3567 3155 3157
f 1851 3569 2942
f 1851 2973 3569
f 2942 3571 2943
f 3569 3571 2942
f 1823 1475 3049
f 1475 1823 1473
f 1596 1595 2538
f 1480 1596 2538
f 2157 3049 1188
f 1393 2157 1188
f 1594 2944 1595
f 2944 2947 1595
f 5515 5516 4749
f 5296 2000 5517
f 5518 5519 4810
f 2922 5520 2923
f 4312 4320 1872
f 5521 4320 4312
f 5520 5522 5521
f 3677 4941 4918
f 3535 4353 3676
f 5523 3677 4917
f 5524 5525 5526
f 5527 5528 5311
f 1998 5529 1999
f 2540 3071 4445
f 3792 5269 5530
f 5526 5525 5531
f 5532 5278 4224
f 4443 5533 982
f 1693 2962 2350
f 2350 4226 2354
f 4016 2188 2736
f 2737 1726 1725
f 4757 2357 4618
f 4757 4618 1495
f 4989 5534 5373
f 5377 5378 5535
f 4758 2353 3892
f 2353 3587 3892
f 4760 2353 5016
f 5016 2353 4758
f 4760 1344 2351
f 1344 2352 2351
f 5536 2964 2963
f 518 5398 517
f 5398 518 4536
f 5234 3589 1344
f 1691 3589 5234
f 3605 5537 5538
f 3604 5243 5537
f 3605 3604 5537
f 4246 1497 2975
f 5539 5540 4786
f 5541 3603 5457
f 5542 4521 4520
f 4778 4259 4476
f 4770 4769 2359
f 3880 2957 4251
f 5012 5543 5383
f 5002 5380 5542
f 3840 2977 3841
f 5534 5544 5545
f 3585 3602 3586
f 5006 3600 3585
f 3604 3609 5243
f 4250 3628 5546
f 5546 3628 3627
f 3609 4250 5546
f 4259 5547 4784
f 5539 4786 5541
f 5548 5549 4281
f 5257 1097 5550
f 2367 5551 2368
f 3609 5546 5243
f 5457 3605 5379
f 4786 4248 3608
f 1099 2960 4290
f 2960 5247 5258
f 5258 3619 4791
f 4767 5250 2959
f 4780 5552 1174
f 4782 4780 4781
f 5553 4947 4776
f 4767 5248 5250
f 5001 5007 5554
f 4778 5555 4260
f 5556 5248 4767
f 4766 2958 3009
f 5242 3009 1097
f 5547 5256 4784
f 5004 4945 4788
f 4945 1194 1193
f 1194 4487 5557
f 4487 4486 5557
f 4268 3642 3621
f 4789 4258 4268
f 3613 5253 4796
f 3613 4796 4273
f 4790 1863 4258
f 4790 3611 1863
f 4870 5305 5558
f 5305 4870 5303
f 3618 4269 3055
f 2985 2984 4287
f 4287 5559 4288
f 4272 1855 2989
f 4272 2979 1855
f 4247 1862 5253
f 1862 2581 5253
f 1857 3626 2192
f 3626 2193 2192
f 1251 4208 4744
f 5255 3559 5560
f 5255 5560 5561
f 4293 3558 3559
f 4292 5246 4293
f 5246 3012 3558
f 4280 1733 5562
f 5562 1733 4865
f 2334 2371 4211
f 1424 2334 3565
f 3597 3638 4013
f 3597 3596 3638
f 4869 4802 3052
f 4869 3052 3053
f 4799 3634 1029
f 4277 4799 1029
f 4292 2368 3643
f 4279 1734 1733
f 4370 4867 5302
f 4866 4800 4370
f 2138 1254 3620
f 2138 1255 1254
f 1503 3647 2533
f 1503 2758 3647
f 4295 2753 2183
f 2182 4295 2183
f 4298 4297 5563
f 4301 5564 4469
f 2179 4804 4847
f 4847 4804 4190
f 3826 5500 3827
f 3827 5500 4807
f 5500 3828 3830
f 5501 5565 5500
f 4940 4939 5501
f 5565 5260 5500
f 5201 5266 5511
f 4313 4817 4185
f 5566 4184 4814
f 5566 4814 4813
f 3784 3783 4317
f 5264 4815 4726
f 2400 5343 2401
f 975 5344 5346
f 4337 4336 5226
f 4336 4219 5226
f 4824 3791 3793
f 5567 3792 5568
f 5279 5268 5270
f 975 5279 5280
f 3662 3575 3663
f 2440 2442 5569
f 5570 2401 5571
f 3664 3662 3661
f 2442 3657 1995
f 2442 1995 3576
f 5272 5572 5573
f 4224 4223 5574
f 5275 5575 3577
f 3577 3576 5275
f 5276 1883 3660
f 5276 3660 2440
f 2950 5576 1103
f 4330 4823 1104
f 4823 5281 1881
f 5342 4330 5576
f 1887 4332 1888
f 1888 4332 4328
f 3146 3796 3037
f 4825 4826 4827
f 4826 4223 4827
f 5278 4222 4224
f 5577 5578 5268
f 4331 5579 4889
f 4828 4331 3666
f 1273 1272 1885
f 1884 1273 1885
f 4831 3712 4832
f 4394 4388 2438
f 4406 4830 4829
f 3039 4406 4829
f 2403 3039 3041
f 2439 3039 2403
f 2313 2312 4338
f 4830 1532 2916
f 4830 4338 1532
f 4408 4338 4830
f 4387 4831 3079
f 4833 2431 3712
f 4407 2313 4338
f 4407 4338 4408
f 3712 3729 4832
f 3712 3066 3729
f 4894 5317 5580
f 5317 4894 2917
f 4898 5580 4892
f 3680 3679 4717
f 4835 4181 3670
f 3728 4713 2218
f 3727 1528 4713
f 5287 4180 3680
f 5286 2216 4180
f 4344 4836 4834
f 5285 5286 5284
f 2917 4344 5317
f 4344 2917 5285
f 2917 1531 5285
f 3727 3668 1528
f 3728 3727 4713
f 2932 2412 5293
f 3033 4363 4365
f 1873 5581 4808
f 4839 3036 3035
f 4839 3035 4812
f 4812 3035 4346
f 3705 5219 3706
f 5582 4311 4310
f 4843 4886 4844
f 3673 5314 3674
f 3032 5220 3033
f 5220 5293 3033
f 5583 5214 5213
f 5584 4812 4840
f 1501 3549 3548
f 4737 1499 1501
f 3719 2928 3720
f 3719 2926 2928
f 4353 2921 3676
f 5585 2922 2921
f 5586 3685 5222
f 5587 5221 4351
f 3788 5588 3684
f 3788 5296 5588
f 4446 3801 4927
f 4446 4927 2540
f 1138 1137 4354
f 5589 975 2410
f 5589 2410 2409
f 5299 2340 4860
f 4367 4859 5299
f 4437 975 4438
f 4438 975 4922
f 3047 2409 3150
f 3047 3150 4366
f 3790 3145 3690
f 3690 3145 2001
f 2001 2003 4434
f 2003 4435 4434
f 4369 4371 4276
f 4276 4371 4277
f 5302 4867 3632
f 5302 3632 4277
f 5590 4793 3621
f 3642 4793 5590
f 4374 2384 4877
f 3055 1828 2383
f 3004 5558 3005
f 4877 4373 4873
f 4872 4876 1029
f 5306 1859 1029
f 4377 4378 5306
f 1840 3695 4879
f 4879 3695 4377
f 4881 3694 4380
f 4380 3694 1839
f 1860 4275 1029
f 1860 2389 4275
f 4378 3051 1859
f 1859 3051 1860
f 2420 2419 2995
f 2419 2994 2995
f 5308 3702 2453
f 5308 2453 3654
f 3696 3697 3694
f 2427 3058 3697
f 1831 1833 1134
f 4880 1831 1134
f 3057 1894 3064
f 3057 3064 3058
f 3700 3698 4383
f 4383 3698 2424
f 5109 1895 2201
f 5109 2201 2765
f 2769 4386 4797
f 3060 4386 2769
f 3025 3715 1404
f 1404 3715 1405
f 4393 4884 4886
f 4393 4392 4884
f 3072 4885 4391
f 4885 4392 4391
f 5591 5592 5314
f 5219 2932 5220
f 5593 3673 5525
f 5594 5595 5596
f 3072 4391 3073
f 3073 4391 3721
f 5597 5593 5598
f 5599 2439 4395
f 4844 5599 4395
f 3655 2399 3656
f 3655 2397 2399
f 4888 3714 3025
f 3026 4888 3025
f 4331 4889 2397
f 5579 3716 4889
f 974 1253 3717
f 1253 2444 3717
f 5178 5176 4400
f 5176 2926 4400
f 4896 4898 4397
f 4398 4898 4892
f 4399 4893 4390
f 5580 5317 4892
f 2413 5178 4177
f 4311 4390 5600
f 2867 4413 4901
f 2868 4901 1926
f 2867 1542 4414
f 1542 1544 4414
f 5422 3912 4067
f 5321 4415 2242
f 3425 4654 4415
f 4415 4654 3236
f 3410 3425 4415
f 5321 3410 4415
f 2126 2128 5057
f 2472 2126 5057
f 1234 5321 3431
f 5321 1234 3410
f 5322 3918 3917
f 5322 1456 3918
f 4561 3907 3906
f 4561 4417 3907
f 2809 1768 3234
f 3737 2809 3234
f 3907 5324 5323
f 5324 3234 5325
f 3902 3901 3904
f 4562 4561 5601
f 791 792 1160
f 2485 2487 958
f 960 2485 958
f 3732 4905 1280
f 3732 3757 4905
f 3386 3388 3093
f 4409 5110 3554
f 5110 4409 5602
f 5603 5604 5400
f 3492 4028 5332
f 5165 4135 3492
f 3551 3555 2468
f 1816 3555 3551
f 2212 4636 3331
f 4002 2212 3331
f 2039 3775 2517
f 2039 1220 3775
f 3178 3125 1986
f 2516 3178 1986
f 4427 2786 5295
f 4428 3135 5605
f 4304 4428 5605
f 4470 1334 5192
f 4913 4469 4470
f 4469 4913 4912
f 5606 3536 5337
f 5606 5337 4300
f 5336 5335 5607
f 4301 4300 5564
f 4194 3536 5608
f 5338 4916 3537
f 3539 3538 4307
f 5520 5521 4312
f 5609 1874 5341
f 4312 1874 5609
f 4431 5609 5341
f 975 1888 5610
f 1888 4328 5610
f 5342 5576 2950
f 975 5342 2950
f 5277 3027 5344
f 975 5277 5344
f 5344 5611 5345
f 5343 3658 3664
f 3798 3800 3799
f 3798 975 3800
f 4362 4359 4858
f 3787 4362 4858
f 5612 975 4361
f 5612 4361 2394
f 5298 4447 3777
f 1869 5298 3777
f 1868 3803 4909
f 3803 2547 4909
f 1592 1591 5297
f 3479 1778 4685
f 2266 5155 3805
f 3808 3810 2013
f 2013 3810 2014
f 3810 4465 3835
f 4465 3810 3809
f 3825 5501 3826
f 3834 5349 5350
f 5349 3834 2014
f 5349 4943 5350
f 4943 5349 5348
f 4454 2559 4458
f 4458 4459 5613
f 1230 4461 1231
f 5483 1338 1747
f 3734 4695 5614
f 4704 4703 4693
f 5159 4137 4139
f 5485 4138 5486
f 5158 4137 5159
f 4935 2271 940
f 2273 936 938
f 2273 938 2274
f 4938 3816 4701
f 2274 4938 4701
f 3494 4936 1230
f 5615 2270 5351
f 4305 4467 4306
f 3015 3819 4466
f 3819 3015 3014
f 3819 3821 4465
f 5193 4467 5616
f 4306 5263 5185
f 5355 5265 4806
f 5356 3539 5265
f 4816 4307 4309
f 4468 5262 5263
f 5607 5335 5338
f 5617 4919 5336
f 5616 4467 4305
f 5192 1334 5193
f 1077 4474 3176
f 4474 4473 3176
f 4263 2991 2993
f 4486 4478 4479
f 4787 5555 4778
f 5618 4947 5553
f 3844 3002 4514
f 5251 3877 3878
f 4265 3839 3610
f 3610 3183 2374
f 5619 4262 4947
f 4947 4262 2380
f 4485 2198 1070
f 3214 4485 1070
f 553 554 4022
f 4625 553 4022
f 553 4625 552
f 4478 4949 4263
f 4515 3877 5251
f 4481 4483 988
f 988 4483 3214
f 4480 988 987
f 3877 4480 987
f 2590 2594 2601
f 2590 2601 1730
f 4952 318 319
f 1731 4952 5361
f 1732 323 324
f 544 545 2767
f 1732 322 323
f 322 1732 1731
f 2051 547 548
f 547 2051 2050
f 545 546 2767
f 3859 4502 4962
f 4502 4504 4954
f 3874 4488 3210
f 3190 4499 3191
f 4500 4499 3197
f 4499 4500 4956
f 3223 4500 3874
f 2060 2062 4494
f 2062 3856 4494
f 1053 4496 1346
f 1053 4495 4496
f 3853 1051 1149
f 2596 1149 1148
f 4603 3852 3971
f 3851 3853 4968
f 3293 2596 2091
f 2658 2596 3293
f 4969 3206 4970
f 5366 3866 3340
f 1155 4965 4498
f 4971 1155 4498
f 1155 4966 4965
f 298 1154 297
f 1154 298 4966
f 4964 4490 3198
f 3856 4490 4964
f 4978 4976 5620
f 4978 5620 3197
f 4966 5362 3848
f 4966 2598 5362
f 3860 4975 4977
f 3860 4977 3861
f 2597 4974 3202
f 3202 4974 4975
f 2600 2599 4975
f 4977 4501 4976
f 4975 4501 4977
f 305 306 4974
f 4960 5103 4503
f 3340 2828 2829
f 3206 3864 3866
f 4513 4084 4592
f 704 5621 703
f 585 5622 586
f 5622 585 5623
f 5370 4979 5624
f 5370 1022 4979
f 302 303 2598
f 4981 4971 4972
f 4981 4972 2047
f 1022 5368 4979
f 591 5368 1021
f 5368 591 590
f 3865 1020 1022
f 3865 1022 2828
f 4510 573 575
f 4508 4512 4511
f 2633 2834 4506
f 2834 4669 4506
f 575 4512 4510
f 4512 575 574
f 2632 4983 4985
f 4985 4508 4084
f 4984 576 578
f 4502 4954 4953
f 4954 313 314
f 313 4954 4504
f 4958 2607 3215
f 4958 3215 2588
f 3876 5625 5252
f 2589 2588 4944
f 3002 5360 4514
f 4957 2591 5360
f 3002 4957 5360
f 3002 3001 4957
f 3881 3590 2980
f 2345 4774 4775
f 4990 4989 5373
f 4528 5002 5626
f 2343 3585 2344
f 5627 3841 5377
f 5375 2345 4771
f 4771 2345 4772
f 5379 5538 2956
f 5378 2955 3880
f 2980 3218 3589
f 2980 2982 3218
f 2352 4996 3578
f 2352 4234 4996
f 1195 5628 5629
f 5000 5007 5001
f 5384 5630 3600
f 5002 5001 5380
f 5382 5000 5002
f 5003 5631 5004
f 2604 4530 5632
f 2605 5633 4527
f 5625 4986 4253
f 5625 4253 5252
f 4532 5634 5635
f 5386 5397 5018
f 3219 3846 2056
f 2056 3846 4959
f 2056 4959 2587
f 4959 2588 2587
f 4544 4600 4545
f 3889 5008 5010
f 5390 5024 5388
f 4545 5388 4607
f 4519 4771 1706
f 1705 4519 1706
f 1041 5636 4517
f 5626 5002 5542
f 5015 4518 1705
f 5391 354 4517
f 354 5391 355
f 4517 353 5637
f 353 4517 354
f 4528 5626 5543
f 5638 5393 5639
f 524 4231 4233
f 4231 524 525
f 3583 5640 1690
f 2661 2096 5386
f 1648 1650 5428
f 5022 5076 5641
f 2653 1653 1652
f 5019 5642 5643
f 5644 3884 5396
f 2372 5392 2373
f 5642 5645 4530
f 5646 2654 5642
f 2054 4534 3847
f 4534 2054 4535
f 1621 1068 1622
f 1068 3845 1622
f 5233 1345 4760
f 5233 1343 1345
f 5399 5640 4232
f 5640 5399 4988
f 5395 5640 3583
f 3229 615 614
f 615 3229 4543
f 615 4543 616
f 4629 2700 5647
f 2780 2618 5648
f 5401 2123 5402
f 5649 3392 2779
f 4907 5650 4033
f 5400 5650 4907
f 5044 2618 5651
f 5651 2618 5032
f 5652 2618 5653
f 5654 4549 5655
f 3232 5656 3233
f 5601 4561 3906
f 3901 3906 5657
f 5415 5658 5659
f 5660 5415 5037
f 3394 5661 3395
f 5115 5117 5463
f 4574 5059 3245
f 3244 3246 2618
f 5662 5409 3920
f 5041 5409 5662
f 3744 3746 2618
f 4556 5663 4557
f 5663 4556 5407
f 5419 2235 5664
f 2235 4564 5664
f 5662 3920 2618
f 5040 4566 4573
f 2621 5409 5041
f 2619 2621 4570
f 5418 2130 2129
f 3901 5657 3904
f 3902 3904 2618
f 5411 3900 5412
f 5663 5407 3745
f 5416 3911 4571
f 5047 3745 3744
f 2868 1926 4641
f 4641 1926 5417
f 5665 5328 3749
f 3748 5665 3749
f 4037 5119 3748
f 5119 4640 3748
f 1928 5601 5666
f 5667 3900 3902
f 5413 5668 5414
f 3096 5660 5115
f 4640 4641 5417
f 5417 1926 1928
f 3908 3907 5323
f 5669 5418 3905
f 2233 2235 2131
f 2130 2233 2131
f 5055 2234 2233
f 5055 3917 2234
f 4564 4555 5664
f 5663 3745 5047
f 4565 5319 4555
f 5319 4556 4555
f 5056 5320 4565
f 5056 5057 5320
f 3910 4902 3912
f 4416 4902 3910
f 5407 3909 5408
f 5057 5670 5320
f 1787 1789 1349
f 3238 1787 1349
f 3239 3406 3915
f 3239 3423 3406
f 2282 5423 5137
f 2282 1224 5423
f 4572 4067 2620
f 1351 1350 3914
f 3910 3912 5422
f 3912 3913 4067
f 5409 5040 4573
f 5410 5040 5409
f 5059 3240 3245
f 3245 3240 3242
f 5671 3414 3256
f 3927 5671 3256
f 5425 1163 5426
f 5426 1163 1162
f 688 1647 707
f 687 1647 688
f 1647 687 3928
f 690 3277 692
f 3253 3273 3938
f 4577 3275 5427
f 2627 2115 2686
f 2113 3939 2114
f 3925 3274 3937
f 3274 1162 3275
f 3937 3274 3273
f 3925 3257 3274
f 3275 4580 5427
f 3275 1162 4580
f 2073 3952 1151
f 2072 3952 2073
f 4587 4583 4582
f 4587 3945 4583
f 3254 5068 2072
f 4579 5068 3254
f 3250 4577 4579
f 2625 4577 3250
f 5071 1642 2629
f 2629 1642 2117
f 3997 4590 3998
f 4614 4590 3997
f 2076 2827 1359
f 2826 4507 2630
f 3271 5366 5367
f 4970 3866 5366
f 1374 2646 2617
f 3941 2087 2635
f 2087 3941 2617
f 658 657 3290
f 659 658 3290
f 811 2666 5081
f 2666 811 812
f 2666 812 4601
f 3960 3961 2094
f 3960 2094 2663
f 3282 3284 3959
f 3958 3959 5088
f 4596 4605 5078
f 5088 2058 4596
f 5075 4597 5080
f 5074 3958 4595
f 5090 5080 5672
f 5080 1648 5428
f 1649 5078 1650
f 5428 5077 5076
f 5673 5091 3962
f 5673 5674 5091
f 5674 5090 5091
f 1849 5433 5675
f 3285 1626 3286
f 3286 1626 3961
f 1651 3965 3967
f 1651 3967 1629
f 3966 5084 4602
f 805 5084 806
f 5084 805 4602
f 819 5676 818
f 5676 819 5083
f 5677 839 840
f 839 5677 5082
f 5095 4604 5435
f 3970 4981 4980
f 4980 4981 2047
f 3956 5678 3292
f 5678 663 662
f 663 5678 3956
f 2659 2091 5089
f 2091 2092 5089
f 5022 5641 5023
f 4598 2664 4599
f 5096 5449 4997
f 3226 1850 3227
f 2669 2667 3294
f 5679 5674 5673
f 5673 3962 5026
f 2672 5680 5681
f 815 4601 814
f 4601 815 5682
f 4542 3894 3896
f 4609 3894 4542
f 5435 3957 3282
f 5435 3282 3958
f 5440 339 5683
f 339 5440 340
f 5441 3228 5445
f 5434 339 338
f 339 5434 5683
f 5684 3228 5441
f 5439 4999 4539
f 5030 5439 4539
f 4544 3964 5021
f 3964 4544 4546
f 4608 4607 5448
f 5448 5447 5446
f 5096 4608 5449
f 4997 5442 5445
f 5442 4997 5439
f 5446 4537 5685
f 5685 5028 5029
f 4998 5446 5685
f 5029 4994 5017
f 350 4995 351
f 4994 347 5017
f 347 4994 348
f 5444 342 341
f 342 5444 5030
f 3981 5048 3300
f 4560 5048 3981
f 5049 1634 3301
f 3301 1634 5050
f 5051 4612 3268
f 5051 3268 2679
f 3983 3985 3988
f 3985 3265 3988
f 2105 1372 3325
f 2105 3325 1032
f 3946 1634 3311
f 3947 3311 3313
f 3327 3313 2689
f 2689 3313 2690
f 3947 3313 3327
f 1371 3327 1372
f 3327 1371 3947
f 3312 1634 3329
f 3312 3329 3313
f 5451 1634 4614
f 5451 4614 3999
f 4612 1634 5450
f 5452 1634 3303
f 3497 1439 1438
f 3497 3334 1439
f 1386 5686 5687
f 5453 1678 1240
f 1386 1680 5686
f 1680 1682 5104
f 1687 293 1383
f 293 1687 561
f 1383 293 292
f 561 1687 560
f 4046 4617 4009
f 4046 932 4617
f 3379 1386 5687
f 3379 5687 2145
f 3378 3350 3351
f 2716 5105 2148
f 3351 2149 1513
f 2145 3377 5105
f 2150 43 44
f 43 2150 1387
f 108 3401 109
f 3401 108 2456
f 3349 2789 1091
f 5454 3580 4230
f 2175 3580 5454
f 5454 2966 2953
f 4230 2966 5454
f 5209 3599 2972
f 4621 2972 4622
f 4239 4245 4237
f 2974 4238 4237
f 2974 1498 4238
f 4762 4761 5458
f 4241 4242 3566
f 4243 4240 3567
f 1724 1320 4021
f 4021 1320 951
f 3373 4020 5107
f 5107 4020 1715
f 4025 1219 2761
f 2761 1219 2998
f 2704 5108 3381
f 5108 1056 3381
f 5102 4637 1922
f 4636 4637 5102
f 5405 5404 5652
f 5688 5461 5460
f 5461 5688 4554
f 3091 2478 5330
f 2478 3395 5330
f 4551 3094 3096
f 5463 5113 4639
f 1453 3749 4551
f 2778 2777 1453
f 1110 3490 2776
f 3490 2777 2776
f 4635 1667 2211
f 4635 4630 1667
f 4637 2640 3231
f 1668 5654 3232
f 3500 3525 3501
f 3500 3526 3525
f 2909 5464 4040
f 1167 2909 2788
f 2785 2214 5124
f 2214 5466 5124
f 5466 2214 1106
f 3526 5464 4716
f 4042 5124 5468
f 1891 5465 4646
f 1891 1684 5465
f 5465 3400 3726
f 1684 3400 5465
f 2870 1794 2871
f 3523 4705 5467
f 4705 1810 2277
f 4705 2277 2887
f 2871 3498 1917
f 4043 4042 4647
f 5470 5473 1225
f 1799 5689 5470
f 4053 4649 4651
f 1225 4053 1226
f 4065 3503 4658
f 5473 4658 4052
f 2831 2250 5471
f 2250 2831 2251
f 4650 2831 5471
f 3413 5135 4576
f 4576 5690 5064
f 2078 3419 2079
f 1035 4651 2069
f 1035 2069 3248
f 2802 2068 3926
f 4143 1357 4144
f 4144 1357 2248
f 4064 3503 4065
f 3439 3415 4064
f 3420 3421 1797
f 2879 3438 3437
f 3448 2633 5691
f 5691 2633 3203
f 5133 3935 2075
f 5061 5064 1163
f 5127 1146 1145
f 1640 5127 1145
f 4147 4061 4659
f 4061 4147 4062
f 4056 4568 4057
f 4568 4653 2614
f 5138 1036 2615
f 4653 1036 5138
f 2879 3437 3421
f 3421 5125 1798
f 4162 1437 4663
f 4663 3427 4162
f 2819 4074 4162
f 2813 2819 4162
f 2799 2801 4657
f 4657 4073 2799
f 5692 3447 5474
f 5692 5474 2833
f 2314 5147 3472
f 3472 5147 4087
f 4738 2308 2307
f 5693 5694 5695
f 5510 4200 2391
f 1237 4093 2304
f 1239 4093 1237
f 4093 1239 4092
f 3452 2880 2882
f 3452 2882 2837
f 4900 2260 2817
f 2261 2260 4900
f 2260 2295 2297
f 3098 2295 2259
f 2297 3743 2814
f 2297 3741 3743
f 2866 4126 4102
f 2864 2866 4102
f 5477 1743 3101
f 2864 5477 3101
f 2885 2259 5142
f 5142 2259 4412
f 5478 4165 3464
f 5143 4165 5480
f 5490 5491 4666
f 5696 4676 5144
f 2283 3519 1785
f 2283 4113 3519
f 2247 2246 4665
f 4166 2298 2300
f 4158 4160 4667
f 4159 4166 4160
f 4154 2247 1801
f 2844 4154 1801
f 3434 5697 3518
f 2905 4167 4168
f 4677 2245 4111
f 2841 4109 2842
f 4098 5145 4676
f 3434 5696 5697
f 5145 4666 5146
f 5146 4666 4668
f 2860 4086 4679
f 2861 2860 5156
f 5143 4164 4165
f 5143 1786 4164
f 2929 2931 5503
f 5190 2929 5503
f 5148 4682 2017
f 5148 4119 4682
f 4686 4124 2557
f 5153 3814 5698
f 3813 4674 4123
f 3814 3813 4123
f 5698 3814 4124
f 3814 4123 4124
f 4937 2272 2558
f 4456 2274 4457
f 2238 2846 5353
f 5353 2846 2862
f 5699 4457 4460
f 5700 5354 5701
f 1140 4686 1141
f 1141 4686 4454
f 4687 1749 4462
f 4462 1749 1751
f 4127 5160 3100
f 4127 2864 5160
f 3102 3101 4689
f 3102 4689 1749
f 3430 4100 4105
f 4100 2883 4105
f 2849 3817 2850
f 4691 4134 2850
f 5164 4694 4906
f 5514 4703 5205
f 5614 4695 3493
f 2775 5166 2561
f 940 2271 5158
f 5615 5351 5158
f 4700 5159 5489
f 5489 4697 5488
f 4697 5489 5702
f 3517 4707 4141
f 1803 5169 1539
f 4141 4707 4142
f 4707 1918 4142
f 2911 5169 4170
f 2911 3455 5169
f 3507 4708 4155
f 3506 3507 4155
f 5170 3511 3444
f 3511 3442 3444
f 1806 4156 5171
f 4158 5171 4159
f 5490 4666 5145
f 4098 5490 5145
f 5703 1752 2310
f 5703 2310 2321
f 3028 5704 1126
f 5704 5492 5121
f 1457 2869 1458
f 1753 4050 1754
f 4050 1753 2869
f 5704 5121 1126
f 4716 4648 3527
f 3466 2904 2906
f 3466 3518 2904
f 4168 2818 4072
f 4168 4110 2818
f 4108 2903 4129
f 2903 3465 4129
f 5494 3532 4173
f 5199 4718 5200
f 3530 5494 4718
f 5705 5695 5706
f 3031 1124 5495
f 5495 1124 2319
f 4181 4717 3030
f 4717 4181 3680
f 5497 5179 4341
f 5497 4341 2926
f 4892 4343 5707
f 5316 4892 5707
f 4740 3720 3017
f 1499 3018 1500
f 5180 4719 5708
f 1501 1500 3549
f 4730 3021 4731
f 4731 3021 4733
f 4729 5182 1267
f 4183 4729 1267
f 3835 5184 5348
f 3821 4940 3825
f 5709 5706 2929
f 5189 2929 5190
f 2390 2392 3543
f 2390 3543 3542
f 4188 5151 4187
f 5151 4188 2315
f 5148 4683 5149
f 2317 4683 5481
f 4683 2317 5503
f 5195 3013 3773
f 5195 4464 3013
f 4735 5504 5194
f 5504 4464 5194
f 4296 5333 1079
f 1079 5333 1080
f 2753 2533 2180
f 2533 2178 2180
f 5511 5710 4318
f 1813 5197 5267
f 4201 3550 4198
f 3550 3549 5475
f 5197 5711 5710
f 4741 5711 2391
f 5511 5267 5710
f 5267 5197 5710
f 4346 4837 1527
f 4837 1813 1527
f 4316 5712 5261
f 4202 5512 3019
f 3389 5713 4206
f 4205 5164 5163
f 2484 1284 5207
f 2467 1284 2484
f 5714 5586 5222
f 5715 4749 4849
f 4924 3141 4920
f 4749 4751 5716
f 5288 5215 5717
f 5216 5718 5217
f 5719 5718 5216
f 5719 5720 5718
f 5310 5312 5214
f 5721 5528 5210
f 5722 4838 5723
f 4320 1873 1872
f 4430 4312 5609
f 4430 5609 4431
f 4300 5724 5725
f 5726 5727 1333
f 5295 5587 4351
f 5221 4352 4351
f 5728 5729 5516
f 4852 5730 5213
f 4920 5731 5732
f 5516 5729 5733
f 5568 3792 5530
f 5734 5735 5736
f 4827 5278 3795
f 3143 5737 5738
f 5739 4920 5289
f 2542 981 3573
f 4441 4443 4923
f 4440 4334 4442
f 4921 3141 3143
f 3037 3141 4924
f 1201 1200 3581
f 4226 3581 1846
f 1410 2735 4756
f 2735 2737 4756
f 2736 2188 1726
f 2736 1726 2737
f 5239 2358 3217
f 2981 5239 3217
f 4228 2964 5536
f 3891 2963 1843
f 5398 5232 4228
f 4536 5232 5398
f 5233 4760 4524
f 4228 4525 2964
f 2977 5456 2978
f 2977 5740 5456
f 5240 5740 2977
f 5456 5541 5457
f 4764 4244 4769
f 5379 3605 5538
f 4251 4770 2359
f 4251 2957 4770
f 5376 5006 2343
f 5630 5542 4520
f 5380 5381 5542
f 5630 4520 3600
f 5537 5243 3606
f 5243 3607 3606
f 3595 5546 3627
f 5243 5546 5244
f 4290 5258 4791
f 4289 1734 4279
f 5550 1099 4289
f 4259 5242 5547
f 4248 4250 3608
f 3608 4250 3609
f 4250 2369 3628
f 4249 2369 4250
f 5236 5245 5741
f 5540 5741 5742
f 5457 3603 3605
f 5541 4786 3603
f 2959 5247 2960
f 5247 4783 5258
f 5258 4779 3619
f 4289 4279 4278
f 4777 2381 5552
f 2382 2381 4777
f 5743 4782 5247
f 2959 5743 5247
f 5744 5556 5745
f 1097 2958 1098
f 5746 5618 5747
f 5747 5618 5553
f 2043 4475 4477
f 4521 2043 5748
f 4253 4987 4254
f 4252 4254 1194
f 2042 5554 5749
f 4788 4945 1193
f 5557 4486 5750
f 5557 5750 5619
f 5554 4788 5751
f 1195 1194 5628
f 4794 4793 4801
f 3621 3642 5590
f 5303 3054 5304
f 5305 5303 5304
f 5254 3641 5559
f 4287 5254 5559
f 4793 4287 4801
f 4795 4794 4802
f 1494 4272 2581
f 4272 1494 2987
f 2990 1857 3184
f 2989 2990 3184
f 1251 4744 5752
f 5752 4744 2335
f 5255 5561 3644
f 5561 4210 3639
f 3595 5255 3644
f 3627 5255 3595
f 3559 1251 5752
f 5560 4210 5561
f 4292 3012 5246
f 3643 3012 4292
f 3010 4746 3011
f 3011 4746 3636
f 3010 4798 4745
f 4798 4280 4745
f 4746 5562 3636
f 4746 4280 5562
f 2334 4211 3565
f 3565 4211 1425
f 1498 4274 4238
f 1498 3638 4274
f 4802 3023 3052
f 3052 3023 3004
f 4866 4370 4369
f 5562 4865 3007
f 4865 4866 4369
f 1734 4800 1735
f 4192 5563 5753
f 4298 5563 4192
f 4736 3371 5333
f 3369 4192 3370
f 3653 3652 4182
f 4725 3653 4182
f 3827 4722 3164
f 4722 3827 4807
f 5185 5186 4939
f 4939 5186 5501
f 4185 4817 3782
f 3782 4817 5201
f 4727 4319 5512
f 4815 3782 3784
f 5356 3537 3539
f 4915 4184 5566
f 4316 5264 5712
f 5712 4202 5261
f 5269 4335 4337
f 5268 4335 5269
f 3793 3792 5567
f 5530 5273 5274
f 5754 5268 5279
f 975 5754 5279
f 3663 5271 3708
f 5578 4220 5268
f 2401 4218 5571
f 3658 3659 3662
f 2442 3576 3659
f 5755 5756 5757
f 5758 5595 5594
f 2951 1105 5276
f 2951 5276 2440
f 1104 1881 1883
f 1104 1883 1105
f 1886 4828 5281
f 5281 4828 1881
f 1216 1886 4329
f 4329 1886 4823
f 3794 3796 3146
f 975 3794 3146
f 5570 5578 5577
f 5578 5570 5571
f 975 5570 5577
f 1885 1902 5282
f 1902 972 5282
f 2438 5283 3039
f 2438 3039 2439
f 3667 4394 4392
f 3667 1331 4394
f 1405 4405 1330
f 5309 4833 4405
f 4396 2916 4894
f 1528 2788 4713
f 4713 4714 3499
f 5284 4835 4836
f 4835 5284 5287
f 1533 5286 5285
f 1533 2216 5286
f 4841 4812 1526
f 4808 4841 1526
f 5582 4310 2932
f 3675 5759 5531
f 5760 5761 5595
f 3709 5272 5762
f 5220 2932 5293
f 3033 5293 4363
f 5293 4347 4363
f 4363 4347 4364
f 3681 4365 4838
f 5723 5584 4840
f 5211 3032 3034
f 3034 3681 4838
f 4348 3718 4740
f 4348 3719 3718
f 3036 5763 1811
f 5763 4846 4742
f 5224 5764 5765
f 5766 5225 5767
f 5767 5225 2922
f 5585 5767 2922
f 2786 5587 5295
f 5222 3687 4352
f 2410 2948 2411
f 2410 975 2948
f 3144 5589 2409
f 3144 975 5589
f 2949 2948 5299
f 2948 4367 5299
f 4859 975 4437
f 4859 4437 2341
f 2341 4438 4861
f 5300 4864 997
f 996 5300 997
f 4370 4285 4867
f 4867 4285 4282
f 1256 4794 4283
f 1256 1255 4794
f 5304 2383 4374
f 3054 2383 5304
f 4874 1838 4879
f 4374 4877 4876
f 3005 4871 1029
f 3003 3005 1029
f 3004 4870 5558
f 5307 5306 1029
f 4874 4879 4875
f 2428 3696 3694
f 2428 2427 3696
f 5592 4399 5768
f 5314 5592 5768
f 5311 5721 5312
f 5769 5531 3705
f 5595 5591 5313
f 5595 5318 5591
f 5596 5595 5313
f 4755 5770 5771
f 4822 4821 5271
f 5762 5772 5773
f 5772 5762 5573
f 5313 5591 5314
f 5772 5594 5774
f 4886 5599 4844
f 4890 4895 5761
f 4895 4890 2405
f 5761 4895 5318
f 4886 2437 5599
f 2437 2439 5599
f 4889 3716 3714
f 4327 3716 5579
f 4893 5316 4390
f 4399 4398 4893
f 5600 4390 5178
f 4389 4399 4390
f 3918 5057 3919
f 3918 2472 5057
f 3919 5056 2234
f 3917 3919 2234
f 3907 3234 5324
f 4417 3234 3907
f 3234 3235 5325
f 5325 3235 3917
f 4905 4418 2496
f 4905 2496 1280
f 1442 4632 1443
f 4908 4033 4032
f 5112 4000 5459
f 3492 5332 5602
f 3387 5110 5603
f 5329 5400 4907
f 5332 5462 5602
f 5110 5604 5603
f 4427 5295 3534
f 2787 4427 4193
f 4297 4304 5775
f 4304 5605 5775
f 4910 4428 2534
f 4910 3136 4428
f 4193 4427 4194
f 4194 4427 3534
f 4913 5192 5334
f 5192 4913 4470
f 5776 4429 5335
f 3535 3677 5523
f 5338 5339 4914
f 5335 5339 5338
f 5777 5606 4300
f 5608 3536 5606
f 5341 1874 4313
f 5341 4313 4184
f 5610 4328 4436
f 975 5610 4436
f 4330 1104 5576
f 5576 1104 1103
f 2952 2951 5277
f 975 2952 5277
f 5344 3027 5611
f 3027 2440 5611
f 2400 5345 5343
f 5345 3658 5343
f 5346 5345 2400
f 975 5346 2400
f 4361 4853 4362
f 4361 975 4853
f 4922 5612 2394
f 4922 975 5612
f 1870 2012 1871
f 2012 1138 1871
f 5778 5779 5586
f 4354 5780 5347
f 5780 4354 2011
f 5297 4928 3689
f 1592 5297 3689
f 2268 5154 3477
f 5155 5154 2268
f 4930 4931 2919
f 4720 4122 5155
f 4931 4121 4122
f 2019 4685 4931
f 3835 3836 5184
f 5350 2576 3834
f 4929 4448 4449
f 4448 4454 4458
f 4450 4933 5781
f 4450 5781 3168
f 3495 3494 1230
f 5351 1230 3169
f 4461 2851 1336
f 2851 2850 1337
f 4139 4138 5485
f 1232 5483 5782
f 5157 5354 5700
f 5700 5701 2270
f 3494 4460 4936
f 5699 4460 3494
f 4189 4306 4432
f 4306 5185 4432
f 1203 3773 3837
f 3837 3773 3772
f 3808 4466 3809
f 3773 4466 3774
f 4468 4816 5262
f 4816 4309 5262
f 4805 5355 4806
f 5724 5617 5725
f 3538 4813 5264
f 4307 3538 4308
f 5725 5617 5726
f 5783 4919 5617
f 5193 4805 4467
f 4805 4468 4467
f 4473 2575 3179
f 2575 3175 3179
f 4478 3878 4949
f 3878 989 4949
f 4946 4266 2381
f 4776 2380 2382
f 5556 5747 5248
f 4788 1195 5751
f 5252 4253 4252
f 3876 2589 5625
f 4262 4264 4946
f 2381 4266 1175
f 3611 3610 1861
f 1175 3610 3611
f 5358 5357 4782
f 5784 5629 5744
f 4486 5251 4478
f 5359 5251 4486
f 2592 4951 2593
f 2593 4952 1731
f 5361 320 321
f 321 1731 5361
f 1731 321 322
f 4484 1732 3842
f 1730 1732 4484
f 4961 4503 4502
f 4962 4502 4953
f 4956 4500 3223
f 2053 4956 3223
f 3208 4956 2053
f 3858 5620 4976
f 5620 3858 5785
f 5785 3858 3857
f 4968 3853 1149
f 3971 3851 4968
f 3867 4969 3270
f 3270 4969 3271
f 295 297 1154
f 5364 571 572
f 5369 1154 1011
f 4498 4973 2060
f 4498 3848 4973
f 5362 2598 3199
f 5362 3199 3849
f 5621 702 703
f 702 5621 1153
f 5367 706 4505
f 706 5367 705
f 705 5367 5621
f 5786 697 699
f 697 5786 5365
f 5623 5624 5622
f 5624 5623 5787
f 1010 5365 1011
f 5787 5623 5364
f 5788 5787 5363
f 5363 5787 5364
f 1012 1011 4492
f 4492 1011 4971
f 4592 4511 3865
f 4513 4592 3865
f 4510 594 573
f 5789 4509 4508
f 4985 5789 4508
f 4506 4984 4983
f 594 4509 577
f 4509 594 4510
f 2827 3869 1359
f 2827 2630 3869
f 313 4503 312
f 4503 313 4504
f 5360 2591 4950
f 5360 4950 3877
f 5535 2347 2346
f 3881 2980 1691
f 2348 5239 2981
f 5239 2348 5238
f 5374 4989 4988
f 4992 5374 4988
f 4989 4773 5534
f 5544 5377 5535
f 5015 5376 4518
f 5790 5791 5376
f 5791 5006 5376
f 5384 5542 5630
f 5792 4775 5544
f 4772 4775 4773
f 3840 5240 2977
f 5240 5793 5740
f 5534 5545 5373
f 3841 2976 5377
f 4518 5376 5375
f 5376 2343 5375
f 5794 3880 2347
f 5535 5794 2347
f 5379 2956 2955
f 2976 2978 5378
f 5001 5554 2041
f 2041 5554 2042
f 4527 5795 4528
f 2604 5796 2605
f 4533 4532 5797
f 4533 5797 5024
f 5632 2057 5796
f 5638 5798 5393
f 2057 3875 4256
f 2057 5371 3875
f 4527 5382 5795
f 5633 5382 4527
f 2057 2056 5371
f 1654 2056 2055
f 5024 5797 5008
f 5431 4600 4544
f 3890 3889 5392
f 5799 5024 3889
f 5389 5388 2650
f 5388 5024 5799
f 4598 5023 5641
f 5023 4598 5431
f 5800 1705 5391
f 5636 2373 5800
f 5644 5396 2373
f 5392 5644 2373
f 5385 5384 3600
f 3884 5012 5790
f 5634 2604 5798
f 4532 5635 5801
f 4529 527 4991
f 527 4529 526
f 4233 5395 3582
f 2096 2093 5387
f 5387 2093 3885
f 2664 5386 5802
f 5802 5386 5020
f 5076 2662 5641
f 2664 5641 2662
f 5641 2664 4598
f 5018 5397 5019
f 5397 5646 5019
f 5646 5642 5019
f 5643 5642 5634
f 5392 5011 5644
f 5011 3884 5644
f 2654 2653 1652
f 2654 1652 1654
f 3583 1690 3584
f 3584 1690 1343
f 520 5027 4536
f 5027 520 521
f 4988 5372 5640
f 5372 4988 4990
f 5640 5372 1690
f 5654 5655 3232
f 5655 2618 5656
f 4550 4549 5654
f 1668 4550 5654
f 5650 2699 4033
f 5402 2699 5650
f 4627 4548 4628
f 4630 4627 1667
f 4033 2699 2701
f 5400 5402 5650
f 5402 2123 2699
f 2123 2125 2699
f 5404 2618 5652
f 5033 2618 5403
f 5803 5804 2124
f 5805 2618 3391
f 5669 3908 5418
f 3906 3908 5669
f 5054 4030 5806
f 5668 5054 5806
f 5659 2618 5038
f 5806 4030 4031
f 5658 2618 5659
f 5038 2618 5044
f 5804 5653 2124
f 5043 5044 5651
f 5113 5043 5807
f 3245 3242 3246
f 3246 3242 929
f 3922 5060 2618
f 3922 4574 5060
f 3746 5045 2618
f 3745 4558 3746
f 5047 3744 2618
f 5408 5416 3745
f 5419 5664 2618
f 2131 5419 2618
f 5409 4573 3920
f 4573 3921 3920
f 5041 5662 2618
f 4570 5041 2618
f 5326 2129 2618
f 3905 5418 5326
f 3904 5657 3905
f 5326 5418 2129
f 5412 5667 2618
f 4030 5412 2618
f 3745 5416 4558
f 5045 4559 4570
f 4901 4413 1926
f 1926 4413 1927
f 4551 5808 3094
f 3094 5808 3095
f 3099 1450 5119
f 1450 2868 5119
f 3748 4640 5665
f 5665 4640 5328
f 1928 4562 5601
f 1928 1927 4562
f 5053 3900 5411
f 5053 1928 5666
f 3096 3095 5660
f 5328 5668 5808
f 5664 5406 2618
f 4555 4557 5046
f 4066 3910 3909
f 4066 4903 3910
f 5421 3909 5407
f 5420 5407 4556
f 5407 5420 5421
f 3407 2282 5137
f 3407 5137 4653
f 3916 3408 5472
f 3916 5472 4567
f 5058 3914 5424
f 5058 5424 2620
f 5422 4067 4571
f 3911 5422 4571
f 2114 3255 3257
f 2114 3927 3255
f 3927 3926 5671
f 3926 3414 5671
f 1647 3950 1646
f 1646 3950 3276
f 2645 680 5069
f 680 2645 681
f 681 2645 682
f 2115 3925 3252
f 3251 2115 3252
f 3257 5426 3274
f 3274 5426 1162
f 5070 3243 4587
f 5070 2643 3243
f 5068 912 3952
f 2072 5068 3952
f 4590 1634 4591
f 4591 1634 3949
f 2076 2826 2827
f 2595 2826 2076
f 5367 5809 5621
f 5809 5367 3339
f 5367 3340 3339
f 2087 668 767
f 2617 668 2087
f 668 2617 667
f 3283 3974 3284
f 4596 2058 4605
f 5074 4595 5075
f 5075 4595 4597
f 5086 5095 5436
f 5082 5677 5810
f 5022 5428 5076
f 5080 5428 5672
f 1648 4596 1649
f 4597 4596 1648
f 1297 1849 1848
f 5811 5075 5080
f 5434 5432 5684
f 5812 333 332
f 333 5812 5092
f 5680 5813 5681
f 5813 5680 5814
f 5433 5811 5675
f 1849 5674 5679
f 5078 3220 3286
f 5078 1363 3220
f 3953 1657 5095
f 1657 843 844
f 843 1657 3953
f 5677 841 3953
f 841 5677 840
f 1297 3976 1849
f 1296 3975 1297
f 5082 5810 5093
f 5087 5437 5073
f 4603 4980 3852
f 4980 2047 3852
f 5678 3291 3292
f 5678 661 3291
f 661 5678 662
f 2673 5026 2674
f 1850 5679 5673
f 5815 617 4543
f 617 5815 618
f 1295 331 330
f 331 1295 5812
f 815 816 5682
f 5816 5681 5817
f 5818 5814 5680
f 5814 5818 5819
f 2667 5818 5680
f 5820 330 329
f 330 5820 1295
f 838 839 5082
f 5821 5822 5430
f 5823 837 5082
f 837 5823 836
f 5441 5445 5442
f 5440 5684 5441
f 5683 5684 5440
f 4999 4998 5438
f 4999 5438 4539
f 3890 5392 2651
f 2651 5392 2372
f 4997 5449 4998
f 5447 2649 4537
f 345 5017 346
f 5017 345 4540
f 5440 341 340
f 341 5440 5444
f 5439 5444 5442
f 5444 5439 5030
f 5098 3306 2104
f 3297 5098 2104
f 4615 1372 2105
f 3305 4615 2105
f 5100 3946 1370
f 3987 5100 1370
f 5450 1634 5452
f 5450 5452 3269
f 5103 3863 3862
f 3863 5103 4960
f 5104 5453 2219
f 2219 5453 1388
f 5687 5104 2712
f 5687 2712 3350
f 3378 3351 1513
f 2422 3378 1513
f 37 3348 36
f 3348 37 1089
f 102 3349 1091
f 3349 102 101
f 3568 5209 4621
f 3568 5208 5209
f 4237 4245 2974
f 4245 2975 2974
f 4238 4274 2333
f 4238 2333 1424
f 3593 5455 4241
f 4619 5455 3593
f 4236 3568 3591
f 1059 4236 3591
f 5455 4762 4241
f 4762 5455 4765
f 4240 3563 3156
f 4240 3156 3155
f 5458 4243 4242
f 4243 5458 1426
f 5461 5803 5401
f 4554 5803 5461
f 5803 4554 4553
f 5330 5114 4552
f 5330 3395 5114
f 2776 4039 4638
f 4639 5113 2477
f 2135 4638 4634
f 4036 4638 2135
f 4039 3096 5115
f 5115 5660 5116
f 5660 5039 5116
f 5463 5117 5113
f 3501 3525 5492
f 5492 3525 5493
f 4040 5464 3526
f 2909 2155 5464
f 4040 3526 3500
f 2788 4040 3500
f 4041 4043 4648
f 4042 5468 4647
f 1459 2871 1917
f 1458 2871 1459
f 3523 5467 2886
f 3498 4705 3523
f 4647 2870 5120
f 2870 4647 1794
f 5423 1226 1034
f 1224 1226 5423
f 4649 5130 4650
f 4052 5130 4649
f 5689 5473 5470
f 5689 5125 5473
f 5128 3445 4652
f 3445 5128 5126
f 2078 4062 3418
f 5127 5824 5136
f 5690 5134 5825
f 3417 4144 4146
f 4144 2248 4146
f 4065 4658 5473
f 5125 4065 5473
f 3437 3439 3421
f 3421 3439 5125
f 3935 3448 5691
f 3935 5691 3203
f 1163 5065 1164
f 5064 5690 5065
f 5059 4057 3240
f 4058 4057 5059
f 3411 4059 4060
f 4655 4059 3411
f 3419 3929 3448
f 5692 2833 3449
f 2249 3447 2825
f 3929 5692 3449
f 2825 3447 5692
f 3929 2825 5692
f 5505 5708 5498
f 5826 5706 5827
f 5187 1239 1236
f 5499 5828 5476
f 5829 1239 5187
f 3098 3426 2295
f 3426 4161 2295
f 2257 5478 2901
f 3486 5478 2257
f 4166 2300 2246
f 4711 2300 2889
f 5171 4156 4159
f 4159 4156 2298
f 2843 4111 2844
f 2842 4109 4167
f 4167 4109 4110
f 4667 2245 4677
f 4678 4111 4109
f 4111 4678 4677
f 4165 1775 1777
f 3468 3434 3433
f 5830 5696 3434
f 1776 4675 5696
f 5144 5146 2841
f 5146 4668 2841
f 2237 5156 2262
f 2861 5156 2237
f 3486 5143 5480
f 2854 5143 3486
f 5706 4340 2929
f 5706 5695 4340
f 5503 4684 4683
f 4684 5503 2931
f 5698 4124 1140
f 3477 5698 1140
f 1778 5482 3470
f 5482 2859 3470
f 4124 5352 2557
f 4124 4112 5352
f 2559 2558 5831
f 5831 2558 4455
f 2558 2272 4456
f 4456 2272 2274
f 5354 5699 3494
f 5354 4457 5699
f 4103 3738 4104
f 4126 3738 4103
f 3817 4691 2850
f 3817 1751 4691
f 2850 4134 5162
f 5162 4134 1925
f 1337 2850 1924
f 1337 1924 1338
f 5513 3092 5832
f 5203 3553 5204
f 5205 5204 3386
f 5205 3386 3093
f 4692 4704 4693
f 5484 5833 3553
f 4698 4205 4453
f 5834 5835 4204
f 5168 4696 5166
f 2204 5168 2775
f 5488 4697 4696
f 4699 5488 4696
f 4157 2720 2719
f 5169 4141 1540
f 5172 4666 5491
f 4666 5172 4158
f 4098 4097 5490
f 4097 4710 5490
f 5121 1752 5703
f 5121 5703 2321
f 4050 2869 1457
f 4049 4050 1457
f 3530 2318 5494
f 2318 2320 5494
f 5499 5836 5828
f 3549 1500 3650
f 5708 5198 5836
f 5498 5708 5836
f 5177 5496 5497
f 5177 5497 2926
f 5707 5496 5177
f 5294 5316 5177
f 4345 4834 5179
f 5496 4345 5179
f 3018 5505 1500
f 4350 5180 3018
f 3720 3018 3017
f 4364 4740 4846
f 4176 5175 5506
f 5175 3528 5506
f 5184 3825 4728
f 3825 3827 4728
f 3543 5189 5191
f 5191 5189 2316
f 5827 5706 5709
f 5502 5189 3543
f 3020 2390 3021
f 4319 2390 3020
f 5481 4683 5148
f 5481 5148 5151
f 4463 4305 3016
f 3016 4305 4189
f 3773 3015 4466
f 5333 4911 5504
f 4911 5334 5504
f 5196 2179 4848
f 5196 4848 3786
f 2753 2180 2754
f 2754 2180 3786
f 5711 5510 2391
f 1812 5507 5197
f 5197 5507 5711
f 5507 4201 5711
f 5475 5202 4198
f 3550 5475 4198
f 4817 5266 5201
f 4817 4818 5266
f 5710 5711 4741
f 4318 5710 4741
f 4815 3784 4726
f 4726 4727 5512
f 5261 4202 3652
f 3651 5261 3652
f 5832 3092 4743
f 4906 5832 4743
f 3389 5164 5713
f 5713 5164 4206
f 2562 5163 3389
f 2562 4205 5163
f 3139 5517 5227
f 1880 5586 5714
f 5714 5222 5587
f 5587 5222 5221
f 5780 5778 1878
f 5228 4856 5229
f 3139 5296 5517
f 2000 1999 4854
f 5720 5837 5718
f 5838 5839 5840
f 5717 5215 5841
f 5842 4810 4809
f 5225 5522 5843
f 5522 5844 5521
f 4941 4752 4429
f 4919 5776 5335
f 5730 5583 5213
f 5311 5528 5721
f 5718 5288 5217
f 5729 5845 5733
f 5846 5847 4851
f 5732 5731 5838
f 983 5291 5847
f 4920 5732 5289
f 3793 4223 4826
f 5839 5848 5849
f 3037 3142 3141
f 3143 5278 5532
f 3143 5731 4921
f 4921 5731 4920
f 981 983 5850
f 5851 5847 5846
f 2542 2541 4923
f 4443 3149 5852
f 982 5533 983
f 4443 5852 5533
f 4333 3147 4334
f 3149 3148 5852
f 3796 3142 3037
f 3795 3142 3796
f 2962 1201 4226
f 2962 1199 1201
f 516 4227 515
f 5398 4228 4227
f 3891 5536 2963
f 3891 4228 5536
f 5232 5233 4524
f 5232 4524 4228
f 4524 4760 4525
f 4525 4760 5016
f 5235 5245 5236
f 5853 5237 5539
f 5793 5241 5853
f 4522 5241 5793
f 5538 4763 2956
f 5854 4246 4763
f 2978 5379 5378
f 2978 5456 5379
f 5537 3606 4246
f 2957 4764 4769
f 5542 5381 4521
f 4768 4522 5793
f 5244 5546 3595
f 3607 5244 3595
f 5550 4289 5855
f 2369 4803 3628
f 5256 5551 2367
f 4784 5256 4785
f 5242 1097 5257
f 1097 1099 5550
f 5540 5742 4786
f 5741 4249 4248
f 5741 4784 4249
f 5245 4784 5741
f 5241 5237 5853
f 5236 5741 5540
f 5740 5856 5456
f 5853 5539 5541
f 4291 1734 4289
f 1099 4290 4289
f 5258 4783 4779
f 4783 4781 4779
f 2381 1175 5552
f 5552 1175 1174
f 5358 4782 5743
f 2959 5358 5743
f 4766 5556 4767
f 4767 2959 2958
f 5242 4766 3009
f 4260 4766 4261
f 4787 4778 4476
f 2042 5555 4787
f 2043 4787 4475
f 4475 4787 4476
f 5007 4788 5554
f 5007 5004 4788
f 4479 4263 4262
f 4486 4479 5750
f 5618 5619 4947
f 1194 5557 5628
f 4288 3617 4870
f 5559 3615 4288
f 5559 3641 3615
f 3614 5254 2983
f 3614 3641 5254
f 3559 5752 4209
f 5752 2335 4209
f 3640 4213 2941
f 3638 3640 2941
f 3644 5561 3639
f 3644 3639 3596
f 1249 3011 1250
f 3011 3636 3635
f 1250 4208 1251
f 1249 1251 3558
f 1733 4866 4865
f 1733 1735 4866
f 3557 3007 3006
f 5301 3007 3557
f 5562 3007 5301
f 3636 5562 5301
f 4800 4285 4370
f 4800 4284 4285
f 4848 3369 4736
f 4848 4190 3369
f 5857 4469 4912
f 4469 5857 4301
f 3370 4912 3371
f 3371 4912 4911
f 4182 4183 3829
f 5260 4182 3829
f 5501 5500 3826
f 5501 5186 5565
f 5186 4725 5565
f 5565 4725 5260
f 4432 4939 4433
f 4432 5185 4939
f 4814 3782 4815
f 4184 3782 4814
f 5858 5512 4202
f 4813 4815 5264
f 5201 5511 3783
f 3783 5511 4318
f 4916 4915 5566
f 3537 4916 3538
f 5340 5341 4915
f 4915 5341 4184
f 5568 4753 5574
f 5530 5274 5568
f 5530 5269 5859
f 5859 5269 4337
f 5280 3791 4824
f 975 5280 4824
f 975 5577 5754
f 5577 5268 5754
f 3708 5271 3709
f 3710 4221 3708
f 4221 3661 3708
f 2401 3665 4218
f 2401 3664 3665
f 4220 4336 4335
f 5268 4220 4335
f 5611 3658 5345
f 5569 2442 3658
f 4845 4844 5860
f 5271 4821 5272
f 3663 4822 5271
f 3663 3575 4822
f 975 4825 5861
f 4825 4827 5861
f 2402 2401 5570
f 975 2402 5570
f 5571 4220 5578
f 4220 5571 4218
f 1405 5309 4405
f 1405 2461 5309
f 3080 3730 4407
f 4388 3081 2438
f 4714 2788 3500
f 4714 3500 3499
f 5862 4311 5582
f 3674 5862 5582
f 3681 3033 4365
f 5722 3034 4838
f 3707 3032 5211
f 5210 5863 5211
f 4811 5723 4840
f 5584 4838 4812
f 5218 5217 5764
f 5214 5518 5215
f 4751 5864 5224
f 5844 5865 4321
f 4353 5585 2921
f 4850 5766 5585
f 2332 4863 996
f 2332 2001 4863
f 3621 4793 5866
f 5866 4793 4794
f 5558 4871 3005
f 4871 5558 5305
f 3616 3055 5303
f 5303 3055 3054
f 4873 4875 1029
f 4878 4877 4873
f 4373 4874 4873
f 4373 1838 4874
f 4875 5307 1029
f 4875 4879 5307
f 4897 4896 4397
f 4897 4397 4399
f 5518 5212 5519
f 5211 3034 5722
f 5756 5531 5769
f 5769 3705 5528
f 5318 5592 5591
f 5314 5768 3674
f 4224 4753 5867
f 5840 5868 5869
f 4356 5596 5870
f 5596 5313 5870
f 5759 3674 5582
f 5759 5582 5219
f 5595 5761 5318
f 4891 5761 5760
f 5761 4891 4890
f 5282 5579 4331
f 5282 4327 5579
f 4396 5580 4898
f 5580 4396 4894
f 5600 5178 2413
f 4311 5600 2413
f 5768 4389 4311
f 5768 4399 4389
f 5057 2128 5670
f 2128 2239 5670
f 5329 4907 5206
f 5206 4907 4908
f 5118 4635 5331
f 1443 5118 4004
f 3491 4695 3492
f 4695 5165 3492
f 5204 3387 3386
f 3553 3387 5204
f 5688 4552 4554
f 5110 5460 5604
f 4297 5775 5563
f 5775 5777 5563
f 5777 5775 4195
f 3135 4193 5605
f 4193 3135 2787
f 5605 4195 5775
f 4195 5605 4193
f 4194 3534 3536
f 4195 4194 5608
f 4469 5564 1332
f 4469 1332 1334
f 5334 4463 4464
f 4463 5334 5192
f 5337 4917 5724
f 4917 4919 5783
f 3677 2921 5871
f 2921 2923 5871
f 5607 5338 3537
f 4429 4431 5339
f 5339 5340 4915
f 5339 4915 4914
f 5347 1878 4928
f 1878 5347 5780
f 5155 2268 2267
f 3805 5155 2267
f 4685 3469 3471
f 5154 5872 3477
f 2919 4931 4932
f 4932 4931 4122
f 4121 4685 3471
f 4931 4685 4121
f 3810 5348 5349
f 5348 3810 3835
f 4459 5157 5613
f 5781 5700 2269
f 2271 5615 5158
f 2271 2270 5615
f 3495 1230 5351
f 2270 3495 5351
f 1232 1336 5483
f 1336 1338 5483
f 4137 5351 4138
f 5351 3169 4138
f 5487 5486 5873
f 5483 4140 3733
f 5489 5159 5702
f 5159 4139 5702
f 4933 4458 5613
f 2269 5700 2270
f 2559 5831 5157
f 5831 4455 5157
f 5701 5354 3494
f 5701 3494 2270
f 3774 4466 3808
f 3772 3774 3808
f 5262 4724 4723
f 5185 5262 4723
f 5193 1333 4805
f 1334 1333 5193
f 5265 3539 4816
f 4468 5265 4816
f 4308 5264 4316
f 4309 4308 4316
f 5726 5617 5727
f 5617 5336 5607
f 4463 5616 4305
f 4463 5193 5616
f 4263 2993 4264
f 2380 4946 2381
f 5744 5629 5874
f 5555 5745 4260
f 3872 4963 4951
f 4963 4953 4951
f 4488 3859 4962
f 3857 3859 4488
f 5785 3197 5620
f 3197 5785 4500
f 4500 5785 3857
f 4968 1149 2596
f 4967 4968 2596
f 3852 2046 3853
f 3853 2046 1051
f 4979 589 588
f 5365 5369 1011
f 296 5364 572
f 5364 296 5369
f 296 1154 5369
f 1154 296 295
f 299 300 5875
f 301 5875 300
f 5875 301 2598
f 705 5621 704
f 3339 5788 5809
f 5788 3339 3341
f 698 5365 832
f 5365 698 697
f 824 823 1012
f 5786 5363 5365
f 701 1153 700
f 2829 5370 3341
f 3341 5370 5624
f 3341 5787 5788
f 5787 3341 5624
f 587 5622 4979
f 5622 587 586
f 5624 4979 5622
f 4985 4983 5789
f 4983 4509 5789
f 581 4982 4669
f 4982 581 579
f 578 4509 4984
f 4509 578 577
f 5373 3590 3881
f 3590 5373 5876
f 4993 4771 4773
f 4993 4773 4989
f 5544 5535 5545
f 5876 2981 3590
f 2981 5876 2348
f 5543 5626 5384
f 3883 5394 5012
f 2345 3586 4774
f 4774 3586 3841
f 4773 4775 5792
f 5627 5377 5544
f 3602 5240 3586
f 3602 3601 5240
f 5535 5378 5794
f 5378 3880 5794
f 5381 2041 2043
f 5001 2041 5381
f 4531 5019 4532
f 5020 5019 4531
f 4256 3875 3876
f 5633 4255 5382
f 3876 5252 5877
f 4257 3876 5631
f 4256 3876 4257
f 5382 5003 5000
f 5795 5382 5002
f 5795 5002 4528
f 4530 2055 2057
f 4530 2057 5632
f 5639 5393 5394
f 5797 4532 5801
f 5799 3889 2650
f 5388 5799 2650
f 4599 5025 4600
f 5802 5020 5025
f 5431 4598 4600
f 528 529 4991
f 355 5391 356
f 528 4991 527
f 5637 353 352
f 4517 5800 5391
f 5396 5014 5013
f 5396 3884 5014
f 5878 5543 5012
f 5790 5383 5791
f 5879 2604 5634
f 5393 4527 4526
f 5639 5394 3883
f 3882 5639 3883
f 2604 5632 5796
f 5634 5798 5638
f 4529 4991 5399
f 4991 4992 5399
f 5397 2652 2654
f 5397 2654 5646
f 5077 3960 2662
f 2662 3960 2663
f 5643 5634 4532
f 5019 5643 4532
f 5387 5397 5386
f 5387 3885 5397
f 523 4233 522
f 523 524 4233
f 3582 3584 5233
f 3582 5233 5231
f 4233 4232 5395
f 4232 5640 5395
f 4549 2618 5655
f 3232 5655 5656
f 2699 5649 2700
f 2699 2125 5649
f 5648 2618 4549
f 5647 2780 4548
f 4629 4548 4627
f 4630 4629 4627
f 4628 4548 4550
f 4628 4550 1668
f 5034 5033 5403
f 5034 5403 5035
f 5880 5653 5804
f 5653 5880 5652
f 5114 5035 5405
f 5649 3391 3392
f 2125 3391 5649
f 5666 5601 3901
f 5601 3906 3901
f 3095 5415 5660
f 5806 4031 5414
f 5054 5053 5411
f 5054 5411 4030
f 5036 2618 5658
f 5668 5806 5414
f 5037 5659 5038
f 5415 5659 5037
f 2124 5805 3391
f 2124 3391 2125
f 5653 2618 5805
f 2124 5653 5805
f 5323 4563 5418
f 5418 4563 2130
f 5416 4571 4558
f 3746 4559 5045
f 4557 5047 5046
f 5047 4557 5663
f 4038 4551 3096
f 4038 3096 4039
f 5414 4031 5036
f 5808 5668 5413
f 3749 5808 4551
f 3749 5328 5808
f 5664 4555 5406
f 5406 4555 5046
f 5424 3914 3923
f 5424 3923 5410
f 3945 2626 3258
f 3945 3258 2622
f 5427 4580 4578
f 4578 4580 3931
f 3284 3974 2058
f 2058 3974 2059
f 5073 5075 5811
f 5437 3958 5074
f 3975 5094 5085
f 5086 5436 5437
f 5095 5435 5436
f 5436 5435 3958
f 5672 5428 5022
f 5090 5672 5022
f 1650 5079 3960
f 1650 3960 5077
f 1849 5675 5674
f 1850 1849 5679
f 5443 5429 5432
f 5432 5429 4606
f 5674 5881 5090
f 5675 5811 5674
f 841 842 3953
f 5677 3953 5810
f 5810 3953 5095
f 5430 5094 3975
f 5821 5430 5882
f 3975 5433 3976
f 3976 5433 1849
f 5445 2673 2675
f 3228 2673 5445
f 623 5816 624
f 3116 2670 5883
f 3977 3895 2670
f 3294 2667 2671
f 5443 337 336
f 337 5443 5434
f 5813 5884 5885
f 2667 2666 5818
f 2666 5819 5818
f 5819 2666 4601
f 816 817 5682
f 817 5676 5682
f 5676 817 818
f 5813 5885 5886
f 5083 5887 5821
f 1295 5882 1296
f 5816 625 624
f 628 5886 5885
f 5886 628 627
f 5432 3226 5684
f 5684 3226 3228
f 5438 5029 5017
f 4540 5438 5017
f 5028 4537 4538
f 1041 2373 5636
f 5448 4607 5447
f 4607 5389 5447
f 5449 5448 5446
f 5449 5446 4998
f 2145 5687 3377
f 3377 5687 3350
f 5686 1680 5104
f 5686 5104 5687
f 4769 4765 4620
f 4769 4244 4765
f 4761 1424 5458
f 5458 1424 1426
f 4553 5804 5803
f 5804 4553 5880
f 4552 5114 5042
f 5042 5405 4553
f 4553 5405 5880
f 5405 5652 5880
f 5660 5037 5039
f 5113 5661 3394
f 4638 5115 5463
f 4039 5115 4638
f 5039 5038 5043
f 5116 5039 5043
f 5493 3527 1752
f 3525 3527 5493
f 3028 5492 5704
f 3501 5492 3028
f 5464 4051 4041
f 2155 4645 5464
f 3527 5173 1752
f 3527 4648 5173
f 4706 3523 4149
f 1918 3523 4706
f 1794 5469 1795
f 5130 3505 2831
f 5130 2831 4650
f 5690 5063 5134
f 5061 4576 5064
f 2251 4063 2078
f 2832 4063 2251
f 5136 5133 2075
f 5136 2075 1146
f 2252 2251 2077
f 2251 2078 2077
f 1798 5125 5689
f 1798 5689 1799
f 3419 3448 3934
f 3934 3448 3935
f 4576 5135 5690
f 5134 5133 5824
f 5062 5063 5135
f 5135 5063 5690
f 5824 5133 5136
f 5065 5690 5825
f 5508 5509 5828
f 5498 5836 5499
f 5829 4173 1239
f 5509 5187 5694
f 5836 5508 5828
f 5888 4173 5889
f 5200 5888 5889
f 2246 2300 4711
f 2246 4711 4665
f 1777 5830 3434
f 1777 3434 3468
f 4676 5145 5144
f 4675 4676 5696
f 5696 5479 5697
f 5697 5479 3518
f 2841 4678 4109
f 2841 4668 4678
f 3470 2859 3813
f 2859 2861 3813
f 5513 5205 3092
f 5205 3093 3092
f 5203 4703 5484
f 4703 5833 5484
f 4693 5514 5205
f 5513 4693 5205
f 3735 3734 4410
f 4204 4704 4692
f 5890 3493 3553
f 3493 5890 5614
f 4696 4453 5166
f 5166 4453 2562
f 4697 4203 4698
f 4698 4203 4205
f 1540 4157 2719
f 1540 2719 1541
f 4718 5888 5200
f 5199 3528 4718
f 5316 5707 5177
f 4893 4892 5316
f 4343 4345 5707
f 5707 4345 5496
f 5180 5708 5505
f 3018 5180 5505
f 1500 5498 3649
f 3650 3649 5476
f 3720 2928 3018
f 2928 4350 3018
f 4737 1501 4742
f 5763 4742 1811
f 4719 5506 5708
f 5708 5506 5198
f 5502 5827 5189
f 4200 5827 5502
f 2391 4200 2392
f 2392 4200 3543
f 5711 4198 5510
f 4201 4198 5711
f 3650 5476 5475
f 3549 3650 5475
f 5712 5858 4202
f 5264 5858 5712
f 5586 5779 3685
f 1879 5586 1880
f 2786 5714 5587
f 1880 5714 2786
f 5224 5218 5764
f 4849 4749 5716
f 5779 3140 5891
f 4856 5728 5516
f 5780 2011 5778
f 5778 4820 5779
f 4445 3071 5892
f 4854 5529 4855
f 3684 5588 3138
f 5588 5296 3138
f 5516 5733 4750
f 5845 5846 5719
f 4809 4811 4840
f 5214 5312 5518
f 5764 5865 5844
f 5723 4838 5584
f 4917 3677 4918
f 4919 4941 5776
f 5757 5527 5311
f 5849 5893 5868
f 5721 5210 5312
f 5717 5841 4810
f 5730 5310 5583
f 5583 5310 5214
f 5733 5719 5894
f 5894 5719 5216
f 5837 4852 5213
f 5846 4851 5837
f 5718 5895 5288
f 5718 5837 5895
f 5896 5851 5846
f 4851 4852 5837
f 3574 5851 5896
f 5896 5846 5845
f 5598 5593 5525
f 5897 5755 5893
f 5270 3792 3791
f 5270 5269 3792
f 4439 4440 4441
f 4441 4440 4442
f 5739 5289 5533
f 3148 4920 5739
f 5898 3071 3574
f 4443 982 981
f 4333 3038 3147
f 977 3038 4333
f 4442 3149 4443
f 4442 4334 3149
f 3142 5278 3143
f 3795 5278 3142
f 5793 5853 5740
f 5740 5853 5856
f 5538 5854 4763
f 4763 4246 2975
f 5381 2043 4521
f 4521 5748 4522
f 5551 5549 5548
f 5899 5550 5549
f 5256 5257 5551
f 5547 5242 5256
f 5742 5741 4248
f 5742 4248 4786
f 4785 5256 2367
f 4785 2367 4249
f 5241 4477 5237
f 4477 5235 5237
f 5237 5236 5540
f 5237 5540 5539
f 5856 5853 5541
f 5856 5541 5456
f 4290 4791 4291
f 4791 1734 4291
f 3620 1254 3619
f 3619 1254 4284
f 5250 5249 5358
f 5250 5358 2959
f 5553 4776 5249
f 5249 4776 5357
f 5628 5618 5746
f 5554 5751 5784
f 5750 4479 4262
f 5750 4262 5619
f 5628 5557 5618
f 5557 5619 5618
f 3559 4209 5560
f 5560 4209 4210
f 3011 3635 1250
f 3635 3630 1250
f 5259 1256 4283
f 4282 5259 4283
f 3784 4317 4727
f 4727 4317 4319
f 4337 5226 5734
f 5574 4223 5568
f 5611 5569 3658
f 5611 2440 5569
f 5732 5838 5289
f 4842 4393 4843
f 5275 1997 5575
f 1997 3721 5575
f 5861 4827 3794
f 975 5861 3794
f 3081 4883 4406
f 3081 4406 5283
f 4394 4387 4388
f 1331 4387 4394
f 4405 4831 4387
f 4405 4833 4831
f 4832 3729 3080
f 3080 3729 3730
f 3675 3674 5759
f 5219 5582 2932
f 5531 5759 5900
f 5900 5759 5219
f 3674 5768 5862
f 5862 5768 4311
f 5528 5863 5210
f 5863 3705 3707
f 5217 5717 5901
f 5217 5288 5717
f 5521 5844 4320
f 2922 5225 5843
f 4801 4287 4286
f 4801 4286 4802
f 1255 5866 4794
f 3621 5866 1255
f 4871 5304 4872
f 4872 5304 4876
f 4878 4873 1029
f 4876 4878 1029
f 5318 4897 5592
f 5592 4897 4399
f 5212 5211 5722
f 5292 5212 5518
f 5756 5769 5528
f 5527 5756 5528
f 5528 3705 5863
f 5863 3707 5211
f 5574 4753 4224
f 5902 5597 5598
f 5757 5756 5527
f 4357 5903 5904
f 5315 5314 3673
f 5870 5313 5315
f 5772 5758 5594
f 5758 5760 5595
f 5670 2241 5320
f 5670 2239 2241
f 4632 5206 1443
f 4631 5206 4632
f 3387 5603 4633
f 5603 5400 4633
f 5331 4635 2210
f 4004 5331 2210
f 4135 5111 4027
f 5112 5459 4027
f 5332 3091 5462
f 5462 4552 5688
f 3492 5602 4409
f 3493 3554 3553
f 3554 3493 4409
f 5460 5401 5604
f 5604 5401 5400
f 5602 5462 5688
f 4192 5753 5857
f 5753 4301 5857
f 4301 5753 4299
f 5777 5608 5606
f 4195 5608 5777
f 3536 5523 4917
f 3536 3535 5523
f 4918 4941 4919
f 4941 4429 5776
f 5724 5783 5617
f 5724 4917 5783
f 5872 5153 5698
f 5872 5698 3477
f 3471 3470 5153
f 3471 5153 5872
f 4685 1778 3469
f 3469 1778 3470
f 4465 3821 3835
f 3821 3825 3836
f 3836 3825 5184
f 5613 5157 5700
f 5781 2269 2271
f 5702 5485 5487
f 5873 3735 4410
f 4139 5485 5702
f 4934 5781 2271
f 3168 5781 4934
f 5617 5607 5727
f 1332 5726 1333
f 4916 5566 3538
f 3538 5566 4813
f 5355 5607 5356
f 5607 3537 5356
f 4264 2993 4946
f 4946 2993 4265
f 5629 5628 5746
f 5555 5744 5745
f 5744 5874 5556
f 5629 5746 5747
f 5745 5556 4766
f 4260 5745 4766
f 4951 4955 4952
f 4951 4953 4955
f 3858 4961 3859
f 3858 4960 4961
f 584 5623 585
f 5623 584 5364
f 5364 584 571
f 1010 832 5365
f 832 1010 831
f 5786 700 1153
f 700 5786 699
f 5875 2598 4966
f 4966 299 5875
f 299 4966 298
f 3271 5367 4505
f 5809 5788 1153
f 5621 5809 1153
f 1153 5788 5786
f 5786 5788 5363
f 580 4982 579
f 4982 580 4984
f 1021 593 592
f 5626 5542 5384
f 5012 5383 5790
f 5385 3600 5006
f 5543 5384 5383
f 4775 5627 5544
f 4775 3841 5627
f 5545 2348 5876
f 5373 5545 5876
f 5792 5544 5534
f 4773 5792 5534
f 4768 5793 5240
f 3601 4768 5240
f 5796 4256 4255
f 5796 2057 4256
f 5877 5252 4945
f 5631 3876 5877
f 2589 4944 5625
f 5625 4944 4986
f 4255 5631 5003
f 4255 4257 5631
f 5642 5879 5634
f 5645 1654 4530
f 5801 5635 5639
f 5797 5801 5008
f 5447 2650 2649
f 5389 2650 5447
f 4600 5390 5388
f 4600 5025 5390
f 2664 5802 4599
f 4599 5802 5025
f 5637 351 4995
f 351 5637 352
f 5636 5800 4517
f 2373 5013 5800
f 5800 5013 1705
f 5878 4526 5543
f 4526 4528 5543
f 5014 5790 5376
f 3884 5790 5014
f 5009 5639 3882
f 5009 3882 5010
f 2605 5796 4255
f 2605 4255 5633
f 522 5027 521
f 5027 522 4233
f 5027 4233 3582
f 4232 4529 5399
f 4529 4232 4231
f 3233 5656 5905
f 5656 2618 5905
f 4629 5647 4548
f 5649 2779 2700
f 4548 5648 4549
f 4548 2780 5648
f 2700 2779 5647
f 5647 2779 2780
f 3395 5661 5034
f 5661 5032 5034
f 5667 3902 2618
f 5412 3900 5667
f 5053 5666 3900
f 3900 5666 3901
f 5808 5413 3095
f 5413 5415 3095
f 5414 5036 5658
f 5414 5658 5415
f 5906 2124 2123
f 5401 5906 2123
f 5657 5669 3905
f 5657 3906 5669
f 4558 4571 4559
f 4559 4571 2619
f 5052 5054 5668
f 5328 5052 5668
f 5086 5437 5087
f 5073 5437 5074
f 5093 5810 5086
f 5810 5095 5086
f 4541 1848 5429
f 5429 1848 1850
f 332 331 5812
f 5812 1295 5092
f 5433 5073 5811
f 5881 5080 5090
f 5823 5082 5822
f 835 836 5823
f 3227 5026 2673
f 3228 3227 2673
f 5815 619 618
f 619 5815 3116
f 4543 4542 5815
f 3895 3294 2670
f 3895 2669 3294
f 2672 5681 5816
f 5092 4541 5429
f 5092 5429 5443
f 4601 5682 5819
f 5819 5682 5814
f 5814 5682 5676
f 5821 5823 5822
f 5907 328 5885
f 328 5820 326
f 5820 328 5907
f 5885 328 630
f 5887 5823 5821
f 5907 5821 5820
f 5438 5685 5029
f 4998 5685 5438
f 1040 2651 1041
f 2651 2372 1041
f 5685 4537 5028
f 4538 1040 1042
f 2649 2651 4537
f 4537 2651 1040
f 5434 5684 5683
f 5035 5403 5405
f 5405 5403 5404
f 5117 5043 5113
f 5116 5043 5117
f 4645 2154 4051
f 2154 4047 4051
f 5124 5469 5468
f 5469 5124 5466
f 5469 5466 1795
f 2077 2079 5063
f 5063 2079 5134
f 5065 5825 5127
f 5065 5127 5067
f 4575 4576 5061
f 3414 4576 4575
f 3413 2252 5062
f 2252 2077 5062
f 5825 5824 5127
f 5825 5134 5824
f 5826 5705 5706
f 3649 5499 5476
f 5188 1238 5140
f 1238 5188 1236
f 5141 5140 2308
f 5140 5141 5188
f 5889 5829 5187
f 5889 4173 5829
f 5908 5694 5141
f 5908 5141 4340
f 5828 5509 5693
f 5693 5509 5694
f 1777 1776 5830
f 1776 5696 5830
f 5144 2841 5479
f 5696 5144 5479
f 5832 4694 5513
f 4906 4694 5832
f 4205 4204 4692
f 5486 3735 5873
f 4411 5890 5833
f 5890 4411 5614
f 5833 5890 3553
f 4718 5494 5888
f 5888 5494 4173
f 5836 5200 5508
f 5198 5200 5836
f 5506 5199 5198
f 5506 3528 5199
f 4742 3548 5507
f 1812 4742 5507
f 3036 4846 5763
f 4364 4846 3036
f 4846 3017 4737
f 4740 3017 4846
f 4199 5202 5827
f 4199 5827 4200
f 5202 5826 5827
f 5705 5693 5695
f 5709 2929 5189
f 5827 5709 5189
f 5222 3685 3687
f 3686 5715 3687
f 5585 5766 5767
f 4849 5766 4850
f 1999 5529 4854
f 4749 5516 4750
f 5909 5229 5715
f 5910 3138 3140
f 1879 5778 5586
f 1878 5778 1879
f 5898 3574 5729
f 5728 5911 5729
f 5227 4854 5228
f 4855 5911 5728
f 5910 3140 5779
f 3138 5296 3139
f 5733 5845 5719
f 4750 5733 5894
f 4810 5723 4811
f 5519 5723 4810
f 5844 4321 4320
f 5581 4840 4808
f 5225 5224 5765
f 5894 5216 5864
f 5837 5213 5895
f 5895 5213 5288
f 5847 4323 4851
f 4851 4323 4325
f 5719 5846 5720
f 5846 5837 5720
f 5893 5755 5757
f 5291 5290 4323
f 2541 4926 4441
f 4926 4439 4441
f 3148 4924 4920
f 3147 3038 3148
f 4763 4245 4764
f 4764 4245 4244
f 5538 5537 5854
f 5537 4246 5854
f 5748 2043 4477
f 5748 4477 4522
f 5551 5548 2368
f 2368 5548 4281
f 5549 5550 5855
f 5855 4278 5549
f 4289 4278 5855
f 5551 5899 5549
f 5257 5550 5899
f 5551 5257 5899
f 4477 4476 5235
f 4476 5245 5235
f 4777 5552 4780
f 4782 4777 4780
f 5747 5249 5248
f 5747 5553 5249
f 5555 5784 5744
f 5554 5784 5749
f 4726 5512 5858
f 5264 4726 5858
f 4223 5567 5568
f 3793 5567 4223
f 4821 3721 4842
f 4821 4842 5272
f 5572 4845 5573
f 5860 4844 4891
f 5598 5525 5524
f 5272 5573 5762
f 5900 5219 3705
f 5531 5900 3705
f 5212 5722 5723
f 5519 5212 5723
f 5764 5217 5901
f 5865 5842 4809
f 5520 4312 4430
f 2923 5520 4430
f 5225 5765 5522
f 4751 5224 5223
f 5215 5518 5841
f 5841 5518 4810
f 5312 5292 5518
f 5312 5210 5292
f 5524 5526 5756
f 5526 5531 5756
f 3706 5220 3707
f 3707 5220 3032
f 5737 5912 5848
f 3143 5738 5731
f 5525 3673 3675
f 5525 3675 5531
f 5839 5849 5840
f 5869 5310 5730
f 5773 5772 4355
f 5913 5773 4355
f 5902 5598 5770
f 4355 5772 5774
f 5734 5914 5273
f 3710 5913 4819
f 5913 3710 3709
f 2241 5421 5420
f 5421 2241 2240
f 5206 4032 5118
f 1443 5206 5118
f 4631 5329 5206
f 3093 3388 4631
f 5112 5111 2134
f 2134 4000 5112
f 4027 5459 4028
f 5459 3091 4028
f 5602 5460 5110
f 5460 5602 5688
f 5563 4299 5753
f 4299 5563 5777
f 5777 4300 4299
f 3370 5857 4912
f 4192 5857 3370
f 3677 5871 4941
f 5871 2923 4941
f 1332 5725 5726
f 4300 5337 5724
f 5154 3471 5872
f 4122 3471 5154
f 4138 5782 5486
f 4138 1232 5782
f 5702 5834 4697
f 5834 5702 5487
f 5613 5700 5781
f 4933 5613 5781
f 5564 5725 1332
f 4300 5725 5564
f 5727 5607 5355
f 1333 5727 5355
f 5751 5629 5784
f 5751 1195 5629
f 582 4669 1679
f 4669 582 581
f 582 1679 595
f 5545 2346 2348
f 5545 5535 2346
f 5631 5877 4945
f 5631 4945 5004
f 5642 4530 5879
f 5879 4530 2604
f 5642 2654 5645
f 2654 1654 5645
f 5635 5634 5638
f 5635 5638 5639
f 4995 4517 5637
f 1042 4517 4995
f 5383 5385 5006
f 5791 5383 5006
f 5394 5878 5012
f 5394 4526 5878
f 5801 5639 5009
f 5008 5801 5009
f 2606 2605 4527
f 2606 4527 5393
f 5905 2618 3903
f 3233 5905 3903
f 5803 2124 5906
f 5401 5803 5906
f 5433 5087 5073
f 5085 5087 5433
f 5811 5080 5881
f 5674 5811 5881
f 3227 5673 5026
f 1850 5673 3227
f 4542 3896 5815
f 5883 621 3116
f 621 5883 622
f 5817 625 5816
f 625 5817 626
f 5883 623 622
f 623 5883 5816
f 2667 5680 2671
f 2671 5680 2672
f 5886 5681 5813
f 5681 5886 5817
f 3116 621 620
f 2670 5816 5883
f 2670 2672 5816
f 5882 5430 3975
f 5882 3975 1296
f 5676 5083 5884
f 5884 5083 5885
f 5822 5082 5093
f 5822 5093 5430
f 5885 630 629
f 326 5820 329
f 628 5885 629
f 333 5092 334
f 5807 5032 5661
f 5113 5807 5661
f 4716 4041 4648
f 5464 4041 4716
f 1238 1237 2254
f 5694 5188 5141
f 5694 5187 5188
f 5695 5694 5908
f 5695 5908 4340
f 5200 5889 5509
f 5509 5889 5187
f 4692 4694 5164
f 4205 4692 5164
f 5487 5835 5834
f 5835 5487 5873
f 5873 4702 5835
f 4702 5873 4410
f 5782 3735 5486
f 3734 5614 4411
f 3687 5715 4849
f 3687 4849 4352
f 4353 4850 5585
f 4352 4850 4353
f 5716 4751 5766
f 4849 5716 5766
f 5864 5216 5224
f 5224 5216 5218
f 5715 5515 4749
f 5229 5515 5715
f 4820 5910 5779
f 4820 3138 5910
f 5228 4854 4856
f 4856 4855 5728
f 3140 3139 5227
f 5909 5227 5229
f 983 5533 5291
f 5533 5289 5291
f 3574 981 5850
f 5851 983 5847
f 5911 3071 5898
f 5911 5898 5729
f 4444 5529 1998
f 4445 5529 4444
f 5729 3574 5896
f 5729 5896 5845
f 4751 5894 5864
f 4750 5894 4751
f 4809 4840 5581
f 1873 4809 5581
f 4324 5730 4852
f 4325 4324 4852
f 5912 5897 5848
f 4754 5770 4755
f 5533 3148 5739
f 5852 3148 5533
f 4803 2368 4292
f 3628 4803 4292
f 5549 4278 4798
f 4281 5549 4798
f 4776 4777 5357
f 5357 4777 4782
f 5749 5784 5555
f 2042 5749 5555
f 5272 4842 5572
f 5573 4845 5860
f 3577 5575 4821
f 5575 3721 4821
f 5573 5758 5772
f 5758 5573 5860
f 5860 5760 5758
f 5760 5860 4891
f 4356 5594 5596
f 4357 4356 5903
f 5765 5844 5522
f 5765 5764 5844
f 5901 5717 5865
f 5764 5901 5865
f 5843 5522 5520
f 2922 5843 5520
f 5274 4754 4753
f 5568 5274 4753
f 5913 4355 5735
f 5755 5524 5756
f 5897 5524 5755
f 4754 5902 5770
f 4753 5771 5867
f 5226 5735 5734
f 3709 5773 5913
f 5773 3709 5762
f 3388 4633 5329
f 4633 5400 5329
f 5834 4204 4203
f 4697 5834 4203
f 5629 5747 5874
f 5874 5747 5556
f 4984 580 576
f 5798 2604 2606
f 5798 2606 5393
f 5815 3896 3116
f 3896 3977 3116
f 5887 833 834
f 833 5887 5083
f 5887 835 5823
f 835 5887 834
f 5814 5884 5813
f 5814 5676 5884
f 5885 5083 5907
f 5083 5821 5907
f 5043 5651 5807
f 5807 5651 5032
f 5202 5705 5826
f 5476 5705 5202
f 4410 5833 4702
f 5833 4410 4411
f 4702 5833 4703
f 5782 3733 3735
f 5782 5483 3733
f 3733 4140 3734
f 4140 4136 3734
f 3685 5909 3686
f 3686 5909 5715
f 5766 5223 5225
f 5766 4751 5223
f 2011 4820 5778
f 2011 2010 4820
f 5891 5227 5909
f 3140 5227 5891
f 5517 4854 5227
f 5517 2000 4854
f 5515 4856 5516
f 5229 4856 5515
f 5891 5909 3685
f 5779 5891 3685
f 5289 5838 5290
f 5847 5291 4323
f 5850 983 5851
f 3574 5850 5851
f 4855 5529 5911
f 5892 3071 5911
f 5529 5892 5911
f 4445 5892 5529
f 5865 4809 4321
f 4321 4809 1873
f 5865 5717 5842
f 5717 4810 5842
f 4324 5840 5730
f 5290 4324 4323
f 5868 5757 5311
f 5868 5311 5310
f 5731 5848 5839
f 5893 5757 5868
f 5532 5737 3143
f 4224 5737 5532
f 4842 4845 5572
f 4842 4843 4845
f 5903 5870 5593
f 4356 5870 5903
f 5774 5594 4356
f 4355 5774 4356
f 5859 5734 5530
f 4337 5734 5859
f 5915 5598 5524
f 5915 5524 5897
f 5273 5914 4754
f 5735 4355 4357
f 5226 5913 5735
f 4819 5913 5226
f 5835 4702 4704
f 5835 4704 4204
f 627 5817 5886
f 5817 627 626
f 5820 5821 5882
f 5820 5882 1295
f 334 5092 335
f 5443 335 5092
f 335 5443 336
f 5828 5693 5705
f 5476 5828 5705
f 5849 5868 5840
f 5869 5868 5310
f 5848 5893 5849
f 5848 5897 5893
f 5840 5869 5730
f 5731 5839 5838
f 5867 5912 5737
f 4224 5867 5737
f 5737 5848 5738
f 5738 5848 5731
f 5902 5903 5597
f 5903 5593 5597
f 5870 5315 3673
f 5870 3673 5593
f 5530 5734 5273
f 5735 4357 5736
f 5770 5598 5915
f 4753 4755 5771
f 5904 5903 5902
f 4754 5904 5902
f 5736 4357 5914
f 5734 5736 5914
f 5290 5840 4324
f 5838 5840 5290
f 5771 5770 5915
f 5771 5915 5897
f 5914 4357 5904
f 5914 5904 4754
f 5867 5771 5912
f 5771 5897 5912
