v 0.1624295582594887 -0.2064928933954011 -0.1272610365275460
v 0.1458200638101320 -0.2363254398224819 0.3218547664631829
v 0.1242245078173524 0.0340865552249857 -0.0313495068714350
v 0.1068997251891689 -0.0196113763883884 0.2974110968625230
v 0.1646760101961164 -0.0731478093426369 0.1182477069507174
v 0.1564124758645540 -0.2295469666903195 0.1097368952604591
v 0.1422017114992704 -0.0361521826825519 -0.0915541533340823
v 0.1302099238085370 -0.0762181000274171 0.3113093883319780
v 0.1242063462034369 -0.0012345240638474 0.1288843588339080
v 0.0695454765066136 -0.2607602614573880 -0.0110005826851131
v 0.0587039243638633 -0.1259517238689593 -0.1749631674320351
v 0.0530919856639671 -0.2173665776243096 -0.1238704029142405
v 0.0472881858119377 -0.2718714437144226 0.2203197026152142
v 0.1121162995245965 -0.2533619650400574 0.1080082821616279
v 0.1796719151014402 -0.1317564550858049 -0.0043212999058739
v 0.1669946429059979 -0.2265083889775303 -0.0051576655108041
v 0.1611042261260638 -0.1574639867420219 0.2207709488686537
v 0.1472031405621602 -0.2457997484150791 0.2137982861723177
v 0.0614519162540041 -0.1442744638976803 0.3547035378474646
v 0.0408294502211700 -0.2326609849532193 0.3313612071419383
v 0.0753748888910880 0.0823908600513764 0.0526465604406287
v 0.0825487263877190 0.0812187374302131 -0.0477286282335095
v 0.0739438468510265 -0.0154802611779786 -0.1543217946934325
v 0.1448151211734731 -0.0958564859954747 -0.1209943949301156
v 0.0643740733647708 0.0385170576555569 0.2376598527628647
v 0.0608227793206742 0.0006752394917309 0.3183458495182225
v 0.1339041823519174 -0.1504061041650053 0.3142855646020832
v 0.1184928887385770 -0.0033040166854007 0.2282153478443853
v 0.1597476932712967 -0.0756955112290581 0.2245709173186706
v 0.1720174933596599 -0.0618000138540516 0.0073542894297661
v 0.1274954610517787 0.0241693826622947 0.0390314038752926
v 0.1718694063538872 -0.1568246047957139 0.1142009268244127
v 0.0680240920793826 0.0454655048666722 0.1387763845465622
v 0.0730609130052872 0.0972447318222327 -0.0968623599969498
v 0.0859319090824951 0.0339035420386062 -0.1996005609144606
v 0.1070496749245740 0.1572176407481421 -0.1084364771358669
v 0.1520844235637627 0.0909221617675907 -0.2633617962301845
v 0.1201064782826099 0.1772098522098668 -0.3295944080856437
v 0.0874137105050384 0.2895911250246667 -0.2920664598648706
v 0.0886854891615330 0.0067174687367026 -0.2923281733782174
v 0.1264332394789247 0.0435636579120314 -0.3585281874651102
v 0.1061574274306730 0.1064480132533213 -0.3872212090395941
v 0.1505495343466971 -0.3512777452123483 -0.1187734158212106
v 0.1292543435071357 -0.3581516832381693 0.3177725944738634
v 0.0713472017435150 -0.3632248273919050 -0.0342036743506204
v 0.0714091375037910 -0.3543577686594575 -0.1177684731845517
v 0.0604232238145327 -0.3673507735275851 0.2441048972908344
v 0.1447080142196124 -0.3569874772179435 -0.0304116225015411
v 0.1258259896187749 -0.3625966218233911 0.2400050293700074
v 0.0585199798126676 -0.3598802963370004 0.3199105424094059
v 0.1230188560628066 0.2507769619927482 -0.2607553717921031
v 0.0839900134407585 0.2691779366660283 -0.1575517678759469
v 0.1225694725389995 0.2104623702419628 -0.1523882813350416
v 0.1731244204436906 0.2679713535466663 -0.2380761728356973
v 0.2012656083645874 0.2993476371565665 -0.1972176640322625
v 0.1977166427325313 0.2663740628869167 -0.1587513657591875
v 0.1766547587794232 0.2308005837328986 -0.1877261251905660
v 0.0000000000000000 -0.1399445488672567 -0.1799641308125169
v 0.0000000000000000 0.1849909395666476 -0.3506874927600938
v 0.0000000000000000 0.1081361119826487 -0.3982103825057091
v 0.0000000000000000 -0.0311790671100739 -0.2010055247396690
v 0.0000000000000000 0.0042768272359013 -0.2307128025989735
v 0.0000000000000000 -0.0037473463379026 -0.2983205746055234
v 0.0000000000000000 0.0345331446543443 -0.3754333902436043
v -0.0000000000000000 0.3057838337187826 -0.2976257764526526
v -0.0000000000000000 0.3382372407385956 -0.2317764212190518
v 0.0000000000000000 -0.2529610124866917 -0.0598524368869364
v 0.0000000000000000 -0.2154046576390251 -0.1200297803899974
v 0.0000000000000000 0.1013758004644018 -0.0235204542266208
v 0.0000000000000000 0.1135221947146211 -0.0704029840928710
v 0.0000000000000000 0.1819626068668364 -0.0611833106410177
v -0.0000000000000000 0.2866158801193777 -0.1163070686514827
v 0.0000000000000000 0.3295308424369394 -0.1766866580243773
v 0.0000000000000000 -0.2531822116305346 0.2498397761464665
v 0.0000000000000000 -0.2990402867672269 0.1049953169812837
v 0.0000000000000000 0.0897663380307106 0.0571268908888655
v 0.0000000000000000 0.0581688552769675 0.1423192963073132
v 0.0000000000000000 -0.2088436581914409 0.3267439660657230
v 0.0000000000000000 -0.1413001503572075 0.3638532658016229
v 0.0000000000000000 0.0522132429599007 0.2426109881256807
v 0.0000000000000000 0.0102669000511669 0.3265018112135160
v 0.0763789001629306 0.3822824142605924 -0.1965829389100354
v 0.0958863362378333 0.3759500648753805 -0.2344336050396150
v 0.0714263677528903 0.3851766304268737 -0.2198367899580246
v 0.1032818385607154 0.3711628497202122 -0.2077253218884120
v 0.0536633779786939 0.3396990178175911 -0.1919074875328088
v 0.0402009652432114 0.3277370338009755 -0.1869763765135406
v 0.0802049468278005 0.3310447759456410 -0.2440872013593270
v 0.0756566267479826 0.3178966988356194 -0.2523493386436651
v 0.0366660632198795 0.3323440298642129 -0.2255819138266346
v 0.0479648223508929 0.3428842854889287 -0.2227240208881844
v 0.1021702546526038 0.3008871831977131 -0.2205124951321636
v 0.0930205266984456 0.3175725838795885 -0.2025376198622861
v 0.0860040898557491 0.3043597769148425 -0.1798453817984538
v 0.1302527665900813 0.3045600203503213 -0.1970914640996700
v 0.0560267161997521 -0.2630863450857991 0.0247037532255783
v 0.0518220697371048 -0.2727720734916693 0.1824704335328589
v 0.0866932998197227 -0.2776081852996871 0.1059369268104422
v 0.0000000000000000 -0.2658278174222267 0.0087052340956360
v 0.0000000000000000 -0.2758604792221241 0.1938987455098029
v 0.0800275218303182 -0.0696328850946121 0.3516947638087932
v 0.0494782901771863 -0.0571148762827368 0.3625279336681979
v 0.0500119622168578 -0.0809250315354306 0.3656573194505647
v 0.0000000000000000 -0.0494283457389187 0.3712101164846334
v 0.0000000000000000 -0.0857075898665180 0.3750892509440256
v 0.0240994837328403 -0.0788246176019801 0.3886978879556484
v 0.0241200668952779 -0.0876601962036406 0.3823972049741867
v 0.0000000000000000 -0.0825450474966951 0.3995669153604761
v 0.0000000000000000 -0.0948363155440713 0.3894848912253212
v -0.1624295582594887 -0.2064928933954011 -0.1272610365275460
v -0.1458200638101320 -0.2363254398224819 0.3218547664631829
v -0.1242245078173524 0.0340865552249857 -0.0313495068714350
v -0.1068997251891689 -0.0196113763883884 0.2974110968625230
v -0.1646760101961164 -0.0731478093426369 0.1182477069507174
v -0.1564124758645540 -0.2295469666903195 0.1097368952604591
v -0.1422017114992704 -0.0361521826825519 -0.0915541533340823
v -0.1302099238085370 -0.0762181000274171 0.3113093883319780
v -0.1242063462034369 -0.0012345240638474 0.1288843588339080
v -0.0695454765066136 -0.2607602614573880 -0.0110005826851131
v -0.0587039243638633 -0.1259517238689593 -0.1749631674320351
v -0.0530919856639671 -0.2173665776243096 -0.1238704029142405
v -0.0472881858119377 -0.2718714437144226 0.2203197026152142
v -0.1121162995245965 -0.2533619650400574 0.1080082821616279
v -0.1796719151014402 -0.1317564550858049 -0.0043212999058739
v -0.1669946429059979 -0.2265083889775303 -0.0051576655108041
v -0.1611042261260638 -0.1574639867420219 0.2207709488686537
v -0.1472031405621602 -0.2457997484150791 0.2137982861723177
v -0.0614519162540041 -0.1442744638976803 0.3547035378474646
v -0.0408294502211700 -0.2326609849532193 0.3313612071419383
v -0.0753748888910880 0.0823908600513764 0.0526465604406287
v -0.0825487263877190 0.0812187374302131 -0.0477286282335095
v -0.0739438468510265 -0.0154802611779786 -0.1543217946934325
v -0.1448151211734731 -0.0958564859954747 -0.1209943949301156
v -0.0643740733647708 0.0385170576555569 0.2376598527628647
v -0.0608227793206742 0.0006752394917309 0.3183458495182225
v -0.1339041823519174 -0.1504061041650053 0.3142855646020832
v -0.1184928887385770 -0.0033040166854007 0.2282153478443853
v -0.1597476932712967 -0.0756955112290581 0.2245709173186706
v -0.1720174933596599 -0.0618000138540516 0.0073542894297661
v -0.1274954610517787 0.0241693826622947 0.0390314038752926
v -0.1718694063538872 -0.1568246047957139 0.1142009268244127
v -0.0680240920793826 0.0454655048666722 0.1387763845465622
v -0.0730609130052872 0.0972447318222327 -0.0968623599969498
v -0.0859319090824951 0.0339035420386062 -0.1996005609144606
v -0.1070496749245740 0.1572176407481421 -0.1084364771358669
v -0.1520844235637627 0.0909221617675907 -0.2633617962301845
v -0.1201064782826099 0.1772098522098668 -0.3295944080856437
v -0.0874137105050384 0.2895911250246667 -0.2920664598648706
v -0.0886854891615330 0.0067174687367026 -0.2923281733782174
v -0.1264332394789247 0.0435636579120314 -0.3585281874651102
v -0.1061574274306730 0.1064480132533213 -0.3872212090395941
v -0.1505495343466971 -0.3512777452123483 -0.1187734158212106
v -0.1292543435071357 -0.3581516832381693 0.3177725944738634
v -0.0713472017435150 -0.3632248273919050 -0.0342036743506204
v -0.0714091375037910 -0.3543577686594575 -0.1177684731845517
v -0.0604232238145327 -0.3673507735275851 0.2441048972908344
v -0.1447080142196124 -0.3569874772179435 -0.0304116225015411
v -0.1258259896187749 -0.3625966218233911 0.2400050293700074
v -0.0585199798126676 -0.3598802963370004 0.3199105424094059
v -0.1230188560628066 0.2507769619927482 -0.2607553717921031
v -0.0839900134407585 0.2691779366660283 -0.1575517678759469
v -0.1225694725389995 0.2104623702419628 -0.1523882813350416
v -0.1731244204436906 0.2679713535466663 -0.2380761728356973
v -0.2012656083645874 0.2993476371565665 -0.1972176640322625
v -0.1977166427325313 0.2663740628869167 -0.1587513657591875
v -0.1766547587794232 0.2308005837328986 -0.1877261251905660
v -0.0763789001629306 0.3822824142605924 -0.1965829389100354
v -0.0958863362378333 0.3759500648753805 -0.2344336050396150
v -0.0714263677528903 0.3851766304268737 -0.2198367899580246
v -0.1032818385607154 0.3711628497202122 -0.2077253218884120
v -0.0536633779786939 0.3396990178175911 -0.1919074875328088
v -0.0402009652432114 0.3277370338009755 -0.1869763765135406
v -0.0802049468278005 0.3310447759456410 -0.2440872013593270
v -0.0756566267479826 0.3178966988356194 -0.2523493386436651
v -0.0366660632198795 0.3323440298642129 -0.2255819138266346
v -0.0479648223508929 0.3428842854889287 -0.2227240208881844
v -0.1021702546526038 0.3008871831977131 -0.2205124951321636
v -0.0930205266984456 0.3175725838795885 -0.2025376198622861
v -0.0860040898557491 0.3043597769148425 -0.1798453817984538
v -0.1302527665900813 0.3045600203503213 -0.1970914640996700
v -0.0560267161997521 -0.2630863450857991 0.0247037532255783
v -0.0518220697371048 -0.2727720734916693 0.1824704335328589
v -0.0866932998197227 -0.2776081852996871 0.1059369268104422
v -0.0800275218303182 -0.0696328850946121 0.3516947638087932
v -0.0494782901771863 -0.0571148762827368 0.3625279336681979
v -0.0500119622168578 -0.0809250315354306 0.3656573194505647
v -0.0240994837328403 -0.0788246176019801 0.3886978879556484
v -0.0241200668952779 -0.0876601962036406 0.3823972049741867
v 0.1336801891136259 -0.2451086757214730 0.1086644286746271
v 0.1039975924219502 -0.2515523232022185 0.0515945838807527
v 0.1222877346821048 -0.2584560649021572 0.0112320268419340
v 0.1609784918758794 -0.2216131355036850 0.0538219428386486
v 0.1326552221334192 -0.2415354946041962 0.0534656957964595
v 0.1492358442734743 -0.2323219681601296 0.1622817040949201
v 0.1018209928465361 -0.2716250977205429 0.2001966343968161
v 0.0913715452913979 -0.2587871650943094 0.1623771689885786
v 0.1196920209394095 -0.2503019659364961 0.1613801429528573
v 0.1120441187513425 -0.2093917663857632 -0.1431961762817472
v 0.0565664421107288 -0.1665769257859409 -0.1560350402727968
v 0.1029889243260266 -0.1065593113488549 -0.1565174872475783
v 0.1530767927754031 -0.1402598158575338 -0.1247399251066267
v 0.1068638676437460 -0.1492242022132721 -0.1505050616767244
v 0.1434241278205074 -0.0659175777063861 -0.1116410706271403
v 0.0651457091149764 -0.0760222805748151 -0.1728373272391029
v 0.1104016568980080 -0.0261881624696069 -0.1238799028353656
v 0.1057904696930979 -0.0678343730663266 -0.1483005211568250
v 0.1403995205799609 -0.1868858012851670 0.3169567188948891
v 0.0993202783150912 -0.1458391567888637 0.3410995576599227
v 0.0547172172682022 -0.1816501339710078 0.3472563447772845
v 0.0986389849520551 -0.2343141575019399 0.3410487982774408
v 0.1003764460166400 -0.1838728361048228 0.3397751568913139
v 0.1699591771159008 -0.1088956399902440 -0.0669700199486702
v 0.1781039624334002 -0.1714228169245286 -0.0064490028284385
v 0.1793780695019352 -0.2140443993249934 -0.0742435600488734
v 0.1748255582804444 -0.1512275679328766 -0.0717553258059653
v 0.1781584472751467 -0.1481778138422932 0.0566304734418412
v 0.1681798046345878 -0.1979406359708227 0.1118999900460386
v 0.1743440426704791 -0.1876527802112918 0.0550448248422938
v 0.1716822020258349 -0.1143553005426947 0.1158075311323243
v 0.1793491971926336 -0.0976144836542564 -0.0008743187211895
v 0.1700420685845409 -0.0694182520727233 0.0627663048508390
v 0.1778669300876822 -0.1089766687292517 0.0583809736138527
v 0.1630968811502821 -0.0493121114098593 -0.0462065918509071
v 0.1683246318635039 -0.0793479049239512 -0.0601336624931821
v 0.1598832068520510 -0.2410381457923557 0.2740687661569967
v 0.1591991193945663 -0.1966753768680413 0.2178944286338799
v 0.1527526778193723 -0.1544896732015491 0.2718195201259205
v 0.1567226203483421 -0.1916460068606661 0.2725608865196003
v 0.1318123369747758 -0.1122583326590640 0.3136489767502237
v 0.1634549909221036 -0.1168252800352056 0.2229605875514943
v 0.1501765227378168 -0.0768077470925410 0.2719461857409211
v 0.1532095122617089 -0.1159176650218376 0.2720807679568592
v 0.1626633308283501 -0.0747704796936276 0.1727022793407567
v 0.1665149900256649 -0.1590552235304664 0.1683993738900024
v 0.1679469634305426 -0.1165346942125573 0.1706812176896448
v 0.1626498260385155 -0.1994564322091566 0.1651000140286826
v 0.1084155214275029 0.0563997278086325 -0.0371747281142365
v 0.0792516949384397 0.0891306815436674 0.0072201728962361
v 0.1030746098891152 0.0596306323559630 0.0481387547303146
v 0.1269832104028793 0.0339580268803528 -0.0002125840192932
v 0.1058151508607266 0.0672575788356659 0.0065020906229608
v 0.1262721133657254 0.0098240360810730 0.0820427624513289
v 0.0713779367824489 0.0632326857825415 0.0949035135155588
v 0.0976489441524551 0.0261448074374137 0.1344017640049619
v 0.1002963486424485 0.0417633297223543 0.0898340948210878
v 0.1130770023324868 -0.0097027258137655 0.2704122278886717
v 0.0924477373364946 0.0215382770565845 0.2326845019148279
v 0.0626496514076124 0.0247980539132166 0.2824515151850302
v 0.0872046191038059 -0.0100326617998974 0.3096049907183676
v 0.0892051907289618 0.0109877764188906 0.2758723541235304
v 0.0659150164531416 0.0410503699555681 0.1878858542565409
v 0.1219109976139598 -0.0031466160314662 0.1791589659289287
v 0.0951817587543927 0.0227374092574170 0.1836411591067979
v 0.1526297376636365 -0.0190016118432350 0.0230375415694312
v 0.1477708074176223 -0.0348886000364396 0.1229995302428709
v 0.1512191856495309 -0.0286417033731123 0.0717833133186915
v 0.1429980284171048 -0.0367059256340121 0.2258715682844668
v 0.1182558563928590 -0.0431641955423716 0.3064760706184088
v 0.1349840998562788 -0.0400062634283888 0.2705728883194629
v 0.0888992373868465 0.0370613344478666 -0.1024937642215042
v 0.1341975622690142 0.0038837912834731 -0.0587345662663156
v 0.1114373345736008 0.0200862793081589 -0.0829898673329030
v 0.1459760674168422 -0.0362603607059513 0.1754716926216698
v 0.1476366908840923 -0.0081274153636776 -0.0219208351548307
v 0.0698607434968907 0.0184573222446591 -0.1678321727169484
v 0.0894124194005620 0.0694779525574405 -0.1415919003858761
v 0.0702821860762124 0.0848729472864977 -0.0809264751508957
v 0.0803856316021396 0.0525354951862992 -0.1221279590478890
v 0.1276114159713932 0.0604823654803601 -0.2288193379276784
v 0.1373185657680355 0.1280961913582152 -0.1833943474305100
v 0.0903740535732684 0.1229396900534312 -0.1010294258892642
v 0.1157821514410833 0.0943784566004369 -0.1601516727603150
v 0.0916490920066197 0.0152944073289097 -0.2575081683604895
v 0.1113493205984718 0.0170155695092115 -0.3226888036560726
v 0.1512075435893287 0.0617723057507703 -0.3226119660587377
v 0.1295281647630928 0.0338052830504992 -0.2857210713722322
v 0.1228404997005080 0.0789885843778687 -0.3819818162661702
v 0.1168765051000955 0.1304986469015530 -0.3685166094362391
v 0.1481792108895174 0.1313815807472922 -0.2964410804064709
v 0.1465004258083519 0.0988545959070009 -0.3508160211047268
v 0.1574220753252937 -0.3672026865218124 -0.0740896985812403
v 0.1062524266419234 -0.3729431535663414 -0.0198559993573583
v 0.0597377393098238 -0.3716792915107843 -0.0770568871808693
v 0.1109073879931941 -0.3659392901486634 -0.1312903535635473
v 0.1069584011725883 -0.3922317189094418 -0.0760718291830359
v 0.0933972637665907 -0.3706012367360554 0.3300838402965466
v 0.0502559797986971 -0.3750210284712404 0.2826457047492039
v 0.0927527593137937 -0.3763258705787094 0.2312087543635898
v 0.1358945089640953 -0.3719060788435244 0.2786468899109324
v 0.0923187433094535 -0.3936017565540434 0.2809939292477076
v 0.1433626577426395 -0.3078211942541776 0.3262452202066582
v 0.1371863119641378 -0.3166696256903015 0.2275824854517906
v 0.1562657859060055 -0.3121944177485536 0.2767385234025784
v 0.0276436528360932 -0.2638123439600119 0.2821506843494039
v 0.0516567524822328 -0.3276415689073170 0.2335646416661185
v 0.0478409508303408 -0.3106362444110836 0.3288781885420008
v 0.0333786713964477 -0.3220002922157111 0.2823905107895704
v 0.0945367886191876 -0.3259776856632103 0.2128548136135267
v 0.0962407205503900 -0.3083129548771210 0.3449582020933589
v 0.1579226839139908 -0.3049972961315180 -0.0182610371096490
v 0.1643546893345340 -0.2929086464999020 -0.1297194205280955
v 0.1784699888061591 -0.2983920568551652 -0.0746650026281951
v 0.0617350511581230 -0.2994724400419348 -0.1242334023513469
v 0.1136358212221951 -0.2948202727851126 -0.1463781841762282
v 0.0668249598785500 -0.3194315880526850 -0.0224139928249983
v 0.1122634551655530 -0.3167664876311843 -0.0007071387366851
v 0.0449356514227471 -0.2530215511997435 -0.0725318977896967
v 0.0465659589652304 -0.3131253168823262 -0.0737119370117975
v 0.1264681656595315 0.2110547182650536 -0.2823728148580630
v 0.1317387591542975 0.2148933383549420 -0.2083130130874220
v 0.1110699111536176 0.1918406621072479 -0.1307794999618723
v 0.1365357536400356 0.1740036288301651 -0.2173337470145392
v 0.0992113086315981 0.2331886031215856 -0.1397207884701693
v 0.1496591495824284 0.2180758119318311 -0.1749701526681565
v 0.1969268453684101 0.2438508675372211 -0.1670433067176434
v 0.1522222655565574 0.2665347233177077 -0.1561211915182935
v 0.1519731254682291 0.2346620222607834 -0.1544163282222749
v 0.1455695266745794 0.2635194297253232 -0.2473846984910144
v 0.1765183138338527 0.2456190636407400 -0.2207057533315211
v 0.1468762315116808 0.2321147394885294 -0.2181552107824105
v 0.1945495366751091 0.2900433026429223 -0.2230430133377263
v 0.2143475585726602 0.2881666025383184 -0.1710975377624775
v 0.2115059645184932 0.2681958124673659 -0.1958224795376240
v 0.0000000000000000 0.0985477112000694 0.0154851042750227
v 0.0399409281865338 0.0897616812066297 0.0558010930730324
v 0.0429579913720692 0.0986184949260991 -0.0289372719975272
v 0.0423950279089288 0.0977094828655069 0.0123957671797517
v 0.0000000000000000 0.0552308649643258 0.1918800122707315
v 0.0330953967876063 0.0487494972085250 0.2412484013996085
v 0.0349539352782947 0.0554716227693085 0.1414372938263901
v 0.0337514035958831 0.0517638594360935 0.1908028888608186
v 0.0000000000000000 0.0364033252052350 0.2890050637140850
v 0.0312219564598591 0.0077885382753103 0.3242125164953441
v 0.0323678145932060 0.0333843061535856 0.2872000787003270
v 0.0000000000000000 -0.2387791204307097 -0.0893749366235348
v 0.0234091561310873 -0.2110011647881233 -0.1194872138163314
v 0.0308166730600981 -0.2520971716196842 -0.0475306200735895
v 0.0262472575671936 -0.2367263923758476 -0.0825881696876843
v 0.0000000000000000 -0.2346932229821254 0.2887060956080910
v 0.0185615419675897 -0.2566571337597044 0.2441626419094376
v 0.0168165834162345 -0.2119232159561421 0.3267127653443809
v 0.0149531086920204 -0.2389681874883944 0.2862640570600655
v 0.0000000000000000 0.0727679987705984 0.0983700533613830
v 0.0371953112766742 0.0716932037727260 0.0975942264695045
v 0.0000000000000000 0.1033321322607891 -0.0551320471573290
v 0.0407356617841807 0.1105856014492037 -0.0752522281447970
v 0.0399749230023243 0.1001491930014919 -0.0602992591574990
v 0.0000000000000000 0.1401485177620002 -0.0644727048988043
v 0.0578824605959920 0.1765481175079704 -0.0726437547041199
v 0.0493609382103476 0.1370428817824460 -0.0716951130705992
v 0.0000000000000000 0.2482776445085275 -0.3247531737711369
v 0.0487723156465215 0.3011367889684495 -0.2956508173599416
v 0.0997892205000381 0.2425981818594583 -0.3142422561381308
v 0.0635153550042523 0.1841257016524159 -0.3478738396504122
v 0.0567280339063361 0.2460735696710362 -0.3223018215749496
v 0.0000000000000000 0.1418058814523936 -0.3790130909145945
v 0.0648593144340009 0.1082609148680169 -0.3965725774764555
v 0.0647042421921068 0.1411227253597251 -0.3772951885111493
v 0.0000000000000000 -0.1767581402740192 0.3509524660502972
v 0.0289747128631377 -0.1424168567718081 0.3617157835484884
v 0.0233435880480282 -0.1780979085620950 0.3501323993296502
v 0.0000000000000000 -0.1837135727212559 -0.1530085703026179
v 0.0257661145031547 -0.1370186662972253 -0.1802505254934924
v 0.0233781882509493 -0.1787456727917486 -0.1547781634533610
v 0.0000000000000000 -0.0828781501232021 -0.1934554158573009
v 0.0357021006351326 -0.0291699269286091 -0.1898105196491782
v 0.0305048055514000 -0.0816983437423053 -0.1883864628452380
v 0.0000000000000000 -0.0032187968047202 -0.2118684982731914
v 0.0434928276177609 0.0101881997241996 -0.2213269736639135
v 0.0390457468934618 0.0010193787913097 -0.1997444567785605
v 0.0000000000000000 -0.0007250675093966 -0.2604778250768813
v 0.0533686010143727 -0.0017667990562946 -0.2959628245733622
v 0.0477771523404325 0.0031517385379552 -0.2560692097194904
v 0.0000000000000000 0.0083869401697063 -0.3396755008559825
v 0.0715590872391960 0.0358845550026224 -0.3731217427698441
v 0.0640238801938869 0.0095795528168256 -0.3372176291060819
v 0.0000000000000000 0.0705015224904229 -0.3964789753124293
v 0.0700251293869466 0.0717253358588843 -0.3946195054569247
v 0.0381690066237502 0.2787481758346920 -0.1340840754661627
v 0.0000000000000000 0.2350327054576233 -0.0829884702856787
v 0.0600422956047148 0.2259109184479504 -0.1013567074856701
v 0.1075256023456423 0.2737104235439712 -0.2819900239186127
v 0.1146510088718320 0.2438438823010998 -0.2989883631787248
v 0.1050113830243628 0.3771939025873898 -0.2225750025175955
v 0.0848887804883728 0.3860171871734767 -0.2302238360704787
v 0.0725677553351196 0.3900038942691377 -0.2063259462521007
v 0.0926903578711096 0.3811801440006427 -0.1986771126992175
v 0.0923825417993619 0.3923011055882472 -0.2141093620209220
v 0.0910576753483450 0.3074793833666394 -0.2392571434226144
v 0.0757157684138101 0.3204872900718257 -0.2457645893932682
v 0.0922679839269717 0.3241061080650954 -0.2282912540769040
v 0.0953978353917466 0.3070714455771522 -0.2089388902438954
v 0.0886398522855402 0.3129329900477849 -0.2306834646072639
v 0.0738549015110812 0.3299746377718494 -0.1910375927944961
v 0.0478898474831903 0.3291783208540150 -0.1904992639307437
v 0.0584338285671709 0.3156628203240103 -0.1772277809825782
v 0.0878230453417498 0.3087683922722333 -0.1886835682215996
v 0.0676217424787925 0.3189849986233265 -0.1856943528440680
v 0.0530011775943895 0.3270459611073695 -0.2464859314434001
v 0.0424472309068758 0.3324250586032206 -0.2233904124141616
v 0.0625625687972995 0.3379475862807634 -0.2395346901378362
v 0.0573767295008059 0.3275763733701844 -0.2408278901851029
v 0.0325728079892474 0.3331147342496023 -0.2042238558619811
v 0.0445354905294751 0.3438645469579588 -0.2043984867650149
v 0.0389635539484338 0.3334816919871774 -0.2045507649124604
v 0.1134588619071208 0.3024220724147786 -0.1850987450441205
v 0.1147641696969979 0.3020052866595379 -0.2083921790967973
v 0.0991391278583441 0.3044696779631517 -0.1950629515300287
v 0.1656669823605325 0.3045548978438323 -0.1995647033690376
v 0.1164047688207001 0.2864282101089173 -0.2432280173164003
v 0.1490323410611389 0.2939438584930867 -0.2304007953855530
v 0.0846834145464050 0.2947229451618218 -0.1723437038865272
v 0.1529841219761932 0.2950312269159775 -0.1728708563724854
v 0.0232692651356969 0.3277216662815086 -0.1813555898478907
v 0.0000000000000000 0.3153964499865826 -0.1486278958897125
v 0.0367122589147621 0.3100760284741509 -0.1621666805401218
v 0.0235491402629592 0.3354878518012304 -0.2302396692723538
v 0.0782448895721485 0.3121580945207226 -0.2682845249661071
v 0.0000000000000000 0.3318839356450196 -0.2648580338073787
v 0.0417807928126577 0.3275447069664342 -0.2624737398779563
v 0.0000000000000000 0.3368616149050969 -0.2031998202465905
v 0.0188482626262509 0.3352550105971853 -0.2037381491103429
v 0.0983996241942967 0.2961460706009457 -0.2585661987916706
v 0.0902036138119074 0.3559019715246850 -0.2418929058524055
v 0.1008449225191789 0.3484375482054056 -0.2054504633248909
v 0.1017753559705433 0.3503440519841273 -0.2268560208951697
v 0.0590676223245818 0.3674033956396992 -0.2216096428856243
v 0.0733510331455275 0.3630250496388343 -0.2376859309777177
v 0.0647009824152502 0.3642344268526447 -0.1923070430389503
v 0.0559568638385386 0.3687101004768006 -0.2038974124939098
v 0.0843523143542528 0.3560221175859722 -0.1928854205897984
v 0.0495015742975909 -0.2681301512478252 0.1968665394965624
v 0.0729961831505627 -0.2766535363631019 0.1525652406501159
v 0.1019215802466836 -0.2640414597047923 0.1070000797481124
v 0.0827578177889516 -0.2667857261356684 0.1573193923543098
v 0.0000000000000000 -0.2645881708518903 0.2219253755583096
v 0.0298388797078309 -0.2745924260248943 0.1909784511286687
v 0.0226697921717623 -0.2658878904528704 0.2167302226136542
v 0.0604311404154702 -0.2581380038174316 0.0097544165610635
v 0.0314297905185898 -0.2643283200681759 0.0132889460384689
v 0.0000000000000000 -0.2581682731739574 -0.0285023246283709
v 0.0297271624981300 -0.2575451901119326 -0.0186205439286947
v 0.0745874199390073 -0.2701838106675034 0.0576810529544929
v 0.0898478324521264 -0.2602610499159153 0.0547542390196454
v 0.0000000000000000 -0.2919400270910741 0.1535850851238337
v 0.0498145128758275 -0.2919754189540890 0.1052379375158987
v 0.0425519628804553 -0.2868720054438274 0.1527841113819184
v 0.0000000000000000 -0.2849696928067785 0.0547258323927519
v 0.0422309679965586 -0.2800693168264443 0.0560502331613607
v 0.0693578064961532 -0.0592575276106010 0.3542825609505510
v 0.0511058501934619 -0.0697160559726970 0.3661639819105669
v 0.0709211023401123 -0.0783745821228016 0.3575674846572199
v 0.0619967646714698 -0.0679464162537131 0.3609250548195511
v 0.0601400889104138 -0.1078599623146511 0.3594744541183498
v 0.1000853945115836 -0.0725103832624429 0.3389271492261814
v 0.0945083819922941 -0.1032660053588403 0.3448841585904725
v 0.0581064538342834 -0.0296209403408446 0.3430782422118984
v 0.0882146842469537 -0.0422750215523639 0.3342069923377781
v 0.0252071093404831 -0.0507655080682388 0.3683135719063118
v 0.0000000000000000 -0.0208430597895465 0.3520985104566075
v 0.0292225490407234 -0.0229197704884252 0.3494254934341692
v 0.0253673040888662 -0.0858265717217850 0.3721610399619538
v 0.0000000000000000 -0.1069043820132499 0.3704477943825896
v 0.0294091479816451 -0.1078171195331068 0.3676201708006653
v 0.0333571568691939 -0.0706118892211404 0.3797009038313438
v 0.0245857027351274 -0.0842994128326937 0.3862390848409317
v 0.0334211416320655 -0.0826314315833959 0.3748037876278663
v 0.0376875375820256 -0.0765028182517235 0.3759069892526322
v 0.0000000000000000 -0.0691272005676669 0.3888841609188846
v 0.0138409659650191 -0.0809057057154948 0.3960836109479606
v 0.0189513181431613 -0.0688992955971475 0.3857454614883559
v 0.0138581030776368 -0.0927894085193104 0.3864998669894623
v 0.0000000000000000 -0.0869532437399187 0.3814239287412780
v 0.0189910874208122 -0.0861455176030861 0.3785739524037653
v 0.0000000000000000 -0.0925716554252874 0.3978159495060566
v 0.0122971822139589 -0.0901615161222160 0.3943466155657838
v -0.1609784918758794 -0.2216131355036850 0.0538219428386486
v -0.1222877346821048 -0.2584560649021572 0.0112320268419340
v -0.1039975924219502 -0.2515523232022185 0.0515945838807527
v -0.1336801891136259 -0.2451086757214730 0.1086644286746271
v -0.1326552221334192 -0.2415354946041962 0.0534656957964595
v -0.0913715452913979 -0.2587871650943094 0.1623771689885786
v -0.1018209928465361 -0.2716250977205429 0.2001966343968161
v -0.1492358442734743 -0.2323219681601296 0.1622817040949201
v -0.1196920209394095 -0.2503019659364961 0.1613801429528573
v -0.1530767927754031 -0.1402598158575338 -0.1247399251066267
v -0.1029889243260266 -0.1065593113488549 -0.1565174872475783
v -0.0565664421107288 -0.1665769257859409 -0.1560350402727968
v -0.1120441187513425 -0.2093917663857632 -0.1431961762817472
v -0.1068638676437460 -0.1492242022132721 -0.1505050616767244
v -0.1104016568980080 -0.0261881624696069 -0.1238799028353656
v -0.0651457091149764 -0.0760222805748151 -0.1728373272391029
v -0.1434241278205074 -0.0659175777063861 -0.1116410706271403
v -0.1057904696930979 -0.0678343730663266 -0.1483005211568250
v -0.0986389849520551 -0.2343141575019399 0.3410487982774408
v -0.0547172172682022 -0.1816501339710078 0.3472563447772845
v -0.0993202783150912 -0.1458391567888637 0.3410995576599227
v -0.1403995205799609 -0.1868858012851670 0.3169567188948891
v -0.1003764460166400 -0.1838728361048228 0.3397751568913139
v -0.1793780695019352 -0.2140443993249934 -0.0742435600488734
v -0.1781039624334002 -0.1714228169245286 -0.0064490028284385
v -0.1699591771159008 -0.1088956399902440 -0.0669700199486702
v -0.1748255582804444 -0.1512275679328766 -0.0717553258059653
v -0.1681798046345878 -0.1979406359708227 0.1118999900460386
v -0.1781584472751467 -0.1481778138422932 0.0566304734418412
v -0.1743440426704791 -0.1876527802112918 0.0550448248422938
v -0.1700420685845409 -0.0694182520727233 0.0627663048508390
v -0.1793491971926336 -0.0976144836542564 -0.0008743187211895
v -0.1716822020258349 -0.1143553005426947 0.1158075311323243
v -0.1778669300876822 -0.1089766687292517 0.0583809736138527
v -0.1630968811502821 -0.0493121114098593 -0.0462065918509071
v -0.1683246318635039 -0.0793479049239512 -0.0601336624931821
v -0.1527526778193723 -0.1544896732015491 0.2718195201259205
v -0.1591991193945663 -0.1966753768680413 0.2178944286338799
v -0.1598832068520510 -0.2410381457923557 0.2740687661569967
v -0.1567226203483421 -0.1916460068606661 0.2725608865196003
v -0.1501765227378168 -0.0768077470925410 0.2719461857409211
v -0.1634549909221036 -0.1168252800352056 0.2229605875514943
v -0.1318123369747758 -0.1122583326590640 0.3136489767502237
v -0.1532095122617089 -0.1159176650218376 0.2720807679568592
v -0.1665149900256649 -0.1590552235304664 0.1683993738900024
v -0.1626633308283501 -0.0747704796936276 0.1727022793407567
v -0.1679469634305426 -0.1165346942125573 0.1706812176896448
v -0.1626498260385155 -0.1994564322091566 0.1651000140286826
v -0.1269832104028793 0.0339580268803528 -0.0002125840192932
v -0.1030746098891152 0.0596306323559630 0.0481387547303146
v -0.0792516949384397 0.0891306815436674 0.0072201728962361
v -0.1084155214275029 0.0563997278086325 -0.0371747281142365
v -0.1058151508607266 0.0672575788356659 0.0065020906229608
v -0.0976489441524551 0.0261448074374137 0.1344017640049619
v -0.0713779367824489 0.0632326857825415 0.0949035135155588
v -0.1262721133657254 0.0098240360810730 0.0820427624513289
v -0.1002963486424485 0.0417633297223543 0.0898340948210878
v -0.0872046191038059 -0.0100326617998974 0.3096049907183676
v -0.0626496514076124 0.0247980539132166 0.2824515151850302
v -0.0924477373364946 0.0215382770565845 0.2326845019148279
v -0.1130770023324868 -0.0097027258137655 0.2704122278886717
v -0.0892051907289618 0.0109877764188906 0.2758723541235304
v -0.1219109976139598 -0.0031466160314662 0.1791589659289287
v -0.0659150164531416 0.0410503699555681 0.1878858542565409
v -0.0951817587543927 0.0227374092574170 0.1836411591067979
v -0.1477708074176223 -0.0348886000364396 0.1229995302428709
v -0.1526297376636365 -0.0190016118432350 0.0230375415694312
v -0.1512191856495309 -0.0286417033731123 0.0717833133186915
v -0.1182558563928590 -0.0431641955423716 0.3064760706184088
v -0.1429980284171048 -0.0367059256340121 0.2258715682844668
v -0.1349840998562788 -0.0400062634283888 0.2705728883194629
v -0.1341975622690142 0.0038837912834731 -0.0587345662663156
v -0.0888992373868465 0.0370613344478666 -0.1024937642215042
v -0.1114373345736008 0.0200862793081589 -0.0829898673329030
v -0.1459760674168422 -0.0362603607059513 0.1754716926216698
v -0.1476366908840923 -0.0081274153636776 -0.0219208351548307
v -0.0702821860762124 0.0848729472864977 -0.0809264751508957
v -0.0894124194005620 0.0694779525574405 -0.1415919003858761
v -0.0698607434968907 0.0184573222446591 -0.1678321727169484
v -0.0803856316021396 0.0525354951862992 -0.1221279590478890
v -0.0903740535732684 0.1229396900534312 -0.1010294258892642
v -0.1373185657680355 0.1280961913582152 -0.1833943474305100
v -0.1276114159713932 0.0604823654803601 -0.2288193379276784
v -0.1157821514410833 0.0943784566004369 -0.1601516727603150
v -0.1512075435893287 0.0617723057507703 -0.3226119660587377
v -0.1113493205984718 0.0170155695092115 -0.3226888036560726
v -0.0916490920066197 0.0152944073289097 -0.2575081683604895
v -0.1295281647630928 0.0338052830504992 -0.2857210713722322
v -0.1481792108895174 0.1313815807472922 -0.2964410804064709
v -0.1168765051000955 0.1304986469015530 -0.3685166094362391
v -0.1228404997005080 0.0789885843778687 -0.3819818162661702
v -0.1465004258083519 0.0988545959070009 -0.3508160211047268
v -0.1109073879931941 -0.3659392901486634 -0.1312903535635473
v -0.0597377393098238 -0.3716792915107843 -0.0770568871808693
v -0.1062524266419234 -0.3729431535663414 -0.0198559993573583
v -0.1574220753252937 -0.3672026865218124 -0.0740896985812403
v -0.1069584011725883 -0.3922317189094418 -0.0760718291830359
v -0.1358945089640953 -0.3719060788435244 0.2786468899109324
v -0.0927527593137937 -0.3763258705787094 0.2312087543635898
v -0.0502559797986971 -0.3750210284712404 0.2826457047492039
v -0.0933972637665907 -0.3706012367360554 0.3300838402965466
v -0.0923187433094535 -0.3936017565540434 0.2809939292477076
v -0.1371863119641378 -0.3166696256903015 0.2275824854517906
v -0.1433626577426395 -0.3078211942541776 0.3262452202066582
v -0.1562657859060055 -0.3121944177485536 0.2767385234025784
v -0.0478409508303408 -0.3106362444110836 0.3288781885420008
v -0.0516567524822328 -0.3276415689073170 0.2335646416661185
v -0.0276436528360932 -0.2638123439600119 0.2821506843494039
v -0.0333786713964477 -0.3220002922157111 0.2823905107895704
v -0.0945367886191876 -0.3259776856632103 0.2128548136135267
v -0.0962407205503900 -0.3083129548771210 0.3449582020933589
v -0.1643546893345340 -0.2929086464999020 -0.1297194205280955
v -0.1579226839139908 -0.3049972961315180 -0.0182610371096490
v -0.1784699888061591 -0.2983920568551652 -0.0746650026281951
v -0.0617350511581230 -0.2994724400419348 -0.1242334023513469
v -0.1136358212221951 -0.2948202727851126 -0.1463781841762282
v -0.0668249598785500 -0.3194315880526850 -0.0224139928249983
v -0.1122634551655530 -0.3167664876311843 -0.0007071387366851
v -0.0449356514227471 -0.2530215511997435 -0.0725318977896967
v -0.0465659589652304 -0.3131253168823262 -0.0737119370117975
v -0.1110699111536176 0.1918406621072479 -0.1307794999618723
v -0.1317387591542975 0.2148933383549420 -0.2083130130874220
v -0.1264681656595315 0.2110547182650536 -0.2823728148580630
v -0.1365357536400356 0.1740036288301651 -0.2173337470145392
v -0.1522222655565574 0.2665347233177077 -0.1561211915182935
v -0.1969268453684101 0.2438508675372211 -0.1670433067176434
v -0.1496591495824284 0.2180758119318311 -0.1749701526681565
v -0.0992113086315981 0.2331886031215856 -0.1397207884701693
v -0.1519731254682291 0.2346620222607834 -0.1544163282222749
v -0.1765183138338527 0.2456190636407400 -0.2207057533315211
v -0.1455695266745794 0.2635194297253232 -0.2473846984910144
v -0.1468762315116808 0.2321147394885294 -0.2181552107824105
v -0.2143475585726602 0.2881666025383184 -0.1710975377624775
v -0.1945495366751091 0.2900433026429223 -0.2230430133377263
v -0.2115059645184932 0.2681958124673659 -0.1958224795376240
v -0.0429579913720692 0.0986184949260991 -0.0289372719975272
v -0.0399409281865338 0.0897616812066297 0.0558010930730324
v -0.0423950279089288 0.0977094828655069 0.0123957671797517
v -0.0349539352782947 0.0554716227693085 0.1414372938263901
v -0.0330953967876063 0.0487494972085250 0.2412484013996085
v -0.0337514035958831 0.0517638594360935 0.1908028888608186
v -0.0312219564598591 0.0077885382753103 0.3242125164953441
v -0.0323678145932060 0.0333843061535856 0.2872000787003270
v -0.0308166730600981 -0.2520971716196842 -0.0475306200735895
v -0.0234091561310873 -0.2110011647881233 -0.1194872138163314
v -0.0262472575671936 -0.2367263923758476 -0.0825881696876843
v -0.0168165834162345 -0.2119232159561421 0.3267127653443809
v -0.0185615419675897 -0.2566571337597044 0.2441626419094376
v -0.0149531086920204 -0.2389681874883944 0.2862640570600655
v -0.0371953112766742 0.0716932037727260 0.0975942264695045
v -0.0407356617841807 0.1105856014492037 -0.0752522281447970
v -0.0399749230023243 0.1001491930014919 -0.0602992591574990
v -0.0578824605959920 0.1765481175079704 -0.0726437547041199
v -0.0493609382103476 0.1370428817824460 -0.0716951130705992
v -0.0635153550042523 0.1841257016524159 -0.3478738396504122
v -0.0997892205000381 0.2425981818594583 -0.3142422561381308
v -0.0487723156465215 0.3011367889684495 -0.2956508173599416
v -0.0567280339063361 0.2460735696710362 -0.3223018215749496
v -0.0648593144340009 0.1082609148680169 -0.3965725774764555
v -0.0647042421921068 0.1411227253597251 -0.3772951885111493
v -0.0289747128631377 -0.1424168567718081 0.3617157835484884
v -0.0233435880480282 -0.1780979085620950 0.3501323993296502
v -0.0257661145031547 -0.1370186662972253 -0.1802505254934924
v -0.0233781882509493 -0.1787456727917486 -0.1547781634533610
v -0.0357021006351326 -0.0291699269286091 -0.1898105196491782
v -0.0305048055514000 -0.0816983437423053 -0.1883864628452380
v -0.0434928276177609 0.0101881997241996 -0.2213269736639135
v -0.0390457468934618 0.0010193787913097 -0.1997444567785605
v -0.0533686010143727 -0.0017667990562946 -0.2959628245733622
v -0.0477771523404325 0.0031517385379552 -0.2560692097194904
v -0.0715590872391960 0.0358845550026224 -0.3731217427698441
v -0.0640238801938869 0.0095795528168256 -0.3372176291060819
v -0.0700251293869466 0.0717253358588843 -0.3946195054569247
v -0.0381690066237502 0.2787481758346920 -0.1340840754661627
v -0.0600422956047148 0.2259109184479504 -0.1013567074856701
v -0.1075256023456423 0.2737104235439712 -0.2819900239186127
v -0.1146510088718320 0.2438438823010998 -0.2989883631787248
v -0.0926903578711096 0.3811801440006427 -0.1986771126992175
v -0.0725677553351196 0.3900038942691377 -0.2063259462521007
v -0.0848887804883728 0.3860171871734767 -0.2302238360704787
v -0.1050113830243628 0.3771939025873898 -0.2225750025175955
v -0.0923825417993619 0.3923011055882472 -0.2141093620209220
v -0.0953978353917466 0.3070714455771522 -0.2089388902438954
v -0.0922679839269717 0.3241061080650954 -0.2282912540769040
v -0.0757157684138101 0.3204872900718257 -0.2457645893932682
v -0.0910576753483450 0.3074793833666394 -0.2392571434226144
v -0.0886398522855402 0.3129329900477849 -0.2306834646072639
v -0.0878230453417498 0.3087683922722333 -0.1886835682215996
v -0.0584338285671709 0.3156628203240103 -0.1772277809825782
v -0.0478898474831903 0.3291783208540150 -0.1904992639307437
v -0.0738549015110812 0.3299746377718494 -0.1910375927944961
v -0.0676217424787925 0.3189849986233265 -0.1856943528440680
v -0.0625625687972995 0.3379475862807634 -0.2395346901378362
v -0.0424472309068758 0.3324250586032206 -0.2233904124141616
v -0.0530011775943895 0.3270459611073695 -0.2464859314434001
v -0.0573767295008059 0.3275763733701844 -0.2408278901851029
v -0.0445354905294751 0.3438645469579588 -0.2043984867650149
v -0.0325728079892474 0.3331147342496023 -0.2042238558619811
v -0.0389635539484338 0.3334816919871774 -0.2045507649124604
v -0.1147641696969979 0.3020052866595379 -0.2083921790967973
v -0.1134588619071208 0.3024220724147786 -0.1850987450441205
v -0.0991391278583441 0.3044696779631517 -0.1950629515300287
v -0.1164047688207001 0.2864282101089173 -0.2432280173164003
v -0.1656669823605325 0.3045548978438323 -0.1995647033690376
v -0.1490323410611389 0.2939438584930867 -0.2304007953855530
v -0.0846834145464050 0.2947229451618218 -0.1723437038865272
v -0.1529841219761932 0.2950312269159775 -0.1728708563724854
v -0.0232692651356969 0.3277216662815086 -0.1813555898478907
v -0.0367122589147621 0.3100760284741509 -0.1621666805401218
v -0.0782448895721485 0.3121580945207226 -0.2682845249661071
v -0.0235491402629592 0.3354878518012304 -0.2302396692723538
v -0.0417807928126577 0.3275447069664342 -0.2624737398779563
v -0.0188482626262509 0.3352550105971853 -0.2037381491103429
v -0.0983996241942967 0.2961460706009457 -0.2585661987916706
v -0.1008449225191789 0.3484375482054056 -0.2054504633248909
v -0.0902036138119074 0.3559019715246850 -0.2418929058524055
v -0.1017753559705433 0.3503440519841273 -0.2268560208951697
v -0.0590676223245818 0.3674033956396992 -0.2216096428856243
v -0.0733510331455275 0.3630250496388343 -0.2376859309777177
v -0.0647009824152502 0.3642344268526447 -0.1923070430389503
v -0.0559568638385386 0.3687101004768006 -0.2038974124939098
v -0.0843523143542528 0.3560221175859722 -0.1928854205897984
v -0.1019215802466836 -0.2640414597047923 0.1070000797481124
v -0.0729961831505627 -0.2766535363631019 0.1525652406501159
v -0.0495015742975909 -0.2681301512478252 0.1968665394965624
v -0.0827578177889516 -0.2667857261356684 0.1573193923543098
v -0.0298388797078309 -0.2745924260248943 0.1909784511286687
v -0.0226697921717623 -0.2658878904528704 0.2167302226136542
v -0.0314297905185898 -0.2643283200681759 0.0132889460384689
v -0.0604311404154702 -0.2581380038174316 0.0097544165610635
v -0.0297271624981300 -0.2575451901119326 -0.0186205439286947
v -0.0745874199390073 -0.2701838106675034 0.0576810529544929
v -0.0898478324521264 -0.2602610499159153 0.0547542390196454
v -0.0498145128758275 -0.2919754189540890 0.1052379375158987
v -0.0425519628804553 -0.2868720054438274 0.1527841113819184
v -0.0422309679965586 -0.2800693168264443 0.0560502331613607
v -0.0709211023401123 -0.0783745821228016 0.3575674846572199
v -0.0511058501934619 -0.0697160559726970 0.3661639819105669
v -0.0693578064961532 -0.0592575276106010 0.3542825609505510
v -0.0619967646714698 -0.0679464162537131 0.3609250548195511
v -0.1000853945115836 -0.0725103832624429 0.3389271492261814
v -0.0601400889104138 -0.1078599623146511 0.3594744541183498
v -0.0945083819922941 -0.1032660053588403 0.3448841585904725
v -0.0581064538342834 -0.0296209403408446 0.3430782422118984
v -0.0882146842469537 -0.0422750215523639 0.3342069923377781
v -0.0252071093404831 -0.0507655080682388 0.3683135719063118
v -0.0292225490407234 -0.0229197704884252 0.3494254934341692
v -0.0253673040888662 -0.0858265717217850 0.3721610399619538
v -0.0294091479816451 -0.1078171195331068 0.3676201708006653
v -0.0334211416320655 -0.0826314315833959 0.3748037876278663
v -0.0245857027351274 -0.0842994128326937 0.3862390848409317
v -0.0333571568691939 -0.0706118892211404 0.3797009038313438
v -0.0376875375820256 -0.0765028182517235 0.3759069892526322
v -0.0138409659650191 -0.0809057057154948 0.3960836109479606
v -0.0189513181431613 -0.0688992955971475 0.3857454614883559
v -0.0138581030776368 -0.0927894085193104 0.3864998669894623
v -0.0189910874208122 -0.0861455176030861 0.3785739524037653
v -0.0122971822139589 -0.0901615161222160 0.3943466155657838
v 0.1458149413036430 -0.2389467660976222 0.1090895967132136
v 0.1348793213144585 -0.2423481104063138 0.0805623580760099
v 0.1480022515744431 -0.2332388968216594 0.0537581443487403
v 0.1589369401988115 -0.2255649164187393 0.0820469535930018
v 0.1477554398981553 -0.2355077015138753 0.0812161761769686
v 0.1114610843764134 -0.2516645526625683 0.0800026078214853
v 0.1171396156606666 -0.2472149572532655 0.0522898477160315
v 0.1218374197934815 -0.2494437132583857 0.1083435734954529
v 0.1221633974791447 -0.2473215985247182 0.0801399841318720
v 0.0977467374581541 -0.2636009241467389 0.0057150873532882
v 0.1279909471339867 -0.2455007803090851 0.0291575397765539
v 0.0907228496969281 -0.2541848258551530 0.0229639637489529
v 0.1076708952569665 -0.2511876938766838 0.0258176655457303
v 0.1631210966355028 -0.2202137598673737 0.0254902908128428
v 0.1455234241161785 -0.2472824812024386 0.0085543529954148
v 0.1474355160837973 -0.2350983666771640 0.0280124267350599
v 0.1528192704037292 -0.2310376160786165 0.1364624086607615
v 0.1356821577860061 -0.2429977373655997 0.1614844558122695
v 0.1280743042850349 -0.2469886356029336 0.1359892753341417
v 0.1413001503572075 -0.2405962131870781 0.1360814804509436
v 0.1256364568786822 -0.2626094862999147 0.2020863736088466
v 0.1101636931874738 -0.2573635739727774 0.1836793450642613
v 0.1467416492957427 -0.2356865235585820 0.1872511291343139
v 0.1304325199996042 -0.2486925675341360 0.1845916169017102
v 0.0727018718686496 -0.2640219010436525 0.1889476101469869
v 0.1038420544976480 -0.2551250386370874 0.1621992783086881
v 0.0763770374332983 -0.2754343798187215 0.2055338204759391
v 0.0890119325296043 -0.2618494926099112 0.1867724076187971
v 0.1049643491011456 -0.2554845454561330 0.1354323191740657
v 0.1152573273671656 -0.2515173970216118 0.1358765801913839
v 0.1401112631693530 -0.2068742872876270 -0.1399354680602989
v 0.1096495798089422 -0.1761327287999539 -0.1458822324116120
v 0.1320372615778833 -0.1427381776333904 -0.1408528624042368
v 0.1581080255124108 -0.1702595422691190 -0.1258872734236796
v 0.1364053625657704 -0.1716626433646951 -0.1398693411583501
v 0.0556388027538129 -0.1882320891269561 -0.1415290332607839
v 0.0806124189348796 -0.1578239592434757 -0.1549201965878286
v 0.0821384601861915 -0.2130874219763678 -0.1380075428908051
v 0.0812764820488163 -0.1822252517449993 -0.1450956948243475
v 0.0801038937452450 -0.1164122197392295 -0.1676677868268925
v 0.1043347464854076 -0.1266311545023631 -0.1546347332716692
v 0.0573315583072212 -0.1466056700325803 -0.1676878111704403
v 0.0799208805588655 -0.1366451890059369 -0.1630272616302726
v 0.1483184499295364 -0.1157174215863588 -0.1232864371744953
v 0.1252592541281290 -0.0988792770746297 -0.1410973456684842
v 0.1279932755460272 -0.1188826649141485 -0.1416682723008029
v 0.1433407706694592 -0.0519785017716305 -0.1032674024060646
v 0.1256774369305941 -0.0653441363890637 -0.1317551977433031
v 0.1082534639494874 -0.0476621101583379 -0.1382455066013392
v 0.1272621541653254 -0.0309016135313337 -0.1089209265450033
v 0.1268248783841286 -0.0489515661190436 -0.1222165784101486
v 0.1037549718873351 -0.0872136533425228 -0.1543981666083594
v 0.1435493963882837 -0.0799000645552238 -0.1173313371080773
v 0.1248215126645242 -0.0815098355035104 -0.1379209259629003
v 0.0614533133012284 -0.1022484892971630 -0.1763346021238611
v 0.0851653958387784 -0.0717803795195205 -0.1618313892062967
v 0.0820616225888566 -0.0948478178995511 -0.1670931347353091
v 0.0926950146951905 -0.0214518464016429 -0.1378580588378081
v 0.0693470958007671 -0.0477989881885478 -0.1655070204533535
v 0.0887860765616805 -0.0470379280858299 -0.1524115654554461
v 0.1436676797199386 -0.2088674079942535 0.3191598623675643
v 0.1225233699805985 -0.1851800066243323 0.3308820199440134
v 0.0997216965508650 -0.2063494632137093 0.3398817981627665
v 0.1252080290632391 -0.2350685630030462 0.3351546560382419
v 0.1243348745480698 -0.2073935231726477 0.3326120300900688
v 0.1179396580377657 -0.1479216885178435 0.3296270058542100
v 0.1002223051395621 -0.1644603992411706 0.3402082415308378
v 0.1368631283729231 -0.1681439470891648 0.3153105315822899
v 0.1202368693568752 -0.1661238168028691 0.3299064152990642
v 0.0589814710790851 -0.1624509796502609 0.3515802059364030
v 0.0767449265356896 -0.1828446093477594 0.3447048708633578
v 0.0800987712387560 -0.1448588953198336 0.3491195400920538
v 0.0791450536669870 -0.1633562662515884 0.3470682090844160
v 0.0697280240105850 -0.2336938685343636 0.3400848356926939
v 0.0488519473383049 -0.2034650263779979 0.3412220321332504
v 0.0729864038199928 -0.2053985397363889 0.3418493063369480
v 0.1669271189568249 -0.1436830472394056 -0.1009421104377473
v 0.1773788949240035 -0.1796015970578186 -0.0732865361320070
v 0.1750905315706478 -0.2092054934225271 -0.1042068235279052
v 0.1713222295243811 -0.1733661096134894 -0.1027667006808859
v 0.1595553664367554 -0.0999764248280904 -0.0957952953270517
v 0.1721176150773994 -0.1279332025153836 -0.0695914859285329
v 0.1627299234127070 -0.1194540572288754 -0.0986470412577150
v 0.1793738783602624 -0.1504820103975240 -0.0055977353864495
v 0.1780084975397417 -0.1611135397742255 -0.0394751992102026
v 0.1765052747264262 -0.1202703984902577 -0.0359886350208306
v 0.1773691155934337 -0.1389954881195686 -0.0379612657015011
v 0.1765755927700478 -0.2200428544236046 -0.0408415113955396
v 0.1749084497490845 -0.1953891620568959 -0.0065691488897258
v 0.1776108047632325 -0.1875861876269349 -0.0402258792520442
v 0.1693821966122769 -0.2059471136131192 0.0543118407319596
v 0.1713548272929474 -0.1937620677230284 0.0840023540245729
v 0.1636426609325640 -0.2155001225326837 0.1107246076480186
v 0.1665699405498196 -0.2112833683274260 0.0830006711647707
v 0.1767381159304713 -0.1802377192272699 0.0249761774343111
v 0.1721637176358003 -0.2010793354013513 0.0246990964014974
v 0.1799387511212760 -0.1410109615817834 0.0265618260338586
v 0.1769961039845533 -0.1681425500419406 0.0558388133480877
v 0.1790199597301138 -0.1602334000229349 0.0256579364797553
v 0.1706972837327239 -0.1780038407156607 0.1131098329422571
v 0.1751841337346740 -0.1534009077314340 0.0858534415967319
v 0.1739924524523709 -0.1741018878182721 0.0849784243519302
v 0.1692899914954751 -0.0934881184044091 0.1168031601208213
v 0.1748073966665289 -0.1122248035256815 0.0873752917063710
v 0.1751995012541410 -0.0893416822427731 0.0600634841542829
v 0.1672465770887748 -0.0716539001774832 0.0905619564249329
v 0.1721879331210210 -0.0918405340445856 0.0886126098646669
v 0.1786511392629063 -0.1285222907616178 0.0573574036808702
v 0.1723700149425843 -0.1355377962394981 0.1150200621802436
v 0.1756311888464407 -0.1327600006752395 0.0865542936209078
v 0.1799531872759268 -0.1144381920113347 -0.0029261154112354
v 0.1797506154284075 -0.1042327620380358 0.0289298210789978
v 0.1804258549201384 -0.1225177817917014 0.0275052985926496
v 0.1719895524151745 -0.0662104919410749 0.0349883492082526
v 0.1769933098901048 -0.0803723596535090 0.0023728847104241
v 0.1771823769477895 -0.0856370855499331 0.0312768604157729
v 0.1541464652667865 -0.0424998530189900 -0.0703524575515933
v 0.1666975375296363 -0.0652803378991553 -0.0544289598575943
v 0.1576274412672616 -0.0711626052369480 -0.0874028694185781
v 0.1566397288797020 -0.0578151229197821 -0.0803403672720732
v 0.1755529542018815 -0.0887422558470792 -0.0309266672448890
v 0.1690534248321652 -0.0559563515878897 -0.0200073461399876
v 0.1734904468164496 -0.0731930736727033 -0.0265264341708437
v 0.1690534248321652 -0.0932935097260681 -0.0640656984741334
v 0.1762286593760205 -0.1039771023959942 -0.0338618634630821
v 0.1582267745264738 -0.0845479009656507 -0.0923008890459273
v 0.1568613937059530 -0.2384531427450465 0.3006010213579416
v 0.1587562554244724 -0.2137617301032826 0.2731760529806876
v 0.1512201170143471 -0.1891094347837982 0.2969305126173739
v 0.1545618539748031 -0.2111073403771679 0.2986437581967381
v 0.1558713529063530 -0.2182788494617585 0.2161374089081552
v 0.1586468200585712 -0.1942882888441705 0.2456043946448852
v 0.1564380883969989 -0.2436655259388012 0.2449342776596433
v 0.1579888108159396 -0.2164766585424490 0.2448681507576944
v 0.1577196463840634 -0.1561102479817034 0.2468333305198355
v 0.1543951396727068 -0.1725520967641476 0.2720747140855541
v 0.1604783489695904 -0.1768196103518871 0.2194297835333537
v 0.1581545937532198 -0.1747505834127419 0.2462298061189505
v 0.1451615888850923 -0.1525920173885811 0.2946598451955256
v 0.1477736015120708 -0.1703182182525384 0.2955674602088935
v 0.1317797392062094 -0.0938994556754753 0.3127450871961204
v 0.1442465229531949 -0.1145522842013169 0.2941233790614055
v 0.1528136822148321 -0.0962604654844931 0.2721482919060323
v 0.1417052940522461 -0.0768726166519880 0.2928660365595617
v 0.1439256677740207 -0.0955218000487802 0.2936800494089036
v 0.1527731678453283 -0.1354693409255089 0.2718963577232555
v 0.1323706901820760 -0.1314360655890388 0.3139470134914015
v 0.1443219635033055 -0.1337896244795272 0.2943143088487226
v 0.1624724010410331 -0.1373623399143959 0.2219440028546332
v 0.1593849266753943 -0.1165952329256090 0.2481502803699149
v 0.1585485610704642 -0.1366139882845949 0.2475029818226694
v 0.1560487779038354 -0.0763173835168219 0.2490234348850842
v 0.1629231816120645 -0.0961658853874099 0.2238328107018475
v 0.1589709350146021 -0.0963852683698613 0.2486867465040349
v 0.1634019031275813 -0.0741305389284299 0.1456959594483759
v 0.1665280291330914 -0.0953983010741547 0.1716526311929212
v 0.1696010673440794 -0.1157476909428846 0.1435729133498923
v 0.1676475296421406 -0.0946388196348002 0.1445145231790508
v 0.1661037924593212 -0.1168494955204263 0.1971408264349276
v 0.1616989025611950 -0.0752359758287546 0.1990622320507082
v 0.1651980401755856 -0.0958720863561458 0.1981229506335901
v 0.1639481485922712 -0.1585625315427069 0.1947011162989425
v 0.1676866469644201 -0.1378606200910525 0.1696446086492358
v 0.1653694113017628 -0.1378522378077069 0.1960287768444079
v 0.1690673953044079 -0.1585928008992327 0.1416412627211337
v 0.1698711631407717 -0.1371634935261414 0.1426792688087670
v 0.1652297065793357 -0.1995635391630174 0.1387889579715806
v 0.1577769253202586 -0.2173861362854494 0.1635399779615800
v 0.1605156035622376 -0.2170112619469367 0.1374431358121996
v 0.1651989715404018 -0.1797999777636650 0.1668025489126607
v 0.1678002734719942 -0.1797417674626537 0.1402661025700430
v 0.1605863872882673 -0.1984459013836007 0.1912639144448280
v 0.1627923248553911 -0.1786641783703328 0.1930721592354427
v 0.1560147830880448 -0.2181954923107103 0.1893993220828345
v 0.1178660802172874 0.0442416914982109 -0.0335139987042387
v 0.1070510719717983 0.0647829425190741 -0.0150026573002412
v 0.1166697421109034 0.0519254512317009 0.0046877919610410
v 0.1257440295149510 0.0350961546857255 -0.0179942010898132
v 0.1169309899418421 0.0508720776246006 -0.0144843527800367
v 0.0809994010160026 0.0872521187094311 -0.0178125849506580
v 0.0936152031335769 0.0798002688151701 0.0067805687029988
v 0.0970691695543827 0.0682620557899167 -0.0420496778350890
v 0.0953447475972243 0.0771570554668495 -0.0171182524801954
v 0.0899931253634506 0.0728778998189078 0.0507260861896643
v 0.1044721227957942 0.0652537474336534 0.0274596617166567
v 0.0773600929967769 0.0875338565663257 0.0305657633786190
v 0.0918204631327969 0.0782271936406411 0.0292404312451940
v 0.1275210735842236 0.0300542112533318 0.0188654928753502
v 0.1153364933765409 0.0432078765522504 0.0444021190877980
v 0.1161076634443385 0.0490507937265594 0.0243069918138854
v 0.1252904548494711 0.0033799229179194 0.1049655133071659
v 0.1134593275895289 0.0268586985690162 0.0862986339788662
v 0.0989481980710271 0.0328422518305685 0.1115768064548239
v 0.1112673604946479 0.0133497175927246 0.1317450458668067
v 0.1123929148750021 0.0190696946112978 0.1084828125354719
v 0.1016775626648443 0.0512464862807052 0.0688089997782188
v 0.1270432834335230 0.0170900786945059 0.0600779203089337
v 0.1144470399770884 0.0353578681990722 0.0650020460920806
v 0.0733468420038547 0.0736295112255655 0.0738844723439950
v 0.0863975914905854 0.0540503600598169 0.0926887279826813
v 0.0881662532765123 0.0641919915432075 0.0717022845796838
v 0.0832635488841377 0.0369248895022961 0.1367730188269577
v 0.0695696919918343 0.0531837250983609 0.1163263013349368
v 0.0847444189418648 0.0443343622974209 0.1142055836484936
v 0.1098339900425459 -0.0148324969483250 0.2866626812013908
v 0.1013795259236665 0.0017179024034451 0.2726484348123213
v 0.0878398099084410 0.0018054506961661 0.2940796049150450
v 0.0987302587040408 -0.0152980862199337 0.3032316612812437
v 0.0993412340234553 -0.0055455789567433 0.2895648139686096
v 0.1056232897085934 0.0101816801704863 0.2302573652038613
v 0.0908150548137300 0.0176004666137729 0.2552645105183104
v 0.1160052133145586 -0.0057249598203397 0.2506123432614883
v 0.1035524000398159 0.0070359955038363 0.2526338705950082
v 0.0635386391246568 0.0331509992671323 0.2609411790729312
v 0.0763570130897504 0.0186128601689612 0.2792513456766337
v 0.0787645911395773 0.0309287628157254 0.2352383042407951
v 0.0775561452905829 0.0262216450347486 0.2581512757660621
v 0.0745087196120400 -0.0044861049100971 0.3144881364496024
v 0.0617355168405311 0.0138438066277085 0.3017372864336819
v 0.0752975856113450 0.0083082398427391 0.2981571200802837
v 0.0964158171358320 0.0233320856925483 0.1586726654322203
v 0.1088234592169900 0.0107363079185219 0.1813560555302988
v 0.1231273600638917 -0.0030097054034876 0.1538388820362429
v 0.1101026887920140 0.0110576287801042 0.1562776608074118
v 0.0668431214924656 0.0420618321459402 0.1628768462124595
v 0.0809053331695684 0.0328459772898332 0.1858675866998776
v 0.0820136573008233 0.0337037642855355 0.1609102694030941
v 0.0938811077885965 0.0226950321582808 0.2085612218109341
v 0.0651294102306933 0.0405097126797752 0.2130606452379026
v 0.0798519595624681 0.0325293132523318 0.2108933593106504
v 0.1204138286719495 -0.0028443881486156 0.2041744935267235
v 0.1073556282666893 0.0109300318002874 0.2062570252557034
v 0.1617873822187322 -0.0490074154102458 0.0668517366170152
v 0.1494509895460121 -0.0323384766014964 0.0971364606623518
v 0.1573242820195948 -0.0535458211115956 0.1203805323797710
v 0.1594585044958726 -0.0517105434571913 0.0935190397163063
v 0.1635546469574349 -0.0409848018725090 0.0146082243005887
v 0.1524779251985990 -0.0240965965019102 0.0470476608481590
v 0.1634424174970852 -0.0454332330757916 0.0405057543793065
v 0.1391198253225288 -0.0088536936473352 0.0770255001865640
v 0.1402681981408794 0.0030749009406203 0.0315441621180167
v 0.1400320971599776 -0.0029915437895721 0.0538321878516266
v 0.1365529838891350 -0.0173826203832683 0.1259016630100896
v 0.1378522378077069 -0.0138657402691295 0.1010677515514501
v 0.1528006431074056 -0.0557262113418115 0.2251865494621660
v 0.1398397703254363 -0.0380983626024429 0.2491440466287796
v 0.1438888788637815 -0.0578691420791206 0.2713221713140802
v 0.1493620442060668 -0.0567239359011449 0.2490714001731175
v 0.1244960006612690 -0.0237808172609841 0.2699949764510228
v 0.1312567778619240 -0.0190825474457611 0.2268173692552982
v 0.1284109926660842 -0.0209341938368098 0.2495533814654910
v 0.1118429439510475 -0.0291877625648390 0.3019021380061459
v 0.1280105057951265 -0.0419632006119067 0.2897529496614780
v 0.1193506757342793 -0.0271429045426737 0.2874226748913942
v 0.1250399177139185 -0.0590736761958870 0.3094159236606829
v 0.1359312978743345 -0.0587797374599004 0.2915621258169089
v 0.0846391747176364 0.0125138176702026 -0.1280156748698563
v 0.0992066518075172 0.0286818451966897 -0.0929397494279383
v 0.1114927507801636 -0.0029039954968511 -0.1048498843652370
v 0.0966616974473037 0.0041464361616360 -0.1171953578449150
v 0.1101446002087422 0.0406773583466878 -0.0601343144485534
v 0.0886161024827276 0.0598979340582068 -0.0764428849258022
v 0.0988494734005119 0.0510783749313846 -0.0676073528923825
v 0.1288021658888800 0.0219536657646010 -0.0428164239200097
v 0.1235352978533788 0.0116145849401802 -0.0720362254345253
v 0.1204478234877401 0.0303862428103002 -0.0527054226970113
v 0.1389093368740719 -0.0165079291161523 -0.0758451815550183
v 0.1259861843671580 -0.0097637302092253 -0.0914844499912393
v 0.1448798510281977 -0.0362955197277621 0.2011610626639712
v 0.1345230742722694 -0.0188986960310470 0.1771989086732766
v 0.1331940166795797 -0.0187052981269671 0.2025068848233521
v 0.1555840268605613 -0.0549710421215559 0.1739740579972514
v 0.1546540590916050 -0.0552581073851991 0.2000438905669625
v 0.1467761097939414 -0.0359936178225971 0.1492644837415719
v 0.1562536781633952 -0.0545164708957227 0.1473095489924088
v 0.1355429187459871 -0.0187590378768608 0.1514713526735119
v 0.1564460049979365 -0.0296646679189643 -0.0347215131884168
v 0.1510780838798796 -0.0136551121159503 -0.0001399375636311
v 0.1612551072262850 -0.0356588853076618 -0.0107132566393214
v 0.1421206827602627 -0.0024890724712427 -0.0417407441255619
v 0.1490300126490984 -0.0232113342441305 -0.0566782524569113
v 0.1375607206202424 0.0135103780235158 -0.0097497597369826
v 0.1342497186987204 0.0171282646519693 -0.0279630643998023
v 0.1395058760388356 0.0087008101127592 0.0102177705571133
v 0.0694025120073298 0.0050405463851694 -0.1596417505234561
v 0.0777847953529553 0.0343668960346561 -0.1456857144353979
v 0.0825720105081235 0.0448857302685998 -0.1122599159792515
v 0.0785722643050360 0.0233251004564270 -0.1368056165955240
v 0.0907712806673695 0.0525876516160053 -0.1690704222400605
v 0.0825021581469100 0.0603901603635583 -0.1319876664014217
v 0.0745361948741173 0.0278468766389838 -0.1796991575223135
v 0.0816005970048472 0.0434248845544205 -0.1567759409840684
v 0.0697224358216879 0.0895828591619230 -0.0906896884526480
v 0.0779673428569266 0.0701224570102374 -0.0997289611964313
v 0.0834409738816201 0.0847849333113687 -0.1168955049423456
v 0.0784940296604768 0.0763388514758349 -0.1093237418280014
v 0.0743531816877378 0.0823494143170564 -0.0674155383084901
v 0.0814986125574754 0.0654442115385623 -0.0879594018076627
v 0.1085496379610329 0.0476900697301196 -0.2129782194516706
v 0.1230426058656192 0.0772390155706734 -0.1947728313897884
v 0.1016072446212227 0.0808257014777849 -0.1506936630520010
v 0.1060475263823637 0.0639433171372873 -0.1815614214722666
v 0.1465218471991241 0.1095322278421034 -0.2247236611485242
v 0.1286307947627028 0.1100794046716095 -0.1708265106009690
v 0.1427959222519936 0.0746069786001471 -0.2459788033009898
v 0.1373693251505173 0.0922228127333869 -0.2092285447017275
v 0.0999028470076122 0.1393992347673829 -0.1032671229966197
v 0.1050211623549327 0.1100528607743484 -0.1278511492750780
v 0.1244405844547063 0.1438879474989653 -0.1427267684143922
v 0.1163316566826299 0.1260942226858350 -0.1340861710369991
v 0.0806855310729497 0.1086260098759597 -0.0996017367625410
v 0.0931704764338507 0.0961527065752610 -0.1225961095727422
v 0.0897211668371258 0.0239351444110253 -0.2322109029058000
v 0.1118806642261028 0.0236003187596083 -0.2690221659005221
v 0.1302965407364418 0.0459563341247994 -0.2593974418901118
v 0.1111704985537651 0.0342518724798578 -0.2427232175860305
v 0.0994050325133636 0.0097742080634073 -0.3050934595487887
v 0.1237388010657142 0.0241740394863756 -0.3070046201515914
v 0.0910180923436573 0.0093443832007400 -0.2782068200352871
v 0.1086488283139561 0.0157060705776616 -0.2901022114675457
v 0.1423996265227087 0.0512865349678010 -0.3434344892540874
v 0.1431503065645503 0.0464667220440664 -0.3043725831810650
v 0.1208036048475210 0.0285784637020937 -0.3412369339703093
v 0.1354674781958765 0.0361811946965759 -0.3255997843890451
v 0.1540412210425582 0.0749930293164539 -0.2959563050196489
v 0.1451578634258276 0.0593153653656859 -0.2777625590179690
v 0.1521617268435057 0.0799092384986632 -0.3380754161017842
v 0.1494877784562512 0.1137308204334456 -0.3266587461850424
v 0.1534614464444857 0.1102852362959854 -0.2798758257858827
v 0.1552329023248612 0.0936538547734484 -0.3121164159451985
v 0.1269059071231363 0.0610747135034510 -0.3723515040668627
v 0.1380543439728181 0.0872479275677583 -0.3690605264888885
v 0.1431018755941089 0.0690495247419974 -0.3580541227736743
v 0.1120189719013056 0.1160615608859375 -0.3809307710711103
v 0.1347116756475459 0.1165859192774472 -0.3608868688620877
v 0.1148582375434322 0.0951836214840251 -0.3866945222360440
v 0.1277390129512099 0.1036585756288604 -0.3760555419408130
v 0.1374904025766208 0.1528979707306965 -0.3139782142127436
v 0.1192035200933228 0.1495390035211411 -0.3509696962993966
v 0.1375621176674667 0.1336564393108133 -0.3400005471768295
v 0.1560254937834309 -0.3613234461196723 -0.1006989310842425
v 0.1342622921237388 -0.3855668722848533 -0.0749028266340068
v 0.1088146112512363 -0.3850327345627737 -0.1068804925057148
v 0.1345412358861849 -0.3607688183716367 -0.1272447376432628
v 0.1343600854294378 -0.3787665120795107 -0.1038637552978650
v 0.1285991283589527 -0.3669148947936126 -0.0227651173606984
v 0.1059157382608741 -0.3879935433134119 -0.0450130012707309
v 0.1522986374714843 -0.3643950872834359 -0.0478549213025835
v 0.1309317315410770 -0.3814567593510483 -0.0460884482239746
v 0.0636266530997859 -0.3700088887129644 -0.0518221163053456
v 0.0804680573883716 -0.3874594055913323 -0.0769906205741981
v 0.0851109109970319 -0.3705635164610001 -0.0252765425875294
v 0.0820490491638381 -0.3839933314279161 -0.0485516287533274
v 0.0872889076196702 -0.3623609865248975 -0.1266318064577344
v 0.0635898641895467 -0.3648812597174822 -0.1015419093793676
v 0.0836519280124849 -0.3803060581206572 -0.1048121640901817
v 0.1146044406310230 -0.3663225467705216 0.3257273813688618
v 0.0926223682395284 -0.3873387938476369 0.3082279678376445
v 0.1157882053123885 -0.3878901618188159 0.2798050420598531
v 0.1342175866125621 -0.3668953361324727 0.3019175055256129
v 0.1149448544713370 -0.3820193037000214 0.3052019635498737
v 0.0526374796336709 -0.3691008080171884 0.3049844898652956
v 0.0692288124691122 -0.3892071116688952 0.2820081855325283
v 0.0725253782359834 -0.3671603094226761 0.3269442095012018
v 0.0707040943379422 -0.3829599821643638 0.3069315080135211
v 0.0735666441004733 -0.3740100319632764 0.2360732727985010
v 0.0923951152243803 -0.3897589453224822 0.2535852597547368
v 0.0539534981189341 -0.3734372426013253 0.2598831486417500
v 0.0712712955109962 -0.3860441967531459 0.2567565569538317
v 0.1320614770631041 -0.3692610027655714 0.2555383317742675
v 0.1121735784607916 -0.3712015013600837 0.2335781464559532
v 0.1138286137391445 -0.3841479379874022 0.2544081205698323
v 0.1594911022644389 -0.2756141332282444 0.2753880444191166
v 0.1503315949797108 -0.3140482994151611 0.2496767873036349
v 0.1415255406427232 -0.2824349834595430 0.2230201948997299
v 0.1542512438086069 -0.2782051901468588 0.2467141158233644
v 0.1460100622326328 -0.2714965693759099 0.3249762356446122
v 0.1542950179549674 -0.3097207127967780 0.3037136425736172
v 0.1571789891082706 -0.2732885152822414 0.3026961265119398
v 0.1488935677035280 -0.3454827933260726 0.2777248387429137
v 0.1370023674129421 -0.3387397120569251 0.3233808077144948
v 0.1469875296072144 -0.3418593185087220 0.3024376727754498
v 0.1317089554801797 -0.3450678703004641 0.2332898890453453
v 0.1435819941568500 -0.3451475019922476 0.2532895514255994
v 0.0295573746921403 -0.2515597741207480 0.3082135316829937
v 0.0304820336816444 -0.2907297185124474 0.2819169117805426
v 0.0360773009513310 -0.3160139448597103 0.3079485583927904
v 0.0451336595826671 -0.2734529011722973 0.3294467867622791
v 0.0329346432203336 -0.2816223676574254 0.3084431131101823
v 0.0496808620247056 -0.2994649891234053 0.2295015626555307
v 0.0387752785508429 -0.3257797706397720 0.2561446502696011
v 0.0325772785403651 -0.2713303207562217 0.2539117031228080
v 0.0360280317525550 -0.2965884688886315 0.2538018020744988
v 0.0391379985785045 -0.3513578425865399 0.2827029836853990
v 0.0554455445544555 -0.3521071255811571 0.2384137925815628
v 0.0439359709972996 -0.3523725645537686 0.2589252399283082
v 0.0525313040446264 -0.3411212118918988 0.3254842951518387
v 0.0418700175620478 -0.3459796764555050 0.3060597505455761
v 0.1175247350121572 -0.3214438017380432 0.2155115317516819
v 0.0969955917339044 -0.2965377095061497 0.2082426950438004
v 0.1213805853511449 -0.2896772762701634 0.2106526015056677
v 0.0932948136368108 -0.3538194397957052 0.2190707423967161
v 0.1139305981865163 -0.3494597210911637 0.2218829984591734
v 0.0714123972806476 -0.3278753414761784 0.2190032184475429
v 0.0728494931920143 -0.3536457402574875 0.2248549835876057
v 0.0715497735910342 -0.2996242525069721 0.2144204378695263
v 0.0696395443530478 -0.3086822410267366 0.3412364682879012
v 0.0975101707948442 -0.2701893988564004 0.3437986528972141
v 0.0688269285509302 -0.2704064068585705 0.3409952448005104
v 0.0947365663722584 -0.3430216617993153 0.3413570800315966
v 0.0715213669641407 -0.3416674573565888 0.3374663035120021
v 0.1224130032498811 -0.3076889404502801 0.3399772630564251
v 0.1180742402537038 -0.3405861428050032 0.3365079291161523
v 0.1246790138476485 -0.2705083913059423 0.3385681080895438
v 0.1623187258463633 -0.2665961933955757 -0.0145895970042651
v 0.1720868800384654 -0.3012266656732109 -0.0437389407704366
v 0.1804221294608737 -0.2555441528043686 -0.0746848872670205
v 0.1753033484311451 -0.2601120315453264 -0.0419512791422596
v 0.1714810272255399 -0.3368779137893800 -0.0742385306788660
v 0.1516066334130621 -0.3370860738257964 -0.0234953073765840
v 0.1652175988367253 -0.3368197034883688 -0.0463892790596009
v 0.1586775550975052 -0.3289254553064219 -0.1256729663794765
v 0.1762398357538147 -0.2951211036207390 -0.1050885000311425
v 0.1695489109143732 -0.3325181950848387 -0.1023229053459758
v 0.1650588011355666 -0.2497370931754825 -0.1293935825471547
v 0.1774082329157133 -0.2519039134203267 -0.1053486302243018
v 0.1134020486533338 -0.2510368127764626 -0.1448772897749532
v 0.0850806416405060 -0.2963030055724721 -0.1396965729849486
v 0.0591602931237918 -0.2591662305744949 -0.1227650591503974
v 0.0834218809028884 -0.2536474283562168 -0.1381090616557688
v 0.1417737493662354 -0.2932485946578079 -0.1432678913725931
v 0.1421686480482959 -0.2495908688993422 -0.1422708653368717
v 0.1126592852124298 -0.3344950169071820 -0.1431528678177948
v 0.1381218679219912 -0.3312855337506236 -0.1393193702343954
v 0.0658083751816889 -0.3332646839850074 -0.1225129852628981
v 0.0870672427934192 -0.3334500255834273 -0.1370654673792384
v 0.0689745498742949 -0.2891859813296281 -0.0186815483241545
v 0.0877978984917129 -0.3193766375285303 -0.0070371597098566
v 0.1169468231437172 -0.2846139114469975 0.0032823624534245
v 0.0913561777719309 -0.2888162294976044 -0.0030267028113829
v 0.1085338047591578 -0.3477050297774795 -0.0067535591233296
v 0.0676343159038110 -0.3462856297976203 -0.0277199781827792
v 0.0863719789581404 -0.3478251758387668 -0.0129462037861144
v 0.1368100405784008 -0.3110753829219127 -0.0041829922306711
v 0.1314952072548662 -0.3424200001280627 -0.0102769122229408
v 0.1417337006791396 -0.2759852821074923 -0.0000416785755241
v 0.0492282187240419 -0.3061051545803649 -0.1010012521035748
v 0.0464725896424083 -0.2798280933390536 -0.0720756687344906
v 0.0444121778278128 -0.2393803164195543 -0.0985028659841703
v 0.0475494336428763 -0.2693353373199629 -0.0996434619063059
v 0.0497120627460477 -0.3453216672128733 -0.0756681756717032
v 0.0533448512115601 -0.3390503222231213 -0.1009528211331334
v 0.0527562286477340 -0.3174575603247903 -0.0460775046873845
v 0.0549449359657584 -0.3465925145045518 -0.0499423426968483
v 0.0523962561462802 -0.2609451373733999 -0.0449275019806055
v 0.0538137933965070 -0.2863178433781999 -0.0433930318777071
v 0.1262856181555601 0.1943423080035089 -0.3027515427185026
v 0.1328838721957915 0.1920576701094179 -0.2568687864141815
v 0.1437366007163360 0.1513137191783733 -0.2600140053984233
v 0.1356956625758408 0.1723378828564261 -0.2834015072975344
v 0.1294853219815485 0.2292712827047300 -0.2375695103756951
v 0.1315911378309329 0.1990568767030151 -0.2094297195020225
v 0.1243372029601102 0.2298142683925633 -0.2692717716712585
v 0.1297600746023218 0.2121392925934960 -0.2429770144984397
v 0.1150272802575690 0.2031814257914709 -0.1416417284035418
v 0.1262995886278028 0.1814466307586723 -0.1667247799505096
v 0.1294014991480923 0.2088394670497681 -0.1774298871476895
v 0.1265096113938515 0.1969808645277486 -0.1725313738969876
v 0.1390103899566275 0.1485950652799421 -0.1985332168351176
v 0.1095913695079309 0.1756088360908523 -0.1186591373582652
v 0.1266865707089258 0.1630442590381679 -0.1551982089854585
v 0.1479948006559137 0.1298038487486823 -0.2410537461530267
v 0.0897025395408022 0.2510703419098451 -0.1470715852818747
v 0.1246534013152036 0.2337041135473416 -0.1488295363724156
v 0.1520229534858948 0.2500146398907044 -0.1529997223368642
v 0.1175210095528925 0.2671787620880967 -0.1585068824949401
v 0.1202000804466360 0.2500807667926532 -0.1518662513555724
v 0.1348015523523074 0.2145133415099403 -0.1641598012467482
v 0.1510422263344566 0.2231936615967435 -0.1614825930826371
v 0.1113362814910452 0.2191156807490968 -0.1406554130632065
v 0.1300935032065145 0.2210952966658886 -0.1523095810080743
v 0.1870101384881272 0.2348366531638172 -0.1778001046621213
v 0.1771087991273112 0.2375627579807778 -0.1594768989509922
v 0.1650751000198497 0.2238917195264709 -0.1828313373991288
v 0.1712975483567523 0.2277354621228482 -0.1685702793337715
v 0.1810023697413542 0.2663586953674496 -0.1559749672421531
v 0.2004059586392527 0.2560536093588194 -0.1603938276125220
v 0.1791908651738829 0.2512249484693311 -0.1554212708589338
v 0.1371150625557000 0.2251192583541969 -0.2123905282526607
v 0.1482541857572200 0.2217742616168843 -0.1956515740938548
v 0.1370587149843211 0.2162154107115104 -0.1862340787550447
v 0.1331292868248551 0.2578101634021360 -0.2510654522445601
v 0.1455751148634765 0.2469220430185767 -0.2371112788861343
v 0.1352211322019967 0.2401417071567819 -0.2364891271889257
v 0.1750411692353903 0.2580225145802252 -0.2332447178517605
v 0.1601793808635964 0.2382603502280971 -0.2220990750965273
v 0.1606972197013928 0.2667875888653009 -0.2436457344364574
v 0.1591562766130220 0.2517833016766313 -0.2368099823680999
v 0.1772345333774956 0.2357056165373137 -0.2028421761571771
v 0.1617608383214711 0.2281815858697987 -0.2023904642213296
v 0.1833591884086992 0.2786336179623018 -0.2339334621333261
v 0.2068547286264872 0.2807892618293518 -0.2110945341109454
v 0.1953872993272636 0.2562533871118902 -0.2104593433063102
v 0.1923072758801543 0.2689371788610457 -0.2240740341892382
v 0.2107627353951810 0.2961800654167363 -0.1848114189983288
v 0.2195934708997974 0.2794783658505776 -0.1812573308597836
v 0.2013657300823269 0.2971165527394058 -0.2087880091436741
v 0.2145827281887457 0.2898407307954031 -0.1961028203472943
v 0.2082946186323024 0.2549727604896418 -0.1801485410461206
v 0.2083449123323762 0.2765971887917230 -0.1621485189262062
v 0.2143708426930647 0.2668439364366798 -0.1691803232883698
v 0.1943306659433067 0.2446145866864892 -0.1933986026035139
v 0.0000000000000000 0.1004304651759785 -0.0046011750331362
v 0.0215348310067646 0.0986003333121836 0.0145719010727577
v 0.0431007230301489 0.0985886912519813 -0.0090093247081190
v 0.0217651575258061 0.1009846272416060 -0.0248238992868656
v 0.0218400858252678 0.1002502460840475 -0.0057677094654024
v 0.0202521553819207 0.0900718256904178 0.0567613301985146
v 0.0412823263630379 0.0949829123661382 0.0341761990885431
v 0.0000000000000000 0.0951766362479037 0.0362303241906294
v 0.0209664656276904 0.0954145999584379 0.0356105009054613
v 0.0619059566018922 0.0948269087594279 0.0095183155801617
v 0.0585027495635683 0.0876102284812525 0.0543840215052136
v 0.0602970238819402 0.0927378574767348 0.0323525867784615
v 0.0630063641322096 0.0930847908707621 -0.0360659383005735
v 0.0632024164260156 0.0943263001707308 -0.0140671013423877
v 0.0000000000000000 0.0557575517678760 0.1665990457003252
v 0.0169749154349852 0.0543772691102963 0.1915973430490207
v 0.0342428848093816 0.0525578479418875 0.1656248381026004
v 0.0175947387201534 0.0575741788418362 0.1420994942106945
v 0.0172241020915543 0.0549947639834240 0.1663485085647727
v 0.0166612317648956 0.0513405541271395 0.2422496185770027
v 0.0333965536009183 0.0511431047861092 0.2162510354157293
v 0.0000000000000000 0.0546846194996359 0.2174529617110103
v 0.0168022403980653 0.0537998229242643 0.2171353663086928
v 0.0501311769133289 0.0473389451944195 0.1895483404534234
v 0.0490754748941882 0.0444661504189104 0.2396911594269546
v 0.0495746864356610 0.0467135337203542 0.2148698213933334
v 0.0518420940806527 0.0515417289274345 0.1403303667423595
v 0.0508511219162366 0.0482968539078612 0.1644583036703341
v 0.0000000000000000 0.0459111629312146 0.2666448572072211
v 0.0163142518026275 0.0356288953605808 0.2885263421985682
v 0.0327650416873071 0.0426360185551156 0.2650755074919568
v 0.0165069977513361 0.0450785227855492 0.2662290028167965
v 0.0157122641536892 0.0096340376585721 0.3258875761172449
v 0.0318659952302479 0.0215750659668236 0.3070898400322718
v 0.0000000000000000 0.0243137442088027 0.3091411710399096
v 0.0160577539322514 0.0236087010429540 0.3085949255752197
v 0.0479000924961683 0.0297477922288084 0.2851380369973032
v 0.0463263187980271 0.0047844210607198 0.3216428809675018
v 0.0471750249867717 0.0182929363546032 0.3047590995797799
v 0.0485250382878255 0.0386413948585170 0.2632812331735849
v 0.0000000000000000 -0.2471222864540555 -0.0746459562177042
v 0.0135060471771206 -0.2373895241249683 -0.0872856059313968
v 0.0288655569066813 -0.2458267579947483 -0.0644527736917380
v 0.0151551682888907 -0.2522913611838579 -0.0566269342555397
v 0.0145359038226123 -0.2460977851562569 -0.0718107885807688
v 0.0114497333677162 -0.2136020010373076 -0.1196981679471963
v 0.0244478141740919 -0.2248859514677436 -0.1010117765259976
v 0.0000000000000000 -0.2281382774058463 -0.1043869960515953
v 0.0123743923572203 -0.2264599580070889 -0.1031989005238345
v 0.0374588409514124 -0.2402958480338598 -0.0768531976955706
v 0.0363880508222496 -0.2104106794946647 -0.1201808011949411
v 0.0359193414785067 -0.2268786064919621 -0.0992026935070484
v 0.0474907576594569 -0.2541932081384986 -0.0331437811898069
v 0.0427828016501456 -0.2491121473838254 -0.0537195392771096
v 0.0000000000000000 -0.2226362397542594 0.3088030856116361
v 0.0075506677012578 -0.2353041983015399 0.2879889446996320
v 0.0151430605462804 -0.2265014037414089 0.3078959362806761
v 0.0080795432121259 -0.2092441450623986 0.3265842369997480
v 0.0075022832990572 -0.2231382453901808 0.3084091182943917
v 0.0088745562192177 -0.2538742156889568 0.2485922129751925
v 0.0164042682121114 -0.2490199422670235 0.2641148046840666
v 0.0000000000000000 -0.2449098293332185 0.2684023426153540
v 0.0080622198265449 -0.2455976422499679 0.2673685276693935
v 0.0220590496935519 -0.2475148567240756 0.2839589291400185
v 0.0298734799107520 -0.2622369403734424 0.2358646470796766
v 0.0253059737157207 -0.2565355906511928 0.2584893611943357
v 0.0268686641725493 -0.2183584811535419 0.3277363352773634
v 0.0230607791215949 -0.2345805278393676 0.3079308624612829
v 0.0000000000000000 0.0817649828949031 0.0776681419097286
v 0.0187859543200484 0.0727177050705247 0.0981912313166763
v 0.0385491897417151 0.0813975594749198 0.0767409682352208
v 0.0195090659633310 0.0819507901757311 0.0774394918473563
v 0.0359674930395033 0.0624508050193578 0.1189597353526875
v 0.0000000000000000 0.0643708135879141 0.1197481356695844
v 0.0181315774001999 0.0640369193013134 0.1195623283887564
v 0.0548513338017322 0.0688227374092574 0.0965185001068159
v 0.0532121317252544 0.0590275736374860 0.1178961167326093
v 0.0566511963090012 0.0789941725667658 0.0755599976483039
v 0.0000000000000000 0.1067870300464111 -0.0654128711124978
v 0.0205633243670066 0.1027705192766322 -0.0562238395630968
v 0.0394791575106714 0.1037088693289342 -0.0702180616086184
v 0.0208934931943427 0.1129768806147474 -0.0713210303921803
v 0.0203168386684044 0.1062212259205814 -0.0663618387237042
v 0.0415253194435794 0.0987954542411734 -0.0462865960886170
v 0.0000000000000000 0.1019360164013344 -0.0407660708454289
v 0.0211928338462631 0.1014246971172513 -0.0420101413986422
v 0.0570828839013009 0.0945325974775148 -0.0681583948858758
v 0.0601368291335571 0.0929516057020482 -0.0541398176504111
v 0.0584752743014909 0.1055930203520676 -0.0833736362054102
v 0.0563326695418675 0.0984340846924954 -0.0779909063867760
v 0.0000000000000000 0.1593332359280963 -0.0607087802671736
v 0.0251979819652845 0.1395785224944977 -0.0659751360520260
v 0.0542533975897443 0.1554564298807446 -0.0699057749857530
v 0.0294443535716968 0.1808067831299563 -0.0641525482432422
v 0.0276479371142476 0.1585760363325415 -0.0628327577304735
v 0.0444422143431346 0.1218914389528200 -0.0746109369006158
v 0.0000000000000000 0.1247605082690643 -0.0688968740486254
v 0.0227335440934299 0.1242375469247789 -0.0699983526484814
v 0.0714533773325595 0.1317164063987091 -0.0828453195134317
v 0.0641011834736299 0.1169463574613091 -0.0840426821211135
v 0.0843071431606680 0.1683944842247174 -0.0862402653458361
v 0.0787743704701472 0.1491250118603488 -0.0826287771936697
v 0.0000000000000000 0.2153594864454404 -0.3374881905851824
v 0.0291743043432452 0.2476303459612820 -0.3241575659711894
v 0.0606020458592394 0.2140150613332837 -0.3347369389181849
v 0.0322606610711045 0.1849462340554709 -0.3502339180946139
v 0.0309556792589130 0.2150451508199794 -0.3369540528631028
v 0.0249975522568425 0.3045269568993468 -0.2969700956220615
v 0.0527157142782301 0.2762870443079348 -0.3094694771376133
v 0.0000000000000000 0.2797507900593105 -0.3117201202159137
v 0.0271203655141221 0.2787686658606481 -0.3110835323640542
v 0.0930922417892915 0.2687294845070374 -0.3038770970988569
v 0.0810403810679146 0.2439924349892806 -0.3191174852684281
v 0.0701005699370572 0.2959933267710921 -0.2943138431663144
v 0.0752607967011058 0.2727706764444450 -0.3071741285481361
v 0.0927578818202827 0.1818438578527733 -0.3426088343445433
v 0.1080602057501300 0.2127167387795280 -0.3222352289905926
v 0.0876288557775761 0.2121812040102241 -0.3302226136541575
v 0.0000000000000000 0.1248233753941565 -0.3906300042668151
v 0.0331477860585165 0.1419604880118796 -0.3787569655901448
v 0.0643954947555429 0.1244536235621328 -0.3890634486459993
v 0.0338531552020509 0.1082832676236052 -0.3980860453027489
v 0.0333645146512417 0.1249817074129072 -0.3904567704110055
v 0.0646464975735036 0.1604210700333953 -0.3628129313019491
v 0.0000000000000000 0.1611675589335640 -0.3651138680803233
v 0.0328856068627617 0.1612667492864873 -0.3647590180853585
v 0.0930773399522326 0.1379896141180936 -0.3739338928895536
v 0.0941586545038183 0.1574858738152021 -0.3583950022963964
v 0.0901719474081573 0.1076043026726096 -0.3925290571270073
v 0.0907591729247591 0.1222369752996230 -0.3855773501390353
v 0.0000000000000000 -0.1592540699187210 0.3584969867437682
v 0.0111981717308658 -0.1770831865948662 0.3507606048981640
v 0.0266011761973422 -0.1603591342731193 0.3569807248230262
v 0.0142684624156460 -0.1416414955623377 0.3633438092471720
v 0.0129393582547155 -0.1595814446516085 0.3581533131265975
v 0.0198160438067441 -0.1955372490626686 0.3404173329320704
v 0.0000000000000000 -0.1934197911530821 0.3405812531397182
v 0.0094448308961650 -0.1937648618174770 0.3404694893617765
v 0.0373835401060242 -0.1798442175924336 0.3490147615502335
v 0.0320400207461513 -0.1994745938230721 0.3407065217074944
v 0.0445566325108024 -0.1433770938972903 0.3588690669878323
v 0.0417077738110692 -0.1613836355709179 0.3548371886985865
v 0.0000000000000000 -0.2007854898018463 -0.1366510100360380
v 0.0111003318569261 -0.1823304959692277 -0.1536232710812971
v 0.0230731662736501 -0.1957668304898572 -0.1377779614636165
v 0.0110408642134129 -0.1991094988151293 -0.1369308851633003
v 0.0124348379337904 -0.1393084266978053 -0.1802919712278125
v 0.0242624260074311 -0.1595013472774169 -0.1693819637710729
v 0.0000000000000000 -0.1636221709066080 -0.1678601136614337
v 0.0115807763973528 -0.1626144341755006 -0.1685013583373741
v 0.0380110005826851 -0.1735225789026078 -0.1557849688196523
v 0.0408903614801483 -0.1326934080908826 -0.1788157579941662
v 0.0391457754747196 -0.1541948962372279 -0.1694583356859997
v 0.0370884837322582 -0.1924432551433167 -0.1392001555379243
v 0.0000000000000000 -0.1121139711125560 -0.1880786467734903
v 0.0149889662374433 -0.0827008182622013 -0.1922227545230859
v 0.0279293489934566 -0.1102824422015369 -0.1860459430621762
v 0.0136150168606137 -0.1117619152120398 -0.1877210026840770
v 0.0177881831924741 -0.0309375642132383 -0.1981811609346013
v 0.0332451602500482 -0.0536710244838347 -0.1888889341635675
v 0.0000000000000000 -0.0549839741220286 -0.1973466580593035
v 0.0164241528509368 -0.0548506771895368 -0.1952315285617574
v 0.0470744375866242 -0.0794002010583797 -0.1818068361013302
v 0.0538673468734374 -0.0248329800938234 -0.1759946539659552
v 0.0508599698819903 -0.0506652401262232 -0.1783235316888147
v 0.0436423116707579 -0.1072527124545014 -0.1824513405541272
v 0.0000000000000000 -0.0142108109335244 -0.2056833045289361
v 0.0199743292572540 -0.0023493677488156 -0.2086361966786367
v 0.0374274073888664 -0.0111644097562793 -0.1934055878396353
v 0.0189486637534351 -0.0136874304750717 -0.2025064191409440
v 0.0218969456472956 0.0055937770859807 -0.2280314032931896
v 0.0411817389628904 0.0080558399775541 -0.2088951160975349
v 0.0000000000000000 0.0026567181381552 -0.2200491411361137
v 0.0209341472685689 0.0038274437120942 -0.2170012497751627
v 0.0563112481510953 0.0076483678704751 -0.1859975120917348
v 0.0644867685075286 0.0187036682385388 -0.2119388163168131
v 0.0600562660769575 0.0160599892078102 -0.1967664177788230
v 0.0549663573565305 -0.0056887762972311 -0.1788129638997176
v 0.0000000000000000 0.0025007145314449 -0.2443479835078575
v 0.0241664488631237 0.0001965179762141 -0.2588255838929769
v 0.0456364103104414 0.0076590785658612 -0.2375080402978272
v 0.0229315522533499 0.0037003124146855 -0.2421555507305684
v 0.0277508994946764 -0.0034493095967249 -0.2976043550618805
v 0.0500799518484390 -0.0006519553713264 -0.2756404442843015
v 0.0000000000000000 -0.0034562948328462 -0.2786277969322007
v 0.0257301172530093 -0.0028700006810605 -0.2774915318564604
v 0.0702765978873153 0.0083315239631436 -0.2544099832994647
v 0.0747187423780887 0.0020881199178769 -0.2939035769647869
v 0.0716689882875053 0.0036556069035089 -0.2746327075531941
v 0.0678881128162202 0.0147374511688337 -0.2323329116967197
v 0.0000000000000000 0.0003473990764354 -0.3190811620405971
v 0.0330626127460768 0.0085117430550745 -0.3393369497453008
v 0.0584668920181453 0.0017919459063315 -0.3167764998029581
v 0.0303573705009986 0.0005071281424103 -0.3186145482676906
v 0.0368223462360346 0.0347198832999885 -0.3751744708247061
v 0.0686881551933193 0.0211526920226857 -0.3564228372981340
v 0.0000000000000000 0.0199288786542244 -0.3588709297174647
v 0.0353798949769749 0.0200783627072214 -0.3585854664013053
v 0.0907819913627556 0.0122823735133817 -0.3322138716311516
v 0.1021246177766110 0.0386311498455390 -0.3679983049160346
v 0.0978533787296068 0.0237772780746827 -0.3510758718884411
v 0.0820802498851802 0.0050084142990112 -0.3131269467707545
v 0.0000000000000000 0.0517582712471965 -0.3881302211001864
v 0.0361101781293421 0.0706789474879054 -0.3963178491992300
v 0.0717355808718623 0.0531497302825703 -0.3860444295943499
v 0.0369032352703199 0.0519496667169216 -0.3879183356045053
v 0.0672342947152614 0.0903903524575516 -0.3982765094076579
v 0.0000000000000000 0.0896615594888903 -0.4000000000000000
v 0.0349309305673351 0.0898198915076410 -0.3998733343849995
v 0.0995498597422797 0.0741548009818914 -0.3901713070948462
v 0.0942834573891865 0.0914693385970968 -0.3939926969356352
v 0.1024268456594616 0.0559829420533917 -0.3812683908169758
v 0.0590089463411624 0.1997339789243784 -0.0833099774202242
v 0.0282615202551474 0.2325706425660498 -0.0880145060070120
v 0.0000000000000000 0.2076836433128880 -0.0694745996441022
v 0.0299483616419729 0.2058465262129718 -0.0735158847179915
v 0.0892419796392009 0.2057394192591109 -0.1107382987108165
v 0.0862946756783974 0.1887466681878959 -0.0965270686631248
v 0.0797085293807763 0.2316155279470566 -0.1240924402864180
v 0.0976540666589441 0.2149296615827730 -0.1261230949951365
v 0.0587206889305545 0.2734203034037310 -0.1476755753651678
v 0.0459845544787297 0.2553592768883567 -0.1175813154247402
v 0.0665106242530891 0.2526303779769475 -0.1336676622568483
v 0.0000000000000000 0.2625461534924143 -0.0991307455749984
v 0.0187910768265374 0.2840052645396235 -0.1219841563202708
v 0.0234855746142549 0.2598559062208767 -0.1047401230216502
v 0.1106526597159687 0.2431034472722363 -0.3073124362233390
v 0.1203854220450560 0.2299381399131153 -0.2958221884861189
v 0.1179187023294016 0.2187952912523306 -0.3095989368470624
v 0.0991419219527926 0.2824242727641569 -0.2880154885968931
v 0.1122029164525013 0.2578916578235518 -0.2929074822938817
v 0.1045461662986806 0.2646743220973870 -0.2992584589754173
v 0.1148042183840937 0.2626676966009259 -0.2738200917510765
v 0.1186423727915740 0.2456684259759976 -0.2844134351703146
v 0.1054472617583353 0.3745446353677640 -0.2141093620209220
v 0.1003266179989743 0.3866328193169720 -0.2186232216025412
v 0.0936086835798637 0.3888015022914486 -0.2055966876010313
v 0.0997603481907365 0.3763836151973126 -0.2030801398677113
v 0.1010367836713121 0.3834401007271049 -0.2101217235604447
v 0.0917007827539177 0.3815079844159383 -0.2335823375976260
v 0.0893532777347345 0.3914330735795668 -0.2227934075669899
v 0.1009888183832788 0.3774379201692291 -0.2300519992618934
v 0.0966915011214215 0.3861908867116944 -0.2266734733911983
v 0.0715753861234792 0.3887614536043528 -0.2137945607130529
v 0.0826353433156238 0.3936017565540434 -0.2097668735654799
v 0.0772622996910780 0.3869224737748042 -0.2248242485486717
v 0.0806138159821038 0.3923858597865196 -0.2178837179384938
v 0.0837301626570441 0.3830303002079855 -0.1965717625322412
v 0.0744421270276831 0.3871008301371028 -0.2001021008679738
v 0.0841874627817888 0.3902325443315100 -0.2024230619898959
v 0.0967753239548777 0.3033632165615292 -0.2295979589140054
v 0.0891493088399909 0.3102855855577916 -0.2338040024238770
v 0.0927099165322494 0.3096503947531563 -0.2195462041353762
v 0.0977914429693307 0.3042978411545665 -0.2134704457570221
v 0.0939439749136887 0.3067431394794486 -0.2233391873492717
v 0.0753208697317495 0.3188574016435097 -0.2481172169189404
v 0.0829943844522614 0.3166374936041432 -0.2401153961007248
v 0.0842680258383884 0.3125515961555589 -0.2475034475050774
v 0.0830577172597617 0.3144739331361557 -0.2427637319555344
v 0.0872781969242841 0.3275200257988054 -0.2382326421248157
v 0.0895912414452687 0.3169718535731521 -0.2290633555095177
v 0.0772189912271255 0.3241089021595440 -0.2446385693305058
v 0.0843201822680945 0.3204998634968442 -0.2388436174442302
v 0.0941493408556565 0.3106339159990431 -0.2058514158782567
v 0.0946420328434160 0.3208742721529488 -0.2160661594997174
v 0.0927737150221578 0.3136366361664094 -0.2172154636828842
v 0.0844449851534627 0.3240618682363269 -0.1949586386706164
v 0.0705113018209929 0.3228189618891338 -0.1888470227468393
v 0.0784688828104399 0.3134117115633017 -0.1865460859684652
v 0.0896513144759123 0.3117776319933129 -0.1945642056709640
v 0.0811535418930805 0.3170016572472699 -0.1912140864271623
v 0.0504543605045436 0.3327244923916227 -0.1914515844552884
v 0.0569483016853628 0.3245238251851525 -0.1869395876033015
v 0.0630194032396361 0.3353569950445571 -0.1899702487151532
v 0.0597293570264781 0.3282707058406470 -0.1888386404634937
v 0.0479983514842754 0.3221711976594803 -0.1807120167599099
v 0.0640005960734824 0.3170109708954316 -0.1818329143161832
v 0.0448462869686345 0.3279018853734395 -0.1890183938730166
v 0.0534477670237481 0.3228971965336930 -0.1842414237308263
v 0.0866984223262117 0.3066290472894664 -0.1838441966367252
v 0.0715465138141776 0.3092634126720333 -0.1776212826174146
v 0.0755765293737911 0.3112183474211964 -0.1820382802581511
v 0.0644737294001021 0.3228324666789685 -0.2518086813678723
v 0.0554902500656321 0.3266170676095184 -0.2428051776898544
v 0.0667457938691747 0.3242062297828349 -0.2455531695799952
v 0.0655885730850703 0.3229838134615978 -0.2477632982887918
v 0.0400500841429901 0.3315784479853124 -0.2241559942930621
v 0.0489013096735625 0.3303788501020719 -0.2329355047327885
v 0.0435205357210423 0.3302237778601777 -0.2369850789535418
v 0.0466543920545268 0.3295219944711856 -0.2343455910644859
v 0.0543050883370423 0.3407943028414194 -0.2319547775813504
v 0.0594657807834990 0.3309954136103833 -0.2399416965625071
v 0.0447784836100166 0.3358664515990080 -0.2230062244274872
v 0.0511542811639033 0.3338011501191275 -0.2322928630096239
v 0.0715814399947844 0.3346091090971641 -0.2440499467666797
v 0.0685442593292194 0.3276862744184937 -0.2445305310118289
v 0.0330717866895162 0.3333838986814786 -0.2145526916734239
v 0.0363660240443469 0.3325647633256477 -0.2044222365678275
v 0.0391424691296221 0.3335250004511299 -0.2137060810555158
v 0.0366473893553151 0.3326667477730195 -0.2140083089383664
v 0.0418871546746655 0.3320986152351493 -0.1965927182406053
v 0.0350041824101277 0.3313088178710282 -0.1949227811251935
v 0.0391257045629309 0.3310503641345380 -0.1959188757960986
v 0.0475131104150453 0.3424912495365005 -0.1969997246652762
v 0.0413563698659242 0.3369030606394169 -0.2045596128782142
v 0.0443343622974209 0.3355474591494660 -0.1969503623300187
v 0.0446970357568416 0.3439516295682717 -0.2132562318493005
v 0.0415085083086473 0.3369547513867150 -0.2135035092079965
v 0.0968973327457974 0.3054802087887077 -0.2010977298564709
v 0.1052791504090147 0.3034214268625404 -0.2006641795345388
v 0.1079926818009569 0.3007339736854514 -0.2139882845948185
v 0.1010400434481687 0.3034018682014007 -0.2062980053076153
v 0.0940166213693508 0.3060199346996844 -0.1912955808485781
v 0.0939998568026595 0.3081047948407047 -0.1975226860095616
v 0.1004751706871552 0.3023405779933629 -0.1818524729773230
v 0.1040539399933291 0.3036342437230378 -0.1898747838214946
v 0.0958895960146900 0.3043518603139049 -0.1862378042143094
v 0.1230072140026043 0.3038042178019907 -0.2020914961153356
v 0.1234538034319629 0.3038209823686819 -0.1910389898417204
v 0.1120962751810486 0.3037227233805749 -0.1954103506064640
v 0.1299230634451534 0.2993518282982394 -0.2185370703570445
v 0.1293935825471547 0.2882886113292381 -0.2372970861669623
v 0.1093757585529851 0.2954140178554278 -0.2311328481310710
v 0.1193190093305292 0.2963393288003032 -0.2250314772202719
v 0.1449049978782345 0.3051402606308018 -0.1984824574526357
v 0.1601784494987802 0.3018488173704195 -0.2141051708792492
v 0.1397796972947927 0.3030661111851676 -0.2091652118942272
v 0.1747985487007752 0.2932481289753998 -0.2287457601072001
v 0.1875233205018427 0.3027922899292105 -0.1984954965600623
v 0.1819691264205497 0.3004927501980605 -0.2143841146416952
v 0.1480804862190023 0.2792306228094736 -0.2438417867302634
v 0.1668097669899861 0.2813112918088211 -0.2397288797020098
v 0.1202559623356069 0.2724805563042048 -0.2546949809332159
v 0.1325918893259189 0.2746524990555379 -0.2486550801002848
v 0.0854662266744048 0.3009626237478237 -0.1764845518592661
v 0.1157923964540613 0.2930734980723659 -0.1726310299323189
v 0.1291691236264552 0.3002813303847875 -0.1802989564639338
v 0.1086297353352244 0.2992256283656469 -0.1776427040081867
v 0.1536030138965452 0.2815054813729947 -0.1626691518584512
v 0.0832542352359758 0.2839284269422886 -0.1660043692651939
v 0.1174041232684618 0.2819502080727210 -0.1658404490575461
v 0.1904655019561572 0.2923256121249729 -0.1696758093705778
v 0.1860028674394278 0.2806029888661157 -0.1607081632379829
v 0.1642075336935775 0.3019321745214678 -0.1856258975300787
v 0.1906638826620037 0.2998962110332969 -0.1829323904816844
v 0.1413141208294502 0.3032323598048558 -0.1880525685586373
v 0.0328308891798110 0.3275246826228864 -0.1843415454485657
v 0.0280648625742109 0.3208523850797686 -0.1712977811979564
v 0.0497074059219668 0.3137074198924391 -0.1718435609802382
v 0.0393711657602353 0.3211271377005418 -0.1763197002868022
v 0.0000000000000000 0.3236907193570789 -0.1630705700942250
v 0.0167477089880779 0.3135504849209126 -0.1527277638105395
v 0.0120492528998917 0.3287834221719544 -0.1782611302461306
v 0.0145776755346180 0.3224352395848675 -0.1658786350150095
v 0.0359361526134388 0.2960357038702283 -0.1483792214837922
v 0.0000000000000000 0.3036356407702621 -0.1329229895180711
v 0.0173486255674777 0.3013221305668694 -0.1380382779297390
v 0.0597712684432063 0.3004811081378583 -0.1674619552025166
v 0.0570013894798851 0.2894309302762836 -0.1589427612289126
v 0.0654488683626432 0.3063878238020757 -0.1732252406850421
v 0.0125644373479620 0.3373086700168635 -0.2314448553444915
v 0.0301559162912587 0.3332316205340329 -0.2454455969437264
v 0.0203976811344489 0.3304794375022193 -0.2642549750889017
v 0.0000000000000000 0.3366329648427246 -0.2479709926428001
v 0.0164031040060911 0.3354254503585464 -0.2474787663374486
v 0.0491043472034898 0.3277905872779059 -0.2524820581299709
v 0.0313743743120270 0.3337401457236676 -0.2279475804597333
v 0.0386080985663385 0.3314792576323892 -0.2413163910311897
v 0.0763476994415886 0.3162831092915865 -0.2591138413035848
v 0.0624703636804976 0.3195494057019319 -0.2677513186088437
v 0.0628028609198741 0.3225674933887651 -0.2583361516820740
v 0.0451045078639206 0.3171041073770496 -0.2802558226308844
v 0.0821989988992432 0.3036640473971556 -0.2797356553810476
v 0.0653701680356759 0.3111387157294129 -0.2804583944784037
v 0.0000000000000000 0.3223812204255290 -0.2817073546969019
v 0.0230096006249458 0.3209715997762396 -0.2810563306903917
v 0.0200856273527876 0.3324739552560701 -0.1921142505220009
v 0.0097600047499606 0.3363386535608114 -0.2033926127635399
v 0.0000000000000000 0.3339287470989442 -0.1899120384141419
v 0.0103731687766931 0.3334043887074345 -0.1906440911596598
v 0.0265930267552007 0.3340959270834486 -0.2040059164949948
v 0.0284767586641667 0.3317791571031993 -0.1935979146741766
v 0.0198912980838915 0.3362110565809948 -0.2163916715029725
v 0.0274641322677744 0.3346812898704181 -0.2154831251247883
v 0.0000000000000000 0.3383056960525849 -0.2170035781872032
v 0.0104202492681510 0.3376262654191812 -0.2168713243833055
v 0.0895660945952318 0.3039998044133887 -0.2648007548711835
v 0.1028659841702908 0.2864282101089173 -0.2702403910800864
v 0.0939840236007844 0.2952687249441036 -0.2761596801693221
v 0.0943020846855101 0.3029645924202039 -0.2478750620667334
v 0.0863826896535265 0.3094105683129898 -0.2550488995633646
v 0.1067097267666681 0.2896679626220015 -0.2508465815127577
v 0.1015020003969943 0.2979608349452736 -0.2393251330541956
v 0.1109851569553452 0.2776188959950731 -0.2624877103501990
v 0.0850513036487963 0.3426174494690930 -0.2434571330611808
v 0.0971180662072322 0.3528280019488809 -0.2361952815894207
v 0.0969336559736284 0.3360415481844499 -0.2277156706205044
v 0.0921101175906291 0.3391564978121658 -0.2375685790108789
v 0.1049811136678369 0.3645794975170397 -0.2252307892909345
v 0.0941088264861527 0.3679719938599775 -0.2385390611493391
v 0.1006041647141962 0.3659527949384979 -0.2334580003946659
v 0.1032478437449248 0.3619851808215686 -0.2064926605541970
v 0.1032371330495387 0.3484668861971153 -0.2158817492661136
v 0.1058132881310943 0.3625118676251188 -0.2156707951352488
v 0.0966165262537189 0.3332181157441984 -0.2045763774449054
v 0.0988219981384346 0.3335361768289241 -0.2158174850937972
v 0.0529266684090950 0.3544616158364617 -0.2222653237162155
v 0.0652830854253631 0.3655904940250037 -0.2304659909226857
v 0.0674722584257955 0.3495034952375242 -0.2389940328620433
v 0.0592464443692885 0.3523646479528311 -0.2314588258167342
v 0.0793555421154439 0.3758722959132294 -0.2349751936802240
v 0.0657906792501815 0.3785159749439581 -0.2207378854176793
v 0.0717202133523953 0.3775501496295788 -0.2286363247412989
v 0.0819694174720547 0.3595482647800320 -0.2419427338700711
v 0.0869219498820950 0.3719791909815945 -0.2386606042578507
v 0.0764562034426736 0.3461608269122521 -0.2434631869324859
v 0.0586391945091387 0.3512609806456571 -0.1918995709318713
v 0.0587854187852791 0.3671258489244775 -0.1968916863465993
v 0.0494917949670210 0.3554036913480283 -0.2040175585551971
v 0.0524693682843503 0.3540243400552649 -0.1967468591176832
v 0.0636615792803926 0.3809752437410829 -0.2045181671438941
v 0.0711679140164002 0.3754429367329702 -0.1940095779229284
v 0.0660421477505502 0.3787748943628563 -0.1981341270113842
v 0.0560048291265719 0.3686230178664878 -0.2124454787768153
v 0.0633411897836265 0.3802734603520909 -0.2123756264156018
v 0.0496594406339335 0.3555117296667053 -0.2128208187977361
v 0.0939397837720159 0.3514952188969265 -0.1977396940117317
v 0.0788386346424636 0.3419142690328766 -0.1920118003922210
v 0.0891586224881528 0.3366650969288827 -0.1966947026879771
v 0.0892876165151938 0.3696824453448932 -0.1947737627546046
v 0.0974342645623255 0.3652347126652227 -0.1994105624919597
v 0.0739149745417249 0.3604009292692454 -0.1910231566398453
v 0.0797243625826514 0.3727484983197597 -0.1929315231481994
v 0.0680473761997871 0.3470023150236712 -0.1903674758092542
v 0.0855183831041109 -0.2626076235702823 0.1603500534661615
v 0.0955161187234015 -0.2655637754968395 0.1329320703250289
v 0.1063455631235415 -0.2582730517157777 0.1075407370239053
v 0.0993114303493375 -0.2601925946019260 0.1343463477983991
v 0.0479564400675472 -0.2673734173346785 0.2062640104918247
v 0.0663872184149451 -0.2678139528927318 0.1791221770186896
v 0.0669590764120800 -0.2657528425545242 0.1852803611832758
v 0.0614854453873867 -0.2745654164452250 0.1707822707722004
v 0.0795664962463088 -0.2715217162259468 0.1544871119483046
v 0.0510164391711086 -0.2703230497075224 0.1888060426949274
v 0.0655909014971107 -0.2709754707612569 0.1738255053090706
v 0.0962393235031658 -0.2705316754263468 0.1064459176824849
v 0.0823703700254205 -0.2779895791919130 0.1303656945740432
v 0.0907964275174064 -0.2715217162259468 0.1315005626025593
v 0.0204897931147692 -0.2618811590136614 0.2291238942225694
v 0.0352005606816193 -0.2672169480455601 0.2090785949663224
v 0.0328334504330555 -0.2652126509611394 0.2204277409338912
v 0.0000000000000000 -0.2594055913322534 0.2349668113968784
v 0.0110957216010860 -0.2649551285894655 0.2207919045770178
v 0.0098251537188524 -0.2599909541192229 0.2337052777533618
v 0.0153234193429338 -0.2754627864456151 0.1932221089708477
v 0.0255823096566815 -0.2698732005013071 0.2047123567080678
v 0.0000000000000000 -0.2697372212381448 0.2088555330928472
v 0.0128679225733144 -0.2697763385604244 0.2079362760192770
v 0.0427383755484138 -0.2735721158687684 0.1869526267107280
v 0.0379894860554313 -0.2700054543052048 0.1987185584335375
v 0.0306144271902644 -0.2554463594986696 -0.0327465540957059
v 0.0147922154200252 -0.2578870009994709 -0.0259708750579920
v 0.0000000000000000 -0.2560890012218343 -0.0446466489202862
v 0.0150550931393921 -0.2556768722906743 -0.0415866032484841
v 0.0642711575525828 -0.2572085017308833 0.0010410330232859
v 0.0449475728923942 -0.2576457775120801 -0.0066981429167668
v 0.0471824759053012 -0.2564038025297032 -0.0184673344164330
v 0.0456963902046034 -0.2634411950807639 0.0189213747643211
v 0.0296231290481626 -0.2600645319397011 -0.0036716729465880
v 0.0577921182088225 -0.2603863184836915 0.0179932697249971
v 0.0438766430585089 -0.2598191173106376 0.0051562684635799
v 0.0000000000000000 -0.2608608488575355 -0.0108939414136604
v 0.0160045730012475 -0.2653118413140627 0.0098647832917809
v 0.0149231653131802 -0.2605544298330121 -0.0090600840906008
v 0.0957727097302593 -0.2558244936140390 0.0527452851111439
v 0.0761558382894554 -0.2589734380575456 0.0306947574056600
v 0.0813942996980632 -0.2565188260845016 0.0255680597749939
v 0.0992345927520026 -0.2621121374880742 0.0805651521704584
v 0.1046281264025044 -0.2566128939309359 0.0802051796690046
v 0.0830516633884566 -0.2745449264192690 0.0810317659433649
v 0.0836072225013083 -0.2650929705822602 0.0566337332186979
v 0.0928519496667169 -0.2681077984922368 0.0809013748690996
v 0.0644434600435762 -0.2659111745732749 0.0379156288255082
v 0.0714780585001883 -0.2623319395846929 0.0354083947403501
v 0.0000000000000000 -0.2839661472173439 0.1751955429536722
v 0.0220213759867374 -0.2904610197629793 0.1533159206919575
v 0.0360512227364779 -0.2808023009367784 0.1734361948159070
v 0.0186438746173400 -0.2830231403409611 0.1747345173696628
v 0.0257158673713218 -0.2969898871244054 0.1050572527415597
v 0.0476737708458364 -0.2911716511177252 0.1297202587564301
v 0.0000000000000000 -0.2976693177578091 0.1299056003548500
v 0.0246480110413299 -0.2957819069578190 0.1298092040963753
v 0.0601009715881342 -0.2820200604339345 0.1522658068617139
v 0.0706794131703135 -0.2851354757440586 0.1055327144802199
v 0.0674554938591043 -0.2848900611149951 0.1298385420880850
v 0.0509852384497666 -0.2779122759121700 0.1713857951730855
v 0.0000000000000000 -0.2939396673514139 0.0796929290201053
v 0.0217198931957397 -0.2835367880370846 0.0551300447229743
v 0.0473724743278020 -0.2875574899485363 0.0803304482367809
v 0.0244170325669171 -0.2920885797792549 0.0799029517861540
v 0.0362746105876388 -0.2716614209483739 0.0334497345319223
v 0.0000000000000000 -0.2747316650649133 0.0308204916558444
v 0.0185929289618950 -0.2737919179653870 0.0315227407272446
v 0.0603244991440175 -0.2753971252260743 0.0571934834732224
v 0.0521336112681172 -0.2690275212482152 0.0364217196603546
v 0.0674042687942144 -0.2813690364274243 0.0807742435716910
v 0.0757525573240492 -0.0643467378074159 0.3527784067724193
v 0.0642162070284282 -0.0643840855365447 0.3590483547149472
v 0.0647494133856916 -0.0715261634929441 0.3602581976111657
v 0.0766657605263143 -0.0739875744291461 0.3544450841109745
v 0.0698556209904017 -0.0682653155667733 0.3571730516575675
v 0.0509135233589206 -0.0646701542398346 0.3652102643387979
v 0.0570283990595544 -0.0681502920119750 0.3631938595117670
v 0.0609894936227705 -0.0568024965233898 0.3570878317768870
v 0.0578247159773888 -0.0632492175080287 0.3614689718722005
v 0.0622682575153864 -0.0804144573432004 0.3610764016021804
v 0.0511556782111276 -0.0745605966323012 0.3661369723308977
v 0.0583243932012697 -0.0732095122617089 0.3630336647633839
v 0.0804615378346583 -0.0883390680181546 0.3528035536224562
v 0.0996178493738609 -0.0868278820356608 0.3412499730777359
v 0.0878882408788824 -0.0707398587468836 0.3472679868374868
v 0.0865717567112111 -0.0806454823858540 0.3494669391684892
v 0.0557691938280782 -0.0929231525069139 0.3623109256660278
v 0.0763169644026546 -0.1068368580640768 0.3535579591235625
v 0.0694169481619807 -0.0917527063424198 0.3574110153681016
v 0.0977313699386871 -0.1257361129140135 0.3423690079043768
v 0.0619362259584181 -0.1255270215127809 0.3571367284297364
v 0.0795171339110512 -0.1252788127892688 0.3510386172957939
v 0.1152237982337831 -0.1087950525900965 0.3300288897723920
v 0.1160946243369119 -0.1282698908964328 0.3299851156260314
v 0.1152643126032869 -0.0745502584828417 0.3268017106843262
v 0.1158487440254402 -0.0911236625455714 0.3288055420863387
v 0.0962290784901878 -0.0583469787980621 0.3367524123803997
v 0.0772813926698096 -0.0522332999012171 0.3465298802206637
v 0.0845506950600992 -0.0606901064026092 0.3460739771431433
v 0.1050565542179475 -0.0428045024503626 0.3205331597890226
v 0.1107658205411346 -0.0583687727347607 0.3245058964124410
v 0.0877848593842864 -0.0246131779972047 0.3221663079941953
v 0.1008398000126899 -0.0280826516421999 0.3134980956500025
v 0.0599393797925269 -0.0143222021655396 0.3318240954555801
v 0.0721980035030959 -0.0345606664846625 0.3391655786191237
v 0.0741212718485089 -0.0195648081475794 0.3278630008923640
v 0.0543442056593219 -0.0436940955545375 0.3530135763885049
v 0.0668007443933293 -0.0471064392817082 0.3492802005228450
v 0.0126870980942530 -0.0496811554046227 0.3703676970083981
v 0.0275242984348996 -0.0377371793267280 0.3592434756439369
v 0.0146284349170998 -0.0213343081618409 0.3513590067925600
v 0.0000000000000000 -0.0359422996212256 0.3620389671397030
v 0.0137899737413332 -0.0363338919581887 0.3612445129515010
v 0.0437482078503576 -0.0257113036837225 0.3465815709679617
v 0.0373928537541861 -0.0530073246021763 0.3655213401874023
v 0.0411472784646917 -0.0403808117892158 0.3564172491092369
v 0.0303979780069841 -0.0073936861614905 0.3380362987795046
v 0.0453292927623058 -0.0102698804185786 0.3352869098421395
v 0.0000000000000000 -0.0051126340219418 0.3405365476285415
v 0.0152524959121816 -0.0056793229443469 0.3398580483599539
v 0.0298501026538658 -0.1243665409518199 0.3650905839599188
v 0.0146186090182891 -0.1072550408665418 0.3697269180148658
v 0.0000000000000000 -0.1232912802715394 0.3676597538053530
v 0.0147852767521446 -0.1236461302665042 0.3670278227775744
v 0.0445435934033759 -0.1081025828492662 0.3641820375817346
v 0.0454739337182587 -0.1251083730279078 0.3618070573004741
v 0.0377211598518897 -0.0846660445925832 0.3691974371168671
v 0.0278338375315573 -0.0943777115085840 0.3698191231316677
v 0.0418495275360918 -0.0938872082281425 0.3665239544120207
v 0.0000000000000000 -0.0938175887081330 0.3727473341137395
v 0.0127496392416595 -0.0859243650274840 0.3742575421631763
v 0.0138971272634348 -0.0941277331919211 0.3719626592561073
v 0.0445191916451919 -0.0727062027150449 0.3706475721356603
v 0.0367548688551023 -0.0797578917160339 0.3748340569843921
v 0.0402595946583899 -0.0803058136373929 0.3705642149846122
v 0.0438184327574976 -0.0768246513639547 0.3702056395303827
v 0.0400984219769499 -0.0647644549274729 0.3721303049230199
v 0.0367155652598595 -0.0732323306997053 0.3774795987447531
v 0.0437168208560523 -0.0684563384905720 0.3710475933242099
v 0.0244487455389081 -0.0813285919102816 0.3879388256304612
v 0.0310306075583748 -0.0804880351636787 0.3812050580094755
v 0.0278669475507725 -0.0754642067769597 0.3854148269786118
v 0.0303908064978995 -0.0776226913066990 0.3830072489287850
v 0.0278938639939601 -0.0855785027029953 0.3790489484600175
v 0.0244611792592041 -0.0866022123407002 0.3840876321155545
v 0.0304065465632929 -0.0831165329479035 0.3796170809978877
v 0.0221750511814072 -0.0609243446538787 0.3774609714484295
v 0.0271305639588593 -0.0693068608407081 0.3827231826598499
v 0.0323512362994780 -0.0623199482626845 0.3746212401238949
v 0.0000000000000000 -0.0603191437963245 0.3804646229806120
v 0.0097349510364053 -0.0689712900974382 0.3879714233990276
v 0.0112697936852301 -0.0603791702587273 0.3795798264052404
v 0.0070998871302263 -0.0820118411394317 0.3986122664238910
v 0.0160588715700308 -0.0753759133923858 0.3922324174330538
v 0.0000000000000000 -0.0763649762589287 0.3955573898268186
v 0.0082793209651966 -0.0760010454570062 0.3946213681865571
v 0.0198644747771855 -0.0797200783044969 0.3923208970905910
v 0.0228388814541399 -0.0749561007014923 0.3888282790299137
v 0.0222529132800399 -0.0839421878574476 0.3751190546181434
v 0.0097549288117124 -0.0868053895753500 0.3805158480455019
v 0.0000000000000000 -0.0842519597953093 0.3780058198658952
v 0.0113047664340777 -0.0843046750439051 0.3771326653507259
v 0.0271898453294092 -0.0847574580492913 0.3763587011884798
v 0.0324878209497709 -0.0826437721672103 0.3725657179745843
v 0.0198851976443455 -0.0902989855690843 0.3841900822453344
v 0.0160823885316393 -0.0898577514874187 0.3824018617982676
v 0.0228676606269599 -0.0879442624725757 0.3803062909618612
v 0.0000000000000000 -0.0913138938092763 0.3852751222561847
v 0.0071094336195922 -0.0943148443834918 0.3885348991128169
v 0.0082923600726232 -0.0909631883877435 0.3843437574400042
v 0.0126406695581664 -0.0860403665153393 0.3964561568744329
v 0.0183902174096532 -0.0875745572087928 0.3907142927826795
v 0.0185955367833803 -0.0840509712679775 0.3925909928872834
v 0.0000000000000000 -0.0881798046345878 0.4000000000000000
v 0.0061596743482920 -0.0919082908349627 0.3968473300972287
v 0.0063934003489125 -0.0875470819467155 0.3990313805911723
v 0.0126496572286425 -0.0926509145711444 0.3907515473753267
v 0.0000000000000000 -0.0950230541897155 0.3939880401115542
v 0.0063984762871607 -0.0943970373285197 0.3930240775268073
v 0.0186063871834888 -0.0899164740390789 0.3877851504357915
v -0.1589369401988115 -0.2255649164187393 0.0820469535930018
v -0.1480022515744431 -0.2332388968216594 0.0537581443487403
v -0.1348793213144585 -0.2423481104063138 0.0805623580760099
v -0.1458149413036430 -0.2389467660976222 0.1090895967132136
v -0.1477554398981553 -0.2355077015138753 0.0812161761769686
v -0.1455234241161785 -0.2472824812024386 0.0085543529954148
v -0.1279909471339867 -0.2455007803090851 0.0291575397765539
v -0.1631210966355028 -0.2202137598673737 0.0254902908128428
v -0.1474355160837973 -0.2350983666771640 0.0280124267350599
v -0.0907228496969281 -0.2541848258551530 0.0229639637489529
v -0.1171396156606666 -0.2472149572532655 0.0522898477160315
v -0.0977467374581541 -0.2636009241467389 0.0057150873532882
v -0.1076708952569665 -0.2511876938766838 0.0258176655457303
v -0.1218374197934815 -0.2494437132583857 0.1083435734954529
v -0.1114610843764134 -0.2516645526625683 0.0800026078214853
v -0.1221633974791447 -0.2473215985247182 0.0801399841318720
v -0.1280743042850349 -0.2469886356029336 0.1359892753341417
v -0.1356821577860061 -0.2429977373655997 0.1614844558122695
v -0.1528192704037292 -0.2310376160786165 0.1364624086607615
v -0.1413001503572075 -0.2405962131870781 0.1360814804509436
v -0.1049643491011456 -0.2554845454561330 0.1354323191740657
v -0.1038420544976480 -0.2551250386370874 0.1621992783086881
v -0.1152573273671656 -0.2515173970216118 0.1358765801913839
v -0.0763770374332983 -0.2754343798187215 0.2055338204759391
v -0.1101636931874738 -0.2573635739727774 0.1836793450642613
v -0.0727018718686496 -0.2640219010436525 0.1889476101469869
v -0.0890119325296043 -0.2618494926099112 0.1867724076187971
v -0.1467416492957427 -0.2356865235585820 0.1872511291343139
v -0.1256364568786822 -0.2626094862999147 0.2020863736088466
v -0.1304325199996042 -0.2486925675341360 0.1845916169017102
v -0.1581080255124108 -0.1702595422691190 -0.1258872734236796
v -0.1320372615778833 -0.1427381776333904 -0.1408528624042368
v -0.1096495798089422 -0.1761327287999539 -0.1458822324116120
v -0.1401112631693530 -0.2068742872876270 -0.1399354680602989
v -0.1364053625657704 -0.1716626433646951 -0.1398693411583501
v -0.1252592541281290 -0.0988792770746297 -0.1410973456684842
v -0.1043347464854076 -0.1266311545023631 -0.1546347332716692
v -0.1483184499295364 -0.1157174215863588 -0.1232864371744953
v -0.1279932755460272 -0.1188826649141485 -0.1416682723008029
v -0.0573315583072212 -0.1466056700325803 -0.1676878111704403
v -0.0806124189348796 -0.1578239592434757 -0.1549201965878286
v -0.0801038937452450 -0.1164122197392295 -0.1676677868268925
v -0.0799208805588655 -0.1366451890059369 -0.1630272616302726
v -0.0821384601861915 -0.2130874219763678 -0.1380075428908051
v -0.0556388027538129 -0.1882320891269561 -0.1415290332607839
v -0.0812764820488163 -0.1822252517449993 -0.1450956948243475
v -0.1272621541653254 -0.0309016135313337 -0.1089209265450033
v -0.1082534639494874 -0.0476621101583379 -0.1382455066013392
v -0.1256774369305941 -0.0653441363890637 -0.1317551977433031
v -0.1433407706694592 -0.0519785017716305 -0.1032674024060646
v -0.1268248783841286 -0.0489515661190436 -0.1222165784101486
v -0.0693470958007671 -0.0477989881885478 -0.1655070204533535
v -0.0851653958387784 -0.0717803795195205 -0.1618313892062967
v -0.0926950146951905 -0.0214518464016429 -0.1378580588378081
v -0.0887860765616805 -0.0470379280858299 -0.1524115654554461
v -0.1037549718873351 -0.0872136533425228 -0.1543981666083594
v -0.0614533133012284 -0.1022484892971630 -0.1763346021238611
v -0.0820616225888566 -0.0948478178995511 -0.1670931347353091
v -0.1435493963882837 -0.0799000645552238 -0.1173313371080773
v -0.1248215126645242 -0.0815098355035104 -0.1379209259629003
v -0.1252080290632391 -0.2350685630030462 0.3351546560382419
v -0.0997216965508650 -0.2063494632137093 0.3398817981627665
v -0.1225233699805985 -0.1851800066243323 0.3308820199440134
v -0.1436676797199386 -0.2088674079942535 0.3191598623675643
v -0.1243348745480698 -0.2073935231726477 0.3326120300900688
v -0.0488519473383049 -0.2034650263779979 0.3412220321332504
v -0.0767449265356896 -0.1828446093477594 0.3447048708633578
v -0.0697280240105850 -0.2336938685343636 0.3400848356926939
v -0.0729864038199928 -0.2053985397363889 0.3418493063369480
v -0.0800987712387560 -0.1448588953198336 0.3491195400920538
v -0.1002223051395621 -0.1644603992411706 0.3402082415308378
v -0.0589814710790851 -0.1624509796502609 0.3515802059364030
v -0.0791450536669870 -0.1633562662515884 0.3470682090844160
v -0.1368631283729231 -0.1681439470891648 0.3153105315822899
v -0.1179396580377657 -0.1479216885178435 0.3296270058542100
v -0.1202368693568752 -0.1661238168028691 0.3299064152990642
v -0.1750905315706478 -0.2092054934225271 -0.1042068235279052
v -0.1773788949240035 -0.1796015970578186 -0.0732865361320070
v -0.1669271189568249 -0.1436830472394056 -0.1009421104377473
v -0.1713222295243811 -0.1733661096134894 -0.1027667006808859
v -0.1749084497490845 -0.1953891620568959 -0.0065691488897258
v -0.1780084975397417 -0.1611135397742255 -0.0394751992102026
v -0.1765755927700478 -0.2200428544236046 -0.0408415113955396
v -0.1776108047632325 -0.1875861876269349 -0.0402258792520442
v -0.1765052747264262 -0.1202703984902577 -0.0359886350208306
v -0.1721176150773994 -0.1279332025153836 -0.0695914859285329
v -0.1793738783602624 -0.1504820103975240 -0.0055977353864495
v -0.1773691155934337 -0.1389954881195686 -0.0379612657015011
v -0.1595553664367554 -0.0999764248280904 -0.0957952953270517
v -0.1627299234127070 -0.1194540572288754 -0.0986470412577150
v -0.1636426609325640 -0.2155001225326837 0.1107246076480186
v -0.1713548272929474 -0.1937620677230284 0.0840023540245729
v -0.1693821966122769 -0.2059471136131192 0.0543118407319596
v -0.1665699405498196 -0.2112833683274260 0.0830006711647707
v -0.1751841337346740 -0.1534009077314340 0.0858534415967319
v -0.1769961039845533 -0.1681425500419406 0.0558388133480877
v -0.1706972837327239 -0.1780038407156607 0.1131098329422571
v -0.1739924524523709 -0.1741018878182721 0.0849784243519302
v -0.1767381159304713 -0.1802377192272699 0.0249761774343111
v -0.1799387511212760 -0.1410109615817834 0.0265618260338586
v -0.1790199597301138 -0.1602334000229349 0.0256579364797553
v -0.1721637176358003 -0.2010793354013513 0.0246990964014974
v -0.1672465770887748 -0.0716539001774832 0.0905619564249329
v -0.1751995012541410 -0.0893416822427731 0.0600634841542829
v -0.1748073966665289 -0.1122248035256815 0.0873752917063710
v -0.1692899914954751 -0.0934881184044091 0.1168031601208213
v -0.1721879331210210 -0.0918405340445856 0.0886126098646669
v -0.1769933098901048 -0.0803723596535090 0.0023728847104241
v -0.1797506154284075 -0.1042327620380358 0.0289298210789978
v -0.1719895524151745 -0.0662104919410749 0.0349883492082526
v -0.1771823769477895 -0.0856370855499331 0.0312768604157729
v -0.1786511392629063 -0.1285222907616178 0.0573574036808702
v -0.1799531872759268 -0.1144381920113347 -0.0029261154112354
v -0.1804258549201384 -0.1225177817917014 0.0275052985926496
v -0.1723700149425843 -0.1355377962394981 0.1150200621802436
v -0.1756311888464407 -0.1327600006752395 0.0865542936209078
v -0.1576274412672616 -0.0711626052369480 -0.0874028694185781
v -0.1666975375296363 -0.0652803378991553 -0.0544289598575943
v -0.1541464652667865 -0.0424998530189900 -0.0703524575515933
v -0.1566397288797020 -0.0578151229197821 -0.0803403672720732
v -0.1690534248321652 -0.0932935097260681 -0.0640656984741334
v -0.1582267745264738 -0.0845479009656507 -0.0923008890459273
v -0.1755529542018815 -0.0887422558470792 -0.0309266672448890
v -0.1762286593760205 -0.1039771023959942 -0.0338618634630821
v -0.1690534248321652 -0.0559563515878897 -0.0200073461399876
v -0.1734904468164496 -0.0731930736727033 -0.0265264341708437
v -0.1512201170143471 -0.1891094347837982 0.2969305126173739
v -0.1587562554244724 -0.2137617301032826 0.2731760529806876
v -0.1568613937059530 -0.2384531427450465 0.3006010213579416
v -0.1545618539748031 -0.2111073403771679 0.2986437581967381
v -0.1451615888850923 -0.1525920173885811 0.2946598451955256
v -0.1543951396727068 -0.1725520967641476 0.2720747140855541
v -0.1477736015120708 -0.1703182182525384 0.2955674602088935
v -0.1604783489695904 -0.1768196103518871 0.2194297835333537
v -0.1586468200585712 -0.1942882888441705 0.2456043946448852
v -0.1577196463840634 -0.1561102479817034 0.2468333305198355
v -0.1581545937532198 -0.1747505834127419 0.2462298061189505
v -0.1564380883969989 -0.2436655259388012 0.2449342776596433
v -0.1558713529063530 -0.2182788494617585 0.2161374089081552
v -0.1579888108159396 -0.2164766585424490 0.2448681507576944
v -0.1417052940522461 -0.0768726166519880 0.2928660365595617
v -0.1528136822148321 -0.0962604654844931 0.2721482919060323
v -0.1442465229531949 -0.1145522842013169 0.2941233790614055
v -0.1317797392062094 -0.0938994556754753 0.3127450871961204
v -0.1439256677740207 -0.0955218000487802 0.2936800494089036
v -0.1629231816120645 -0.0961658853874099 0.2238328107018475
v -0.1593849266753943 -0.1165952329256090 0.2481502803699149
v -0.1560487779038354 -0.0763173835168219 0.2490234348850842
v -0.1589709350146021 -0.0963852683698613 0.2486867465040349
v -0.1527731678453283 -0.1354693409255089 0.2718963577232555
v -0.1624724010410331 -0.1373623399143959 0.2219440028546332
v -0.1585485610704642 -0.1366139882845949 0.2475029818226694
v -0.1323706901820760 -0.1314360655890388 0.3139470134914015
v -0.1443219635033055 -0.1337896244795272 0.2943143088487226
v -0.1696010673440794 -0.1157476909428846 0.1435729133498923
v -0.1665280291330914 -0.0953983010741547 0.1716526311929212
v -0.1634019031275813 -0.0741305389284299 0.1456959594483759
v -0.1676475296421406 -0.0946388196348002 0.1445145231790508
v -0.1690673953044079 -0.1585928008992327 0.1416412627211337
v -0.1676866469644201 -0.1378606200910525 0.1696446086492358
v -0.1698711631407717 -0.1371634935261414 0.1426792688087670
v -0.1661037924593212 -0.1168494955204263 0.1971408264349276
v -0.1639481485922712 -0.1585625315427069 0.1947011162989425
v -0.1653694113017628 -0.1378522378077069 0.1960287768444079
v -0.1616989025611950 -0.0752359758287546 0.1990622320507082
v -0.1651980401755856 -0.0958720863561458 0.1981229506335901
v -0.1577769253202586 -0.2173861362854494 0.1635399779615800
v -0.1652297065793357 -0.1995635391630174 0.1387889579715806
v -0.1605156035622376 -0.2170112619469367 0.1374431358121996
v -0.1605863872882673 -0.1984459013836007 0.1912639144448280
v -0.1560147830880448 -0.2181954923107103 0.1893993220828345
v -0.1651989715404018 -0.1797999777636650 0.1668025489126607
v -0.1627923248553911 -0.1786641783703328 0.1930721592354427
v -0.1678002734719942 -0.1797417674626537 0.1402661025700430
v -0.1257440295149510 0.0350961546857255 -0.0179942010898132
v -0.1166697421109034 0.0519254512317009 0.0046877919610410
v -0.1070510719717983 0.0647829425190741 -0.0150026573002412
v -0.1178660802172874 0.0442416914982109 -0.0335139987042387
v -0.1169309899418421 0.0508720776246006 -0.0144843527800367
v -0.1153364933765409 0.0432078765522504 0.0444021190877980
v -0.1044721227957942 0.0652537474336534 0.0274596617166567
v -0.1275210735842236 0.0300542112533318 0.0188654928753502
v -0.1161076634443385 0.0490507937265594 0.0243069918138854
v -0.0773600929967769 0.0875338565663257 0.0305657633786190
v -0.0936152031335769 0.0798002688151701 0.0067805687029988
v -0.0899931253634506 0.0728778998189078 0.0507260861896643
v -0.0918204631327969 0.0782271936406411 0.0292404312451940
v -0.0970691695543827 0.0682620557899167 -0.0420496778350890
v -0.0809994010160026 0.0872521187094311 -0.0178125849506580
v -0.0953447475972243 0.0771570554668495 -0.0171182524801954
v -0.1112673604946479 0.0133497175927246 0.1317450458668067
v -0.0989481980710271 0.0328422518305685 0.1115768064548239
v -0.1134593275895289 0.0268586985690162 0.0862986339788662
v -0.1252904548494711 0.0033799229179194 0.1049655133071659
v -0.1123929148750021 0.0190696946112978 0.1084828125354719
v -0.0695696919918343 0.0531837250983609 0.1163263013349368
v -0.0863975914905854 0.0540503600598169 0.0926887279826813
v -0.0832635488841377 0.0369248895022961 0.1367730188269577
v -0.0847444189418648 0.0443343622974209 0.1142055836484936
v -0.1016775626648443 0.0512464862807052 0.0688089997782188
v -0.0733468420038547 0.0736295112255655 0.0738844723439950
v -0.0881662532765123 0.0641919915432075 0.0717022845796838
v -0.1270432834335230 0.0170900786945059 0.0600779203089337
v -0.1144470399770884 0.0353578681990722 0.0650020460920806
v -0.0987302587040408 -0.0152980862199337 0.3032316612812437
v -0.0878398099084410 0.0018054506961661 0.2940796049150450
v -0.1013795259236665 0.0017179024034451 0.2726484348123213
v -0.1098339900425459 -0.0148324969483250 0.2866626812013908
v -0.0993412340234553 -0.0055455789567433 0.2895648139686096
v -0.0617355168405311 0.0138438066277085 0.3017372864336819
v -0.0763570130897504 0.0186128601689612 0.2792513456766337
v -0.0745087196120400 -0.0044861049100971 0.3144881364496024
v -0.0752975856113450 0.0083082398427391 0.2981571200802837
v -0.0787645911395773 0.0309287628157254 0.2352383042407951
v -0.0908150548137300 0.0176004666137729 0.2552645105183104
v -0.0635386391246568 0.0331509992671323 0.2609411790729312
v -0.0775561452905829 0.0262216450347486 0.2581512757660621
v -0.1160052133145586 -0.0057249598203397 0.2506123432614883
v -0.1056232897085934 0.0101816801704863 0.2302573652038613
v -0.1035524000398159 0.0070359955038363 0.2526338705950082
v -0.1231273600638917 -0.0030097054034876 0.1538388820362429
v -0.1088234592169900 0.0107363079185219 0.1813560555302988
v -0.0964158171358320 0.0233320856925483 0.1586726654322203
v -0.1101026887920140 0.0110576287801042 0.1562776608074118
v -0.0938811077885965 0.0226950321582808 0.2085612218109341
v -0.1204138286719495 -0.0028443881486156 0.2041744935267235
v -0.1073556282666893 0.0109300318002874 0.2062570252557034
v -0.0651294102306933 0.0405097126797752 0.2130606452379026
v -0.0809053331695684 0.0328459772898332 0.1858675866998776
v -0.0798519595624681 0.0325293132523318 0.2108933593106504
v -0.0668431214924656 0.0420618321459402 0.1628768462124595
v -0.0820136573008233 0.0337037642855355 0.1609102694030941
v -0.1573242820195948 -0.0535458211115956 0.1203805323797710
v -0.1494509895460121 -0.0323384766014964 0.0971364606623518
v -0.1617873822187322 -0.0490074154102458 0.0668517366170152
v -0.1594585044958726 -0.0517105434571913 0.0935190397163063
v -0.1391198253225288 -0.0088536936473352 0.0770255001865640
v -0.1365529838891350 -0.0173826203832683 0.1259016630100896
v -0.1378522378077069 -0.0138657402691295 0.1010677515514501
v -0.1402681981408794 0.0030749009406203 0.0315441621180167
v -0.1524779251985990 -0.0240965965019102 0.0470476608481590
v -0.1400320971599776 -0.0029915437895721 0.0538321878516266
v -0.1635546469574349 -0.0409848018725090 0.0146082243005887
v -0.1634424174970852 -0.0454332330757916 0.0405057543793065
v -0.1438888788637815 -0.0578691420791206 0.2713221713140802
v -0.1398397703254363 -0.0380983626024429 0.2491440466287796
v -0.1528006431074056 -0.0557262113418115 0.2251865494621660
v -0.1493620442060668 -0.0567239359011449 0.2490714001731175
v -0.1250399177139185 -0.0590736761958870 0.3094159236606829
v -0.1280105057951265 -0.0419632006119067 0.2897529496614780
v -0.1359312978743345 -0.0587797374599004 0.2915621258169089
v -0.1244960006612690 -0.0237808172609841 0.2699949764510228
v -0.1118429439510475 -0.0291877625648390 0.3019021380061459
v -0.1193506757342793 -0.0271429045426737 0.2874226748913942
v -0.1312567778619240 -0.0190825474457611 0.2268173692552982
v -0.1284109926660842 -0.0209341938368098 0.2495533814654910
v -0.1114927507801636 -0.0029039954968511 -0.1048498843652370
v -0.0992066518075172 0.0286818451966897 -0.0929397494279383
v -0.0846391747176364 0.0125138176702026 -0.1280156748698563
v -0.0966616974473037 0.0041464361616360 -0.1171953578449150
v -0.1389093368740719 -0.0165079291161523 -0.0758451815550183
v -0.1235352978533788 0.0116145849401802 -0.0720362254345253
v -0.1259861843671580 -0.0097637302092253 -0.0914844499912393
v -0.1101446002087422 0.0406773583466878 -0.0601343144485534
v -0.1288021658888800 0.0219536657646010 -0.0428164239200097
v -0.1204478234877401 0.0303862428103002 -0.0527054226970113
v -0.0886161024827276 0.0598979340582068 -0.0764428849258022
v -0.0988494734005119 0.0510783749313846 -0.0676073528923825
v -0.1345230742722694 -0.0188986960310470 0.1771989086732766
v -0.1448798510281977 -0.0362955197277621 0.2011610626639712
v -0.1331940166795797 -0.0187052981269671 0.2025068848233521
v -0.1467761097939414 -0.0359936178225971 0.1492644837415719
v -0.1355429187459871 -0.0187590378768608 0.1514713526735119
v -0.1555840268605613 -0.0549710421215559 0.1739740579972514
v -0.1562536781633952 -0.0545164708957227 0.1473095489924088
v -0.1546540590916050 -0.0552581073851991 0.2000438905669625
v -0.1510780838798796 -0.0136551121159503 -0.0001399375636311
v -0.1564460049979365 -0.0296646679189643 -0.0347215131884168
v -0.1612551072262850 -0.0356588853076618 -0.0107132566393214
v -0.1375607206202424 0.0135103780235158 -0.0097497597369826
v -0.1395058760388356 0.0087008101127592 0.0102177705571133
v -0.1421206827602627 -0.0024890724712427 -0.0417407441255619
v -0.1342497186987204 0.0171282646519693 -0.0279630643998023
v -0.1490300126490984 -0.0232113342441305 -0.0566782524569113
v -0.0825720105081235 0.0448857302685998 -0.1122599159792515
v -0.0777847953529553 0.0343668960346561 -0.1456857144353979
v -0.0694025120073298 0.0050405463851694 -0.1596417505234561
v -0.0785722643050360 0.0233251004564270 -0.1368056165955240
v -0.0743531816877378 0.0823494143170564 -0.0674155383084901
v -0.0779673428569266 0.0701224570102374 -0.0997289611964313
v -0.0814986125574754 0.0654442115385623 -0.0879594018076627
v -0.0834409738816201 0.0847849333113687 -0.1168955049423456
v -0.0825021581469100 0.0603901603635583 -0.1319876664014217
v -0.0697224358216879 0.0895828591619230 -0.0906896884526480
v -0.0784940296604768 0.0763388514758349 -0.1093237418280014
v -0.0745361948741173 0.0278468766389838 -0.1796991575223135
v -0.0907712806673695 0.0525876516160053 -0.1690704222400605
v -0.0816005970048472 0.0434248845544205 -0.1567759409840684
v -0.1016072446212227 0.0808257014777849 -0.1506936630520010
v -0.1230426058656192 0.0772390155706734 -0.1947728313897884
v -0.1085496379610329 0.0476900697301196 -0.2129782194516706
v -0.1060475263823637 0.0639433171372873 -0.1815614214722666
v -0.0806855310729497 0.1086260098759597 -0.0996017367625410
v -0.1050211623549327 0.1100528607743484 -0.1278511492750780
v -0.0931704764338507 0.0961527065752610 -0.1225961095727422
v -0.1244405844547063 0.1438879474989653 -0.1427267684143922
v -0.1286307947627028 0.1100794046716095 -0.1708265106009690
v -0.0999028470076122 0.1393992347673829 -0.1032671229966197
v -0.1163316566826299 0.1260942226858350 -0.1340861710369991
v -0.1427959222519936 0.0746069786001471 -0.2459788033009898
v -0.1465218471991241 0.1095322278421034 -0.2247236611485242
v -0.1373693251505173 0.0922228127333869 -0.2092285447017275
v -0.1302965407364418 0.0459563341247994 -0.2593974418901118
v -0.1118806642261028 0.0236003187596083 -0.2690221659005221
v -0.0897211668371258 0.0239351444110253 -0.2322109029058000
v -0.1111704985537651 0.0342518724798578 -0.2427232175860305
v -0.1540412210425582 0.0749930293164539 -0.2959563050196489
v -0.1431503065645503 0.0464667220440664 -0.3043725831810650
v -0.1451578634258276 0.0593153653656859 -0.2777625590179690
v -0.1208036048475210 0.0285784637020937 -0.3412369339703093
v -0.1237388010657142 0.0241740394863756 -0.3070046201515914
v -0.1423996265227087 0.0512865349678010 -0.3434344892540874
v -0.1354674781958765 0.0361811946965759 -0.3255997843890451
v -0.0910180923436573 0.0093443832007400 -0.2782068200352871
v -0.0994050325133636 0.0097742080634073 -0.3050934595487887
v -0.1086488283139561 0.0157060705776616 -0.2901022114675457
v -0.1534614464444857 0.1102852362959854 -0.2798758257858827
v -0.1494877784562512 0.1137308204334456 -0.3266587461850424
v -0.1521617268435057 0.0799092384986632 -0.3380754161017842
v -0.1552329023248612 0.0936538547734484 -0.3121164159451985
v -0.1192035200933228 0.1495390035211411 -0.3509696962993966
v -0.1347116756475459 0.1165859192774472 -0.3608868688620877
v -0.1374904025766208 0.1528979707306965 -0.3139782142127436
v -0.1375621176674667 0.1336564393108133 -0.3400005471768295
v -0.1148582375434322 0.0951836214840251 -0.3866945222360440
v -0.1380543439728181 0.0872479275677583 -0.3690605264888885
v -0.1120189719013056 0.1160615608859375 -0.3809307710711103
v -0.1277390129512099 0.1036585756288604 -0.3760555419408130
v -0.1269059071231363 0.0610747135034510 -0.3723515040668627
v -0.1431018755941089 0.0690495247419974 -0.3580541227736743
v -0.1345412358861849 -0.3607688183716367 -0.1272447376432628
v -0.1088146112512363 -0.3850327345627737 -0.1068804925057148
v -0.1342622921237388 -0.3855668722848533 -0.0749028266340068
v -0.1560254937834309 -0.3613234461196723 -0.1006989310842425
v -0.1343600854294378 -0.3787665120795107 -0.1038637552978650
v -0.0635898641895467 -0.3648812597174822 -0.1015419093793676
v -0.0804680573883716 -0.3874594055913323 -0.0769906205741981
v -0.0872889076196702 -0.3623609865248975 -0.1266318064577344
v -0.0836519280124849 -0.3803060581206572 -0.1048121640901817
v -0.0851109109970319 -0.3705635164610001 -0.0252765425875294
v -0.1059157382608741 -0.3879935433134119 -0.0450130012707309
v -0.0636266530997859 -0.3700088887129644 -0.0518221163053456
v -0.0820490491638381 -0.3839933314279161 -0.0485516287533274
v -0.1522986374714843 -0.3643950872834359 -0.0478549213025835
v -0.1285991283589527 -0.3669148947936126 -0.0227651173606984
v -0.1309317315410770 -0.3814567593510483 -0.0460884482239746
v -0.1342175866125621 -0.3668953361324727 0.3019175055256129
v -0.1157882053123885 -0.3878901618188159 0.2798050420598531
v -0.0926223682395284 -0.3873387938476369 0.3082279678376445
v -0.1146044406310230 -0.3663225467705216 0.3257273813688618
v -0.1149448544713370 -0.3820193037000214 0.3052019635498737
v -0.1121735784607916 -0.3712015013600837 0.2335781464559532
v -0.0923951152243803 -0.3897589453224822 0.2535852597547368
v -0.1320614770631041 -0.3692610027655714 0.2555383317742675
v -0.1138286137391445 -0.3841479379874022 0.2544081205698323
v -0.0539534981189341 -0.3734372426013253 0.2598831486417500
v -0.0692288124691122 -0.3892071116688952 0.2820081855325283
v -0.0735666441004733 -0.3740100319632764 0.2360732727985010
v -0.0712712955109962 -0.3860441967531459 0.2567565569538317
v -0.0725253782359834 -0.3671603094226761 0.3269442095012018
v -0.0526374796336709 -0.3691008080171884 0.3049844898652956
v -0.0707040943379422 -0.3829599821643638 0.3069315080135211
v -0.1415255406427232 -0.2824349834595430 0.2230201948997299
v -0.1503315949797108 -0.3140482994151611 0.2496767873036349
v -0.1594911022644389 -0.2756141332282444 0.2753880444191166
v -0.1542512438086069 -0.2782051901468588 0.2467141158233644
v -0.1488935677035280 -0.3454827933260726 0.2777248387429137
v -0.1317089554801797 -0.3450678703004641 0.2332898890453453
v -0.1435819941568500 -0.3451475019922476 0.2532895514255994
v -0.1370023674129421 -0.3387397120569251 0.3233808077144948
v -0.1542950179549674 -0.3097207127967780 0.3037136425736172
v -0.1469875296072144 -0.3418593185087220 0.3024376727754498
v -0.1460100622326328 -0.2714965693759099 0.3249762356446122
v -0.1571789891082706 -0.2732885152822414 0.3026961265119398
v -0.0451336595826671 -0.2734529011722973 0.3294467867622791
v -0.0360773009513310 -0.3160139448597103 0.3079485583927904
v -0.0304820336816444 -0.2907297185124474 0.2819169117805426
v -0.0295573746921403 -0.2515597741207480 0.3082135316829937
v -0.0329346432203336 -0.2816223676574254 0.3084431131101823
v -0.0391379985785045 -0.3513578425865399 0.2827029836853990
v -0.0525313040446264 -0.3411212118918988 0.3254842951518387
v -0.0418700175620478 -0.3459796764555050 0.3060597505455761
v -0.0554455445544555 -0.3521071255811571 0.2384137925815628
v -0.0387752785508429 -0.3257797706397720 0.2561446502696011
v -0.0439359709972996 -0.3523725645537686 0.2589252399283082
v -0.0325772785403651 -0.2713303207562217 0.2539117031228080
v -0.0496808620247056 -0.2994649891234053 0.2295015626555307
v -0.0360280317525550 -0.2965884688886315 0.2538018020744988
v -0.0969955917339044 -0.2965377095061497 0.2082426950438004
v -0.1175247350121572 -0.3214438017380432 0.2155115317516819
v -0.1213805853511449 -0.2896772762701634 0.2106526015056677
v -0.0714123972806476 -0.3278753414761784 0.2190032184475429
v -0.0715497735910342 -0.2996242525069721 0.2144204378695263
v -0.0932948136368108 -0.3538194397957052 0.2190707423967161
v -0.0728494931920143 -0.3536457402574875 0.2248549835876057
v -0.1139305981865163 -0.3494597210911637 0.2218829984591734
v -0.0975101707948442 -0.2701893988564004 0.3437986528972141
v -0.0696395443530478 -0.3086822410267366 0.3412364682879012
v -0.0688269285509302 -0.2704064068585705 0.3409952448005104
v -0.1224130032498811 -0.3076889404502801 0.3399772630564251
v -0.1246790138476485 -0.2705083913059423 0.3385681080895438
v -0.0947365663722584 -0.3430216617993153 0.3413570800315966
v -0.1180742402537038 -0.3405861428050032 0.3365079291161523
v -0.0715213669641407 -0.3416674573565888 0.3374663035120021
v -0.1804221294608737 -0.2555441528043686 -0.0746848872670205
v -0.1720868800384654 -0.3012266656732109 -0.0437389407704366
v -0.1623187258463633 -0.2665961933955757 -0.0145895970042651
v -0.1753033484311451 -0.2601120315453264 -0.0419512791422596
v -0.1650588011355666 -0.2497370931754825 -0.1293935825471547
v -0.1762398357538147 -0.2951211036207390 -0.1050885000311425
v -0.1774082329157133 -0.2519039134203267 -0.1053486302243018
v -0.1714810272255399 -0.3368779137893800 -0.0742385306788660
v -0.1586775550975052 -0.3289254553064219 -0.1256729663794765
v -0.1695489109143732 -0.3325181950848387 -0.1023229053459758
v -0.1516066334130621 -0.3370860738257964 -0.0234953073765840
v -0.1652175988367253 -0.3368197034883688 -0.0463892790596009
v -0.0591602931237918 -0.2591662305744949 -0.1227650591503974
v -0.0850806416405060 -0.2963030055724721 -0.1396965729849486
v -0.1134020486533338 -0.2510368127764626 -0.1448772897749532
v -0.0834218809028884 -0.2536474283562168 -0.1381090616557688
v -0.1126592852124298 -0.3344950169071820 -0.1431528678177948
v -0.0658083751816889 -0.3332646839850074 -0.1225129852628981
v -0.0870672427934192 -0.3334500255834273 -0.1370654673792384
v -0.1417737493662354 -0.2932485946578079 -0.1432678913725931
v -0.1381218679219912 -0.3312855337506236 -0.1393193702343954
v -0.1421686480482959 -0.2495908688993422 -0.1422708653368717
v -0.1169468231437172 -0.2846139114469975 0.0032823624534245
v -0.0877978984917129 -0.3193766375285303 -0.0070371597098566
v -0.0689745498742949 -0.2891859813296281 -0.0186815483241545
v -0.0913561777719309 -0.2888162294976044 -0.0030267028113829
v -0.1368100405784008 -0.3110753829219127 -0.0041829922306711
v -0.1417337006791396 -0.2759852821074923 -0.0000416785755241
v -0.1085338047591578 -0.3477050297774795 -0.0067535591233296
v -0.1314952072548662 -0.3424200001280627 -0.0102769122229408
v -0.0676343159038110 -0.3462856297976203 -0.0277199781827792
v -0.0863719789581404 -0.3478251758387668 -0.0129462037861144
v -0.0444121778278128 -0.2393803164195543 -0.0985028659841703
v -0.0464725896424083 -0.2798280933390536 -0.0720756687344906
v -0.0492282187240419 -0.3061051545803649 -0.1010012521035748
v -0.0475494336428763 -0.2693353373199629 -0.0996434619063059
v -0.0527562286477340 -0.3174575603247903 -0.0460775046873845
v -0.0523962561462802 -0.2609451373733999 -0.0449275019806055
v -0.0538137933965070 -0.2863178433781999 -0.0433930318777071
v -0.0497120627460477 -0.3453216672128733 -0.0756681756717032
v -0.0549449359657584 -0.3465925145045518 -0.0499423426968483
v -0.0533448512115601 -0.3390503222231213 -0.1009528211331334
v -0.1437366007163360 0.1513137191783733 -0.2600140053984233
v -0.1328838721957915 0.1920576701094179 -0.2568687864141815
v -0.1262856181555601 0.1943423080035089 -0.3027515427185026
v -0.1356956625758408 0.1723378828564261 -0.2834015072975344
v -0.1390103899566275 0.1485950652799421 -0.1985332168351176
v -0.1479948006559137 0.1298038487486823 -0.2410537461530267
v -0.1095913695079309 0.1756088360908523 -0.1186591373582652
v -0.1262995886278028 0.1814466307586723 -0.1667247799505096
v -0.1266865707089258 0.1630442590381679 -0.1551982089854585
v -0.1294014991480923 0.2088394670497681 -0.1774298871476895
v -0.1315911378309329 0.1990568767030151 -0.2094297195020225
v -0.1150272802575690 0.2031814257914709 -0.1416417284035418
v -0.1265096113938515 0.1969808645277486 -0.1725313738969876
v -0.1243372029601102 0.2298142683925633 -0.2692717716712585
v -0.1294853219815485 0.2292712827047300 -0.2375695103756951
v -0.1297600746023218 0.2121392925934960 -0.2429770144984397
v -0.1175210095528925 0.2671787620880967 -0.1585068824949401
v -0.1520229534858948 0.2500146398907044 -0.1529997223368642
v -0.1246534013152036 0.2337041135473416 -0.1488295363724156
v -0.0897025395408022 0.2510703419098451 -0.1470715852818747
v -0.1202000804466360 0.2500807667926532 -0.1518662513555724
v -0.2004059586392527 0.2560536093588194 -0.1603938276125220
v -0.1771087991273112 0.2375627579807778 -0.1594768989509922
v -0.1810023697413542 0.2663586953674496 -0.1559749672421531
v -0.1791908651738829 0.2512249484693311 -0.1554212708589338
v -0.1650751000198497 0.2238917195264709 -0.1828313373991288
v -0.1510422263344566 0.2231936615967435 -0.1614825930826371
v -0.1870101384881272 0.2348366531638172 -0.1778001046621213
v -0.1712975483567523 0.2277354621228482 -0.1685702793337715
v -0.1113362814910452 0.2191156807490968 -0.1406554130632065
v -0.1348015523523074 0.2145133415099403 -0.1641598012467482
v -0.1300935032065145 0.2210952966658886 -0.1523095810080743
v -0.1482541857572200 0.2217742616168843 -0.1956515740938548
v -0.1371150625557000 0.2251192583541969 -0.2123905282526607
v -0.1370587149843211 0.2162154107115104 -0.1862340787550447
v -0.1772345333774956 0.2357056165373137 -0.2028421761571771
v -0.1601793808635964 0.2382603502280971 -0.2220990750965273
v -0.1617608383214711 0.2281815858697987 -0.2023904642213296
v -0.1606972197013928 0.2667875888653009 -0.2436457344364574
v -0.1455751148634765 0.2469220430185767 -0.2371112788861343
v -0.1750411692353903 0.2580225145802252 -0.2332447178517605
v -0.1591562766130220 0.2517833016766313 -0.2368099823680999
v -0.1331292868248551 0.2578101634021360 -0.2510654522445601
v -0.1352211322019967 0.2401417071567819 -0.2364891271889257
v -0.1953872993272636 0.2562533871118902 -0.2104593433063102
v -0.2068547286264872 0.2807892618293518 -0.2110945341109454
v -0.1833591884086992 0.2786336179623018 -0.2339334621333261
v -0.1923072758801543 0.2689371788610457 -0.2240740341892382
v -0.2082946186323024 0.2549727604896418 -0.1801485410461206
v -0.1943306659433067 0.2446145866864892 -0.1933986026035139
v -0.2083449123323762 0.2765971887917230 -0.1621485189262062
v -0.2195934708997974 0.2794783658505776 -0.1812573308597836
v -0.2143708426930647 0.2668439364366798 -0.1691803232883698
v -0.2013657300823269 0.2971165527394058 -0.2087880091436741
v -0.2107627353951810 0.2961800654167363 -0.1848114189983288
v -0.2145827281887457 0.2898407307954031 -0.1961028203472943
v -0.0217651575258061 0.1009846272416060 -0.0248238992868656
v -0.0431007230301489 0.0985886912519813 -0.0090093247081190
v -0.0215348310067646 0.0986003333121836 0.0145719010727577
v -0.0218400858252678 0.1002502460840475 -0.0057677094654024
v -0.0619059566018922 0.0948269087594279 0.0095183155801617
v -0.0630063641322096 0.0930847908707621 -0.0360659383005735
v -0.0632024164260156 0.0943263001707308 -0.0140671013423877
v -0.0585027495635683 0.0876102284812525 0.0543840215052136
v -0.0412823263630379 0.0949829123661382 0.0341761990885431
v -0.0602970238819402 0.0927378574767348 0.0323525867784615
v -0.0202521553819207 0.0900718256904178 0.0567613301985146
v -0.0209664656276904 0.0954145999584379 0.0356105009054613
v -0.0175947387201534 0.0575741788418362 0.1420994942106945
v -0.0342428848093816 0.0525578479418875 0.1656248381026004
v -0.0169749154349852 0.0543772691102963 0.1915973430490207
v -0.0172241020915543 0.0549947639834240 0.1663485085647727
v -0.0501311769133289 0.0473389451944195 0.1895483404534234
v -0.0518420940806527 0.0515417289274345 0.1403303667423595
v -0.0508511219162366 0.0482968539078612 0.1644583036703341
v -0.0490754748941882 0.0444661504189104 0.2396911594269546
v -0.0333965536009183 0.0511431047861092 0.2162510354157293
v -0.0495746864356610 0.0467135337203542 0.2148698213933334
v -0.0166612317648956 0.0513405541271395 0.2422496185770027
v -0.0168022403980653 0.0537998229242643 0.2171353663086928
v -0.0327650416873071 0.0426360185551156 0.2650755074919568
v -0.0163142518026275 0.0356288953605808 0.2885263421985682
v -0.0165069977513361 0.0450785227855492 0.2662290028167965
v -0.0479000924961683 0.0297477922288084 0.2851380369973032
v -0.0485250382878255 0.0386413948585170 0.2632812331735849
v -0.0463263187980271 0.0047844210607198 0.3216428809675018
v -0.0318659952302479 0.0215750659668236 0.3070898400322718
v -0.0471750249867717 0.0182929363546032 0.3047590995797799
v -0.0157122641536892 0.0096340376585721 0.3258875761172449
v -0.0160577539322514 0.0236087010429540 0.3085949255752197
v -0.0151551682888907 -0.2522913611838579 -0.0566269342555397
v -0.0288655569066813 -0.2458267579947483 -0.0644527736917380
v -0.0135060471771206 -0.2373895241249683 -0.0872856059313968
v -0.0145359038226123 -0.2460977851562569 -0.0718107885807688
v -0.0374588409514124 -0.2402958480338598 -0.0768531976955706
v -0.0474907576594569 -0.2541932081384986 -0.0331437811898069
v -0.0427828016501456 -0.2491121473838254 -0.0537195392771096
v -0.0363880508222496 -0.2104106794946647 -0.1201808011949411
v -0.0244478141740919 -0.2248859514677436 -0.1010117765259976
v -0.0359193414785067 -0.2268786064919621 -0.0992026935070484
v -0.0114497333677162 -0.2136020010373076 -0.1196981679471963
v -0.0123743923572203 -0.2264599580070889 -0.1031989005238345
v -0.0080795432121259 -0.2092441450623986 0.3265842369997480
v -0.0151430605462804 -0.2265014037414089 0.3078959362806761
v -0.0075506677012578 -0.2353041983015399 0.2879889446996320
v -0.0075022832990572 -0.2231382453901808 0.3084091182943917
v -0.0220590496935519 -0.2475148567240756 0.2839589291400185
v -0.0268686641725493 -0.2183584811535419 0.3277363352773634
v -0.0230607791215949 -0.2345805278393676 0.3079308624612829
v -0.0298734799107520 -0.2622369403734424 0.2358646470796766
v -0.0164042682121114 -0.2490199422670235 0.2641148046840666
v -0.0253059737157207 -0.2565355906511928 0.2584893611943357
v -0.0088745562192177 -0.2538742156889568 0.2485922129751925
v -0.0080622198265449 -0.2455976422499679 0.2673685276693935
v -0.0385491897417151 0.0813975594749198 0.0767409682352208
v -0.0187859543200484 0.0727177050705247 0.0981912313166763
v -0.0195090659633310 0.0819507901757311 0.0774394918473563
v -0.0548513338017322 0.0688227374092574 0.0965185001068159
v -0.0566511963090012 0.0789941725667658 0.0755599976483039
v -0.0359674930395033 0.0624508050193578 0.1189597353526875
v -0.0532121317252544 0.0590275736374860 0.1178961167326093
v -0.0181315774001999 0.0640369193013134 0.1195623283887564
v -0.0208934931943427 0.1129768806147474 -0.0713210303921803
v -0.0394791575106714 0.1037088693289342 -0.0702180616086184
v -0.0205633243670066 0.1027705192766322 -0.0562238395630968
v -0.0203168386684044 0.1062212259205814 -0.0663618387237042
v -0.0570828839013009 0.0945325974775148 -0.0681583948858758
v -0.0584752743014909 0.1055930203520676 -0.0833736362054102
v -0.0563326695418675 0.0984340846924954 -0.0779909063867760
v -0.0415253194435794 0.0987954542411734 -0.0462865960886170
v -0.0601368291335571 0.0929516057020482 -0.0541398176504111
v -0.0211928338462631 0.1014246971172513 -0.0420101413986422
v -0.0294443535716968 0.1808067831299563 -0.0641525482432422
v -0.0542533975897443 0.1554564298807446 -0.0699057749857530
v -0.0251979819652845 0.1395785224944977 -0.0659751360520260
v -0.0276479371142476 0.1585760363325415 -0.0628327577304735
v -0.0714533773325595 0.1317164063987091 -0.0828453195134317
v -0.0843071431606680 0.1683944842247174 -0.0862402653458361
v -0.0787743704701472 0.1491250118603488 -0.0826287771936697
v -0.0444422143431346 0.1218914389528200 -0.0746109369006158
v -0.0641011834736299 0.1169463574613091 -0.0840426821211135
v -0.0227335440934299 0.1242375469247789 -0.0699983526484814
v -0.0322606610711045 0.1849462340554709 -0.3502339180946139
v -0.0606020458592394 0.2140150613332837 -0.3347369389181849
v -0.0291743043432452 0.2476303459612820 -0.3241575659711894
v -0.0309556792589130 0.2150451508199794 -0.3369540528631028
v -0.1080602057501300 0.2127167387795280 -0.3222352289905926
v -0.0810403810679146 0.2439924349892806 -0.3191174852684281
v -0.0927578818202827 0.1818438578527733 -0.3426088343445433
v -0.0876288557775761 0.2121812040102241 -0.3302226136541575
v -0.0701005699370572 0.2959933267710921 -0.2943138431663144
v -0.0527157142782301 0.2762870443079348 -0.3094694771376133
v -0.0930922417892915 0.2687294845070374 -0.3038770970988569
v -0.0752607967011058 0.2727706764444450 -0.3071741285481361
v -0.0249975522568425 0.3045269568993468 -0.2969700956220615
v -0.0271203655141221 0.2787686658606481 -0.3110835323640542
v -0.0338531552020509 0.1082832676236052 -0.3980860453027489
v -0.0643954947555429 0.1244536235621328 -0.3890634486459993
v -0.0331477860585165 0.1419604880118796 -0.3787569655901448
v -0.0333645146512417 0.1249817074129072 -0.3904567704110055
v -0.0930773399522326 0.1379896141180936 -0.3739338928895536
v -0.0901719474081573 0.1076043026726096 -0.3925290571270073
v -0.0907591729247591 0.1222369752996230 -0.3855773501390353
v -0.0646464975735036 0.1604210700333953 -0.3628129313019491
v -0.0941586545038183 0.1574858738152021 -0.3583950022963964
v -0.0328856068627617 0.1612667492864873 -0.3647590180853585
v -0.0142684624156460 -0.1416414955623377 0.3633438092471720
v -0.0266011761973422 -0.1603591342731193 0.3569807248230262
v -0.0111981717308658 -0.1770831865948662 0.3507606048981640
v -0.0129393582547155 -0.1595814446516085 0.3581533131265975
v -0.0373835401060242 -0.1798442175924336 0.3490147615502335
v -0.0445566325108024 -0.1433770938972903 0.3588690669878323
v -0.0417077738110692 -0.1613836355709179 0.3548371886985865
v -0.0198160438067441 -0.1955372490626686 0.3404173329320704
v -0.0320400207461513 -0.1994745938230721 0.3407065217074944
v -0.0094448308961650 -0.1937648618174770 0.3404694893617765
v -0.0230731662736501 -0.1957668304898572 -0.1377779614636165
v -0.0111003318569261 -0.1823304959692277 -0.1536232710812971
v -0.0110408642134129 -0.1991094988151293 -0.1369308851633003
v -0.0380110005826851 -0.1735225789026078 -0.1557849688196523
v -0.0370884837322582 -0.1924432551433167 -0.1392001555379243
v -0.0408903614801483 -0.1326934080908826 -0.1788157579941662
v -0.0242624260074311 -0.1595013472774169 -0.1693819637710729
v -0.0391457754747196 -0.1541948962372279 -0.1694583356859997
v -0.0124348379337904 -0.1393084266978053 -0.1802919712278125
v -0.0115807763973528 -0.1626144341755006 -0.1685013583373741
v -0.0279293489934566 -0.1102824422015369 -0.1860459430621762
v -0.0149889662374433 -0.0827008182622013 -0.1922227545230859
v -0.0136150168606137 -0.1117619152120398 -0.1877210026840770
v -0.0470744375866242 -0.0794002010583797 -0.1818068361013302
v -0.0436423116707579 -0.1072527124545014 -0.1824513405541272
v -0.0538673468734374 -0.0248329800938234 -0.1759946539659552
v -0.0332451602500482 -0.0536710244838347 -0.1888889341635675
v -0.0508599698819903 -0.0506652401262232 -0.1783235316888147
v -0.0177881831924741 -0.0309375642132383 -0.1981811609346013
v -0.0164241528509368 -0.0548506771895368 -0.1952315285617574
v -0.0374274073888664 -0.0111644097562793 -0.1934055878396353
v -0.0199743292572540 -0.0023493677488156 -0.2086361966786367
v -0.0189486637534351 -0.0136874304750717 -0.2025064191409440
v -0.0563112481510953 0.0076483678704751 -0.1859975120917348
v -0.0549663573565305 -0.0056887762972311 -0.1788129638997176
v -0.0644867685075286 0.0187036682385388 -0.2119388163168131
v -0.0411817389628904 0.0080558399775541 -0.2088951160975349
v -0.0600562660769575 0.0160599892078102 -0.1967664177788230
v -0.0218969456472956 0.0055937770859807 -0.2280314032931896
v -0.0209341472685689 0.0038274437120942 -0.2170012497751627
v -0.0456364103104414 0.0076590785658612 -0.2375080402978272
v -0.0241664488631237 0.0001965179762141 -0.2588255838929769
v -0.0229315522533499 0.0037003124146855 -0.2421555507305684
v -0.0702765978873153 0.0083315239631436 -0.2544099832994647
v -0.0678881128162202 0.0147374511688337 -0.2323329116967197
v -0.0747187423780887 0.0020881199178769 -0.2939035769647869
v -0.0500799518484390 -0.0006519553713264 -0.2756404442843015
v -0.0716689882875053 0.0036556069035089 -0.2746327075531941
v -0.0277508994946764 -0.0034493095967249 -0.2976043550618805
v -0.0257301172530093 -0.0028700006810605 -0.2774915318564604
v -0.0584668920181453 0.0017919459063315 -0.3167764998029581
v -0.0330626127460768 0.0085117430550745 -0.3393369497453008
v -0.0303573705009986 0.0005071281424103 -0.3186145482676906
v -0.0907819913627556 0.0122823735133817 -0.3322138716311516
v -0.0820802498851802 0.0050084142990112 -0.3131269467707545
v -0.1021246177766110 0.0386311498455390 -0.3679983049160346
v -0.0686881551933193 0.0211526920226857 -0.3564228372981340
v -0.0978533787296068 0.0237772780746827 -0.3510758718884411
v -0.0368223462360346 0.0347198832999885 -0.3751744708247061
v -0.0353798949769749 0.0200783627072214 -0.3585854664013053
v -0.0717355808718623 0.0531497302825703 -0.3860444295943499
v -0.0361101781293421 0.0706789474879054 -0.3963178491992300
v -0.0369032352703199 0.0519496667169216 -0.3879183356045053
v -0.0995498597422797 0.0741548009818914 -0.3901713070948462
v -0.1024268456594616 0.0559829420533917 -0.3812683908169758
v -0.0672342947152614 0.0903903524575516 -0.3982765094076579
v -0.0942834573891865 0.0914693385970968 -0.3939926969356352
v -0.0349309305673351 0.0898198915076410 -0.3998733343849995
v -0.0282615202551474 0.2325706425660498 -0.0880145060070120
v -0.0590089463411624 0.1997339789243784 -0.0833099774202242
v -0.0299483616419729 0.2058465262129718 -0.0735158847179915
v -0.0187910768265374 0.2840052645396235 -0.1219841563202708
v -0.0459845544787297 0.2553592768883567 -0.1175813154247402
v -0.0234855746142549 0.2598559062208767 -0.1047401230216502
v -0.0797085293807763 0.2316155279470566 -0.1240924402864180
v -0.0587206889305545 0.2734203034037310 -0.1476755753651678
v -0.0665106242530891 0.2526303779769475 -0.1336676622568483
v -0.0892419796392009 0.2057394192591109 -0.1107382987108165
v -0.0976540666589441 0.2149296615827730 -0.1261230949951365
v -0.0862946756783974 0.1887466681878959 -0.0965270686631248
v -0.1203854220450560 0.2299381399131153 -0.2958221884861189
v -0.1106526597159687 0.2431034472722363 -0.3073124362233390
v -0.1179187023294016 0.2187952912523306 -0.3095989368470624
v -0.1148042183840937 0.2626676966009259 -0.2738200917510765
v -0.1122029164525013 0.2578916578235518 -0.2929074822938817
v -0.1186423727915740 0.2456684259759976 -0.2844134351703146
v -0.0991419219527926 0.2824242727641569 -0.2880154885968931
v -0.1045461662986806 0.2646743220973870 -0.2992584589754173
v -0.0997603481907365 0.3763836151973126 -0.2030801398677113
v -0.0936086835798637 0.3888015022914486 -0.2055966876010313
v -0.1003266179989743 0.3866328193169720 -0.2186232216025412
v -0.1054472617583353 0.3745446353677640 -0.2141093620209220
v -0.1010367836713121 0.3834401007271049 -0.2101217235604447
v -0.0744421270276831 0.3871008301371028 -0.2001021008679738
v -0.0826353433156238 0.3936017565540434 -0.2097668735654799
v -0.0837301626570441 0.3830303002079855 -0.1965717625322412
v -0.0841874627817888 0.3902325443315100 -0.2024230619898959
v -0.0772622996910780 0.3869224737748042 -0.2248242485486717
v -0.0893532777347345 0.3914330735795668 -0.2227934075669899
v -0.0715753861234792 0.3887614536043528 -0.2137945607130529
v -0.0806138159821038 0.3923858597865196 -0.2178837179384938
v -0.1009888183832788 0.3774379201692291 -0.2300519992618934
v -0.0917007827539177 0.3815079844159383 -0.2335823375976260
v -0.0966915011214215 0.3861908867116944 -0.2266734733911983
v -0.0977914429693307 0.3042978411545665 -0.2134704457570221
v -0.0927099165322494 0.3096503947531563 -0.2195462041353762
v -0.0891493088399909 0.3102855855577916 -0.2338040024238770
v -0.0967753239548777 0.3033632165615292 -0.2295979589140054
v -0.0939439749136887 0.3067431394794486 -0.2233391873492717
v -0.0946420328434160 0.3208742721529488 -0.2160661594997174
v -0.0895912414452687 0.3169718535731521 -0.2290633555095177
v -0.0941493408556565 0.3106339159990431 -0.2058514158782567
v -0.0927737150221578 0.3136366361664094 -0.2172154636828842
v -0.0772189912271255 0.3241089021595440 -0.2446385693305058
v -0.0829943844522614 0.3166374936041432 -0.2401153961007248
v -0.0872781969242841 0.3275200257988054 -0.2382326421248157
v -0.0843201822680945 0.3204998634968442 -0.2388436174442302
v -0.0842680258383884 0.3125515961555589 -0.2475034475050774
v -0.0753208697317495 0.3188574016435097 -0.2481172169189404
v -0.0830577172597617 0.3144739331361557 -0.2427637319555344
v -0.0896513144759123 0.3117776319933129 -0.1945642056709640
v -0.0784688828104399 0.3134117115633017 -0.1865460859684652
v -0.0705113018209929 0.3228189618891338 -0.1888470227468393
v -0.0844449851534627 0.3240618682363269 -0.1949586386706164
v -0.0811535418930805 0.3170016572472699 -0.1912140864271623
v -0.0715465138141776 0.3092634126720333 -0.1776212826174146
v -0.0640005960734824 0.3170109708954316 -0.1818329143161832
v -0.0866984223262117 0.3066290472894664 -0.1838441966367252
v -0.0755765293737911 0.3112183474211964 -0.1820382802581511
v -0.0448462869686345 0.3279018853734395 -0.1890183938730166
v -0.0569483016853628 0.3245238251851525 -0.1869395876033015
v -0.0479983514842754 0.3221711976594803 -0.1807120167599099
v -0.0534477670237481 0.3228971965336930 -0.1842414237308263
v -0.0630194032396361 0.3353569950445571 -0.1899702487151532
v -0.0504543605045436 0.3327244923916227 -0.1914515844552884
v -0.0597293570264781 0.3282707058406470 -0.1888386404634937
v -0.0667457938691747 0.3242062297828349 -0.2455531695799952
v -0.0554902500656321 0.3266170676095184 -0.2428051776898544
v -0.0644737294001021 0.3228324666789685 -0.2518086813678723
v -0.0655885730850703 0.3229838134615978 -0.2477632982887918
v -0.0715814399947844 0.3346091090971641 -0.2440499467666797
v -0.0594657807834990 0.3309954136103833 -0.2399416965625071
v -0.0685442593292194 0.3276862744184937 -0.2445305310118289
v -0.0447784836100166 0.3358664515990080 -0.2230062244274872
v -0.0489013096735625 0.3303788501020719 -0.2329355047327885
v -0.0543050883370423 0.3407943028414194 -0.2319547775813504
v -0.0511542811639033 0.3338011501191275 -0.2322928630096239
v -0.0435205357210423 0.3302237778601777 -0.2369850789535418
v -0.0400500841429901 0.3315784479853124 -0.2241559942930621
v -0.0466543920545268 0.3295219944711856 -0.2343455910644859
v -0.0391424691296221 0.3335250004511299 -0.2137060810555158
v -0.0363660240443469 0.3325647633256477 -0.2044222365678275
v -0.0330717866895162 0.3333838986814786 -0.2145526916734239
v -0.0366473893553151 0.3326667477730195 -0.2140083089383664
v -0.0446970357568416 0.3439516295682717 -0.2132562318493005
v -0.0413563698659242 0.3369030606394169 -0.2045596128782142
v -0.0415085083086473 0.3369547513867150 -0.2135035092079965
v -0.0418871546746655 0.3320986152351493 -0.1965927182406053
v -0.0475131104150453 0.3424912495365005 -0.1969997246652762
v -0.0443343622974209 0.3355474591494660 -0.1969503623300187
v -0.0350041824101277 0.3313088178710282 -0.1949227811251935
v -0.0391257045629309 0.3310503641345380 -0.1959188757960986
v -0.1079926818009569 0.3007339736854514 -0.2139882845948185
v -0.1052791504090147 0.3034214268625404 -0.2006641795345388
v -0.0968973327457974 0.3054802087887077 -0.2010977298564709
v -0.1010400434481687 0.3034018682014007 -0.2062980053076153
v -0.1234538034319629 0.3038209823686819 -0.1910389898417204
v -0.1040539399933291 0.3036342437230378 -0.1898747838214946
v -0.1230072140026043 0.3038042178019907 -0.2020914961153356
v -0.1120962751810486 0.3037227233805749 -0.1954103506064640
v -0.0940166213693508 0.3060199346996844 -0.1912955808485781
v -0.1004751706871552 0.3023405779933629 -0.1818524729773230
v -0.0958895960146900 0.3043518603139049 -0.1862378042143094
v -0.0939998568026595 0.3081047948407047 -0.1975226860095616
v -0.1093757585529851 0.2954140178554278 -0.2311328481310710
v -0.1293935825471547 0.2882886113292381 -0.2372970861669623
v -0.1299230634451534 0.2993518282982394 -0.2185370703570445
v -0.1193190093305292 0.2963393288003032 -0.2250314772202719
v -0.1480804862190023 0.2792306228094736 -0.2438417867302634
v -0.1202559623356069 0.2724805563042048 -0.2546949809332159
v -0.1325918893259189 0.2746524990555379 -0.2486550801002848
v -0.1747985487007752 0.2932481289753998 -0.2287457601072001
v -0.1668097669899861 0.2813112918088211 -0.2397288797020098
v -0.1875233205018427 0.3027922899292105 -0.1984954965600623
v -0.1601784494987802 0.3018488173704195 -0.2141051708792492
v -0.1819691264205497 0.3004927501980605 -0.2143841146416952
v -0.1449049978782345 0.3051402606308018 -0.1984824574526357
v -0.1397796972947927 0.3030661111851676 -0.2091652118942272
v -0.1291691236264552 0.3002813303847875 -0.1802989564639338
v -0.1157923964540613 0.2930734980723659 -0.1726310299323189
v -0.0854662266744048 0.3009626237478237 -0.1764845518592661
v -0.1086297353352244 0.2992256283656469 -0.1776427040081867
v -0.1642075336935775 0.3019321745214678 -0.1856258975300787
v -0.1413141208294502 0.3032323598048558 -0.1880525685586373
v -0.1904655019561572 0.2923256121249729 -0.1696758093705778
v -0.1906638826620037 0.2998962110332969 -0.1829323904816844
v -0.1536030138965452 0.2815054813729947 -0.1626691518584512
v -0.1860028674394278 0.2806029888661157 -0.1607081632379829
v -0.0832542352359758 0.2839284269422886 -0.1660043692651939
v -0.1174041232684618 0.2819502080727210 -0.1658404490575461
v -0.0497074059219668 0.3137074198924391 -0.1718435609802382
v -0.0280648625742109 0.3208523850797686 -0.1712977811979564
v -0.0328308891798110 0.3275246826228864 -0.1843415454485657
v -0.0393711657602353 0.3211271377005418 -0.1763197002868022
v -0.0597712684432063 0.3004811081378583 -0.1674619552025166
v -0.0654488683626432 0.3063878238020757 -0.1732252406850421
v -0.0359361526134388 0.2960357038702283 -0.1483792214837922
v -0.0570013894798851 0.2894309302762836 -0.1589427612289126
v -0.0167477089880779 0.3135504849209126 -0.1527277638105395
v -0.0173486255674777 0.3013221305668694 -0.1380382779297390
v -0.0120492528998917 0.3287834221719544 -0.1782611302461306
v -0.0145776755346180 0.3224352395848675 -0.1658786350150095
v -0.0203976811344489 0.3304794375022193 -0.2642549750889017
v -0.0301559162912587 0.3332316205340329 -0.2454455969437264
v -0.0125644373479620 0.3373086700168635 -0.2314448553444915
v -0.0164031040060911 0.3354254503585464 -0.2474787663374486
v -0.0451045078639206 0.3171041073770496 -0.2802558226308844
v -0.0230096006249458 0.3209715997762396 -0.2810563306903917
v -0.0821989988992432 0.3036640473971556 -0.2797356553810476
v -0.0624703636804976 0.3195494057019319 -0.2677513186088437
v -0.0653701680356759 0.3111387157294129 -0.2804583944784037
v -0.0491043472034898 0.3277905872779059 -0.2524820581299709
v -0.0763476994415886 0.3162831092915865 -0.2591138413035848
v -0.0628028609198741 0.3225674933887651 -0.2583361516820740
v -0.0313743743120270 0.3337401457236676 -0.2279475804597333
v -0.0386080985663385 0.3314792576323892 -0.2413163910311897
v -0.0097600047499606 0.3363386535608114 -0.2033926127635399
v -0.0200856273527876 0.3324739552560701 -0.1921142505220009
v -0.0103731687766931 0.3334043887074345 -0.1906440911596598
v -0.0198912980838915 0.3362110565809948 -0.2163916715029725
v -0.0104202492681510 0.3376262654191812 -0.2168713243833055
v -0.0265930267552007 0.3340959270834486 -0.2040059164949948
v -0.0274641322677744 0.3346812898704181 -0.2154831251247883
v -0.0284767586641667 0.3317791571031993 -0.1935979146741766
v -0.1028659841702908 0.2864282101089173 -0.2702403910800864
v -0.0895660945952318 0.3039998044133887 -0.2648007548711835
v -0.0939840236007844 0.2952687249441036 -0.2761596801693221
v -0.1067097267666681 0.2896679626220015 -0.2508465815127577
v -0.1109851569553452 0.2776188959950731 -0.2624877103501990
v -0.0943020846855101 0.3029645924202039 -0.2478750620667334
v -0.1015020003969943 0.2979608349452736 -0.2393251330541956
v -0.0863826896535265 0.3094105683129898 -0.2550488995633646
v -0.0969336559736284 0.3360415481844499 -0.2277156706205044
v -0.0971180662072322 0.3528280019488809 -0.2361952815894207
v -0.0850513036487963 0.3426174494690930 -0.2434571330611808
v -0.0921101175906291 0.3391564978121658 -0.2375685790108789
v -0.0966165262537189 0.3332181157441984 -0.2045763774449054
v -0.1032371330495387 0.3484668861971153 -0.2158817492661136
v -0.0988219981384346 0.3335361768289241 -0.2158174850937972
v -0.1049811136678369 0.3645794975170397 -0.2252307892909345
v -0.1032478437449248 0.3619851808215686 -0.2064926605541970
v -0.1058132881310943 0.3625118676251188 -0.2156707951352488
v -0.0941088264861527 0.3679719938599775 -0.2385390611493391
v -0.1006041647141962 0.3659527949384979 -0.2334580003946659
v -0.0674722584257955 0.3495034952375242 -0.2389940328620433
v -0.0652830854253631 0.3655904940250037 -0.2304659909226857
v -0.0529266684090950 0.3544616158364617 -0.2222653237162155
v -0.0592464443692885 0.3523646479528311 -0.2314588258167342
v -0.0819694174720547 0.3595482647800320 -0.2419427338700711
v -0.0764562034426736 0.3461608269122521 -0.2434631869324859
v -0.0793555421154439 0.3758722959132294 -0.2349751936802240
v -0.0869219498820950 0.3719791909815945 -0.2386606042578507
v -0.0657906792501815 0.3785159749439581 -0.2207378854176793
v -0.0717202133523953 0.3775501496295788 -0.2286363247412989
v -0.0494917949670210 0.3554036913480283 -0.2040175585551971
v -0.0587854187852791 0.3671258489244775 -0.1968916863465993
v -0.0586391945091387 0.3512609806456571 -0.1918995709318713
v -0.0524693682843503 0.3540243400552649 -0.1967468591176832
v -0.0560048291265719 0.3686230178664878 -0.2124454787768153
v -0.0496594406339335 0.3555117296667053 -0.2128208187977361
v -0.0636615792803926 0.3809752437410829 -0.2045181671438941
v -0.0633411897836265 0.3802734603520909 -0.2123756264156018
v -0.0711679140164002 0.3754429367329702 -0.1940095779229284
v -0.0660421477505502 0.3787748943628563 -0.1981341270113842
v -0.0788386346424636 0.3419142690328766 -0.1920118003922210
v -0.0939397837720159 0.3514952188969265 -0.1977396940117317
v -0.0891586224881528 0.3366650969288827 -0.1966947026879771
v -0.0739149745417249 0.3604009292692454 -0.1910231566398453
v -0.0680473761997871 0.3470023150236712 -0.1903674758092542
v -0.0892876165151938 0.3696824453448932 -0.1947737627546046
v -0.0797243625826514 0.3727484983197597 -0.1929315231481994
v -0.0974342645623255 0.3652347126652227 -0.1994105624919597
v -0.1063455631235415 -0.2582730517157777 0.1075407370239053
v -0.0955161187234015 -0.2655637754968395 0.1329320703250289
v -0.0855183831041109 -0.2626076235702823 0.1603500534661615
v -0.0993114303493375 -0.2601925946019260 0.1343463477983991
v -0.0823703700254205 -0.2779895791919130 0.1303656945740432
v -0.0795664962463088 -0.2715217162259468 0.1544871119483046
v -0.0962393235031658 -0.2705316754263468 0.1064459176824849
v -0.0907964275174064 -0.2715217162259468 0.1315005626025593
v -0.0510164391711086 -0.2703230497075224 0.1888060426949274
v -0.0663872184149451 -0.2678139528927318 0.1791221770186896
v -0.0614854453873867 -0.2745654164452250 0.1707822707722004
v -0.0655909014971107 -0.2709754707612569 0.1738255053090706
v -0.0479564400675472 -0.2673734173346785 0.2062640104918247
v -0.0669590764120800 -0.2657528425545242 0.1852803611832758
v -0.0352005606816193 -0.2672169480455601 0.2090785949663224
v -0.0204897931147692 -0.2618811590136614 0.2291238942225694
v -0.0328334504330555 -0.2652126509611394 0.2204277409338912
v -0.0427383755484138 -0.2735721158687684 0.1869526267107280
v -0.0255823096566815 -0.2698732005013071 0.2047123567080678
v -0.0379894860554313 -0.2700054543052048 0.1987185584335375
v -0.0110957216010860 -0.2649551285894655 0.2207919045770178
v -0.0153234193429338 -0.2754627864456151 0.1932221089708477
v -0.0128679225733144 -0.2697763385604244 0.2079362760192770
v -0.0098251537188524 -0.2599909541192229 0.2337052777533618
v -0.0147922154200252 -0.2578870009994709 -0.0259708750579920
v -0.0306144271902644 -0.2554463594986696 -0.0327465540957059
v -0.0150550931393921 -0.2556768722906743 -0.0415866032484841
v -0.0160045730012475 -0.2653118413140627 0.0098647832917809
v -0.0296231290481626 -0.2600645319397011 -0.0036716729465880
v -0.0149231653131802 -0.2605544298330121 -0.0090600840906008
v -0.0577921182088225 -0.2603863184836915 0.0179932697249971
v -0.0449475728923942 -0.2576457775120801 -0.0066981429167668
v -0.0456963902046034 -0.2634411950807639 0.0189213747643211
v -0.0438766430585089 -0.2598191173106376 0.0051562684635799
v -0.0642711575525828 -0.2572085017308833 0.0010410330232859
v -0.0471824759053012 -0.2564038025297032 -0.0184673344164330
v -0.0761558382894554 -0.2589734380575456 0.0306947574056600
v -0.0957727097302593 -0.2558244936140390 0.0527452851111439
v -0.0813942996980632 -0.2565188260845016 0.0255680597749939
v -0.0644434600435762 -0.2659111745732749 0.0379156288255082
v -0.0836072225013083 -0.2650929705822602 0.0566337332186979
v -0.0714780585001883 -0.2623319395846929 0.0354083947403501
v -0.0992345927520026 -0.2621121374880742 0.0805651521704584
v -0.0830516633884566 -0.2745449264192690 0.0810317659433649
v -0.0928519496667169 -0.2681077984922368 0.0809013748690996
v -0.1046281264025044 -0.2566128939309359 0.0802051796690046
v -0.0360512227364779 -0.2808023009367784 0.1734361948159070
v -0.0220213759867374 -0.2904610197629793 0.1533159206919575
v -0.0186438746173400 -0.2830231403409611 0.1747345173696628
v -0.0601009715881342 -0.2820200604339345 0.1522658068617139
v -0.0509852384497666 -0.2779122759121700 0.1713857951730855
v -0.0706794131703135 -0.2851354757440586 0.1055327144802199
v -0.0476737708458364 -0.2911716511177252 0.1297202587564301
v -0.0674554938591043 -0.2848900611149951 0.1298385420880850
v -0.0257158673713218 -0.2969898871244054 0.1050572527415597
v -0.0246480110413299 -0.2957819069578190 0.1298092040963753
v -0.0473724743278020 -0.2875574899485363 0.0803304482367809
v -0.0217198931957397 -0.2835367880370846 0.0551300447229743
v -0.0244170325669171 -0.2920885797792549 0.0799029517861540
v -0.0603244991440175 -0.2753971252260743 0.0571934834732224
v -0.0674042687942144 -0.2813690364274243 0.0807742435716910
v -0.0362746105876388 -0.2716614209483739 0.0334497345319223
v -0.0521336112681172 -0.2690275212482152 0.0364217196603546
v -0.0185929289618950 -0.2737919179653870 0.0315227407272446
v -0.0766657605263143 -0.0739875744291461 0.3544450841109745
v -0.0647494133856916 -0.0715261634929441 0.3602581976111657
v -0.0642162070284282 -0.0643840855365447 0.3590483547149472
v -0.0757525573240492 -0.0643467378074159 0.3527784067724193
v -0.0698556209904017 -0.0682653155667733 0.3571730516575675
v -0.0511556782111276 -0.0745605966323012 0.3661369723308977
v -0.0570283990595544 -0.0681502920119750 0.3631938595117670
v -0.0622682575153864 -0.0804144573432004 0.3610764016021804
v -0.0583243932012697 -0.0732095122617089 0.3630336647633839
v -0.0609894936227705 -0.0568024965233898 0.3570878317768870
v -0.0509135233589206 -0.0646701542398346 0.3652102643387979
v -0.0578247159773888 -0.0632492175080287 0.3614689718722005
v -0.0878882408788824 -0.0707398587468836 0.3472679868374868
v -0.0996178493738609 -0.0868278820356608 0.3412499730777359
v -0.0804615378346583 -0.0883390680181546 0.3528035536224562
v -0.0865717567112111 -0.0806454823858540 0.3494669391684892
v -0.1152237982337831 -0.1087950525900965 0.3300288897723920
v -0.1152643126032869 -0.0745502584828417 0.3268017106843262
v -0.1158487440254402 -0.0911236625455714 0.3288055420863387
v -0.0977313699386871 -0.1257361129140135 0.3423690079043768
v -0.1160946243369119 -0.1282698908964328 0.3299851156260314
v -0.0619362259584181 -0.1255270215127809 0.3571367284297364
v -0.0763169644026546 -0.1068368580640768 0.3535579591235625
v -0.0795171339110512 -0.1252788127892688 0.3510386172957939
v -0.0557691938280782 -0.0929231525069139 0.3623109256660278
v -0.0694169481619807 -0.0917527063424198 0.3574110153681016
v -0.0772813926698096 -0.0522332999012171 0.3465298802206637
v -0.0962290784901878 -0.0583469787980621 0.3367524123803997
v -0.0845506950600992 -0.0606901064026092 0.3460739771431433
v -0.0543442056593219 -0.0436940955545375 0.3530135763885049
v -0.0721980035030959 -0.0345606664846625 0.3391655786191237
v -0.0668007443933293 -0.0471064392817082 0.3492802005228450
v -0.0877848593842864 -0.0246131779972047 0.3221663079941953
v -0.0599393797925269 -0.0143222021655396 0.3318240954555801
v -0.0741212718485089 -0.0195648081475794 0.3278630008923640
v -0.1050565542179475 -0.0428045024503626 0.3205331597890226
v -0.1008398000126899 -0.0280826516421999 0.3134980956500025
v -0.1107658205411346 -0.0583687727347607 0.3245058964124410
v -0.0146284349170998 -0.0213343081618409 0.3513590067925600
v -0.0275242984348996 -0.0377371793267280 0.3592434756439369
v -0.0126870980942530 -0.0496811554046227 0.3703676970083981
v -0.0137899737413332 -0.0363338919581887 0.3612445129515010
v -0.0303979780069841 -0.0073936861614905 0.3380362987795046
v -0.0152524959121816 -0.0056793229443469 0.3398580483599539
v -0.0437482078503576 -0.0257113036837225 0.3465815709679617
v -0.0453292927623058 -0.0102698804185786 0.3352869098421395
v -0.0373928537541861 -0.0530073246021763 0.3655213401874023
v -0.0411472784646917 -0.0403808117892158 0.3564172491092369
v -0.0146186090182891 -0.1072550408665418 0.3697269180148658
v -0.0298501026538658 -0.1243665409518199 0.3650905839599188
v -0.0147852767521446 -0.1236461302665042 0.3670278227775744
v -0.0127496392416595 -0.0859243650274840 0.3742575421631763
v -0.0278338375315573 -0.0943777115085840 0.3698191231316677
v -0.0138971272634348 -0.0941277331919211 0.3719626592561073
v -0.0445435934033759 -0.1081025828492662 0.3641820375817346
v -0.0377211598518897 -0.0846660445925832 0.3691974371168671
v -0.0418495275360918 -0.0938872082281425 0.3665239544120207
v -0.0454739337182587 -0.1251083730279078 0.3618070573004741
v -0.0402595946583899 -0.0803058136373929 0.3705642149846122
v -0.0367548688551023 -0.0797578917160339 0.3748340569843921
v -0.0445191916451919 -0.0727062027150449 0.3706475721356603
v -0.0438184327574976 -0.0768246513639547 0.3702056395303827
v -0.0244611792592041 -0.0866022123407002 0.3840876321155545
v -0.0310306075583748 -0.0804880351636787 0.3812050580094755
v -0.0278938639939601 -0.0855785027029953 0.3790489484600175
v -0.0304065465632929 -0.0831165329479035 0.3796170809978877
v -0.0278669475507725 -0.0754642067769597 0.3854148269786118
v -0.0367155652598595 -0.0732323306997053 0.3774795987447531
v -0.0244487455389081 -0.0813285919102816 0.3879388256304612
v -0.0303908064978995 -0.0776226913066990 0.3830072489287850
v -0.0400984219769499 -0.0647644549274729 0.3721303049230199
v -0.0437168208560523 -0.0684563384905720 0.3710475933242099
v -0.0271305639588593 -0.0693068608407081 0.3827231826598499
v -0.0221750511814072 -0.0609243446538787 0.3774609714484295
v -0.0323512362994780 -0.0623199482626845 0.3746212401238949
v -0.0198644747771855 -0.0797200783044969 0.3923208970905910
v -0.0160588715700308 -0.0753759133923858 0.3922324174330538
v -0.0228388814541399 -0.0749561007014923 0.3888282790299137
v -0.0097349510364053 -0.0689712900974382 0.3879714233990276
v -0.0070998871302263 -0.0820118411394317 0.3986122664238910
v -0.0082793209651966 -0.0760010454570062 0.3946213681865571
v -0.0112697936852301 -0.0603791702587273 0.3795798264052404
v -0.0097549288117124 -0.0868053895753500 0.3805158480455019
v -0.0222529132800399 -0.0839421878574476 0.3751190546181434
v -0.0113047664340777 -0.0843046750439051 0.3771326653507259
v -0.0071094336195922 -0.0943148443834918 0.3885348991128169
v -0.0160823885316393 -0.0898577514874187 0.3824018617982676
v -0.0082923600726232 -0.0909631883877435 0.3843437574400042
v -0.0271898453294092 -0.0847574580492913 0.3763587011884798
v -0.0198851976443455 -0.0902989855690843 0.3841900822453344
v -0.0228676606269599 -0.0879442624725757 0.3803062909618612
v -0.0324878209497709 -0.0826437721672103 0.3725657179745843
v -0.0183902174096532 -0.0875745572087928 0.3907142927826795
v -0.0126406695581664 -0.0860403665153393 0.3964561568744329
v -0.0185955367833803 -0.0840509712679775 0.3925909928872834
v -0.0126496572286425 -0.0926509145711444 0.3907515473753267
v -0.0186063871834888 -0.0899164740390789 0.3877851504357915
v -0.0061596743482920 -0.0919082908349627 0.3968473300972287
v -0.0063984762871607 -0.0943970373285197 0.3930240775268073
v -0.0063934003489125 -0.0875470819467155 0.3990313805911723
f 739 735 736
f 189 736 735
f 192 738 737
f 739 737 738
f 190 741 740
f 743 740 741
f 736 189 743
f 742 743 189
f 745 747 191
f 744 191 747
f 746 747 190
f 741 190 747
f 748 192 750
f 737 750 192
f 191 749 745
f 750 745 749
f 752 754 194
f 751 194 754
f 753 189 754
f 735 754 189
f 195 756 755
f 758 755 756
f 194 757 752
f 758 752 757
f 759 196 762
f 760 762 196
f 761 762 195
f 756 195 762
f 764 742 753
f 189 753 742
f 196 763 760
f 764 760 763
f 769 765 766
f 198 766 765
f 768 769 201
f 767 201 769
f 771 773 199
f 770 199 773
f 772 773 198
f 766 198 773
f 200 775 774
f 777 774 775
f 199 776 771
f 777 771 776
f 201 767 778
f 780 778 767
f 779 780 200
f 775 200 780
f 782 785 203
f 781 203 785
f 784 785 205
f 783 205 785
f 200 786 779
f 788 779 786
f 203 787 782
f 788 782 787
f 790 791 204
f 789 204 791
f 774 791 200
f 786 200 791
f 205 783 792
f 794 792 783
f 204 793 790
f 794 790 793
f 796 799 207
f 795 207 799
f 210 798 797
f 799 797 798
f 208 801 800
f 803 800 801
f 207 802 796
f 803 796 802
f 209 805 804
f 807 804 805
f 806 807 208
f 801 208 807
f 797 810 210
f 808 210 810
f 809 810 209
f 805 209 810
f 201 811 768
f 814 768 811
f 214 813 812
f 814 812 813
f 816 817 212
f 815 212 817
f 778 817 201
f 811 201 817
f 213 819 818
f 821 818 819
f 212 820 816
f 821 816 820
f 812 824 214
f 822 214 824
f 823 824 213
f 819 213 824
f 825 828 192
f 738 192 828
f 827 828 217
f 826 217 828
f 213 829 823
f 830 823 829
f 830 825 748
f 192 748 825
f 832 833 216
f 831 216 833
f 818 833 213
f 829 213 833
f 217 826 834
f 836 834 826
f 216 835 832
f 836 832 835
f 219 838 837
f 841 837 838
f 839 221 841
f 840 841 221
f 842 844 216
f 835 216 844
f 843 844 219
f 838 219 844
f 847 845 846
f 220 846 845
f 216 831 842
f 847 842 831
f 850 848 839
f 221 839 848
f 846 220 850
f 849 850 220
f 223 852 851
f 854 851 852
f 203 781 853
f 854 853 781
f 220 855 849
f 857 849 855
f 852 223 857
f 856 857 223
f 820 212 859
f 858 859 212
f 845 859 220
f 855 220 859
f 787 203 860
f 853 860 203
f 212 815 858
f 860 858 815
f 225 862 861
f 864 861 862
f 207 795 863
f 864 863 795
f 866 868 226
f 865 226 868
f 867 868 225
f 862 225 868
f 227 870 869
f 872 869 870
f 226 871 866
f 872 866 871
f 863 874 207
f 802 207 874
f 873 874 227
f 870 227 874
f 876 879 229
f 875 229 879
f 877 231 879
f 878 879 231
f 227 880 873
f 882 873 880
f 229 881 876
f 882 876 881
f 884 885 230
f 883 230 885
f 869 885 227
f 880 227 885
f 888 886 877
f 231 877 886
f 230 887 884
f 888 884 887
f 892 889 890
f 233 890 889
f 892 891 837
f 219 837 891
f 893 895 230
f 887 230 895
f 894 895 233
f 890 233 895
f 234 897 896
f 898 896 897
f 230 883 893
f 898 893 883
f 900 843 891
f 219 891 843
f 899 900 234
f 897 234 900
f 217 901 827
f 903 827 901
f 194 751 902
f 903 902 751
f 234 904 899
f 905 899 904
f 834 905 217
f 901 217 905
f 906 907 226
f 871 226 907
f 896 907 234
f 904 234 907
f 908 757 902
f 194 902 757
f 226 865 906
f 908 906 865
f 910 913 237
f 909 237 913
f 912 913 240
f 911 240 913
f 238 915 914
f 917 914 915
f 917 910 916
f 237 916 910
f 918 239 921
f 919 921 239
f 920 921 238
f 915 238 921
f 240 911 922
f 924 922 911
f 239 923 919
f 924 919 923
f 926 929 242
f 925 242 929
f 929 927 928
f 244 928 927
f 239 930 923
f 932 923 930
f 242 931 926
f 932 926 931
f 934 935 243
f 933 243 935
f 918 935 239
f 930 239 935
f 938 936 927
f 244 927 936
f 243 937 934
f 938 934 937
f 246 940 939
f 943 939 940
f 249 942 941
f 943 941 942
f 945 947 247
f 944 247 947
f 946 947 246
f 940 246 947
f 951 948 949
f 248 949 948
f 247 950 945
f 951 945 950
f 952 249 954
f 941 954 249
f 953 954 248
f 949 248 954
f 955 958 244
f 928 244 958
f 957 958 252
f 956 252 958
f 251 960 959
f 961 959 960
f 244 936 955
f 961 955 936
f 962 964 247
f 950 247 964
f 963 964 251
f 960 251 964
f 252 956 965
f 966 965 956
f 247 944 962
f 966 962 944
f 221 967 840
f 970 840 967
f 255 969 968
f 970 968 969
f 972 973 254
f 971 254 973
f 848 973 221
f 967 221 973
f 976 931 974
f 242 974 931
f 254 975 972
f 976 972 975
f 968 978 255
f 977 255 978
f 974 242 978
f 925 978 242
f 980 982 257
f 979 257 982
f 886 982 231
f 981 231 982
f 985 946 983
f 246 983 946
f 257 984 980
f 985 980 984
f 258 987 986
f 988 986 987
f 246 939 983
f 988 983 939
f 231 981 878
f 990 878 981
f 990 987 989
f 258 989 987
f 991 260 994
f 992 994 260
f 792 994 205
f 993 205 994
f 916 237 997
f 995 997 237
f 260 996 992
f 997 992 996
f 999 1000 261
f 998 261 1000
f 237 909 995
f 1000 995 909
f 205 993 784
f 1002 784 993
f 1002 999 1001
f 261 1001 999
f 1003 1005 257
f 984 257 1005
f 965 1005 252
f 1004 252 1005
f 233 1006 894
f 1007 894 1006
f 257 979 1003
f 1007 1003 979
f 1008 1009 255
f 969 255 1009
f 889 1009 233
f 1006 233 1009
f 252 1004 957
f 1010 957 1004
f 255 977 1008
f 1010 1008 977
f 223 1011 856
f 1013 856 1011
f 254 971 1012
f 1013 1012 971
f 1014 1015 261
f 1001 261 1015
f 851 1015 223
f 1011 223 1015
f 240 1016 912
f 1017 912 1016
f 261 998 1014
f 1017 1014 998
f 1012 1018 254
f 975 254 1018
f 922 1018 240
f 1016 240 1018
f 1019 265 1022
f 1020 1022 265
f 1022 1021 991
f 260 991 1021
f 1023 266 1026
f 1024 1026 266
f 1025 1026 265
f 1020 265 1026
f 1030 1027 1028
f 267 1028 1027
f 266 1029 1024
f 1030 1024 1029
f 1021 1032 260
f 996 260 1032
f 1028 267 1032
f 1031 1032 267
f 269 1034 1033
f 1036 1033 1034
f 1036 1035 1023
f 266 1023 1035
f 1038 1040 270
f 1037 270 1040
f 1039 1040 269
f 1034 269 1040
f 1044 1041 1042
f 271 1042 1041
f 270 1043 1038
f 1044 1038 1043
f 1035 1046 266
f 1029 266 1046
f 1042 271 1046
f 1045 1046 271
f 1048 1050 273
f 1047 273 1050
f 1033 1050 269
f 1049 269 1050
f 274 1052 1051
f 1054 1051 1052
f 273 1053 1048
f 1054 1048 1053
f 1056 1058 275
f 1055 275 1058
f 1057 1058 274
f 1052 274 1058
f 269 1049 1039
f 1060 1039 1049
f 275 1059 1056
f 1060 1056 1059
f 1061 1064 275
f 1059 275 1064
f 1063 1064 279
f 1062 279 1064
f 277 1066 1065
f 1067 1065 1066
f 275 1055 1061
f 1067 1061 1055
f 278 1069 1068
f 1071 1068 1069
f 1070 1071 277
f 1066 277 1071
f 279 1062 1072
f 1074 1072 1062
f 1073 1074 278
f 1069 278 1074
f 1076 1079 281
f 1075 281 1079
f 1077 284 1079
f 1078 1079 284
f 1081 1083 282
f 1080 282 1083
f 281 1082 1076
f 1083 1076 1082
f 283 1085 1084
f 1087 1084 1085
f 282 1086 1081
f 1087 1081 1086
f 284 1077 1088
f 1090 1088 1077
f 1090 1085 1089
f 283 1089 1085
f 1092 1095 286
f 1091 286 1095
f 1095 1093 1094
f 289 1094 1093
f 1097 1099 287
f 1096 287 1099
f 286 1098 1092
f 1099 1092 1098
f 288 1101 1100
f 1103 1100 1101
f 287 1102 1097
f 1103 1097 1102
f 289 1093 1104
f 1106 1104 1093
f 1101 288 1106
f 1105 1106 288
f 225 1107 867
f 1110 867 1107
f 292 1109 1108
f 1110 1108 1109
f 1112 1113 291
f 1111 291 1113
f 861 1113 225
f 1107 225 1113
f 289 1114 1094
f 1116 1094 1114
f 291 1115 1112
f 1116 1112 1115
f 1108 1118 292
f 1117 292 1118
f 289 1104 1114
f 1118 1114 1104
f 1120 1123 294
f 1119 294 1123
f 1122 1123 296
f 1121 296 1123
f 1127 1124 1125
f 295 1125 1124
f 294 1126 1120
f 1127 1120 1126
f 1128 1130 287
f 1102 287 1130
f 295 1129 1125
f 1130 1125 1129
f 296 1121 1131
f 1132 1131 1121
f 287 1096 1128
f 1132 1128 1096
f 1133 1135 292
f 1109 292 1135
f 755 1135 195
f 1134 195 1135
f 288 1136 1105
f 1137 1105 1136
f 292 1117 1133
f 1137 1133 1117
f 295 1138 1129
f 1139 1129 1138
f 1136 288 1139
f 1100 1139 288
f 195 1134 761
f 1140 761 1134
f 295 1124 1138
f 1140 1138 1124
f 1143 1122 1141
f 296 1141 1122
f 1143 1142 808
f 210 808 1142
f 1144 1145 286
f 1098 286 1145
f 1141 296 1145
f 1131 1145 296
f 291 1146 1115
f 1147 1115 1146
f 286 1091 1144
f 1147 1144 1091
f 1142 1148 210
f 798 210 1148
f 1146 291 1148
f 1111 1148 291
f 300 1150 1149
f 1152 1149 1150
f 214 822 1151
f 1152 1151 822
f 1153 1155 281
f 1082 281 1155
f 1150 300 1155
f 1154 1155 300
f 301 1157 1156
f 1158 1156 1157
f 281 1075 1153
f 1158 1153 1075
f 1151 1160 214
f 813 214 1160
f 1157 301 1160
f 1159 1160 301
f 198 1161 772
f 1164 772 1161
f 1164 1162 1163
f 303 1163 1162
f 1165 1166 301
f 1159 301 1166
f 765 1166 198
f 1161 198 1166
f 284 1167 1078
f 1168 1078 1167
f 301 1156 1165
f 1168 1165 1156
f 1162 1170 303
f 1169 303 1170
f 1167 284 1170
f 1088 1170 284
f 305 1172 1171
f 1174 1171 1172
f 191 744 1173
f 1174 1173 744
f 1175 1177 282
f 1086 282 1177
f 1176 1177 305
f 1172 305 1177
f 300 1178 1154
f 1179 1154 1178
f 282 1080 1175
f 1179 1175 1080
f 1173 1180 191
f 749 191 1180
f 1149 1180 300
f 1178 300 1180
f 1181 1184 303
f 1163 303 1184
f 1183 1184 307
f 1182 307 1184
f 283 1185 1089
f 1186 1089 1185
f 303 1169 1181
f 1186 1181 1169
f 305 1187 1176
f 1188 1176 1187
f 283 1084 1185
f 1188 1185 1084
f 307 1182 1189
f 1190 1189 1182
f 1171 1190 305
f 1187 305 1190
f 1192 1194 309
f 1191 309 1194
f 1072 1194 279
f 1193 279 1194
f 1195 310 1198
f 1196 1198 310
f 1192 309 1198
f 1197 1198 309
f 1202 1199 1200
f 311 1200 1199
f 310 1201 1196
f 1202 1196 1201
f 1203 1205 270
f 1043 270 1205
f 1200 311 1205
f 1204 1205 311
f 279 1193 1063
f 1206 1063 1193
f 270 1037 1203
f 1206 1203 1037
f 1208 1211 313
f 1207 313 1211
f 1210 1211 316
f 1209 316 1211
f 314 1213 1212
f 1215 1212 1213
f 313 1214 1208
f 1215 1208 1214
f 315 1217 1216
f 1219 1216 1217
f 1219 1213 1218
f 314 1218 1213
f 1209 1222 316
f 1220 316 1222
f 1221 1222 315
f 1217 315 1222
f 1223 1225 310
f 1201 310 1225
f 1212 1225 314
f 1224 314 1225
f 318 1227 1226
f 1228 1226 1227
f 1228 1223 1195
f 310 1195 1223
f 1230 1232 319
f 1229 319 1232
f 1231 1232 318
f 1227 318 1232
f 314 1224 1218
f 1234 1218 1224
f 319 1233 1230
f 1234 1230 1233
f 1236 1238 321
f 1235 321 1238
f 1237 319 1238
f 1229 1238 319
f 322 1240 1239
f 1242 1239 1240
f 321 1241 1236
f 1242 1236 1241
f 315 1243 1221
f 1245 1221 1243
f 1240 322 1245
f 1244 1245 322
f 319 1237 1233
f 1246 1233 1237
f 1246 1243 1216
f 315 1216 1243
f 324 1248 1247
f 1251 1247 1248
f 326 1250 1249
f 1251 1249 1250
f 1253 1255 325
f 1252 325 1255
f 1254 1255 324
f 1248 324 1255
f 238 1256 920
f 1258 920 1256
f 325 1257 1253
f 1258 1253 1257
f 1249 1260 326
f 1259 326 1260
f 914 1260 238
f 1256 238 1260
f 1265 1261 1262
f 328 1262 1261
f 330 1264 1263
f 1265 1263 1264
f 1267 1269 329
f 1266 329 1269
f 1262 328 1269
f 1268 1269 328
f 251 1270 963
f 1272 963 1270
f 1272 1267 1271
f 329 1271 1267
f 1263 1274 330
f 1273 330 1274
f 959 1274 251
f 1270 251 1274
f 1278 1275 1276
f 332 1276 1275
f 329 1266 1277
f 1278 1277 1266
f 1280 1282 333
f 1279 333 1282
f 1276 332 1282
f 1281 1282 332
f 1285 953 1283
f 248 1283 953
f 333 1284 1280
f 1285 1280 1284
f 1271 329 1286
f 1277 1286 329
f 948 1286 248
f 1283 248 1286
f 335 1288 1287
f 1291 1287 1288
f 337 1290 1289
f 1291 1289 1290
f 1293 1295 336
f 1292 336 1295
f 1288 335 1295
f 1294 1295 335
f 1298 1183 1296
f 307 1296 1183
f 1298 1293 1297
f 336 1297 1293
f 1289 1300 337
f 1299 337 1300
f 1296 307 1300
f 1189 1300 307
f 1302 1305 339
f 1301 339 1305
f 1304 1305 341
f 1303 341 1305
f 340 1307 1306
f 1309 1306 1307
f 1309 1302 1308
f 339 1308 1302
f 1310 1312 294
f 1126 294 1312
f 1307 340 1312
f 1311 1312 340
f 341 1303 1313
f 1314 1313 1303
f 294 1119 1310
f 1314 1310 1119
f 1318 1315 1316
f 343 1316 1315
f 325 1252 1317
f 1318 1317 1252
f 1319 1321 330
f 1264 330 1321
f 1316 343 1321
f 1320 1321 343
f 243 1322 937
f 1323 937 1322
f 1323 1319 1273
f 330 1273 1319
f 1317 1324 325
f 1257 325 1324
f 933 1324 243
f 1322 243 1324
f 345 1326 1325
f 1329 1325 1326
f 346 1328 1327
f 1329 1327 1328
f 1330 1332 326
f 1250 326 1332
f 1331 1332 345
f 1326 345 1332
f 267 1333 1031
f 1334 1031 1333
f 326 1259 1330
f 1334 1330 1259
f 1335 346 1336
f 1327 1336 346
f 1027 1336 267
f 1333 267 1336
f 1341 1337 1338
f 348 1338 1337
f 349 1340 1339
f 1341 1339 1340
f 1342 1344 346
f 1328 346 1344
f 1338 348 1344
f 1343 1344 348
f 271 1345 1045
f 1346 1045 1345
f 1346 1342 1335
f 346 1335 1342
f 349 1339 1347
f 1348 1347 1339
f 1041 1348 271
f 1345 271 1348
f 1353 1349 1350
f 351 1350 1349
f 354 1352 1351
f 1353 1351 1352
f 1355 1357 352
f 1354 352 1357
f 1350 351 1357
f 1356 1357 351
f 353 1359 1358
f 1361 1358 1359
f 352 1360 1355
f 1361 1355 1360
f 1351 1364 354
f 1362 354 1364
f 1363 1364 353
f 1359 353 1364
f 1365 356 1369
f 1366 1369 356
f 1369 1367 1368
f 357 1368 1367
f 1370 1372 354
f 1352 354 1372
f 356 1371 1366
f 1372 1366 1371
f 1374 1073 1373
f 278 1373 1073
f 354 1362 1370
f 1374 1370 1362
f 1367 1376 357
f 1375 357 1376
f 278 1068 1373
f 1376 1373 1068
f 1381 1377 1378
f 359 1378 1377
f 360 1380 1379
f 1381 1379 1380
f 1384 1304 1382
f 341 1382 1304
f 1378 359 1384
f 1383 1384 359
f 209 1385 809
f 1386 809 1385
f 1382 341 1386
f 1313 1386 341
f 1379 1388 360
f 1387 360 1388
f 804 1388 209
f 1385 209 1388
f 1390 1392 362
f 1389 362 1392
f 1391 336 1392
f 1292 1392 336
f 363 1394 1393
f 1396 1393 1394
f 1396 1390 1395
f 362 1395 1390
f 1397 1399 199
f 776 199 1399
f 1398 1399 363
f 1394 363 1399
f 1400 1297 1391
f 336 1391 1297
f 199 770 1397
f 1400 1397 770
f 1402 1404 365
f 1401 365 1404
f 1403 363 1404
f 1393 1404 363
f 366 1406 1405
f 1408 1405 1406
f 1408 1402 1407
f 365 1407 1402
f 1409 1411 204
f 793 204 1411
f 1410 1411 366
f 1406 366 1411
f 363 1403 1398
f 1412 1398 1403
f 204 789 1409
f 1412 1409 789
f 1414 1416 368
f 1413 368 1416
f 1405 1416 366
f 1415 366 1416
f 1418 1420 369
f 1417 369 1420
f 1419 1420 368
f 1414 368 1420
f 265 1421 1025
f 1423 1025 1421
f 1423 1418 1422
f 369 1422 1418
f 366 1415 1410
f 1424 1410 1415
f 1424 1421 1019
f 265 1019 1421
f 371 1426 1425
f 1428 1425 1426
f 369 1417 1427
f 1428 1427 1417
f 372 1430 1429
f 1432 1429 1430
f 1431 1432 371
f 1426 371 1432
f 1433 1435 273
f 1053 273 1435
f 1434 1435 372
f 1430 372 1435
f 1427 1436 369
f 1422 369 1436
f 273 1047 1433
f 1436 1433 1047
f 1438 1440 374
f 1437 374 1440
f 1429 1440 372
f 1439 372 1440
f 375 1442 1441
f 1444 1441 1442
f 1444 1438 1443
f 374 1443 1438
f 1445 1447 274
f 1057 274 1447
f 1446 1447 375
f 1442 375 1447
f 372 1439 1434
f 1448 1434 1439
f 274 1051 1445
f 1448 1445 1051
f 1452 1449 1450
f 377 1450 1449
f 1451 375 1452
f 1441 1452 375
f 1453 1455 357
f 1368 357 1455
f 1450 377 1455
f 1454 1455 377
f 277 1456 1070
f 1457 1070 1456
f 357 1375 1453
f 1457 1453 1375
f 1446 375 1458
f 1451 1458 375
f 1065 1458 277
f 1456 277 1458
f 1462 1340 1459
f 349 1459 1340
f 1461 1462 380
f 1460 380 1462
f 1464 1204 1463
f 311 1463 1204
f 1459 349 1464
f 1347 1464 349
f 1465 1466 313
f 1214 313 1466
f 1199 1466 311
f 1463 311 1466
f 379 1468 1467
f 1469 1467 1468
f 313 1207 1465
f 1469 1465 1207
f 380 1460 1470
f 1472 1470 1460
f 1472 1468 1471
f 379 1471 1468
f 1363 353 1475
f 1473 1475 353
f 1191 1475 309
f 1474 309 1475
f 1477 1478 382
f 1476 382 1478
f 1358 1478 353
f 1473 353 1478
f 309 1474 1197
f 1480 1197 1474
f 382 1479 1477
f 1480 1477 1479
f 384 1482 1481
f 1485 1481 1482
f 387 1484 1483
f 1485 1483 1484
f 1487 1489 385
f 1486 385 1489
f 1488 1489 384
f 1482 384 1489
f 386 1491 1490
f 1493 1490 1491
f 385 1492 1487
f 1493 1487 1492
f 1483 1496 387
f 1494 387 1496
f 1491 386 1496
f 1495 1496 386
f 1501 1497 1498
f 389 1498 1497
f 392 1500 1499
f 1501 1499 1500
f 1503 1505 390
f 1502 390 1505
f 1498 389 1505
f 1504 1505 389
f 1507 1509 391
f 1506 391 1509
f 1509 1503 1508
f 390 1508 1503
f 1499 1512 392
f 1510 392 1512
f 391 1511 1507
f 1512 1507 1511
f 1513 394 1517
f 1514 1517 394
f 1516 1517 397
f 1515 397 1517
f 1521 1518 1519
f 395 1519 1518
f 1514 394 1521
f 1520 1521 394
f 1523 1525 396
f 1522 396 1525
f 1519 395 1525
f 1524 1525 395
f 397 1515 1526
f 1528 1526 1515
f 1528 1523 1527
f 396 1527 1523
f 399 1530 1529
f 1532 1529 1530
f 1502 1532 390
f 1531 390 1532
f 1534 1536 400
f 1533 400 1536
f 399 1535 1530
f 1536 1530 1535
f 1540 1537 1538
f 401 1538 1537
f 400 1539 1534
f 1540 1534 1539
f 1531 1542 390
f 1508 390 1542
f 1538 401 1542
f 1541 1542 401
f 403 1544 1543
f 1546 1543 1544
f 1546 1545 1533
f 400 1533 1545
f 395 1547 1524
f 1549 1524 1547
f 1549 1544 1548
f 403 1548 1544
f 1551 1552 404
f 1550 404 1552
f 1518 1552 395
f 1547 395 1552
f 1545 1554 400
f 1539 400 1554
f 1554 1551 1553
f 404 1553 1551
f 1555 1558 392
f 1500 392 1558
f 407 1557 1556
f 1558 1556 1557
f 397 1559 1516
f 1560 1516 1559
f 392 1510 1555
f 1560 1555 1510
f 406 1562 1561
f 1563 1561 1562
f 1526 1563 397
f 1559 397 1563
f 1556 1566 407
f 1564 407 1566
f 1565 1566 406
f 1562 406 1566
f 1567 1570 407
f 1557 407 1570
f 1568 410 1570
f 1569 1570 410
f 409 1572 1571
f 1573 1571 1572
f 407 1564 1567
f 1573 1567 1564
f 1574 1576 321
f 1241 321 1576
f 1575 1576 409
f 1572 409 1576
f 318 1577 1231
f 1578 1231 1577
f 321 1235 1574
f 1578 1574 1235
f 1568 1580 410
f 1579 410 1580
f 1226 1580 318
f 1577 318 1580
f 1581 412 1584
f 1582 1584 412
f 1561 1584 406
f 1583 406 1584
f 1587 1210 1585
f 316 1585 1210
f 1587 1582 1586
f 412 1586 1582
f 322 1588 1244
f 1589 1244 1588
f 1589 1585 1220
f 316 1220 1585
f 1591 1575 1590
f 409 1590 1575
f 322 1239 1588
f 1591 1588 1239
f 406 1583 1565
f 1592 1565 1583
f 409 1571 1590
f 1592 1590 1571
f 414 1594 1593
f 1596 1593 1594
f 396 1522 1595
f 1596 1595 1522
f 415 1598 1597
f 1600 1597 1598
f 1600 1594 1599
f 414 1599 1594
f 1601 1603 379
f 1471 379 1603
f 1602 1603 415
f 1598 415 1603
f 1605 1586 1604
f 412 1604 1586
f 379 1467 1601
f 1605 1601 1467
f 1527 396 1606
f 1595 1606 396
f 1604 412 1606
f 1581 1606 412
f 1608 1611 417
f 1607 417 1611
f 1609 419 1611
f 1610 1611 419
f 1612 1614 399
f 1535 399 1614
f 1614 1608 1613
f 417 1613 1608
f 418 1616 1615
f 1617 1615 1616
f 1612 399 1617
f 1529 1617 399
f 1618 1620 352
f 1360 352 1620
f 1619 1620 418
f 1616 418 1620
f 419 1609 1621
f 1622 1621 1609
f 352 1354 1618
f 1622 1618 1354
f 414 1623 1599
f 1626 1599 1623
f 1625 1626 421
f 1624 421 1626
f 1548 403 1628
f 1627 1628 403
f 1593 1628 414
f 1623 414 1628
f 1629 1630 417
f 1613 417 1630
f 1627 403 1630
f 1543 1630 403
f 1632 1631 1624
f 421 1624 1631
f 417 1607 1629
f 1632 1629 1607
f 418 1633 1619
f 1635 1619 1633
f 382 1476 1634
f 1635 1634 1476
f 389 1636 1504
f 1637 1504 1636
f 1615 1637 418
f 1633 418 1637
f 1638 1639 410
f 1569 410 1639
f 1497 1639 389
f 1636 389 1639
f 1634 1640 382
f 1479 382 1640
f 1579 1640 410
f 1638 410 1640
f 1644 1641 1642
f 424 1642 1641
f 391 1506 1643
f 1644 1643 1506
f 384 1645 1488
f 1647 1488 1645
f 424 1646 1642
f 1647 1642 1646
f 425 1649 1648
f 1650 1648 1649
f 384 1481 1645
f 1650 1645 1481
f 1643 1652 391
f 1511 391 1652
f 1651 1652 425
f 1649 425 1652
f 1653 427 1656
f 1654 1656 427
f 1537 1656 401
f 1655 401 1656
f 385 1657 1492
f 1659 1492 1657
f 427 1658 1654
f 1659 1654 1658
f 424 1660 1646
f 1661 1646 1660
f 385 1486 1657
f 1661 1657 1486
f 401 1655 1541
f 1662 1541 1655
f 1641 1662 424
f 1660 424 1662
f 1666 1663 1664
f 429 1664 1663
f 404 1550 1665
f 1666 1665 1550
f 386 1667 1495
f 1669 1495 1667
f 429 1668 1664
f 1669 1664 1668
f 1670 1671 427
f 1658 427 1671
f 1667 386 1671
f 1490 1671 386
f 1553 404 1672
f 1665 1672 404
f 1672 1670 1653
f 427 1653 1670
f 1651 425 1675
f 1673 1675 425
f 1513 1675 394
f 1674 394 1675
f 387 1676 1484
f 1677 1484 1676
f 425 1648 1673
f 1677 1673 1648
f 429 1678 1668
f 1679 1668 1678
f 387 1494 1676
f 1679 1676 1494
f 394 1674 1520
f 1680 1520 1674
f 1680 1678 1663
f 429 1663 1678
f 1681 1684 196
f 763 196 1684
f 1683 1684 434
f 1682 434 1684
f 1686 1687 432
f 1685 432 1687
f 1687 1681 759
f 196 759 1681
f 1689 1691 433
f 1688 433 1691
f 1691 1686 1690
f 432 1690 1686
f 434 1682 1692
f 1694 1692 1682
f 1694 1689 1693
f 433 1693 1689
f 340 1695 1311
f 1697 1311 1695
f 432 1685 1696
f 1697 1696 1685
f 1699 1700 436
f 1698 436 1700
f 1306 1700 340
f 1695 340 1700
f 437 1702 1701
f 1704 1701 1702
f 436 1703 1699
f 1704 1699 1703
f 1690 432 1706
f 1696 1706 432
f 1705 1706 437
f 1702 437 1706
f 1707 1710 337
f 1290 337 1710
f 1709 1710 441
f 1708 441 1710
f 439 1712 1711
f 1713 1711 1712
f 337 1299 1707
f 1713 1707 1299
f 1715 1717 440
f 1714 440 1717
f 1716 1717 439
f 1712 439 1717
f 441 1708 1718
f 1720 1718 1708
f 440 1719 1715
f 1720 1715 1719
f 1723 746 1721
f 190 1721 746
f 1722 439 1723
f 1711 1723 439
f 1725 1683 1724
f 434 1724 1683
f 1721 190 1725
f 740 1725 190
f 1728 1726 1727
f 443 1727 1726
f 434 1692 1724
f 1728 1724 1692
f 1730 1716 1722
f 439 1722 1716
f 1727 443 1730
f 1729 1730 443
f 445 1732 1731
f 1734 1731 1732
f 1701 1734 437
f 1733 437 1734
f 446 1736 1735
f 1738 1735 1736
f 1737 1738 445
f 1732 445 1738
f 1739 1741 433
f 1693 433 1741
f 1740 1741 446
f 1736 446 1741
f 437 1733 1705
f 1742 1705 1733
f 433 1688 1739
f 1742 1739 1688
f 1746 1743 1744
f 448 1744 1743
f 446 1735 1745
f 1746 1745 1735
f 1747 1749 440
f 1719 440 1749
f 1744 448 1749
f 1748 1749 448
f 443 1750 1729
f 1751 1729 1750
f 440 1714 1747
f 1751 1747 1714
f 1745 1752 446
f 1740 446 1752
f 1726 1752 443
f 1750 443 1752
f 1754 1757 450
f 1753 450 1757
f 1756 1757 452
f 1755 452 1757
f 451 1759 1758
f 1761 1758 1759
f 450 1760 1754
f 1761 1754 1760
f 452 1755 1762
f 1764 1762 1755
f 1763 1764 451
f 1759 451 1764
f 452 1765 1756
f 1768 1756 1765
f 1766 455 1768
f 1767 1768 455
f 1770 1771 454
f 1769 454 1771
f 1762 1771 452
f 1765 452 1771
f 208 1772 806
f 1774 806 1772
f 454 1773 1770
f 1774 1770 1773
f 1775 1776 229
f 881 229 1776
f 800 1776 208
f 1772 208 1776
f 1778 1777 1766
f 455 1766 1777
f 229 875 1775
f 1778 1775 875
f 455 1779 1767
f 1781 1767 1779
f 450 1753 1780
f 1781 1780 1753
f 1782 1783 258
f 989 258 1783
f 1777 1783 455
f 1779 455 1783
f 1784 1785 249
f 942 249 1785
f 258 986 1782
f 1785 1782 986
f 1786 457 1788
f 1787 1788 457
f 1784 249 1788
f 952 1788 249
f 1780 1790 450
f 1760 450 1790
f 1789 1790 457
f 1787 457 1790
f 1792 1795 459
f 1791 459 1795
f 1793 460 1795
f 1794 1795 460
f 457 1796 1789
f 1798 1789 1796
f 459 1797 1792
f 1798 1792 1797
f 1284 333 1800
f 1799 1800 333
f 1786 1800 457
f 1796 457 1800
f 1802 1801 1793
f 460 1793 1801
f 333 1279 1799
f 1802 1799 1279
f 360 1803 1380
f 1806 1380 1803
f 463 1805 1804
f 1806 1804 1805
f 1807 1808 454
f 1773 454 1808
f 1387 1808 360
f 1803 360 1808
f 462 1810 1809
f 1811 1809 1810
f 454 1769 1807
f 1811 1807 1769
f 1804 1814 463
f 1812 463 1814
f 1813 1814 462
f 1810 462 1814
f 451 1815 1763
f 1818 1763 1815
f 467 1817 1816
f 1818 1816 1817
f 1821 1819 1820
f 465 1820 1819
f 1758 1821 451
f 1815 451 1821
f 1823 1825 466
f 1822 466 1825
f 1820 465 1825
f 1824 1825 465
f 1826 467 1828
f 1816 1828 467
f 1823 466 1828
f 1827 1828 466
f 1829 1831 459
f 1797 459 1831
f 1819 1831 465
f 1830 465 1831
f 469 1833 1832
f 1834 1832 1833
f 459 1791 1829
f 1834 1829 1791
f 1836 1838 470
f 1835 470 1838
f 1837 1838 469
f 1833 469 1838
f 465 1830 1824
f 1840 1824 1830
f 470 1839 1836
f 1840 1836 1839
f 1844 1813 1841
f 462 1841 1813
f 473 1843 1842
f 1844 1842 1843
f 1845 1846 467
f 1817 467 1846
f 1841 462 1846
f 1809 1846 462
f 472 1848 1847
f 1849 1847 1848
f 1849 1845 1826
f 467 1826 1845
f 1842 1852 473
f 1850 473 1852
f 1851 1852 472
f 1848 472 1852
f 1853 1855 470
f 1839 470 1855
f 1854 466 1855
f 1822 1855 466
f 1858 1856 1857
f 475 1857 1856
f 470 1835 1853
f 1858 1853 1835
f 472 1859 1851
f 1861 1851 1859
f 475 1860 1857
f 1861 1857 1860
f 1854 1862 466
f 1827 466 1862
f 1859 472 1862
f 1847 1862 472
f 477 1864 1863
f 1867 1863 1864
f 1867 1865 1866
f 480 1866 1865
f 478 1869 1868
f 1871 1868 1869
f 1870 1871 477
f 1864 477 1871
f 1872 479 1875
f 1873 1875 479
f 1874 1875 478
f 1869 478 1875
f 1865 1878 480
f 1876 480 1878
f 479 1877 1873
f 1878 1873 1877
f 1879 1882 480
f 1866 480 1882
f 1880 484 1882
f 1881 1882 484
f 482 1884 1883
f 1885 1883 1884
f 1885 1879 1876
f 480 1876 1879
f 1887 1889 483
f 1886 483 1889
f 1888 1889 482
f 1884 482 1889
f 484 1880 1890
f 1892 1890 1880
f 483 1891 1887
f 1892 1887 1891
f 1894 1897 486
f 1893 486 1897
f 1897 1895 1896
f 489 1896 1895
f 1899 1901 487
f 1898 487 1901
f 486 1900 1894
f 1901 1894 1900
f 488 1903 1902
f 1905 1902 1903
f 487 1904 1899
f 1905 1899 1904
f 1895 1908 489
f 1906 489 1908
f 1907 1908 488
f 1903 488 1908
f 1910 1913 491
f 1909 491 1913
f 1912 1913 493
f 1911 493 1913
f 492 1915 1914
f 1917 1914 1915
f 491 1916 1910
f 1917 1910 1916
f 1918 1920 487
f 1904 487 1920
f 1919 1920 492
f 1915 492 1920
f 493 1911 1921
f 1922 1921 1911
f 487 1898 1918
f 1922 1918 1898
f 495 1924 1923
f 1927 1923 1924
f 1926 1927 498
f 1925 498 1927
f 1929 1931 496
f 1928 496 1931
f 1930 1931 495
f 1924 495 1931
f 1933 1935 497
f 1932 497 1935
f 496 1934 1929
f 1935 1929 1934
f 498 1925 1936
f 1938 1936 1925
f 497 1937 1933
f 1938 1933 1937
f 500 1940 1939
f 1942 1939 1940
f 486 1893 1941
f 1942 1941 1893
f 1944 1946 501
f 1943 501 1946
f 1945 1946 500
f 1940 500 1946
f 502 1948 1947
f 1950 1947 1948
f 501 1949 1944
f 1950 1944 1949
f 1941 1952 486
f 1900 486 1952
f 1951 1952 502
f 1948 502 1952
f 1954 1956 504
f 1953 504 1956
f 1955 477 1956
f 1863 1956 477
f 505 1958 1957
f 1960 1957 1958
f 504 1959 1954
f 1960 1954 1959
f 1961 1963 501
f 1949 501 1963
f 1962 1963 505
f 1958 505 1963
f 1964 1870 1955
f 477 1955 1870
f 501 1943 1961
f 1964 1961 1943
f 1966 1969 507
f 1965 507 1969
f 509 1968 1967
f 1969 1967 1968
f 1971 1973 508
f 1970 508 1973
f 1973 1966 1972
f 507 1972 1966
f 505 1974 1962
f 1976 1962 1974
f 1976 1971 1975
f 508 1975 1971
f 1977 509 1978
f 1967 1978 509
f 1957 1978 505
f 1974 505 1978
f 493 1979 1912
f 1982 1912 1979
f 511 1981 1980
f 1982 1980 1981
f 502 1983 1951
f 1984 1951 1983
f 1921 1984 493
f 1979 493 1984
f 1975 508 1986
f 1985 1986 508
f 1947 1986 502
f 1983 502 1986
f 1980 1988 511
f 1987 511 1988
f 508 1970 1985
f 1988 1985 1970
f 498 1989 1926
f 1992 1926 1989
f 515 1991 1990
f 1992 1990 1991
f 1994 1995 513
f 1993 513 1995
f 1936 1995 498
f 1989 498 1995
f 514 1997 1996
f 1999 1996 1997
f 513 1998 1994
f 1999 1994 1998
f 1990 2002 515
f 2000 515 2002
f 2001 2002 514
f 1997 514 2002
f 2004 2007 517
f 2003 517 2007
f 2006 2007 519
f 2005 519 2007
f 518 2009 2008
f 2011 2008 2009
f 2011 2004 2010
f 517 2010 2004
f 2012 2014 513
f 1998 513 2014
f 2013 2014 518
f 2009 518 2014
f 519 2005 2015
f 2016 2015 2005
f 513 1993 2012
f 2016 2012 1993
f 2020 1968 2017
f 509 2017 1968
f 2020 2018 2019
f 522 2019 2018
f 2021 521 2023
f 2022 2023 521
f 2023 2017 1977
f 509 1977 2017
f 518 2024 2013
f 2026 2013 2024
f 521 2025 2022
f 2026 2022 2025
f 2018 2028 522
f 2027 522 2028
f 2008 2028 518
f 2024 518 2028
f 484 2029 1881
f 2031 1881 2029
f 504 1953 2030
f 2031 2030 1953
f 514 2032 2001
f 2033 2001 2032
f 1890 2033 484
f 2029 484 2033
f 2034 2035 521
f 2025 521 2035
f 1996 2035 514
f 2032 514 2035
f 1959 504 2036
f 2030 2036 504
f 521 2021 2034
f 2036 2034 2021
f 2038 2041 525
f 2037 525 2041
f 2040 2041 528
f 2039 528 2041
f 526 2043 2042
f 2045 2042 2043
f 525 2044 2038
f 2045 2038 2044
f 2047 2049 527
f 2046 527 2049
f 2048 2049 526
f 2043 526 2049
f 2052 2050 2039
f 528 2039 2050
f 527 2051 2047
f 2052 2047 2051
f 2057 2053 2054
f 530 2054 2053
f 2056 2057 532
f 2055 532 2057
f 531 2059 2058
f 2061 2058 2059
f 2061 2054 2060
f 530 2060 2054
f 2062 2064 526
f 2048 526 2064
f 2063 2064 531
f 2059 531 2064
f 532 2055 2065
f 2066 2065 2055
f 526 2042 2062
f 2066 2062 2042
f 534 2068 2067
f 2071 2067 2068
f 537 2070 2069
f 2071 2069 2070
f 2072 535 2075
f 2073 2075 535
f 2074 2075 534
f 2068 534 2075
f 536 2077 2076
f 2079 2076 2077
f 2079 2073 2078
f 535 2078 2073
f 2080 537 2082
f 2069 2082 537
f 2081 2082 536
f 2077 536 2082
f 2084 2086 539
f 2083 539 2086
f 2053 2086 530
f 2085 530 2086
f 536 2087 2081
f 2089 2081 2087
f 539 2088 2084
f 2089 2084 2088
f 2091 2092 540
f 2090 540 2092
f 2076 2092 536
f 2087 536 2092
f 530 2085 2060
f 2094 2060 2085
f 540 2093 2091
f 2094 2091 2093
f 542 2096 2095
f 2098 2095 2096
f 507 1965 2097
f 2098 2097 1965
f 2099 2101 532
f 2056 532 2101
f 2100 2101 542
f 2096 542 2101
f 543 2103 2102
f 2104 2102 2103
f 2104 2099 2065
f 532 2065 2099
f 2097 2106 507
f 1972 507 2106
f 2105 2106 543
f 2103 543 2106
f 2010 517 2110
f 2107 2110 517
f 2109 2110 546
f 2108 546 2110
f 2113 2111 2112
f 545 2112 2111
f 517 2003 2107
f 2113 2107 2003
f 537 2114 2070
f 2116 2070 2114
f 545 2115 2112
f 2116 2112 2115
f 546 2108 2117
f 2118 2117 2108
f 2080 2118 537
f 2114 537 2118
f 2119 2122 491
f 1916 491 2122
f 2121 2122 549
f 2120 549 2122
f 2125 2123 2124
f 548 2124 2123
f 491 1909 2119
f 2125 2119 1909
f 528 2126 2040
f 2128 2040 2126
f 2124 548 2128
f 2127 2128 548
f 549 2120 2129
f 2130 2129 2120
f 2050 2130 528
f 2126 528 2130
f 2131 2133 539
f 2088 539 2133
f 2117 2133 546
f 2132 546 2133
f 542 2134 2100
f 2135 2100 2134
f 539 2083 2131
f 2135 2131 2083
f 2136 2137 522
f 2019 522 2137
f 2095 2137 542
f 2134 542 2137
f 546 2132 2109
f 2138 2109 2132
f 522 2027 2136
f 2138 2136 2027
f 543 2139 2105
f 2141 2105 2139
f 511 1987 2140
f 2141 2140 1987
f 2142 2143 525
f 2044 525 2143
f 2102 2143 543
f 2139 543 2143
f 548 2144 2127
f 2145 2127 2144
f 525 2037 2142
f 2145 2142 2037
f 2140 2146 511
f 1981 511 2146
f 2123 2146 548
f 2144 548 2146
f 2150 2121 2147
f 549 2147 2121
f 2149 2150 555
f 2148 555 2150
f 2152 2153 553
f 2151 553 2153
f 2147 549 2153
f 2129 2153 549
f 554 2155 2154
f 2157 2154 2155
f 2157 2152 2156
f 553 2156 2152
f 2158 555 2160
f 2148 2160 555
f 2159 2160 554
f 2155 554 2160
f 2164 2159 2161
f 554 2161 2159
f 559 2163 2162
f 2164 2162 2163
f 2166 2167 557
f 2165 557 2167
f 2161 554 2167
f 2154 2167 554
f 558 2169 2168
f 2171 2168 2169
f 2171 2166 2170
f 557 2170 2166
f 2162 2174 559
f 2172 559 2174
f 2173 2174 558
f 2169 558 2174
f 2175 2178 559
f 2163 559 2178
f 2177 2178 563
f 2176 563 2178
f 561 2180 2179
f 2181 2179 2180
f 559 2172 2175
f 2181 2175 2172
f 2183 2185 562
f 2182 562 2185
f 2184 2185 561
f 2180 561 2185
f 563 2176 2186
f 2188 2186 2176
f 562 2187 2183
f 2188 2183 2187
f 2190 2192 565
f 2189 565 2192
f 2179 2192 561
f 2191 561 2192
f 2194 2196 566
f 2193 566 2196
f 565 2195 2190
f 2196 2190 2195
f 2198 2200 567
f 2197 567 2200
f 566 2199 2194
f 2200 2194 2199
f 561 2191 2184
f 2202 2184 2191
f 567 2201 2198
f 2202 2198 2201
f 2204 2207 569
f 2203 569 2207
f 2205 572 2207
f 2206 2207 572
f 2209 2211 570
f 2208 570 2211
f 569 2210 2204
f 2211 2204 2210
f 571 2213 2212
f 2215 2212 2213
f 570 2214 2209
f 2215 2209 2214
f 572 2205 2216
f 2218 2216 2205
f 2213 571 2218
f 2217 2218 571
f 2220 2223 574
f 2219 574 2223
f 2221 577 2223
f 2222 2223 577
f 2225 2227 575
f 2224 575 2227
f 574 2226 2220
f 2227 2220 2226
f 576 2229 2228
f 2231 2228 2229
f 575 2230 2225
f 2231 2225 2230
f 577 2221 2232
f 2234 2232 2221
f 2229 576 2234
f 2233 2234 576
f 579 2236 2235
f 2238 2235 2236
f 515 2000 2237
f 2238 2237 2000
f 574 2239 2226
f 2241 2226 2239
f 2236 579 2241
f 2240 2241 579
f 580 2243 2242
f 2244 2242 2243
f 574 2219 2239
f 2244 2239 2219
f 2237 2246 515
f 1991 515 2246
f 2243 580 2246
f 2245 2246 580
f 2248 2251 582
f 2247 582 2251
f 2250 2251 584
f 2249 584 2251
f 576 2252 2233
f 2254 2233 2252
f 582 2253 2248
f 2254 2248 2253
f 583 2256 2255
f 2257 2255 2256
f 2252 576 2257
f 2228 2257 576
f 584 2249 2258
f 2260 2258 2249
f 2260 2256 2259
f 583 2259 2256
f 2261 2263 483
f 1891 483 2263
f 2235 2263 579
f 2262 579 2263
f 583 2264 2259
f 2265 2259 2264
f 483 1886 2261
f 2265 2261 1886
f 2266 2267 575
f 2230 575 2267
f 583 2255 2264
f 2267 2264 2255
f 579 2262 2240
f 2268 2240 2262
f 575 2224 2266
f 2268 2266 2224
f 2271 1930 2269
f 495 2269 1930
f 2271 2270 2247
f 582 2247 2270
f 2272 2273 580
f 2245 580 2273
f 2269 495 2273
f 1923 2273 495
f 577 2274 2222
f 2275 2222 2274
f 580 2242 2272
f 2275 2272 2242
f 2270 2276 582
f 2253 582 2276
f 2276 2274 2232
f 577 2232 2274
f 500 2277 1945
f 2280 1945 2277
f 589 2279 2278
f 2280 2278 2279
f 2282 2283 588
f 2281 588 2283
f 1939 2283 500
f 2277 500 2283
f 572 2284 2206
f 2286 2206 2284
f 588 2285 2282
f 2286 2282 2285
f 2278 2288 589
f 2287 589 2288
f 2284 572 2288
f 2216 2288 572
f 2292 2289 2290
f 591 2290 2289
f 489 1906 2291
f 2292 2291 1906
f 2293 2295 569
f 2210 569 2295
f 2290 591 2295
f 2294 2295 591
f 588 2296 2285
f 2297 2285 2296
f 569 2203 2293
f 2297 2293 2203
f 1896 489 2298
f 2291 2298 489
f 2296 588 2298
f 2281 2298 588
f 478 2299 1874
f 2302 1874 2299
f 593 2301 2300
f 2302 2300 2301
f 2303 2304 589
f 2279 589 2304
f 1868 2304 478
f 2299 478 2304
f 571 2305 2217
f 2306 2217 2305
f 589 2287 2303
f 2306 2303 2287
f 2300 2308 593
f 2307 593 2308
f 2212 2308 571
f 2305 571 2308
f 2310 2312 595
f 2309 595 2312
f 2289 2312 591
f 2311 591 2312
f 2313 2315 593
f 2301 593 2315
f 595 2314 2310
f 2315 2310 2314
f 570 2316 2214
f 2317 2214 2316
f 593 2307 2313
f 2317 2313 2307
f 591 2311 2294
f 2318 2294 2311
f 570 2208 2316
f 2318 2316 2208
f 2319 2322 565
f 2195 565 2322
f 2321 2322 599
f 2320 599 2322
f 558 2323 2173
f 2324 2173 2323
f 565 2189 2319
f 2324 2319 2189
f 2326 2327 597
f 2325 597 2327
f 2323 558 2327
f 2168 2327 558
f 598 2329 2328
f 2331 2328 2329
f 2331 2326 2330
f 597 2330 2326
f 2320 2334 599
f 2332 599 2334
f 2333 2334 598
f 2329 598 2334
f 2335 601 2339
f 2336 2339 601
f 2338 2339 604
f 2337 604 2339
f 2341 2343 602
f 2340 602 2343
f 2336 601 2343
f 2342 2343 601
f 2345 2347 603
f 2344 603 2347
f 602 2346 2341
f 2347 2341 2346
f 604 2337 2348
f 2350 2348 2337
f 603 2349 2345
f 2350 2345 2349
f 2351 2353 603
f 2349 603 2353
f 2352 598 2353
f 2328 2353 598
f 606 2355 2354
f 2356 2354 2355
f 603 2344 2351
f 2356 2351 2344
f 2358 2360 607
f 2357 607 2360
f 2359 2360 606
f 2355 606 2360
f 2362 2333 2352
f 598 2352 2333
f 607 2361 2358
f 2362 2358 2361
f 2363 2366 606
f 2359 606 2366
f 2365 2366 610
f 2364 610 2366
f 2367 2368 602
f 2346 602 2368
f 606 2354 2363
f 2368 2363 2354
f 2370 2371 609
f 2369 609 2371
f 602 2340 2367
f 2371 2367 2340
f 610 2364 2372
f 2374 2372 2364
f 609 2373 2370
f 2374 2370 2373
f 612 2376 2375
f 2378 2375 2376
f 324 1247 2377
f 2378 2377 1247
f 2379 2381 527
f 2051 527 2381
f 2380 2381 612
f 2376 612 2381
f 613 2383 2382
f 2384 2382 2383
f 527 2046 2379
f 2384 2379 2046
f 2377 2386 324
f 1254 324 2386
f 2385 2386 613
f 2383 613 2386
f 615 2388 2387
f 2390 2387 2388
f 2390 2389 1261
f 328 1261 2389
f 2391 2393 540
f 2093 540 2393
f 2392 2393 615
f 2388 615 2393
f 2396 2394 2395
f 616 2395 2394
f 540 2090 2391
f 2396 2391 2090
f 2389 2398 328
f 1268 328 2398
f 2395 616 2398
f 2397 2398 616
f 616 2399 2397
f 2401 2397 2399
f 2401 2400 1275
f 332 1275 2400
f 2078 535 2403
f 2402 2403 535
f 2394 2403 616
f 2399 616 2403
f 618 2405 2404
f 2406 2404 2405
f 2406 2402 2072
f 535 2072 2402
f 2400 2408 332
f 1281 332 2408
f 2405 618 2408
f 2407 2408 618
f 620 2410 2409
f 2412 2409 2410
f 335 1287 2411
f 2412 2411 1287
f 2413 2415 595
f 2314 595 2415
f 2414 2415 620
f 2410 620 2415
f 2418 2416 2417
f 621 2417 2416
f 2418 2413 2309
f 595 2309 2413
f 2411 2420 335
f 1294 335 2420
f 2417 621 2420
f 2419 2420 621
f 2421 623 2424
f 2422 2424 623
f 2423 339 2424
f 1301 2424 339
f 584 2425 2250
f 2427 2250 2425
f 623 2426 2422
f 2427 2422 2426
f 2429 2430 624
f 2428 624 2430
f 2425 584 2430
f 2258 2430 584
f 2432 1308 2423
f 339 2423 1308
f 624 2431 2429
f 2432 2429 2431
f 613 2433 2385
f 2435 2385 2433
f 2435 2434 1315
f 343 1315 2434
f 2063 531 2437
f 2436 2437 531
f 2382 2437 613
f 2433 613 2437
f 2439 2392 2438
f 615 2438 2392
f 531 2058 2436
f 2439 2436 2058
f 2434 2440 343
f 1320 343 2440
f 2438 615 2440
f 2387 2440 615
f 627 2442 2441
f 2444 2441 2442
f 345 1325 2443
f 2444 2443 1325
f 2156 553 2447
f 2445 2447 553
f 2446 2447 627
f 2442 627 2447
f 612 2448 2380
f 2449 2380 2448
f 553 2151 2445
f 2449 2445 2151
f 1331 345 2450
f 2443 2450 345
f 2375 2450 612
f 2448 612 2450
f 629 2452 2451
f 2454 2451 2452
f 2454 2453 1337
f 348 1337 2453
f 2170 557 2457
f 2455 2457 557
f 629 2456 2452
f 2457 2452 2456
f 2459 2446 2458
f 627 2458 2446
f 557 2165 2455
f 2459 2455 2165
f 2453 2460 348
f 1343 348 2460
f 2458 627 2460
f 2441 2460 627
f 631 2462 2461
f 2464 2461 2462
f 2464 2463 1349
f 351 1349 2463
f 2465 632 2468
f 2466 2468 632
f 2467 2468 631
f 2462 631 2468
f 633 2470 2469
f 2472 2469 2470
f 632 2471 2466
f 2472 2466 2471
f 2463 2474 351
f 1356 351 2474
f 2473 2474 633
f 2470 633 2474
f 2478 2475 2476
f 635 2476 2475
f 1365 2478 356
f 2477 356 2478
f 566 2479 2199
f 2481 2199 2479
f 2476 635 2481
f 2480 2481 635
f 631 2482 2467
f 2483 2467 2482
f 2193 2483 566
f 2479 566 2483
f 356 2477 1371
f 2484 1371 2477
f 2482 631 2484
f 2461 2484 631
f 637 2486 2485
f 2488 2485 2486
f 2488 2487 1377
f 359 1377 2487
f 2489 2491 496
f 1934 496 2491
f 2490 2491 637
f 2486 637 2491
f 2492 2493 623
f 2426 623 2493
f 496 1928 2489
f 2493 2489 1928
f 2487 2494 359
f 1383 359 2494
f 2494 2492 2421
f 623 2421 2492
f 2495 2497 621
f 2419 621 2497
f 2496 362 2497
f 1389 2497 362
f 488 2498 1907
f 2499 1907 2498
f 2499 2495 2416
f 621 2416 2495
f 2501 2502 639
f 2500 639 2502
f 1902 2502 488
f 2498 488 2502
f 2504 1395 2496
f 362 2496 1395
f 639 2503 2501
f 2504 2501 2503
f 2505 2507 639
f 2503 639 2507
f 2506 365 2507
f 1401 2507 365
f 492 2508 1919
f 2509 1919 2508
f 639 2500 2505
f 2509 2505 2500
f 2511 2512 641
f 2510 641 2512
f 1914 2512 492
f 2508 492 2512
f 2514 1407 2506
f 365 2506 1407
f 641 2513 2511
f 2514 2511 2513
f 2515 2517 641
f 2513 641 2517
f 2516 368 2517
f 1413 2517 368
f 2519 2149 2518
f 555 2518 2149
f 641 2510 2515
f 2519 2515 2510
f 2522 2520 2521
f 643 2521 2520
f 555 2158 2518
f 2522 2518 2158
f 1419 368 2524
f 2516 2524 368
f 2521 643 2524
f 2523 2524 643
f 643 2525 2523
f 2527 2523 2525
f 371 1425 2526
f 2527 2526 1425
f 563 2528 2177
f 2529 2177 2528
f 2520 2529 643
f 2525 643 2529
f 2531 2532 645
f 2530 645 2532
f 2186 2532 563
f 2528 563 2532
f 1431 371 2534
f 2526 2534 371
f 645 2533 2531
f 2534 2531 2533
f 2535 2537 645
f 2533 645 2537
f 2536 374 2537
f 1437 2537 374
f 562 2538 2187
f 2539 2187 2538
f 645 2530 2535
f 2539 2535 2530
f 2541 2542 647
f 2540 647 2542
f 2182 2542 562
f 2538 562 2542
f 2544 1443 2536
f 374 2536 1443
f 647 2543 2541
f 2544 2541 2543
f 2545 2547 647
f 2543 647 2547
f 2547 2546 1449
f 377 1449 2546
f 2548 2549 567
f 2201 567 2549
f 2540 2549 647
f 2545 647 2549
f 635 2550 2480
f 2551 2480 2550
f 567 2197 2548
f 2551 2548 2197
f 2546 2552 377
f 1454 377 2552
f 2550 635 2552
f 2475 2552 635
f 2555 1461 2553
f 380 2553 1461
f 2555 2554 2451
f 629 2451 2554
f 2557 2558 650
f 2556 650 2558
f 380 1470 2553
f 2558 2553 1470
f 604 2559 2338
f 2561 2338 2559
f 650 2560 2557
f 2561 2557 2560
f 2562 2563 597
f 2330 597 2563
f 2348 2563 604
f 2559 604 2563
f 2554 2564 629
f 2456 629 2564
f 2564 2562 2325
f 597 2325 2562
f 2321 599 2567
f 2565 2567 599
f 2465 2567 632
f 2566 632 2567
f 652 2569 2568
f 2570 2568 2569
f 599 2332 2565
f 2570 2565 2332
f 2471 632 2572
f 2566 2572 632
f 2571 2572 652
f 2569 652 2572
f 654 2574 2573
f 2577 2573 2574
f 657 2576 2575
f 2577 2575 2576
f 2579 2581 655
f 2578 655 2581
f 2580 2581 654
f 2574 654 2581
f 656 2583 2582
f 2585 2582 2583
f 655 2584 2579
f 2585 2579 2584
f 2575 2588 657
f 2586 657 2588
f 2587 2588 656
f 2583 656 2588
f 659 2590 2589
f 2593 2589 2590
f 2593 2591 2592
f 662 2592 2591
f 660 2595 2594
f 2597 2594 2595
f 2590 659 2597
f 2596 2597 659
f 2601 2598 2599
f 661 2599 2598
f 2595 660 2601
f 2600 2601 660
f 2591 2604 662
f 2602 662 2604
f 2599 661 2604
f 2603 2604 661
f 2606 2609 664
f 2605 664 2609
f 2608 2609 667
f 2607 667 2609
f 2613 2610 2611
f 665 2611 2610
f 664 2612 2606
f 2613 2606 2612
f 2615 2617 666
f 2614 666 2617
f 2611 665 2617
f 2616 2617 665
f 2607 2620 667
f 2618 667 2620
f 2620 2615 2619
f 666 2619 2615
f 2603 661 2624
f 2621 2624 661
f 671 2623 2622
f 2624 2622 2623
f 2626 2627 669
f 2625 669 2627
f 2621 661 2627
f 2598 2627 661
f 670 2629 2628
f 2631 2628 2629
f 2631 2626 2630
f 669 2630 2626
f 671 2622 2632
f 2634 2632 2622
f 2629 670 2634
f 2633 2634 670
f 2638 2633 2635
f 670 2635 2633
f 674 2637 2636
f 2638 2636 2637
f 2641 2639 2640
f 673 2640 2639
f 2635 670 2641
f 2628 2641 670
f 2619 666 2644
f 2642 2644 666
f 2644 2640 2643
f 673 2643 2640
f 2646 2645 2636
f 674 2636 2645
f 666 2614 2642
f 2646 2642 2614
f 676 2648 2647
f 2650 2647 2648
f 2589 2650 659
f 2649 659 2650
f 2652 2654 677
f 2651 677 2654
f 2653 2654 676
f 2648 676 2654
f 2612 664 2657
f 2655 2657 664
f 677 2656 2652
f 2657 2652 2656
f 659 2649 2596
f 2658 2596 2649
f 664 2605 2655
f 2658 2655 2605
f 2660 2662 679
f 2659 679 2662
f 2661 676 2662
f 2647 2662 676
f 2663 2665 607
f 2361 607 2665
f 2664 2665 679
f 2660 679 2665
f 610 2666 2365
f 2667 2365 2666
f 607 2357 2663
f 2667 2663 2357
f 2669 2670 680
f 2668 680 2670
f 2372 2670 610
f 2666 610 2670
f 676 2661 2653
f 2672 2653 2661
f 680 2671 2669
f 2672 2669 2671
f 2656 677 2676
f 2673 2676 677
f 2675 2676 682
f 2674 682 2676
f 680 2677 2671
f 2678 2671 2677
f 677 2651 2673
f 2678 2673 2651
f 609 2679 2373
f 2680 2373 2679
f 2680 2677 2668
f 680 2668 2677
f 2682 2342 2681
f 601 2681 2342
f 609 2369 2679
f 2682 2679 2369
f 2684 2683 2674
f 682 2674 2683
f 2684 2681 2335
f 601 2335 2681
f 665 2685 2616
f 2688 2616 2685
f 684 2687 2686
f 2688 2686 2687
f 2689 2690 682
f 2675 682 2690
f 2610 2690 665
f 2685 665 2690
f 650 2691 2560
f 2692 2560 2691
f 2692 2689 2683
f 682 2683 2689
f 2693 2694 415
f 1602 415 2694
f 2556 2694 650
f 2691 650 2694
f 2686 2696 684
f 2695 684 2696
f 415 1597 2693
f 2696 2693 1597
f 2697 2700 419
f 1610 419 2700
f 2699 2700 687
f 2698 687 2700
f 633 2701 2473
f 2702 2473 2701
f 419 1621 2697
f 2702 2697 1621
f 2704 2705 686
f 2703 686 2705
f 2469 2705 633
f 2701 633 2705
f 2706 2708 671
f 2623 671 2708
f 686 2707 2704
f 2708 2704 2707
f 2710 2709 2698
f 687 2698 2709
f 2706 671 2710
f 2632 2710 671
f 1625 421 2713
f 2711 2713 421
f 684 2695 2712
f 2713 2712 2695
f 687 2714 2699
f 2715 2699 2714
f 2715 2711 1631
f 421 1631 2711
f 2716 2717 674
f 2637 674 2717
f 2714 687 2717
f 2709 2717 687
f 2712 2718 684
f 2687 684 2718
f 2645 2718 674
f 2716 674 2718
f 652 2719 2571
f 2721 2571 2719
f 686 2703 2720
f 2721 2720 2703
f 2664 679 2723
f 2722 2723 679
f 2568 2723 652
f 2719 652 2723
f 2724 2725 662
f 2592 662 2725
f 2659 2725 679
f 2722 679 2725
f 2720 2726 686
f 2707 686 2726
f 662 2602 2724
f 2726 2724 2602
f 660 2727 2600
f 2730 2600 2727
f 2730 2728 2729
f 692 2729 2728
f 2731 691 2733
f 2732 2733 691
f 2594 2733 660
f 2727 660 2733
f 657 2734 2576
f 2736 2576 2734
f 691 2735 2732
f 2736 2732 2735
f 692 2728 2737
f 2738 2737 2728
f 657 2586 2734
f 2738 2734 2586
f 2739 2742 669
f 2630 669 2742
f 2741 2742 694
f 2740 694 2742
f 2729 692 2744
f 2743 2744 692
f 669 2625 2739
f 2744 2739 2625
f 656 2745 2587
f 2746 2587 2745
f 692 2737 2743
f 2746 2743 2737
f 694 2740 2747
f 2748 2747 2740
f 656 2582 2745
f 2748 2745 2582
f 673 2749 2643
f 2752 2643 2749
f 2752 2750 2751
f 696 2751 2750
f 2754 2741 2753
f 694 2753 2741
f 2639 2754 673
f 2749 673 2754
f 2755 2756 655
f 2584 655 2756
f 2753 694 2756
f 2747 2756 694
f 696 2750 2757
f 2758 2757 2750
f 655 2578 2755
f 2758 2755 2578
f 2759 2761 667
f 2608 667 2761
f 2731 2761 691
f 2760 691 2761
f 2763 2751 2762
f 696 2762 2751
f 667 2618 2759
f 2763 2759 2618
f 654 2764 2580
f 2765 2580 2764
f 696 2757 2762
f 2765 2762 2757
f 691 2760 2735
f 2766 2735 2760
f 654 2573 2764
f 2766 2764 2573
f 2767 699 2770
f 2768 2770 699
f 2769 482 2770
f 1883 2770 482
f 2774 2771 2772
f 700 2772 2771
f 699 2773 2768
f 2774 2768 2773
f 2778 2775 2776
f 701 2776 2775
f 2772 700 2778
f 2777 2778 700
f 2780 1888 2769
f 482 2769 1888
f 2776 701 2780
f 2779 2780 701
f 701 2781 2779
f 2783 2779 2781
f 624 2428 2782
f 2783 2782 2428
f 2785 2786 703
f 2784 703 2786
f 2775 2786 701
f 2781 701 2786
f 436 2787 1703
f 2789 1703 2787
f 703 2788 2785
f 2789 2785 2788
f 2782 2790 624
f 2431 624 2790
f 1698 2790 436
f 2787 436 2790
f 2791 2793 441
f 1709 441 2793
f 2409 2793 620
f 2792 620 2793
f 705 2795 2794
f 2796 2794 2795
f 441 1718 2791
f 2796 2791 1718
f 2797 706 2800
f 2798 2800 706
f 2799 2800 705
f 2795 705 2800
f 620 2792 2414
f 2802 2414 2792
f 706 2801 2798
f 2802 2798 2801
f 2803 2805 706
f 2801 706 2805
f 2805 2804 1872
f 479 1872 2804
f 2807 2808 708
f 2806 708 2808
f 2808 2803 2797
f 706 2797 2803
f 699 2809 2773
f 2811 2773 2809
f 2811 2807 2810
f 708 2810 2807
f 2804 2812 479
f 1877 479 2812
f 2812 2809 2767
f 699 2767 2809
f 2813 2815 703
f 2788 703 2815
f 445 1731 2814
f 2815 2814 1731
f 700 2816 2777
f 2817 2777 2816
f 703 2784 2813
f 2817 2813 2784
f 2819 2820 710
f 2818 710 2820
f 2771 2820 700
f 2816 700 2820
f 2822 1737 2814
f 445 2814 1737
f 710 2821 2819
f 2822 2819 2821
f 710 2823 2821
f 2825 2821 2823
f 1743 2825 448
f 2824 448 2825
f 2826 2827 708
f 2810 708 2827
f 2818 2827 710
f 2823 710 2827
f 705 2828 2799
f 2829 2799 2828
f 708 2806 2826
f 2829 2826 2806
f 2824 2830 448
f 1748 448 2830
f 2794 2830 705
f 2828 705 2830
f 2832 2835 713
f 2831 713 2835
f 2834 2835 715
f 2833 715 2835
f 2836 714 2839
f 2837 2839 714
f 713 2838 2832
f 2839 2832 2838
f 715 2833 2840
f 2842 2840 2833
f 714 2841 2837
f 2842 2837 2841
f 2844 2846 717
f 2843 717 2846
f 713 2831 2845
f 2846 2845 2831
f 519 2847 2006
f 2849 2006 2847
f 2849 2844 2848
f 717 2848 2844
f 2850 2851 497
f 1937 497 2851
f 2015 2851 519
f 2847 519 2851
f 718 2853 2852
f 2854 2852 2853
f 497 1932 2850
f 2854 2850 1932
f 2845 2856 713
f 2838 713 2856
f 2855 2856 718
f 2853 718 2856
f 715 2857 2834
f 2859 2834 2857
f 717 2843 2858
f 2859 2858 2843
f 2861 2862 720
f 2860 720 2862
f 2840 2862 715
f 2857 715 2862
f 2863 2865 534
f 2074 534 2865
f 2864 2865 720
f 2861 720 2865
f 545 2866 2115
f 2867 2115 2866
f 2863 534 2867
f 2067 2867 534
f 2858 2868 717
f 2848 717 2868
f 2111 2868 545
f 2866 545 2868
f 2869 2872 460
f 1794 460 2872
f 2871 2872 722
f 2870 722 2872
f 618 2873 2407
f 2874 2407 2873
f 2874 2869 1801
f 460 1801 2869
f 2864 720 2876
f 2875 2876 720
f 2404 2876 618
f 2873 618 2876
f 722 2870 2877
f 2878 2877 2870
f 720 2860 2875
f 2878 2875 2860
f 463 2879 1805
f 2881 1805 2879
f 637 2485 2880
f 2881 2880 2485
f 2883 2884 724
f 2882 724 2884
f 1812 2884 463
f 2879 463 2884
f 718 2885 2855
f 2887 2855 2885
f 724 2886 2883
f 2887 2883 2886
f 2880 2888 637
f 2490 637 2888
f 2852 2888 718
f 2885 718 2888
f 726 2890 2889
f 2892 2889 2890
f 714 2836 2891
f 2892 2891 2836
f 2894 2896 727
f 2893 727 2896
f 2895 2896 726
f 2890 726 2896
f 2898 2900 728
f 2897 728 2900
f 2894 727 2900
f 2899 2900 727
f 2841 714 2902
f 2891 2902 714
f 2902 2898 2901
f 728 2901 2898
f 2901 728 2905
f 2903 2905 728
f 2877 2905 722
f 2904 722 2905
f 730 2907 2906
f 2908 2906 2907
f 728 2897 2903
f 2908 2903 2897
f 2909 2911 469
f 1837 469 2911
f 2910 2911 730
f 2907 730 2911
f 722 2904 2871
f 2912 2871 2904
f 469 1832 2909
f 2912 2909 1832
f 473 2913 1843
f 2915 1843 2913
f 2915 2914 2882
f 724 2882 2914
f 2917 2918 732
f 2916 732 2918
f 1850 2918 473
f 2913 473 2918
f 2921 2895 2919
f 726 2919 2895
f 732 2920 2917
f 2921 2917 2920
f 2914 2922 724
f 2886 724 2922
f 2919 726 2922
f 2889 2922 726
f 2923 2925 727
f 2899 727 2925
f 2906 2925 730
f 2924 730 2925
f 2926 2927 732
f 2920 732 2927
f 2923 727 2927
f 2893 2927 727
f 475 2928 1860
f 2929 1860 2928
f 732 2916 2926
f 2929 2926 2916
f 730 2924 2910
f 2930 2910 2924
f 2930 2928 1856
f 475 1856 2928
f 738 6 739
f 735 739 6
f 193 737 736
f 739 736 737
f 743 742 740
f 14 740 742
f 741 193 743
f 736 743 193
f 747 746 744
f 10 744 746
f 193 741 745
f 747 745 741
f 16 748 749
f 750 749 748
f 745 750 193
f 737 193 750
f 754 735 751
f 6 751 735
f 197 753 752
f 754 752 753
f 18 755 757
f 758 757 755
f 752 758 197
f 756 197 758
f 762 761 759
f 13 759 761
f 197 756 760
f 762 760 756
f 763 14 764
f 742 764 14
f 760 764 197
f 753 197 764
f 1 765 768
f 769 768 765
f 767 769 202
f 766 202 769
f 12 770 772
f 773 772 770
f 202 766 771
f 773 771 766
f 774 777 11
f 776 11 777
f 771 777 202
f 775 202 777
f 24 778 779
f 780 779 778
f 202 775 767
f 780 767 775
f 7 781 784
f 785 784 781
f 206 783 782
f 785 782 783
f 779 788 24
f 787 24 788
f 782 788 206
f 786 206 788
f 11 789 774
f 791 774 789
f 206 786 790
f 791 790 786
f 792 794 23
f 793 23 794
f 790 794 206
f 783 206 794
f 2 795 798
f 799 798 795
f 211 797 796
f 799 796 797
f 800 803 27
f 802 27 803
f 796 803 211
f 801 211 803
f 804 807 19
f 806 19 807
f 211 801 805
f 807 805 801
f 20 808 809
f 810 809 808
f 810 797 805
f 211 805 797
f 768 814 1
f 813 1 814
f 812 814 215
f 811 215 814
f 24 815 778
f 817 778 815
f 215 811 816
f 817 816 811
f 818 821 15
f 820 15 821
f 816 821 215
f 819 215 821
f 16 822 823
f 824 823 822
f 215 819 812
f 824 812 819
f 828 827 738
f 6 738 827
f 218 826 825
f 828 825 826
f 16 823 748
f 830 748 823
f 825 830 218
f 829 218 830
f 15 831 818
f 833 818 831
f 218 829 832
f 833 832 829
f 834 836 32
f 835 32 836
f 832 836 218
f 826 218 836
f 841 840 837
f 5 837 840
f 838 222 841
f 839 841 222
f 32 835 843
f 844 843 835
f 844 842 838
f 222 838 842
f 831 15 847
f 845 847 15
f 842 847 222
f 846 222 847
f 849 30 850
f 848 850 30
f 222 846 839
f 850 839 846
f 851 854 7
f 781 7 854
f 853 854 224
f 852 224 854
f 857 856 849
f 30 849 856
f 855 224 857
f 852 857 224
f 15 820 845
f 859 845 820
f 859 858 855
f 224 855 858
f 24 787 815
f 860 815 787
f 858 860 224
f 853 224 860
f 861 864 2
f 795 2 864
f 863 864 228
f 862 228 864
f 18 865 867
f 868 867 865
f 228 862 866
f 868 866 862
f 869 872 17
f 871 17 872
f 866 872 228
f 870 228 872
f 27 802 873
f 874 873 802
f 228 870 863
f 874 863 870
f 879 878 875
f 8 875 878
f 232 877 876
f 879 876 877
f 873 882 27
f 881 27 882
f 876 882 232
f 880 232 882
f 17 883 869
f 885 869 883
f 232 880 884
f 885 884 880
f 887 29 888
f 886 888 29
f 884 888 232
f 877 232 888
f 837 5 892
f 889 892 5
f 891 892 235
f 890 235 892
f 29 887 894
f 895 894 887
f 235 890 893
f 895 893 890
f 896 898 17
f 883 17 898
f 893 898 235
f 897 235 898
f 899 32 900
f 843 900 32
f 235 897 891
f 900 891 897
f 751 6 903
f 827 903 6
f 236 902 901
f 903 901 902
f 32 899 834
f 905 834 899
f 901 905 236
f 904 236 905
f 17 871 896
f 907 896 871
f 236 904 906
f 907 906 904
f 18 757 865
f 908 865 757
f 906 908 236
f 902 236 908
f 913 912 909
f 3 909 912
f 241 911 910
f 913 910 911
f 22 914 916
f 917 916 914
f 915 241 917
f 910 917 241
f 21 918 920
f 921 920 918
f 921 919 915
f 241 915 919
f 31 922 923
f 924 923 922
f 919 924 241
f 911 241 924
f 925 929 9
f 928 9 929
f 245 927 926
f 929 926 927
f 923 932 31
f 931 31 932
f 926 932 245
f 930 245 932
f 21 933 918
f 935 918 933
f 245 930 934
f 935 934 930
f 938 937 936
f 33 936 937
f 934 938 245
f 927 245 938
f 939 943 4
f 942 4 943
f 941 943 250
f 940 250 943
f 28 944 946
f 947 946 944
f 250 940 945
f 947 945 940
f 948 951 25
f 950 25 951
f 945 951 250
f 949 250 951
f 26 952 953
f 954 953 952
f 954 941 949
f 250 949 941
f 9 928 957
f 958 957 928
f 253 956 955
f 958 955 956
f 959 961 33
f 936 33 961
f 955 961 253
f 960 253 961
f 25 950 963
f 964 963 950
f 253 960 962
f 964 962 960
f 965 966 28
f 944 28 966
f 962 966 253
f 956 253 966
f 840 970 5
f 969 5 970
f 968 970 256
f 967 256 970
f 30 971 848
f 973 848 971
f 256 967 972
f 973 972 967
f 975 31 976
f 931 976 31
f 972 976 256
f 974 256 976
f 9 977 925
f 978 925 977
f 256 974 968
f 978 968 974
f 29 979 886
f 982 886 979
f 982 980 981
f 259 981 980
f 946 985 28
f 984 28 985
f 980 985 259
f 983 259 985
f 986 988 4
f 939 4 988
f 259 983 987
f 988 987 983
f 878 990 8
f 989 8 990
f 981 259 990
f 987 990 259
f 23 991 792
f 994 792 991
f 994 992 993
f 262 993 992
f 22 916 996
f 997 996 916
f 992 997 262
f 995 262 997
f 998 1000 3
f 909 3 1000
f 262 995 999
f 1000 999 995
f 784 1002 7
f 1001 7 1002
f 993 262 1002
f 999 1002 262
f 28 984 965
f 1005 965 984
f 263 1004 1003
f 1005 1003 1004
f 894 1007 29
f 979 29 1007
f 1003 1007 263
f 1006 263 1007
f 5 969 889
f 1009 889 969
f 263 1006 1008
f 1009 1008 1006
f 957 1010 9
f 977 9 1010
f 1008 1010 263
f 1004 263 1010
f 856 1013 30
f 971 30 1013
f 1012 1013 264
f 1011 264 1013
f 7 1001 851
f 1015 851 1001
f 264 1011 1014
f 1015 1014 1011
f 912 1017 3
f 998 3 1017
f 1014 1017 264
f 1016 264 1017
f 31 975 922
f 1018 922 975
f 264 1016 1012
f 1018 1012 1016
f 23 1019 991
f 1022 991 1019
f 1020 268 1022
f 1021 1022 268
f 35 1023 1025
f 1026 1025 1023
f 1026 1024 1020
f 268 1020 1024
f 1029 34 1030
f 1027 1030 34
f 1024 1030 268
f 1028 268 1030
f 1032 1031 996
f 22 996 1031
f 268 1028 1021
f 1032 1021 1028
f 1033 1036 35
f 1023 35 1036
f 1035 1036 272
f 1034 272 1036
f 37 1037 1039
f 1040 1039 1037
f 272 1034 1038
f 1040 1038 1034
f 1043 36 1044
f 1041 1044 36
f 1038 1044 272
f 1042 272 1044
f 1046 1045 1029
f 34 1029 1045
f 272 1042 1035
f 1046 1035 1042
f 35 1047 1033
f 1050 1033 1047
f 276 1049 1048
f 1050 1048 1049
f 1051 1054 40
f 1053 40 1054
f 1048 1054 276
f 1052 276 1054
f 41 1055 1057
f 1058 1057 1055
f 276 1052 1056
f 1058 1056 1052
f 1039 1060 37
f 1059 37 1060
f 1056 1060 276
f 1049 276 1060
f 37 1059 1063
f 1064 1063 1059
f 280 1062 1061
f 1064 1061 1062
f 1065 1067 41
f 1055 41 1067
f 1061 1067 280
f 1066 280 1067
f 1071 1070 1068
f 42 1068 1070
f 280 1066 1069
f 1071 1069 1066
f 38 1072 1073
f 1074 1073 1072
f 1074 1062 1069
f 280 1069 1062
f 1079 1078 1075
f 43 1075 1078
f 285 1077 1076
f 1079 1076 1077
f 1080 1083 48
f 1082 48 1083
f 285 1076 1081
f 1083 1081 1076
f 1084 1087 45
f 1086 45 1087
f 285 1081 1085
f 1087 1085 1081
f 1088 1090 46
f 1089 46 1090
f 285 1085 1077
f 1090 1077 1085
f 1091 1095 44
f 1094 44 1095
f 290 1093 1092
f 1095 1092 1093
f 1099 1098 1096
f 50 1096 1098
f 290 1092 1097
f 1099 1097 1092
f 1100 1103 47
f 1102 47 1103
f 1097 1103 290
f 1101 290 1103
f 1104 1106 49
f 1105 49 1106
f 290 1101 1093
f 1106 1093 1101
f 18 867 1109
f 1110 1109 867
f 1107 293 1110
f 1108 1110 293
f 1113 861 1111
f 2 1111 861
f 293 1107 1112
f 1113 1112 1107
f 1094 1116 44
f 1115 44 1116
f 1112 1116 293
f 1114 293 1116
f 1117 1118 49
f 1104 49 1118
f 293 1114 1108
f 1118 1108 1114
f 20 1119 1122
f 1123 1122 1119
f 297 1121 1120
f 1123 1120 1121
f 13 1124 1126
f 1127 1126 1124
f 1120 1127 297
f 1125 297 1127
f 1102 1130 47
f 1129 47 1130
f 297 1125 1128
f 1130 1128 1125
f 1131 1132 50
f 1096 50 1132
f 1128 1132 297
f 1121 297 1132
f 18 1109 755
f 1135 755 1109
f 298 1134 1133
f 1135 1133 1134
f 1105 1137 49
f 1117 49 1137
f 1133 1137 298
f 1136 298 1137
f 1129 1139 47
f 1100 47 1139
f 298 1136 1138
f 1139 1138 1136
f 13 761 1124
f 1140 1124 761
f 1138 1140 298
f 1134 298 1140
f 20 1122 808
f 1143 808 1122
f 1142 1143 299
f 1141 299 1143
f 1098 1145 50
f 1131 50 1145
f 299 1141 1144
f 1145 1144 1141
f 1115 1147 44
f 1091 44 1147
f 1144 1147 299
f 1146 299 1147
f 1148 1111 798
f 2 798 1111
f 1148 1142 1146
f 299 1146 1142
f 16 1149 822
f 1152 822 1149
f 1151 1152 302
f 1150 302 1152
f 1082 1155 48
f 1154 48 1155
f 302 1150 1153
f 1155 1153 1150
f 1156 1158 43
f 1075 43 1158
f 1153 1158 302
f 1157 302 1158
f 1160 1159 813
f 1 813 1159
f 302 1157 1151
f 1160 1151 1157
f 772 1164 12
f 1163 12 1164
f 1161 304 1164
f 1162 1164 304
f 1159 1166 1
f 765 1 1166
f 1166 1165 1161
f 304 1161 1165
f 1078 1168 43
f 1156 43 1168
f 1165 1168 304
f 1167 304 1168
f 1169 1170 46
f 1088 46 1170
f 304 1167 1162
f 1170 1162 1167
f 1171 1174 10
f 744 10 1174
f 1173 1174 306
f 1172 306 1174
f 1086 1177 45
f 1176 45 1177
f 306 1172 1175
f 1177 1175 1172
f 1154 1179 48
f 1080 48 1179
f 1175 1179 306
f 1178 306 1179
f 16 749 1149
f 1180 1149 749
f 306 1178 1173
f 1180 1173 1178
f 12 1163 1183
f 1184 1183 1163
f 308 1182 1181
f 1184 1181 1182
f 1089 1186 46
f 1169 46 1186
f 1181 1186 308
f 1185 308 1186
f 1176 1188 45
f 1084 45 1188
f 308 1185 1187
f 1188 1187 1185
f 10 1189 1171
f 1190 1171 1189
f 1187 1190 308
f 1182 308 1190
f 38 1191 1072
f 1194 1072 1191
f 312 1193 1192
f 1194 1192 1193
f 51 1195 1197
f 1198 1197 1195
f 312 1192 1196
f 1198 1196 1192
f 1201 53 1202
f 1199 1202 53
f 312 1196 1200
f 1202 1200 1196
f 1205 1204 1043
f 36 1043 1204
f 312 1200 1203
f 1205 1203 1200
f 1063 1206 37
f 1037 37 1206
f 1203 1206 312
f 1193 312 1206
f 52 1207 1210
f 1211 1210 1207
f 1211 1208 1209
f 317 1209 1208
f 1212 1215 53
f 1214 53 1215
f 1208 1215 317
f 1213 317 1215
f 1216 1219 57
f 1218 57 1219
f 1217 317 1219
f 1213 1219 317
f 1222 1221 1220
f 56 1220 1221
f 317 1217 1209
f 1222 1209 1217
f 1225 1212 1201
f 53 1201 1212
f 320 1224 1223
f 1225 1223 1224
f 51 1226 1195
f 1228 1195 1226
f 1227 320 1228
f 1223 1228 320
f 1232 1231 1229
f 54 1229 1231
f 320 1227 1230
f 1232 1230 1227
f 1218 1234 57
f 1233 57 1234
f 1230 1234 320
f 1224 320 1234
f 1238 1229 1235
f 54 1235 1229
f 323 1237 1236
f 1238 1236 1237
f 1239 1242 55
f 1241 55 1242
f 1236 1242 323
f 1240 323 1242
f 1221 1245 56
f 1244 56 1245
f 323 1240 1243
f 1245 1243 1240
f 1233 1246 57
f 1216 57 1246
f 1243 1246 323
f 1237 323 1246
f 1247 1251 69
f 1250 69 1251
f 1249 1251 327
f 1248 327 1251
f 76 1252 1254
f 1255 1254 1252
f 327 1248 1253
f 1255 1253 1248
f 920 1258 21
f 1257 21 1258
f 1253 1258 327
f 1256 327 1258
f 22 1259 914
f 1260 914 1259
f 327 1256 1249
f 1260 1249 1256
f 1264 77 1265
f 1261 1265 77
f 1263 1265 331
f 1262 331 1265
f 1269 1268 1266
f 80 1266 1268
f 331 1262 1267
f 1269 1267 1262
f 963 1272 25
f 1271 25 1272
f 1270 331 1272
f 1267 1272 331
f 33 1273 959
f 1274 959 1273
f 331 1270 1263
f 1274 1263 1270
f 1266 80 1278
f 1275 1278 80
f 1277 1278 334
f 1276 334 1278
f 1282 1281 1279
f 81 1279 1281
f 334 1276 1280
f 1282 1280 1276
f 1284 26 1285
f 953 1285 26
f 1280 1285 334
f 1283 334 1285
f 25 1271 948
f 1286 948 1271
f 1286 1277 1283
f 334 1283 1277
f 1287 1291 67
f 1290 67 1291
f 1289 1291 338
f 1288 338 1291
f 1295 1294 1292
f 68 1292 1294
f 338 1288 1293
f 1295 1293 1288
f 1297 12 1298
f 1183 1298 12
f 1293 1298 338
f 1296 338 1298
f 1300 1189 1299
f 10 1299 1189
f 338 1296 1289
f 1300 1289 1296
f 78 1301 1304
f 1305 1304 1301
f 1305 1302 1303
f 342 1303 1302
f 1306 1309 74
f 1308 74 1309
f 1307 342 1309
f 1302 1309 342
f 1312 1311 1126
f 13 1126 1311
f 342 1307 1310
f 1312 1310 1307
f 1313 1314 20
f 1119 20 1314
f 1303 342 1314
f 1310 1314 342
f 1315 1318 76
f 1252 76 1318
f 1317 1318 344
f 1316 344 1318
f 1321 1320 1264
f 77 1264 1320
f 344 1316 1319
f 1321 1319 1316
f 937 1323 33
f 1273 33 1323
f 1322 344 1323
f 1319 1323 344
f 21 1257 933
f 1324 933 1257
f 344 1322 1317
f 1324 1317 1322
f 1328 70 1329
f 1325 1329 70
f 1326 347 1329
f 1327 1329 347
f 69 1250 1331
f 1332 1331 1250
f 347 1326 1330
f 1332 1330 1326
f 1031 1334 22
f 1259 22 1334
f 1330 1334 347
f 1333 347 1334
f 34 1335 1027
f 1336 1027 1335
f 347 1333 1327
f 1336 1327 1333
f 1340 71 1341
f 1337 1341 71
f 1339 1341 350
f 1338 350 1341
f 1344 1343 1328
f 70 1328 1343
f 350 1338 1342
f 1344 1342 1338
f 1045 1346 34
f 1335 34 1346
f 1345 350 1346
f 1342 1346 350
f 36 1347 1041
f 1348 1041 1347
f 1348 1339 1345
f 350 1345 1339
f 59 1349 1352
f 1353 1352 1349
f 1351 1353 355
f 1350 355 1353
f 65 1354 1356
f 1357 1356 1354
f 355 1350 1355
f 1357 1355 1350
f 1358 1361 39
f 1360 39 1361
f 1355 1361 355
f 1359 355 1361
f 38 1362 1363
f 1364 1363 1362
f 355 1359 1351
f 1364 1351 1359
f 1368 60 1369
f 1365 1369 60
f 358 1367 1366
f 1369 1366 1367
f 1372 1371 1352
f 59 1352 1371
f 1370 358 1372
f 1366 1372 358
f 38 1073 1362
f 1374 1362 1073
f 1374 1373 1370
f 358 1370 1373
f 1375 1376 42
f 1068 42 1376
f 1373 1376 358
f 1367 358 1376
f 1380 79 1381
f 1377 1381 79
f 1379 1381 361
f 1378 361 1381
f 1383 78 1384
f 1304 1384 78
f 361 1378 1382
f 1384 1382 1378
f 20 809 1313
f 1386 1313 809
f 1385 361 1386
f 1382 1386 361
f 19 1387 804
f 1388 804 1387
f 1388 1379 1385
f 361 1385 1379
f 68 1389 1292
f 1392 1292 1389
f 364 1391 1390
f 1392 1390 1391
f 1393 1396 58
f 1395 58 1396
f 1394 364 1396
f 1390 1396 364
f 11 776 1398
f 1399 1398 776
f 364 1394 1397
f 1399 1397 1394
f 770 12 1400
f 1297 1400 12
f 1397 1400 364
f 1391 364 1400
f 1404 1393 1401
f 58 1401 1393
f 367 1403 1402
f 1404 1402 1403
f 1405 1408 61
f 1407 61 1408
f 1406 367 1408
f 1402 1408 367
f 23 793 1410
f 1411 1410 793
f 367 1406 1409
f 1411 1409 1406
f 1398 1412 11
f 789 11 1412
f 1409 1412 367
f 1403 367 1412
f 1413 1416 61
f 1405 61 1416
f 370 1415 1414
f 1416 1414 1415
f 1420 1419 1417
f 62 1417 1419
f 370 1414 1418
f 1420 1418 1414
f 35 1025 1422
f 1423 1422 1025
f 1421 370 1423
f 1418 1423 370
f 1410 1424 23
f 1019 23 1424
f 1421 1424 370
f 1415 370 1424
f 1425 1428 62
f 1417 62 1428
f 1427 1428 373
f 1426 373 1428
f 1429 1432 63
f 1431 63 1432
f 373 1426 1430
f 1432 1430 1426
f 1435 1434 1053
f 40 1053 1434
f 1433 373 1435
f 1430 1435 373
f 35 1422 1047
f 1436 1047 1422
f 1436 1427 1433
f 373 1433 1427
f 1440 1429 1437
f 63 1437 1429
f 376 1439 1438
f 1440 1438 1439
f 1441 1444 64
f 1443 64 1444
f 1438 1444 376
f 1442 376 1444
f 41 1057 1446
f 1447 1446 1057
f 376 1442 1445
f 1447 1445 1442
f 1434 1448 40
f 1051 40 1448
f 1445 1448 376
f 1439 376 1448
f 1452 1441 1449
f 64 1449 1441
f 1451 1452 378
f 1450 378 1452
f 1455 1454 1368
f 60 1368 1454
f 378 1450 1453
f 1455 1453 1450
f 1070 1457 42
f 1375 42 1457
f 1453 1457 378
f 1456 378 1457
f 41 1446 1065
f 1458 1065 1446
f 1458 1451 1456
f 378 1456 1451
f 1462 1461 1340
f 71 1340 1461
f 381 1460 1459
f 1462 1459 1460
f 1347 36 1464
f 1204 1464 36
f 381 1459 1463
f 1464 1463 1459
f 53 1214 1199
f 1466 1199 1214
f 381 1463 1465
f 1466 1465 1463
f 1467 1469 52
f 1207 52 1469
f 381 1465 1468
f 1469 1468 1465
f 1470 1472 72
f 1471 72 1472
f 381 1468 1460
f 1472 1460 1468
f 38 1363 1191
f 1475 1191 1363
f 1475 1473 1474
f 383 1474 1473
f 39 1476 1358
f 1478 1358 1476
f 1478 1477 1473
f 383 1473 1477
f 1197 1480 51
f 1479 51 1480
f 1477 1480 383
f 1474 383 1480
f 1485 1484 1481
f 85 1481 1484
f 1483 1485 388
f 1482 388 1485
f 1489 1488 1486
f 83 1486 1488
f 388 1482 1487
f 1489 1487 1482
f 1490 1493 84
f 1492 84 1493
f 1487 1493 388
f 1491 388 1493
f 1496 1495 1494
f 82 1494 1495
f 388 1491 1483
f 1496 1483 1491
f 1497 1501 92
f 1500 92 1501
f 1499 1501 393
f 1498 393 1501
f 1505 1504 1502
f 89 1502 1504
f 393 1498 1503
f 1505 1503 1498
f 1509 1508 1506
f 88 1506 1508
f 1507 393 1509
f 1503 1509 393
f 93 1510 1511
f 1512 1511 1510
f 1512 1499 1507
f 393 1507 1499
f 93 1513 1516
f 1517 1516 1513
f 1517 1514 1515
f 398 1515 1514
f 1521 1520 1518
f 86 1518 1520
f 1514 1521 398
f 1519 398 1521
f 1525 1524 1522
f 87 1522 1524
f 398 1519 1523
f 1525 1523 1519
f 1526 1528 94
f 1527 94 1528
f 1515 398 1528
f 1523 1528 398
f 89 1529 1502
f 1532 1502 1529
f 1530 402 1532
f 1531 1532 402
f 1535 90 1536
f 1533 1536 90
f 1530 1536 402
f 1534 402 1536
f 1539 91 1540
f 1537 1540 91
f 1534 1540 402
f 1538 402 1540
f 1542 1541 1508
f 88 1508 1541
f 402 1538 1531
f 1542 1531 1538
f 1543 1546 90
f 1533 90 1546
f 1544 405 1546
f 1545 1546 405
f 1524 1549 87
f 1548 87 1549
f 1547 405 1549
f 1544 1549 405
f 1518 86 1552
f 1550 1552 86
f 405 1547 1551
f 1552 1551 1547
f 1554 1553 1539
f 91 1539 1553
f 1545 405 1554
f 1551 1554 405
f 92 1500 1557
f 1558 1557 1500
f 408 1556 1555
f 1558 1555 1556
f 93 1516 1510
f 1560 1510 1516
f 1555 1560 408
f 1559 408 1560
f 1561 1563 94
f 1526 94 1563
f 1562 408 1563
f 1559 1563 408
f 95 1564 1565
f 1566 1565 1564
f 408 1562 1556
f 1566 1556 1562
f 1570 1569 1557
f 92 1557 1569
f 411 1568 1567
f 1570 1567 1568
f 1571 1573 95
f 1564 95 1573
f 411 1567 1572
f 1573 1572 1567
f 55 1241 1575
f 1576 1575 1241
f 411 1572 1574
f 1576 1574 1572
f 1231 1578 54
f 1235 54 1578
f 1574 1578 411
f 1577 411 1578
f 51 1579 1226
f 1580 1226 1579
f 411 1577 1568
f 1580 1568 1577
f 94 1581 1561
f 1584 1561 1581
f 1584 1582 1583
f 413 1583 1582
f 1586 52 1587
f 1210 1587 52
f 1585 413 1587
f 1582 1587 413
f 1244 1589 56
f 1220 56 1589
f 413 1585 1588
f 1589 1588 1585
f 1575 1591 55
f 1239 55 1591
f 413 1588 1590
f 1591 1590 1588
f 1571 95 1592
f 1565 1592 95
f 1590 1592 413
f 1583 413 1592
f 1593 1596 87
f 1522 87 1596
f 416 1595 1594
f 1596 1594 1595
f 1597 1600 73
f 1599 73 1600
f 416 1594 1598
f 1600 1598 1594
f 72 1471 1602
f 1603 1602 1471
f 416 1598 1601
f 1603 1601 1598
f 1605 1467 1586
f 52 1586 1467
f 416 1601 1604
f 1605 1604 1601
f 94 1527 1581
f 1606 1581 1527
f 1606 1595 1604
f 416 1604 1595
f 1611 1610 1607
f 66 1607 1610
f 420 1609 1608
f 1611 1608 1609
f 1614 1613 1535
f 90 1535 1613
f 420 1608 1612
f 1614 1612 1608
f 1615 1617 89
f 1529 89 1617
f 420 1612 1616
f 1617 1616 1612
f 39 1360 1619
f 1620 1619 1360
f 420 1616 1618
f 1620 1618 1616
f 1621 1622 65
f 1354 65 1622
f 1618 1622 420
f 1609 420 1622
f 73 1599 1625
f 1626 1625 1599
f 1626 1623 1624
f 422 1624 1623
f 87 1548 1593
f 1628 1593 1548
f 422 1623 1627
f 1628 1627 1623
f 1630 1543 1613
f 90 1613 1543
f 422 1627 1629
f 1630 1629 1627
f 66 1631 1607
f 1632 1607 1631
f 1624 422 1632
f 1629 1632 422
f 1619 1635 39
f 1476 39 1635
f 1634 1635 423
f 1633 423 1635
f 1637 1615 1504
f 89 1504 1615
f 423 1633 1636
f 1637 1636 1633
f 92 1569 1497
f 1639 1497 1569
f 423 1636 1638
f 1639 1638 1636
f 51 1479 1579
f 1640 1579 1479
f 423 1638 1634
f 1640 1634 1638
f 1506 88 1644
f 1641 1644 88
f 1643 1644 426
f 1642 426 1644
f 1488 1647 83
f 1646 83 1647
f 1642 1647 426
f 1645 426 1647
f 1648 1650 85
f 1481 85 1650
f 1649 426 1650
f 1645 1650 426
f 93 1511 1651
f 1652 1651 1511
f 426 1649 1643
f 1652 1643 1649
f 91 1653 1537
f 1656 1537 1653
f 1656 1654 1655
f 428 1655 1654
f 1492 1659 84
f 1658 84 1659
f 1654 1659 428
f 1657 428 1659
f 1646 1661 83
f 1486 83 1661
f 1657 1661 428
f 1660 428 1661
f 1541 1662 88
f 1641 88 1662
f 1662 1655 1660
f 428 1660 1655
f 86 1663 1550
f 1666 1550 1663
f 1665 1666 430
f 1664 430 1666
f 1668 82 1669
f 1495 1669 82
f 1664 1669 430
f 1667 430 1669
f 1658 1671 84
f 1490 84 1671
f 1670 430 1671
f 1667 1671 430
f 91 1553 1653
f 1672 1653 1553
f 1672 1665 1670
f 430 1670 1665
f 93 1651 1513
f 1675 1513 1651
f 431 1674 1673
f 1675 1673 1674
f 1484 1677 85
f 1648 85 1677
f 1673 1677 431
f 1676 431 1677
f 1668 1679 82
f 1494 82 1679
f 1678 431 1679
f 1676 1679 431
f 1520 1680 86
f 1663 86 1680
f 1674 431 1680
f 1678 1680 431
f 14 763 1683
f 1684 1683 763
f 1684 1681 1682
f 435 1682 1681
f 1687 759 1685
f 13 1685 759
f 435 1681 1686
f 1687 1686 1681
f 1688 1691 97
f 1690 97 1691
f 1689 435 1691
f 1686 1691 435
f 1692 1694 98
f 1693 98 1694
f 1682 435 1694
f 1689 1694 435
f 1685 13 1697
f 1311 1697 13
f 1696 1697 438
f 1695 438 1697
f 1700 1306 1698
f 74 1698 1306
f 438 1695 1699
f 1700 1699 1695
f 1701 1704 100
f 1703 100 1704
f 1699 1704 438
f 1702 438 1704
f 97 1690 1705
f 1706 1705 1690
f 438 1702 1696
f 1706 1696 1702
f 67 1290 1709
f 1710 1709 1290
f 442 1708 1707
f 1710 1707 1708
f 1711 1713 10
f 1299 10 1713
f 1707 1713 442
f 1712 442 1713
f 96 1714 1716
f 1717 1716 1714
f 442 1712 1715
f 1717 1715 1712
f 1718 1720 99
f 1719 99 1720
f 1715 1720 442
f 1708 442 1720
f 10 746 1711
f 1723 1711 746
f 1721 444 1723
f 1722 1723 444
f 740 14 1725
f 1683 1725 14
f 1725 1724 1721
f 444 1721 1724
f 1692 98 1728
f 1726 1728 98
f 1724 1728 444
f 1727 444 1728
f 1729 96 1730
f 1716 1730 96
f 444 1727 1722
f 1730 1722 1727
f 1734 1701 1731
f 100 1731 1701
f 447 1733 1732
f 1734 1732 1733
f 75 1735 1737
f 1738 1737 1735
f 1732 1738 447
f 1736 447 1738
f 98 1693 1740
f 1741 1740 1693
f 447 1736 1739
f 1741 1739 1736
f 1688 97 1742
f 1705 1742 97
f 1739 1742 447
f 1733 447 1742
f 75 1743 1735
f 1746 1735 1743
f 1745 1746 449
f 1744 449 1746
f 1749 1748 1719
f 99 1719 1748
f 449 1744 1747
f 1749 1747 1744
f 1729 1751 96
f 1714 96 1751
f 1747 1751 449
f 1750 449 1751
f 98 1740 1726
f 1752 1726 1740
f 449 1750 1745
f 1752 1745 1750
f 1757 1756 1753
f 101 1753 1756
f 1757 1754 1755
f 453 1755 1754
f 1758 1761 102
f 1760 102 1761
f 1754 1761 453
f 1759 453 1761
f 1762 1764 103
f 1763 103 1764
f 1759 1764 453
f 1755 453 1764
f 1768 1767 1756
f 101 1756 1767
f 456 1766 1765
f 1768 1765 1766
f 103 1769 1762
f 1771 1762 1769
f 456 1765 1770
f 1771 1770 1765
f 806 1774 19
f 1773 19 1774
f 1770 1774 456
f 1772 456 1774
f 27 881 800
f 1776 800 881
f 456 1772 1775
f 1776 1775 1772
f 875 8 1778
f 1777 1778 8
f 456 1775 1766
f 1778 1766 1775
f 1767 1781 101
f 1753 101 1781
f 458 1780 1779
f 1781 1779 1780
f 8 989 1777
f 1783 1777 989
f 458 1779 1782
f 1783 1782 1779
f 1785 986 942
f 4 942 986
f 458 1782 1784
f 1785 1784 1782
f 26 1786 952
f 1788 952 1786
f 458 1784 1787
f 1788 1787 1784
f 102 1760 1789
f 1790 1789 1760
f 458 1787 1780
f 1790 1780 1787
f 1795 1794 1791
f 104 1791 1794
f 461 1793 1792
f 1795 1792 1793
f 1789 1798 102
f 1797 102 1798
f 1792 1798 461
f 1796 461 1798
f 1786 26 1800
f 1284 1800 26
f 1800 1799 1796
f 461 1796 1799
f 1279 81 1802
f 1801 1802 81
f 1799 1802 461
f 1793 461 1802
f 1805 79 1806
f 1380 1806 79
f 1804 1806 464
f 1803 464 1806
f 19 1773 1387
f 1808 1387 1773
f 464 1803 1807
f 1808 1807 1803
f 1809 1811 103
f 1769 103 1811
f 1807 1811 464
f 1810 464 1811
f 1814 1813 1812
f 105 1812 1813
f 464 1810 1804
f 1814 1804 1810
f 1763 1818 103
f 1817 103 1818
f 1815 468 1818
f 1816 1818 468
f 102 1819 1758
f 1821 1758 1819
f 1821 1820 1815
f 468 1815 1820
f 1825 1824 1822
f 106 1822 1824
f 468 1820 1823
f 1825 1823 1820
f 1828 1827 1826
f 107 1826 1827
f 1828 1816 1823
f 468 1823 1816
f 102 1797 1819
f 1831 1819 1797
f 471 1830 1829
f 1831 1829 1830
f 1832 1834 104
f 1791 104 1834
f 1829 1834 471
f 1833 471 1834
f 108 1835 1837
f 1838 1837 1835
f 471 1833 1836
f 1838 1836 1833
f 1824 1840 106
f 1839 106 1840
f 1836 1840 471
f 1830 471 1840
f 1843 105 1844
f 1813 1844 105
f 1842 1844 474
f 1841 474 1844
f 1846 1809 1817
f 103 1817 1809
f 474 1841 1845
f 1846 1845 1841
f 1847 1849 107
f 1826 107 1849
f 1848 474 1849
f 1845 1849 474
f 109 1850 1851
f 1852 1851 1850
f 1852 1842 1848
f 474 1848 1842
f 1855 1822 1839
f 106 1839 1822
f 476 1854 1853
f 1855 1853 1854
f 1856 1858 108
f 1835 108 1858
f 1853 1858 476
f 1857 476 1858
f 1851 1861 109
f 1860 109 1861
f 1857 1861 476
f 1859 476 1861
f 1862 1847 1827
f 107 1827 1847
f 476 1859 1854
f 1862 1854 1859
f 1863 1867 115
f 1866 115 1867
f 481 1865 1864
f 1867 1864 1865
f 125 1868 1870
f 1871 1870 1868
f 1869 481 1871
f 1864 1871 481
f 1875 1874 1872
f 119 1872 1874
f 481 1869 1873
f 1875 1873 1869
f 1878 1877 1876
f 123 1876 1877
f 1873 1878 481
f 1865 481 1878
f 1882 1881 1866
f 115 1866 1881
f 485 1880 1879
f 1882 1879 1880
f 1883 1885 123
f 1876 123 1885
f 1884 485 1885
f 1879 1885 485
f 1889 1888 1886
f 122 1886 1888
f 485 1884 1887
f 1889 1887 1884
f 127 1890 1891
f 1892 1891 1890
f 1887 1892 485
f 1880 485 1892
f 110 1893 1896
f 1897 1896 1893
f 1895 1897 490
f 1894 490 1897
f 133 1898 1900
f 1901 1900 1898
f 490 1894 1899
f 1901 1899 1894
f 1902 1905 120
f 1904 120 1905
f 1899 1905 490
f 1903 490 1905
f 121 1906 1907
f 1908 1907 1906
f 490 1903 1895
f 1908 1895 1903
f 116 1909 1912
f 1913 1912 1909
f 494 1911 1910
f 1913 1910 1911
f 1914 1917 132
f 1916 132 1917
f 1910 1917 494
f 1915 494 1917
f 120 1904 1919
f 1920 1919 1904
f 494 1915 1918
f 1920 1918 1915
f 1921 1922 133
f 1898 133 1922
f 1918 1922 494
f 1911 494 1922
f 111 1923 1926
f 1927 1926 1923
f 499 1925 1924
f 1927 1924 1925
f 129 1928 1930
f 1931 1930 1928
f 1931 1929 1924
f 499 1924 1929
f 1935 1934 1932
f 128 1932 1934
f 499 1929 1933
f 1935 1933 1929
f 1936 1938 136
f 1937 136 1938
f 1933 1938 499
f 1925 499 1938
f 1939 1942 110
f 1893 110 1942
f 1941 1942 503
f 1940 503 1942
f 125 1943 1945
f 1946 1945 1943
f 503 1940 1944
f 1946 1944 1940
f 1947 1950 124
f 1949 124 1950
f 1944 1950 503
f 1948 503 1950
f 133 1900 1951
f 1952 1951 1900
f 503 1948 1941
f 1952 1941 1948
f 1956 1863 1953
f 115 1953 1863
f 506 1955 1954
f 1956 1954 1955
f 1957 1960 141
f 1959 141 1960
f 1954 1960 506
f 1958 506 1960
f 124 1949 1962
f 1963 1962 1949
f 506 1958 1961
f 1963 1961 1958
f 125 1870 1943
f 1964 1943 1870
f 1961 1964 506
f 1955 506 1964
f 1969 1968 1965
f 114 1965 1968
f 1967 1969 510
f 1966 510 1969
f 1970 1973 139
f 1972 139 1973
f 510 1966 1971
f 1973 1971 1966
f 1962 1976 124
f 1975 124 1976
f 1974 510 1976
f 1971 1976 510
f 141 1977 1957
f 1978 1957 1977
f 1978 1967 1974
f 510 1974 1967
f 1912 1982 116
f 1981 116 1982
f 1979 512 1982
f 1980 1982 512
f 133 1951 1921
f 1984 1921 1951
f 1983 512 1984
f 1979 1984 512
f 124 1975 1947
f 1986 1947 1975
f 1986 1985 1983
f 512 1983 1985
f 1988 1970 1987
f 139 1987 1970
f 1985 1988 512
f 1980 512 1988
f 1926 1992 111
f 1991 111 1992
f 1990 1992 516
f 1989 516 1992
f 136 1993 1936
f 1995 1936 1993
f 516 1989 1994
f 1995 1994 1989
f 1996 1999 126
f 1998 126 1999
f 1994 1999 516
f 1997 516 1999
f 127 2000 2001
f 2002 2001 2000
f 516 1997 1990
f 2002 1990 1997
f 2007 2006 2003
f 117 2003 2006
f 520 2005 2004
f 2007 2004 2005
f 2008 2011 138
f 2010 138 2011
f 2009 520 2011
f 2004 2011 520
f 126 1998 2013
f 2014 2013 1998
f 520 2009 2012
f 2014 2012 2009
f 2015 2016 136
f 1993 136 2016
f 2012 2016 520
f 2005 520 2016
f 1968 2020 114
f 2019 114 2020
f 2017 523 2020
f 2018 2020 523
f 2021 2023 141
f 1977 141 2023
f 523 2017 2022
f 2023 2022 2017
f 2013 2026 126
f 2025 126 2026
f 2022 2026 523
f 2024 523 2026
f 138 2027 2008
f 2028 2008 2027
f 523 2024 2018
f 2028 2018 2024
f 1881 2031 115
f 1953 115 2031
f 524 2030 2029
f 2031 2029 2030
f 127 2001 1890
f 2033 1890 2001
f 2032 524 2033
f 2029 2033 524
f 126 2025 1996
f 2035 1996 2025
f 524 2032 2034
f 2035 2034 2032
f 141 1959 2021
f 2036 2021 1959
f 2034 2036 524
f 2030 524 2036
f 2041 2040 2037
f 112 2037 2040
f 529 2039 2038
f 2041 2038 2039
f 140 2042 2044
f 2045 2044 2042
f 2043 529 2045
f 2038 2045 529
f 130 2046 2048
f 2049 2048 2046
f 2049 2047 2043
f 529 2043 2047
f 131 2050 2051
f 2052 2051 2050
f 2047 2052 529
f 2039 529 2052
f 2056 118 2057
f 2053 2057 118
f 533 2055 2054
f 2057 2054 2055
f 2061 2060 2058
f 142 2058 2060
f 2054 2061 533
f 2059 533 2061
f 130 2048 2063
f 2064 2063 2048
f 533 2059 2062
f 2064 2062 2059
f 2065 2066 140
f 2042 140 2066
f 2062 2066 533
f 2055 533 2066
f 2067 2071 113
f 2070 113 2071
f 2069 2071 538
f 2068 538 2071
f 135 2072 2074
f 2075 2074 2072
f 2075 2073 2068
f 538 2068 2073
f 2076 2079 134
f 2078 134 2079
f 2073 2079 538
f 2077 538 2079
f 137 2080 2081
f 2082 2081 2080
f 538 2077 2069
f 2082 2069 2077
f 118 2083 2053
f 2086 2053 2083
f 541 2085 2084
f 2086 2084 2085
f 2081 2089 137
f 2088 137 2089
f 2084 2089 541
f 2087 541 2089
f 134 2090 2076
f 2092 2076 2090
f 541 2087 2091
f 2092 2091 2087
f 2060 2094 142
f 2093 142 2094
f 2091 2094 541
f 2085 541 2094
f 2095 2098 114
f 1965 114 2098
f 2097 2098 544
f 2096 544 2098
f 118 2056 2100
f 2101 2100 2056
f 544 2096 2099
f 2101 2099 2096
f 2102 2104 140
f 2065 140 2104
f 2099 2104 544
f 2103 544 2104
f 139 1972 2105
f 2106 2105 1972
f 544 2103 2097
f 2106 2097 2103
f 138 2010 2109
f 2110 2109 2010
f 2110 2107 2108
f 547 2108 2107
f 2111 2113 117
f 2003 117 2113
f 2107 2113 547
f 2112 547 2113
f 2070 2116 113
f 2115 113 2116
f 547 2112 2114
f 2116 2114 2112
f 2117 2118 137
f 2080 137 2118
f 2108 547 2118
f 2114 2118 547
f 132 1916 2121
f 2122 2121 1916
f 2122 2119 2120
f 550 2120 2119
f 2123 2125 116
f 1909 116 2125
f 2119 2125 550
f 2124 550 2125
f 2128 2127 2040
f 112 2040 2127
f 550 2124 2126
f 2128 2126 2124
f 131 2129 2050
f 2130 2050 2129
f 2120 550 2130
f 2126 2130 550
f 137 2088 2117
f 2133 2117 2088
f 551 2132 2131
f 2133 2131 2132
f 2100 2135 118
f 2083 118 2135
f 2131 2135 551
f 2134 551 2135
f 114 2019 2095
f 2137 2095 2019
f 551 2134 2136
f 2137 2136 2134
f 2109 2138 138
f 2027 138 2138
f 2136 2138 551
f 2132 551 2138
f 2105 2141 139
f 1987 139 2141
f 2140 2141 552
f 2139 552 2141
f 140 2044 2102
f 2143 2102 2044
f 552 2139 2142
f 2143 2142 2139
f 2127 2145 112
f 2037 112 2145
f 2142 2145 552
f 2144 552 2145
f 116 1981 2123
f 2146 2123 1981
f 552 2144 2140
f 2146 2140 2144
f 132 2121 2149
f 2150 2149 2121
f 2148 2150 556
f 2147 556 2150
f 2153 2129 2151
f 131 2151 2129
f 556 2147 2152
f 2153 2152 2147
f 2154 2157 143
f 2156 143 2157
f 2155 556 2157
f 2152 2157 556
f 144 2158 2159
f 2160 2159 2158
f 2160 2148 2155
f 556 2155 2148
f 2159 2164 144
f 2163 144 2164
f 2162 2164 560
f 2161 560 2164
f 2167 2154 2165
f 143 2165 2154
f 560 2161 2166
f 2167 2166 2161
f 2168 2171 145
f 2170 145 2171
f 2169 560 2171
f 2166 2171 560
f 146 2172 2173
f 2174 2173 2172
f 560 2169 2162
f 2174 2162 2169
f 144 2163 2177
f 2178 2177 2163
f 564 2176 2175
f 2178 2175 2176
f 2179 2181 146
f 2172 146 2181
f 2175 2181 564
f 2180 564 2181
f 150 2182 2184
f 2185 2184 2182
f 564 2180 2183
f 2185 2183 2180
f 2186 2188 149
f 2187 149 2188
f 2183 2188 564
f 2176 564 2188
f 146 2189 2179
f 2192 2179 2189
f 568 2191 2190
f 2192 2190 2191
f 147 2193 2195
f 2196 2195 2193
f 2190 2196 568
f 2194 568 2196
f 2200 2199 2197
f 151 2197 2199
f 568 2194 2198
f 2200 2198 2194
f 2184 2202 150
f 2201 150 2202
f 2198 2202 568
f 2191 568 2202
f 2207 2206 2203
f 152 2203 2206
f 573 2205 2204
f 2207 2204 2205
f 2208 2211 155
f 2210 155 2211
f 573 2204 2209
f 2211 2209 2204
f 2212 2215 154
f 2214 154 2215
f 573 2209 2213
f 2215 2213 2209
f 2216 2218 157
f 2217 157 2218
f 573 2213 2205
f 2218 2205 2213
f 2223 2222 2219
f 153 2219 2222
f 578 2221 2220
f 2223 2220 2221
f 2224 2227 158
f 2226 158 2227
f 578 2220 2225
f 2227 2225 2220
f 2228 2231 156
f 2230 156 2231
f 2225 2231 578
f 2229 578 2231
f 2232 2234 159
f 2233 159 2234
f 578 2229 2221
f 2234 2221 2229
f 127 2235 2000
f 2238 2000 2235
f 2237 2238 581
f 2236 581 2238
f 2226 2241 158
f 2240 158 2241
f 581 2236 2239
f 2241 2239 2236
f 2242 2244 153
f 2219 153 2244
f 2239 2244 581
f 2243 581 2244
f 2246 2245 1991
f 111 1991 2245
f 581 2243 2237
f 2246 2237 2243
f 129 2247 2250
f 2251 2250 2247
f 585 2249 2248
f 2251 2248 2249
f 2233 2254 159
f 2253 159 2254
f 2248 2254 585
f 2252 585 2254
f 2255 2257 156
f 2228 156 2257
f 585 2252 2256
f 2257 2256 2252
f 122 2258 2259
f 2260 2259 2258
f 2256 2260 585
f 2249 585 2260
f 127 1891 2235
f 2263 2235 1891
f 586 2262 2261
f 2263 2261 2262
f 122 2259 1886
f 2265 1886 2259
f 2261 2265 586
f 2264 586 2265
f 2230 2267 156
f 2255 156 2267
f 586 2264 2266
f 2267 2266 2264
f 2240 2268 158
f 2224 158 2268
f 2266 2268 586
f 2262 586 2268
f 129 1930 2247
f 2271 2247 1930
f 2269 587 2271
f 2270 2271 587
f 2273 1923 2245
f 111 2245 1923
f 2273 2272 2269
f 587 2269 2272
f 2222 2275 153
f 2242 153 2275
f 2272 2275 587
f 2274 587 2275
f 2253 2276 159
f 2232 159 2276
f 587 2274 2270
f 2276 2270 2274
f 125 1945 2279
f 2280 2279 1945
f 2278 2280 590
f 2277 590 2280
f 2283 1939 2281
f 110 2281 1939
f 590 2277 2282
f 2283 2282 2277
f 2206 2286 152
f 2285 152 2286
f 2282 2286 590
f 2284 590 2286
f 2287 2288 157
f 2216 157 2288
f 590 2284 2278
f 2288 2278 2284
f 2289 2292 121
f 1906 121 2292
f 2291 2292 592
f 2290 592 2292
f 2210 2295 155
f 2294 155 2295
f 592 2290 2293
f 2295 2293 2290
f 2285 2297 152
f 2203 152 2297
f 2293 2297 592
f 2296 592 2297
f 2281 110 2298
f 1896 2298 110
f 2298 2291 2296
f 592 2296 2291
f 1874 2302 119
f 2301 119 2302
f 2300 2302 594
f 2299 594 2302
f 125 2279 1868
f 2304 1868 2279
f 594 2299 2303
f 2304 2303 2299
f 2217 2306 157
f 2287 157 2306
f 2303 2306 594
f 2305 594 2306
f 2308 2212 2307
f 154 2307 2212
f 594 2305 2300
f 2308 2300 2305
f 121 2309 2289
f 2312 2289 2309
f 596 2311 2310
f 2312 2310 2311
f 119 2301 2314
f 2315 2314 2301
f 2310 2315 596
f 2313 596 2315
f 2214 2317 154
f 2307 154 2317
f 596 2313 2316
f 2317 2316 2313
f 2294 2318 155
f 2208 155 2318
f 2316 2318 596
f 2311 596 2318
f 147 2195 2321
f 2322 2321 2195
f 600 2320 2319
f 2322 2319 2320
f 2173 2324 146
f 2189 146 2324
f 2319 2324 600
f 2323 600 2324
f 2327 2168 2325
f 145 2325 2168
f 600 2323 2326
f 2327 2326 2323
f 2328 2331 162
f 2330 162 2331
f 600 2326 2329
f 2331 2329 2326
f 160 2332 2333
f 2334 2333 2332
f 600 2329 2320
f 2334 2320 2329
f 161 2335 2338
f 2339 2338 2335
f 2339 2336 2337
f 605 2337 2336
f 2343 2342 2340
f 165 2340 2342
f 605 2336 2341
f 2343 2341 2336
f 2344 2347 166
f 2346 166 2347
f 2341 2347 605
f 2345 605 2347
f 2349 162 2350
f 2348 2350 162
f 2337 605 2350
f 2345 2350 605
f 2353 2328 2349
f 162 2349 2328
f 608 2352 2351
f 2353 2351 2352
f 2354 2356 166
f 2344 166 2356
f 2351 2356 608
f 2355 608 2356
f 2360 2359 2357
f 163 2357 2359
f 608 2355 2358
f 2360 2358 2355
f 160 2333 2361
f 2362 2361 2333
f 2358 2362 608
f 2352 608 2362
f 2366 2365 2359
f 163 2359 2365
f 611 2364 2363
f 2366 2363 2364
f 2346 2368 166
f 2354 166 2368
f 2363 2368 611
f 2367 611 2368
f 2369 2371 165
f 2340 165 2371
f 611 2367 2370
f 2371 2370 2367
f 2373 164 2374
f 2372 2374 164
f 2370 2374 611
f 2364 611 2374
f 2375 2378 69
f 1247 69 2378
f 2377 2378 614
f 2376 614 2378
f 131 2051 2380
f 2381 2380 2051
f 614 2376 2379
f 2381 2379 2376
f 2382 2384 130
f 2046 130 2384
f 2379 2384 614
f 2383 614 2384
f 76 1254 2385
f 2386 2385 1254
f 614 2383 2377
f 2386 2377 2383
f 2387 2390 77
f 1261 77 2390
f 2388 617 2390
f 2389 2390 617
f 142 2093 2392
f 2393 2392 2093
f 617 2388 2391
f 2393 2391 2388
f 2394 2396 134
f 2090 134 2396
f 2391 2396 617
f 2395 617 2396
f 2398 2397 1268
f 80 1268 2397
f 617 2395 2389
f 2398 2389 2395
f 2397 2401 80
f 1275 80 2401
f 2399 619 2401
f 2400 2401 619
f 134 2078 2394
f 2403 2394 2078
f 2403 2402 2399
f 619 2399 2402
f 2404 2406 135
f 2072 135 2406
f 2405 619 2406
f 2402 2406 619
f 2408 2407 1281
f 81 1281 2407
f 619 2405 2400
f 2408 2400 2405
f 2409 2412 67
f 1287 67 2412
f 2411 2412 622
f 2410 622 2412
f 2415 2414 2314
f 119 2314 2414
f 622 2410 2413
f 2415 2413 2410
f 2416 2418 121
f 2309 121 2418
f 2417 622 2418
f 2413 2418 622
f 2420 2419 1294
f 68 1294 2419
f 622 2417 2411
f 2420 2411 2417
f 78 2421 1301
f 2424 1301 2421
f 2424 2422 2423
f 625 2423 2422
f 2250 2427 129
f 2426 129 2427
f 2422 2427 625
f 2425 625 2427
f 2430 2258 2428
f 122 2428 2258
f 625 2425 2429
f 2430 2429 2425
f 2431 74 2432
f 1308 2432 74
f 2429 2432 625
f 2423 625 2432
f 2385 2435 76
f 1315 76 2435
f 2434 2435 626
f 2433 626 2435
f 130 2063 2382
f 2437 2382 2063
f 626 2433 2436
f 2437 2436 2433
f 2058 142 2439
f 2392 2439 142
f 2436 2439 626
f 2438 626 2439
f 2440 2387 1320
f 77 1320 2387
f 626 2438 2434
f 2440 2434 2438
f 2441 2444 70
f 1325 70 2444
f 2443 2444 628
f 2442 628 2444
f 143 2156 2446
f 2447 2446 2156
f 628 2442 2445
f 2447 2445 2442
f 2380 2449 131
f 2151 131 2449
f 2445 2449 628
f 2448 628 2449
f 69 1331 2375
f 2450 2375 1331
f 628 2448 2443
f 2450 2443 2448
f 2451 2454 71
f 1337 71 2454
f 2452 630 2454
f 2453 2454 630
f 145 2170 2456
f 2457 2456 2170
f 2457 2455 2452
f 630 2452 2455
f 2165 143 2459
f 2446 2459 143
f 2455 2459 630
f 2458 630 2459
f 2460 2441 1343
f 70 1343 2441
f 630 2458 2453
f 2460 2453 2458
f 59 2461 1349
f 2464 1349 2461
f 2463 2464 634
f 2462 634 2464
f 147 2465 2467
f 2468 2467 2465
f 634 2462 2466
f 2468 2466 2462
f 2469 2472 148
f 2471 148 2472
f 2466 2472 634
f 2470 634 2472
f 65 1356 2473
f 2474 2473 1356
f 634 2470 2463
f 2474 2463 2470
f 2475 2478 60
f 1365 60 2478
f 636 2477 2476
f 2478 2476 2477
f 2199 2481 151
f 2480 151 2481
f 2479 636 2481
f 2476 2481 636
f 147 2467 2193
f 2483 2193 2467
f 2483 2482 2479
f 636 2479 2482
f 2484 2461 1371
f 59 1371 2461
f 2482 2484 636
f 2477 636 2484
f 2485 2488 79
f 1377 79 2488
f 2486 638 2488
f 2487 2488 638
f 128 1934 2490
f 2491 2490 1934
f 2491 2489 2486
f 638 2486 2489
f 129 2426 1928
f 2493 1928 2426
f 2489 2493 638
f 2492 638 2493
f 1383 2494 78
f 2421 78 2494
f 638 2492 2487
f 2494 2487 2492
f 68 2419 1389
f 2497 1389 2419
f 640 2496 2495
f 2497 2495 2496
f 1907 2499 121
f 2416 121 2499
f 2495 2499 640
f 2498 640 2499
f 120 2500 1902
f 2502 1902 2500
f 640 2498 2501
f 2502 2501 2498
f 2503 58 2504
f 1395 2504 58
f 2501 2504 640
f 2496 640 2504
f 2507 1401 2503
f 58 2503 1401
f 642 2506 2505
f 2507 2505 2506
f 1919 2509 120
f 2500 120 2509
f 2505 2509 642
f 2508 642 2509
f 132 2510 1914
f 2512 1914 2510
f 642 2508 2511
f 2512 2511 2508
f 2513 61 2514
f 1407 2514 61
f 2511 2514 642
f 2506 642 2514
f 2517 1413 2513
f 61 2513 1413
f 644 2516 2515
f 2517 2515 2516
f 2149 2519 132
f 2510 132 2519
f 2518 644 2519
f 2515 2519 644
f 144 2520 2158
f 2522 2158 2520
f 2518 2522 644
f 2521 644 2522
f 2524 2523 1419
f 62 1419 2523
f 644 2521 2516
f 2524 2516 2521
f 1425 62 2527
f 2523 2527 62
f 2526 2527 646
f 2525 646 2527
f 144 2177 2520
f 2529 2520 2177
f 2529 2528 2525
f 646 2525 2528
f 2532 2186 2530
f 149 2530 2186
f 2528 2532 646
f 2531 646 2532
f 2533 63 2534
f 1431 2534 63
f 646 2531 2526
f 2534 2526 2531
f 2537 1437 2533
f 63 2533 1437
f 648 2536 2535
f 2537 2535 2536
f 2187 2539 149
f 2530 149 2539
f 2535 2539 648
f 2538 648 2539
f 150 2540 2182
f 2542 2182 2540
f 648 2538 2541
f 2542 2541 2538
f 2543 64 2544
f 1443 2544 64
f 2541 2544 648
f 2536 648 2544
f 2547 1449 2543
f 64 2543 1449
f 2545 649 2547
f 2546 2547 649
f 150 2201 2540
f 2549 2540 2201
f 2549 2548 2545
f 649 2545 2548
f 2480 2551 151
f 2197 151 2551
f 2548 2551 649
f 2550 649 2551
f 2552 2475 1454
f 60 1454 2475
f 649 2550 2546
f 2552 2546 2550
f 1461 2555 71
f 2451 71 2555
f 651 2554 2553
f 2555 2553 2554
f 2558 1470 2556
f 72 2556 1470
f 651 2553 2557
f 2558 2557 2553
f 2338 2561 161
f 2560 161 2561
f 651 2557 2559
f 2561 2559 2557
f 162 2330 2348
f 2563 2348 2330
f 651 2559 2562
f 2563 2562 2559
f 2456 2564 145
f 2325 145 2564
f 651 2562 2554
f 2564 2554 2562
f 147 2321 2465
f 2567 2465 2321
f 2567 2565 2566
f 653 2566 2565
f 2568 2570 160
f 2332 160 2570
f 2565 2570 653
f 2569 653 2570
f 148 2471 2571
f 2572 2571 2471
f 2572 2566 2569
f 653 2569 2566
f 2577 2576 2573
f 170 2573 2576
f 2575 2577 658
f 2574 658 2577
f 2581 2580 2578
f 167 2578 2580
f 658 2574 2579
f 2581 2579 2574
f 2582 2585 169
f 2584 169 2585
f 2579 2585 658
f 2583 658 2585
f 2588 2587 2586
f 168 2586 2587
f 658 2583 2575
f 2588 2575 2583
f 2589 2593 177
f 2592 177 2593
f 2590 663 2593
f 2591 2593 663
f 178 2594 2596
f 2597 2596 2594
f 2597 2595 2590
f 663 2590 2595
f 2601 2600 2598
f 173 2598 2600
f 2595 2601 663
f 2599 663 2601
f 2604 2603 2602
f 174 2602 2603
f 663 2599 2591
f 2604 2591 2599
f 178 2605 2608
f 2609 2608 2605
f 2609 2606 2607
f 668 2607 2606
f 2612 179 2613
f 2610 2613 179
f 2606 2613 668
f 2611 668 2613
f 2617 2616 2614
f 172 2614 2616
f 668 2611 2615
f 2617 2615 2611
f 2620 2619 2618
f 171 2618 2619
f 2607 668 2620
f 2615 2620 668
f 174 2603 2623
f 2624 2623 2603
f 2622 2624 672
f 2621 672 2624
f 2627 2598 2625
f 173 2625 2598
f 672 2621 2626
f 2627 2626 2621
f 2628 2631 176
f 2630 176 2631
f 2629 672 2631
f 2626 2631 672
f 2632 2634 175
f 2633 175 2634
f 2622 672 2634
f 2629 2634 672
f 2637 175 2638
f 2633 2638 175
f 2636 2638 675
f 2635 675 2638
f 2641 2628 2639
f 176 2639 2628
f 2635 2641 675
f 2640 675 2641
f 2619 2644 171
f 2643 171 2644
f 675 2640 2642
f 2644 2642 2640
f 2614 172 2646
f 2645 2646 172
f 2642 2646 675
f 2636 675 2646
f 177 2647 2589
f 2650 2589 2647
f 678 2649 2648
f 2650 2648 2649
f 180 2651 2653
f 2654 2653 2651
f 678 2648 2652
f 2654 2652 2648
f 2656 179 2657
f 2612 2657 179
f 2652 2657 678
f 2655 678 2657
f 178 2596 2605
f 2658 2605 2596
f 2655 2658 678
f 2649 678 2658
f 2662 2647 2659
f 177 2659 2647
f 681 2661 2660
f 2662 2660 2661
f 160 2361 2664
f 2665 2664 2361
f 681 2660 2663
f 2665 2663 2660
f 2365 2667 163
f 2357 163 2667
f 2663 2667 681
f 2666 681 2667
f 164 2668 2372
f 2670 2372 2668
f 681 2666 2669
f 2670 2669 2666
f 2671 180 2672
f 2653 2672 180
f 681 2669 2661
f 2672 2661 2669
f 179 2656 2675
f 2676 2675 2656
f 2676 2673 2674
f 683 2674 2673
f 2671 2678 180
f 2651 180 2678
f 2677 683 2678
f 2673 2678 683
f 2373 2680 164
f 2668 164 2680
f 683 2677 2679
f 2680 2679 2677
f 2342 2682 165
f 2369 165 2682
f 683 2679 2681
f 2682 2681 2679
f 2683 2684 161
f 2335 161 2684
f 2681 2684 683
f 2674 683 2684
f 2616 2688 172
f 2687 172 2688
f 685 2686 2685
f 2688 2685 2686
f 179 2675 2610
f 2690 2610 2675
f 2690 2689 2685
f 685 2685 2689
f 2692 2683 2560
f 161 2560 2683
f 685 2689 2691
f 2692 2691 2689
f 72 1602 2556
f 2694 2556 1602
f 685 2691 2693
f 2694 2693 2691
f 2696 1597 2695
f 73 2695 1597
f 685 2693 2686
f 2696 2686 2693
f 1610 2700 66
f 2699 66 2700
f 688 2698 2697
f 2700 2697 2698
f 2473 2702 65
f 1621 65 2702
f 2697 2702 688
f 2701 688 2702
f 148 2703 2469
f 2705 2469 2703
f 688 2701 2704
f 2705 2704 2701
f 2707 174 2708
f 2623 2708 174
f 688 2704 2706
f 2708 2706 2704
f 2710 2632 2709
f 175 2709 2632
f 688 2706 2698
f 2710 2698 2706
f 73 1625 2695
f 2713 2695 1625
f 2713 2711 2712
f 689 2712 2711
f 66 2699 1631
f 2715 1631 2699
f 2711 2715 689
f 2714 689 2715
f 2717 2709 2637
f 175 2637 2709
f 689 2714 2716
f 2717 2716 2714
f 172 2687 2645
f 2718 2645 2687
f 689 2716 2712
f 2718 2712 2716
f 2571 2721 148
f 2703 148 2721
f 2720 2721 690
f 2719 690 2721
f 160 2664 2568
f 2723 2568 2664
f 690 2719 2722
f 2723 2722 2719
f 177 2592 2659
f 2725 2659 2592
f 690 2722 2724
f 2725 2724 2722
f 2726 2602 2707
f 174 2707 2602
f 690 2724 2720
f 2726 2720 2724
f 2600 2730 173
f 2729 173 2730
f 2727 693 2730
f 2728 2730 693
f 178 2731 2594
f 2733 2594 2731
f 693 2727 2732
f 2733 2732 2727
f 2576 2736 170
f 2735 170 2736
f 2732 2736 693
f 2734 693 2736
f 2737 2738 168
f 2586 168 2738
f 2728 693 2738
f 2734 2738 693
f 176 2630 2741
f 2742 2741 2630
f 2742 2739 2740
f 695 2740 2739
f 2625 173 2744
f 2729 2744 173
f 2744 2743 2739
f 695 2739 2743
f 2587 2746 168
f 2737 168 2746
f 2743 2746 695
f 2745 695 2746
f 2747 2748 169
f 2582 169 2748
f 2740 695 2748
f 2745 2748 695
f 171 2643 2751
f 2752 2751 2643
f 2749 697 2752
f 2750 2752 697
f 176 2741 2639
f 2754 2639 2741
f 2754 2753 2749
f 697 2749 2753
f 2584 2756 169
f 2747 169 2756
f 2753 2756 697
f 2755 697 2756
f 2757 2758 167
f 2578 167 2758
f 2750 697 2758
f 2755 2758 697
f 178 2608 2731
f 2761 2731 2608
f 698 2760 2759
f 2761 2759 2760
f 2751 2763 171
f 2618 171 2763
f 2759 2763 698
f 2762 698 2763
f 2580 2765 167
f 2757 167 2765
f 2762 2765 698
f 2764 698 2765
f 2735 2766 170
f 2573 170 2766
f 2764 2766 698
f 2760 698 2766
f 123 2767 1883
f 2770 1883 2767
f 2770 2768 2769
f 702 2769 2768
f 2773 183 2774
f 2771 2774 183
f 2768 2774 702
f 2772 702 2774
f 2777 182 2778
f 2775 2778 182
f 2772 2778 702
f 2776 702 2778
f 2780 2779 1888
f 122 1888 2779
f 702 2776 2769
f 2780 2769 2776
f 2779 2783 122
f 2428 122 2783
f 2782 2783 704
f 2781 704 2783
f 182 2784 2775
f 2786 2775 2784
f 704 2781 2785
f 2786 2785 2781
f 1703 2789 100
f 2788 100 2789
f 2785 2789 704
f 2787 704 2789
f 2790 1698 2431
f 74 2431 1698
f 704 2787 2782
f 2790 2782 2787
f 67 1709 2409
f 2793 2409 1709
f 707 2792 2791
f 2793 2791 2792
f 2794 2796 99
f 1718 99 2796
f 2791 2796 707
f 2795 707 2796
f 181 2797 2799
f 2800 2799 2797
f 707 2795 2798
f 2800 2798 2795
f 2801 119 2802
f 2414 2802 119
f 2798 2802 707
f 2792 707 2802
f 119 2801 1872
f 2805 1872 2801
f 2804 2805 709
f 2803 709 2805
f 2806 2808 181
f 2797 181 2808
f 709 2803 2807
f 2808 2807 2803
f 2773 2811 183
f 2810 183 2811
f 2809 709 2811
f 2807 2811 709
f 1877 2812 123
f 2767 123 2812
f 2812 2804 2809
f 709 2809 2804
f 2815 1731 2788
f 100 2788 1731
f 711 2814 2813
f 2815 2813 2814
f 2777 2817 182
f 2784 182 2817
f 2813 2817 711
f 2816 711 2817
f 183 2818 2771
f 2820 2771 2818
f 711 2816 2819
f 2820 2819 2816
f 75 1737 2821
f 2822 2821 1737
f 2819 2822 711
f 2814 711 2822
f 75 2821 1743
f 2825 1743 2821
f 2824 2825 712
f 2823 712 2825
f 183 2810 2818
f 2827 2818 2810
f 712 2823 2826
f 2827 2826 2823
f 2806 181 2829
f 2799 2829 181
f 2826 2829 712
f 2828 712 2829
f 2830 2794 1748
f 99 1748 2794
f 712 2828 2824
f 2830 2824 2828
f 2835 2834 2831
f 184 2831 2834
f 2835 2832 2833
f 716 2833 2832
f 2838 186 2839
f 2836 2839 186
f 2832 2839 716
f 2837 716 2839
f 2840 2842 185
f 2841 185 2842
f 2837 2842 716
f 2833 716 2842
f 2843 2846 184
f 2831 184 2846
f 719 2845 2844
f 2846 2844 2845
f 2006 2849 117
f 2848 117 2849
f 719 2844 2847
f 2849 2847 2844
f 136 1937 2015
f 2851 2015 1937
f 719 2847 2850
f 2851 2850 2847
f 2852 2854 128
f 1932 128 2854
f 2850 2854 719
f 2853 719 2854
f 186 2838 2855
f 2856 2855 2838
f 719 2853 2845
f 2856 2845 2853
f 2834 2859 184
f 2843 184 2859
f 721 2858 2857
f 2859 2857 2858
f 185 2860 2840
f 2862 2840 2860
f 721 2857 2861
f 2862 2861 2857
f 135 2074 2864
f 2865 2864 2074
f 721 2861 2863
f 2865 2863 2861
f 2115 2867 113
f 2067 113 2867
f 721 2863 2866
f 2867 2866 2863
f 117 2848 2111
f 2868 2111 2848
f 721 2866 2858
f 2868 2858 2866
f 2872 2871 1794
f 104 1794 2871
f 723 2870 2869
f 2872 2869 2870
f 2407 2874 81
f 1801 81 2874
f 2873 723 2874
f 2869 2874 723
f 2864 2876 135
f 2404 135 2876
f 2876 2875 2873
f 723 2873 2875
f 2877 2878 185
f 2860 185 2878
f 2875 2878 723
f 2870 723 2878
f 1805 2881 79
f 2485 79 2881
f 2880 2881 725
f 2879 725 2881
f 2884 1812 2882
f 105 2882 1812
f 725 2879 2883
f 2884 2883 2879
f 2855 2887 186
f 2886 186 2887
f 2883 2887 725
f 2885 725 2887
f 128 2490 2852
f 2888 2852 2490
f 725 2885 2880
f 2888 2880 2885
f 2836 186 2892
f 2889 2892 186
f 2891 2892 729
f 2890 729 2892
f 2896 2895 2893
f 188 2893 2895
f 2896 2894 2890
f 729 2890 2894
f 2900 2899 2897
f 187 2897 2899
f 729 2894 2898
f 2900 2898 2894
f 185 2841 2901
f 2902 2901 2841
f 2902 2891 2898
f 729 2898 2891
f 185 2901 2877
f 2905 2877 2901
f 731 2904 2903
f 2905 2903 2904
f 2906 2908 187
f 2897 187 2908
f 2903 2908 731
f 2907 731 2908
f 108 1837 2910
f 2911 2910 1837
f 731 2907 2909
f 2911 2909 2907
f 2871 2912 104
f 1832 104 2912
f 2909 2912 731
f 2904 731 2912
f 1843 2915 105
f 2882 105 2915
f 2913 733 2915
f 2914 2915 733
f 109 2916 1850
f 2918 1850 2916
f 2918 2917 2913
f 733 2913 2917
f 2920 188 2921
f 2895 2921 188
f 2917 2921 733
f 2919 733 2921
f 2922 2889 2886
f 186 2886 2889
f 733 2919 2914
f 2922 2914 2919
f 2925 2906 2899
f 187 2899 2906
f 734 2924 2923
f 2925 2923 2924
f 2927 2893 2920
f 188 2920 2893
f 734 2923 2926
f 2927 2926 2923
f 1860 2929 109
f 2916 109 2929
f 2926 2929 734
f 2928 734 2929
f 2910 2930 108
f 1856 108 2930
f 2928 2930 734
f 2924 734 2930
